WAVELENGTH,FLUX,ERROR
698.283,1.0000,1.0000
698.444,1.0000,1.0000
698.604,1.0000,1.0000
698.765,1.0000,1.0000
698.926,1.0000,1.0000
699.087,1.0000,1.0000
699.248,1.0000,1.0000
699.409,1.0000,1.0000
699.570,1.0000,1.0000
699.731,1.0000,1.0000
699.893,1.0000,1.0000
700.054,1.0000,1.0000
700.215,1.0000,1.0000
700.376,1.0000,1.0000
700.537,1.0000,1.0000
700.699,1.0000,1.0000
700.860,1.0000,1.0000
701.022,1.0000,1.0000
701.183,1.0000,1.0000
701.344,1.0000,1.0000
701.506,1.0000,1.0000
701.667,1.0000,1.0000
701.829,1.0000,1.0000
701.991,1.0000,1.0000
702.152,1.0000,1.0000
702.314,1.0000,1.0000
702.476,1.0000,1.0000
702.638,1.0000,1.0000
702.799,1.0000,1.0000
702.961,1.0000,1.0000
703.123,1.0000,1.0000
703.285,1.0000,1.0000
703.447,1.0000,1.0000
703.609,1.0000,1.0000
703.771,1.0000,1.0000
703.933,1.0000,1.0000
704.095,1.0000,1.0000
704.257,1.0000,1.0000
704.419,1.0000,1.0000
704.582,1.0000,1.0000
704.744,1.0000,1.0000
704.906,1.0000,1.0000
705.069,1.0000,1.0000
705.231,1.0000,1.0000
705.393,1.0000,1.0000
705.556,1.0000,1.0000
705.718,1.0000,1.0000
705.881,1.0000,1.0000
706.043,1.0000,1.0000
706.206,1.0000,1.0000
706.369,1.0000,1.0000
706.531,1.0000,1.0000
706.694,1.0000,1.0000
706.857,1.0000,1.0000
707.019,1.0000,1.0000
707.182,1.1744,0.8367
707.345,1.0000,1.0000
707.508,1.0000,1.0000
707.671,1.0000,1.0000
707.834,1.0000,1.0000
707.997,1.2229,0.8370
708.160,1.0000,1.0000
708.323,1.0000,1.0000
708.486,1.2979,0.8378
708.649,1.0000,1.0000
708.812,1.0000,1.0000
708.976,1.0000,1.0000
709.139,1.0000,1.0000
709.302,1.0000,1.0000
709.466,1.0000,1.0000
709.629,1.0000,1.0000
709.792,0.9163,0.8149
709.956,1.0000,1.0000
710.119,1.0000,1.0000
710.283,1.0000,1.0000
710.446,0.9751,0.8203
710.610,1.0000,1.0000
710.774,1.0000,1.0000
710.937,1.0000,1.0000
711.101,0.9279,0.8130
711.265,1.0000,1.0000
711.429,1.0000,1.0000
711.593,1.0000,1.0000
711.756,1.0539,0.7813
711.920,1.0000,1.0000
712.084,1.0000,1.0000
712.248,1.0430,0.7666
712.412,1.0000,1.0000
712.576,0.9567,0.8016
712.740,0.9682,0.8024
712.904,1.0000,1.0000
713.069,1.3868,0.7965
713.233,1.0000,1.0000
713.397,1.0000,1.0000
713.561,1.0000,1.0000
713.726,1.0000,1.0000
713.890,1.0000,1.0000
714.054,1.0000,1.0000
714.219,1.0000,1.0000
714.383,1.0000,1.0000
714.548,0.8997,0.7657
714.712,0.9568,0.7708
714.877,1.0000,1.0000
715.042,1.0000,1.0000
715.206,1.0000,1.0000
715.371,1.0000,1.0000
715.536,1.0000,1.0000
715.701,1.0000,1.0000
715.865,1.0000,1.0000
716.030,1.0000,1.0000
716.195,1.0000,1.0000
716.360,1.0000,1.0000
716.525,1.0000,1.0000
716.690,1.0000,1.0000
716.855,1.8469,0.7844
717.020,1.0000,1.0000
717.185,1.0000,1.0000
717.350,1.0000,1.0000
717.516,1.0000,1.0000
717.681,1.0000,1.0000
717.846,1.0590,0.7740
718.011,1.1227,0.7823
718.177,1.3807,0.7763
718.342,1.0000,1.0000
718.508,1.0000,1.0000
718.673,1.0000,1.0000
718.839,1.0000,1.0000
719.004,1.4130,0.8214
719.170,1.6953,0.8251
719.335,1.0000,1.0000
719.501,1.0000,1.0000
719.667,1.1914,0.7686
719.832,1.0000,1.0000
719.998,1.0000,1.0000
720.164,1.0000,1.0000
720.330,1.1872,0.7931
720.496,0.9059,0.7855
720.661,1.0000,1.0000
720.827,1.4583,0.7525
720.993,1.0000,1.0000
721.160,1.0000,1.0000
721.326,0.9637,0.7461
721.492,1.5489,0.7495
721.658,1.0000,1.0000
721.824,1.0000,1.0000
721.990,1.0000,1.0000
722.157,1.0000,1.0000
722.323,1.0000,1.0000
722.489,1.0000,1.0000
722.656,1.1068,0.7673
722.822,1.0000,1.0000
722.988,1.0000,1.0000
723.155,0.9515,0.7679
723.321,1.0000,1.0000
723.488,1.0000,1.0000
723.655,1.0000,1.0000
723.821,1.0000,1.0000
723.988,1.0000,1.0000
724.155,1.0000,1.0000
724.321,1.0000,1.0000
724.488,1.0000,1.0000
724.655,1.0000,1.0000
724.822,1.0000,1.0000
724.989,1.0000,1.0000
725.156,0.8523,0.7365
725.323,1.0000,1.0000
725.490,1.0000,1.0000
725.657,1.0000,1.0000
725.824,1.0000,1.0000
725.991,1.0000,1.0000
726.158,1.0000,1.0000
726.326,1.0000,1.0000
726.493,1.0000,1.0000
726.660,1.0000,1.0000
726.827,1.5435,0.6788
726.995,1.0000,1.0000
727.162,1.0000,1.0000
727.330,1.0000,1.0000
727.497,0.8690,0.6876
727.665,1.0000,1.0000
727.832,1.0000,1.0000
728.000,1.0000,1.0000
728.168,1.0000,1.0000
728.335,1.0000,1.0000
728.503,0.9104,0.7048
728.671,1.2722,0.7508
728.839,1.0000,1.0000
729.006,1.0000,1.0000
729.174,1.0000,1.0000
729.342,1.0000,1.0000
729.510,1.0000,1.0000
729.678,1.0000,1.0000
729.846,1.0000,1.0000
730.014,1.0000,1.0000
730.182,1.0000,1.0000
730.350,1.0000,1.0000
730.519,1.0000,1.0000
730.687,1.0000,1.0000
730.855,1.0000,1.0000
731.023,1.0000,1.0000
731.192,1.0000,1.0000
731.360,1.0000,1.0000
731.529,1.0000,1.0000
731.697,0.8018,0.6577
731.866,1.0000,1.0000
732.034,1.0000,1.0000
732.203,0.7294,0.6905
732.371,1.0000,1.0000
732.540,1.0000,1.0000
732.709,0.9349,0.6731
732.877,1.5347,0.6968
733.046,1.0000,1.0000
733.215,0.7689,0.6382
733.384,0.6524,0.6373
733.553,1.0000,1.0000
733.722,1.0000,1.0000
733.891,1.0000,1.0000
734.060,0.7454,0.6505
734.229,1.0000,1.0000
734.398,1.0000,1.0000
734.567,1.0000,1.0000
734.736,1.0000,1.0000
734.905,1.0000,1.0000
735.074,0.8488,0.6652
735.244,1.0000,1.0000
735.413,1.0000,1.0000
735.582,1.0000,1.0000
735.752,0.7188,0.6523
735.921,1.0000,1.0000
736.091,1.0000,1.0000
736.260,1.0000,1.0000
736.430,1.0000,1.0000
736.599,1.0000,1.0000
736.769,1.0000,1.0000
736.939,1.0000,1.0000
737.108,1.0000,1.0000
737.278,0.9033,0.6447
737.448,1.0000,1.0000
737.618,1.0000,1.0000
737.788,0.6928,0.6340
737.958,0.8749,0.6250
738.127,1.2891,0.6268
738.297,1.0000,1.0000
738.467,1.0000,1.0000
738.638,0.9421,0.6898
738.808,1.0000,1.0000
738.978,0.7524,0.6395
739.148,0.9103,0.6301
739.318,1.0000,1.0000
739.488,1.0000,1.0000
739.659,1.0000,1.0000
739.829,1.0000,1.0000
739.999,1.0000,1.0000
740.170,1.0000,1.0000
740.340,0.9598,0.6668
740.511,1.0000,1.0000
740.681,1.0000,1.0000
740.852,1.0000,1.0000
741.022,1.2095,0.6649
741.193,0.9914,0.6921
741.364,1.0000,1.0000
741.534,1.0000,1.0000
741.705,1.0000,1.0000
741.876,1.0000,1.0000
742.047,1.0000,1.0000
742.218,1.0000,1.0000
742.389,0.7010,0.6571
742.560,0.7894,0.6199
742.731,1.0000,1.0000
742.902,1.0000,1.0000
743.073,1.0000,1.0000
743.244,1.0000,1.0000
743.415,1.0000,1.0000
743.586,1.5008,0.6412
743.757,1.0000,1.0000
743.929,1.1452,0.9349
744.100,1.7073,0.6384
744.271,1.0000,1.0000
744.443,0.9799,0.6272
744.614,1.0000,1.0000
744.786,1.0000,1.0000
744.957,1.0000,1.0000
745.129,1.7253,0.8134
745.300,0.7170,0.5546
745.472,0.6887,0.6216
745.644,1.5708,0.8398
745.815,1.0000,1.0000
745.987,1.0000,1.0000
746.159,0.9443,0.7865
746.331,1.0000,1.0000
746.503,1.0000,1.0000
746.674,1.0000,1.0000
746.846,0.7901,0.6233
747.018,1.4879,0.7863
747.190,1.4083,0.7899
747.362,1.0000,1.0000
747.535,1.0000,1.0000
747.707,1.0000,1.0000
747.879,1.0000,1.0000
748.051,1.0000,1.0000
748.224,1.0000,1.0000
748.396,1.4292,0.9538
748.568,1.6272,0.7393
748.740,1.0736,0.9371
748.913,1.0000,1.0000
749.085,1.0000,1.0000
749.258,1.0000,1.0000
749.430,1.0939,0.7155
749.603,1.3798,0.7301
749.776,1.8945,0.5564
749.948,1.9353,0.5872
750.121,1.0870,0.9376
750.294,0.7890,0.7222
750.466,0.8322,0.7235
750.639,0.9935,0.7243
750.812,1.0000,1.0000
750.985,0.7437,0.6103
751.158,0.8496,0.5269
751.331,1.0000,1.0000
751.504,1.2399,0.9381
751.677,1.5936,0.7064
751.850,0.8244,0.5980
752.023,0.9182,0.6354
752.197,1.2001,0.6704
752.370,1.1942,0.9469
752.543,0.6607,0.5217
752.716,1.6791,0.7623
752.890,1.0000,1.0000
753.063,1.0000,1.0000
753.237,0.7343,0.6725
753.410,1.2937,0.6761
753.583,0.8470,0.6714
753.757,1.2103,0.9470
753.931,1.0000,1.0000
754.104,0.8667,0.6287
754.278,0.7907,0.6248
754.452,1.0000,1.0000
754.625,1.0000,1.0000
754.799,1.0000,1.0000
754.973,1.0468,0.6605
755.147,0.8503,0.7100
755.321,0.8765,0.7117
755.495,1.0000,1.0000
755.669,1.1727,0.9543
755.843,0.7860,0.4788
756.017,0.9650,0.6430
756.191,1.0000,1.0000
756.365,1.3214,0.5932
756.539,1.2291,0.9462
756.713,0.6426,0.6062
756.887,1.1495,0.5803
757.062,1.2684,0.4816
757.236,0.5500,0.5603
757.411,1.0707,0.6532
757.585,0.7452,0.6637
757.759,1.0110,0.6200
757.934,1.0328,0.5908
758.108,1.0487,0.5774
758.283,1.8939,0.6387
758.458,0.8709,0.6591
758.632,0.6321,0.5399
758.807,1.0000,1.0000
758.982,0.7969,0.6041
759.156,0.9729,0.6483
759.331,1.0038,0.5646
759.506,1.7180,0.5846
759.681,1.0000,1.0000
759.856,1.3058,0.5804
760.031,1.0000,1.0000
760.206,1.0000,1.0000
760.381,1.4684,0.9246
760.556,1.3901,0.7341
760.731,0.6105,0.4950
760.907,1.0000,1.0000
761.082,1.1597,0.4951
761.257,0.8354,0.7266
761.432,0.8447,0.7133
761.608,0.7703,0.6757
761.783,1.1903,0.6734
761.959,0.6625,0.4698
762.134,0.6960,0.5644
762.309,1.1860,0.6811
762.485,1.0000,1.0000
762.661,1.0696,0.5201
762.836,1.0279,0.4813
763.012,1.5100,0.4956
763.188,1.0142,0.7013
763.363,0.9050,0.6932
763.539,1.0852,0.4919
763.715,0.5966,0.5765
763.891,0.8595,0.6625
764.067,1.0616,0.6563
764.243,1.0000,1.0000
764.419,1.0000,1.0000
764.595,1.2742,0.6660
764.771,1.0000,1.0000
764.947,1.1069,0.9140
765.123,0.7010,0.4618
765.299,1.5314,0.6152
765.476,0.5540,0.5547
765.652,0.8316,0.4505
765.828,1.0000,1.0000
766.005,1.0000,1.0000
766.181,1.7200,0.6101
766.357,1.0000,1.0000
766.534,1.0000,1.0000
766.710,0.7863,0.6668
766.887,1.0000,1.0000
767.064,1.0000,1.0000
767.240,1.2057,0.9184
767.417,1.4673,0.6303
767.594,0.6619,0.5521
767.770,0.7763,0.5868
767.947,1.0000,1.0000
768.124,1.0000,1.0000
768.301,1.0000,1.0000
768.478,1.0627,0.9112
768.655,0.6793,0.6046
768.832,1.1809,0.5929
769.009,0.9906,0.4478
769.186,1.0000,1.0000
769.363,1.0000,1.0000
769.540,1.0435,0.9099
769.717,1.1340,0.5509
769.895,1.0966,0.4599
770.072,0.8358,0.4601
770.249,1.2804,0.5665
770.427,0.6203,0.5594
770.604,0.7971,0.5532
770.782,1.0000,1.0000
770.959,1.8345,0.6104
771.137,0.6313,0.5627
771.314,1.2806,0.5244
771.492,1.4220,0.5887
771.669,1.0304,0.5134
771.847,0.8705,0.4814
772.025,0.4761,0.4861
772.203,0.8520,0.4247
772.381,0.9732,0.5776
772.558,1.0000,1.0000
772.736,1.1131,0.3778
772.914,1.1365,0.4421
773.092,1.0000,1.0000
773.270,1.0000,1.0000
773.448,0.8855,0.4344
773.627,1.0585,0.3567
773.805,1.2676,0.4094
773.983,0.7338,0.4983
774.161,1.0000,1.0000
774.339,0.8398,0.4248
774.518,0.6179,0.4895
774.696,1.0000,1.0000
774.875,0.7386,0.6164
775.053,1.0000,1.0000
775.231,0.6509,0.5074
775.410,1.0000,1.0000
775.588,0.7619,0.5997
775.767,0.6808,0.4171
775.946,1.0000,1.0000
776.124,0.6246,0.5045
776.303,1.1935,0.4208
776.482,0.6169,0.4862
776.661,0.6988,0.5001
776.840,1.6450,0.4500
777.018,1.5643,0.6082
777.197,1.4286,0.4408
777.376,0.8188,0.4251
777.555,1.2834,0.5677
777.734,1.0682,0.5798
777.914,0.9927,0.6079
778.093,1.1764,0.4438
778.272,0.4871,0.3909
778.451,0.9205,0.4653
778.630,1.5019,0.6397
778.810,1.3853,0.4797
778.989,0.6120,0.5991
779.168,0.6116,0.5882
779.348,0.8836,0.4590
779.527,1.2003,0.4134
779.707,1.0557,0.4968
779.886,0.7623,0.3950
780.066,0.5649,0.4103
780.246,1.4037,0.4458
780.425,1.6280,0.4705
780.605,0.9585,0.3844
780.785,1.0782,0.8750
780.965,1.7324,0.4859
781.144,1.2448,0.5073
781.324,0.8627,0.3995
781.504,0.8623,0.6101
781.684,0.8683,0.3401
781.864,1.2134,0.4227
782.044,0.9526,0.5680
782.224,0.9014,0.4843
782.404,1.0034,0.3580
782.585,1.1686,0.4033
782.765,1.1334,0.5613
782.945,0.7615,0.4281
783.125,1.0513,0.3977
783.306,0.5785,0.5747
783.486,1.0000,1.0000
783.667,1.0000,1.0000
783.847,0.5780,0.3886
784.028,0.8912,0.4108
784.208,1.2688,0.3790
784.389,1.0748,0.4116
784.569,0.9388,0.4512
784.750,0.7747,0.4666
784.931,0.7477,0.4454
785.112,1.2870,0.4896
785.292,1.6498,0.4279
785.473,0.8042,0.3306
785.654,1.8448,0.8736
785.835,1.0000,1.0000
786.016,1.0128,0.4237
786.197,1.3961,0.4228
786.378,1.0907,0.4012
786.559,0.5331,0.3971
786.740,1.0000,1.0000
786.921,1.1044,0.4444
787.103,1.2995,0.6620
787.284,0.6415,0.3845
787.465,0.6316,0.4595
787.646,1.0000,1.0000
787.828,0.6797,0.4336
788.009,1.0000,1.0000
788.191,1.7380,0.5579
788.372,0.5857,0.4474
788.554,0.4989,0.3236
788.735,1.5495,0.5321
788.917,0.8964,0.5312
789.099,1.3884,0.7273
789.280,1.0000,1.0000
789.462,0.7928,0.5537
789.644,0.6808,0.3653
789.826,0.8448,0.3841
790.008,0.4245,0.3723
790.190,1.0123,0.3854
790.372,0.7962,0.4077
790.554,1.3365,0.4368
790.736,2.0364,0.5736
790.918,0.7862,0.3768
791.100,0.8338,0.5117
791.282,0.7976,0.4393
791.464,1.0879,0.5294
791.647,0.7956,0.4218
791.829,0.5639,0.3901
792.011,1.0675,0.6101
792.194,0.7368,0.3589
792.376,0.8909,0.3663
792.558,1.1466,0.8695
792.741,0.7897,0.5250
792.924,0.8186,0.3076
793.106,1.0079,0.3246
793.289,0.8418,0.3160
793.471,1.2054,0.4289
793.654,0.9977,0.5979
793.837,0.5906,0.3627
794.020,1.2781,0.6209
794.203,1.1478,0.5939
794.386,1.0000,1.0000
794.568,1.2033,0.3737
794.751,0.7904,0.3825
794.935,1.1096,0.5309
795.117,0.8104,0.3560
795.301,1.3790,0.3488
795.484,0.5613,0.3855
795.667,0.6089,0.4864
795.850,0.9637,0.4640
796.034,0.6811,0.4157
796.217,1.0592,0.3787
796.400,0.6963,0.2941
796.584,0.6192,0.4117
796.767,0.7745,0.3421
796.951,0.5624,0.3814
797.134,1.0876,0.4993
797.318,0.8560,0.2902
797.501,1.0603,0.3406
797.685,1.1714,0.4852
797.869,1.4694,0.4746
798.052,1.0154,0.5328
798.236,1.0000,1.0000
798.420,0.5935,0.3689
798.604,0.9174,0.5646
798.788,0.8805,0.3276
798.972,1.1854,0.3809
799.156,1.0000,1.0000
799.340,1.1210,0.4988
799.524,1.0547,0.2700
799.708,1.6761,0.6470
799.892,1.0117,0.3590
800.076,1.1257,0.3332
800.260,1.1608,0.3431
800.445,0.8504,0.3429
800.629,1.3104,0.5562
800.813,0.5025,0.3232
800.998,1.0331,0.5306
801.182,0.7975,0.5540
801.367,1.1196,0.5768
801.551,0.9103,0.3111
801.736,1.0732,0.4556
801.921,0.8270,0.3775
802.105,0.8636,0.3078
802.290,0.7622,0.3031
802.475,0.6797,0.4863
802.659,0.6770,0.5279
802.844,1.0535,0.7727
803.029,0.7160,0.4780
803.214,0.5455,0.3038
803.399,0.9097,0.7764
803.584,0.7787,0.3926
803.769,0.9225,0.3858
803.954,0.4852,0.3783
804.139,0.5499,0.4741
804.325,1.0000,1.0000
804.510,0.7721,0.4949
804.695,0.6287,0.2951
804.880,0.6865,0.3406
805.066,0.7157,0.3348
805.251,1.1468,0.3917
805.437,0.9331,0.3051
805.622,1.2678,0.2922
805.807,0.9792,0.4636
805.993,1.0387,0.6753
806.179,0.9974,0.4706
806.364,1.4434,0.4643
806.550,1.6827,0.8146
806.736,0.6799,0.4980
806.922,0.6168,0.3328
807.107,0.7021,0.3188
807.293,1.2859,0.8422
807.479,0.5919,0.2925
807.665,0.6522,0.2826
807.851,0.8978,0.3400
808.037,0.7940,0.3559
808.223,1.3755,0.4610
808.409,1.0942,0.2753
808.596,0.4629,0.3401
808.782,0.2746,0.3352
808.968,0.6956,0.5068
809.154,0.7920,0.4945
809.341,0.7308,0.3192
809.527,0.8557,0.5104
809.713,0.4249,0.2720
809.900,0.8673,0.3300
810.086,0.7530,0.3345
810.273,0.6697,0.5285
810.460,0.6285,0.3126
810.646,0.9566,0.3202
810.833,0.8336,0.2836
811.020,1.0974,0.3474
811.206,0.7011,0.4002
811.393,0.6500,0.3131
811.580,0.8422,0.3998
811.767,0.6951,0.2909
811.954,1.0118,0.3206
812.141,0.8186,0.3071
812.328,1.1385,0.3673
812.515,1.0496,0.4671
812.702,0.7021,0.2922
812.889,1.3518,0.3377
813.076,0.8038,0.2721
813.264,1.0845,0.3587
813.451,1.7821,0.4516
813.638,1.4092,0.5875
813.826,0.4707,0.2443
814.013,1.0788,0.4305
814.201,1.1121,0.3140
814.388,0.9076,0.3443
814.576,1.1971,0.3615
814.763,1.0153,0.3415
814.951,0.7746,0.2751
815.138,1.1798,0.3402
815.326,0.8247,0.3121
815.514,1.3500,0.5138
815.702,0.6718,0.4789
815.889,0.6224,0.4179
816.077,0.8853,0.2566
816.265,0.5031,0.2629
816.453,0.9074,0.3165
816.641,1.1098,0.5472
816.829,0.7540,0.3277
817.018,0.9734,0.2816
817.206,1.2584,0.3564
817.394,0.8538,0.2817
817.582,0.6258,0.2251
817.770,0.6094,0.2267
817.959,0.6017,0.2873
818.147,0.8969,0.3310
818.335,0.7389,0.3619
818.524,0.8079,0.2568
818.712,0.5771,0.2690
818.901,0.6704,0.4016
819.089,0.8533,0.3330
819.278,1.1298,0.8544
819.467,0.7754,0.2842
819.655,1.1734,0.2850
819.844,0.6766,0.2435
820.033,0.6985,0.2981
820.222,0.9161,0.2648
820.411,0.9479,0.2599
820.600,1.4208,0.4288
820.789,0.6904,0.2199
820.978,0.6815,0.2177
821.167,1.2124,0.2930
821.356,0.5557,0.3134
821.545,0.6784,0.2840
821.734,1.4319,0.2816
821.923,0.6850,0.2496
822.113,1.1048,0.2119
822.302,1.2286,0.3550
822.491,0.8965,0.3368
822.681,1.1761,0.3843
822.870,0.8447,0.2228
823.060,1.3697,0.3090
823.249,0.3858,0.2693
823.439,0.6294,0.2503
823.628,0.9178,0.2434
823.818,0.7918,0.2377
824.008,1.5932,0.4501
824.198,1.0272,0.4180
824.387,1.1404,0.3552
824.577,0.6494,0.2505
824.767,0.7218,0.2187
824.957,0.6197,0.2439
825.147,0.7162,0.2410
825.337,0.6192,0.2314
825.527,0.9814,0.2705
825.717,0.5187,0.2324
825.907,0.6344,0.2172
826.098,0.5354,0.2332
826.288,0.7270,0.2884
826.478,1.1105,0.2686
826.668,1.0744,0.2557
826.859,0.6245,0.2293
827.049,0.8287,0.3052
827.240,0.7624,0.2176
827.430,0.7402,0.2206
827.621,0.4931,0.2159
827.811,1.2659,0.3189
828.002,0.6928,0.2457
828.193,0.5084,0.2148
828.383,1.1862,0.2861
828.574,0.8254,0.2047
828.765,0.7524,0.3231
828.956,0.9726,0.4724
829.147,1.2042,0.4018
829.338,1.0188,0.3410
829.529,0.9776,0.3174
829.720,1.0079,0.2278
829.911,0.8840,0.1957
830.102,0.8547,0.3277
830.293,1.0201,0.2625
830.484,1.1381,0.2163
830.675,0.9269,0.2452
830.867,0.4683,0.2485
831.058,0.3709,0.2452
831.249,0.6518,0.2240
831.441,1.0057,0.3110
831.632,0.9666,0.3136
831.824,0.9646,0.2085
832.015,0.9459,0.2074
832.207,0.7093,0.2160
832.399,1.4912,0.2325
832.590,1.0415,0.2231
832.782,1.1173,0.2742
832.974,0.5989,0.2171
833.166,0.7470,0.2206
833.358,0.7667,0.2057
833.549,0.7328,0.1952
833.741,1.1534,0.2284
833.933,1.5552,0.3837
834.125,1.2092,0.4180
834.317,0.7824,0.2294
834.510,0.8567,0.2600
834.702,0.5310,0.3104
834.894,1.1760,0.2966
835.086,0.9772,0.1948
835.279,1.2463,0.3098
835.471,0.9996,0.2360
835.663,0.7030,0.1832
835.856,1.3435,0.2102
836.048,1.1294,0.2691
836.241,0.9085,0.2368
836.433,0.7352,0.1920
836.626,0.8934,0.2426
836.819,1.1376,0.2712
837.011,0.8413,0.2283
837.204,0.7757,0.2828
837.397,1.1992,0.3589
837.590,0.8937,0.2388
837.783,0.7721,0.2413
837.976,0.5332,0.2054
838.169,1.1007,0.2463
838.361,0.9752,0.2800
838.555,0.9140,0.2458
838.748,0.9887,0.2162
838.941,1.2846,0.2686
839.134,0.6186,0.2012
839.327,1.2862,0.2915
839.521,0.8935,0.2081
839.714,0.7525,0.2254
839.907,0.9040,0.2230
840.101,0.8868,0.2105
840.294,1.3989,0.3665
840.488,0.7691,0.2227
840.681,0.8602,0.2007
840.875,0.9794,0.4481
841.068,0.5101,0.2562
841.262,1.1115,0.2094
841.456,0.5885,0.1952
841.650,0.7871,0.2200
841.843,1.0636,0.2726
842.037,0.7138,0.2485
842.231,1.1496,0.2502
842.425,0.6384,0.1725
842.619,0.8827,0.2174
842.813,0.7572,0.1803
843.007,0.9267,0.2207
843.201,0.8449,0.2791
843.396,0.9151,0.2633
843.590,0.9527,0.2687
843.784,1.1612,0.2518
843.978,0.9728,0.2321
844.173,1.0518,0.2709
844.367,0.8045,0.1788
844.562,1.0241,0.2765
844.756,0.5509,0.2108
844.951,0.5377,0.2520
845.145,0.5636,0.1965
845.340,0.8230,0.2629
845.534,1.0455,0.2973
845.729,0.5345,0.2389
845.924,0.6261,0.2549
846.119,0.9158,0.2555
846.314,0.4957,0.1827
846.509,0.6314,0.2182
846.703,0.4791,0.1984
846.898,0.7094,0.1874
847.093,0.4550,0.1923
847.289,0.6310,0.1974
847.484,0.6255,0.1921
847.679,0.7032,0.2013
847.874,0.9334,0.2814
848.069,0.9081,0.2842
848.265,0.5256,0.2416
848.460,0.6209,0.2353
848.655,0.8168,0.1994
848.851,0.8168,0.1895
849.046,0.6714,0.2276
849.242,0.9375,0.3643
849.437,0.8886,0.3208
849.633,0.4621,0.1995
849.829,0.6348,0.1815
850.024,0.9850,0.2137
850.220,1.0171,0.2605
850.416,0.9262,0.2237
850.612,0.6007,0.2031
850.808,0.5297,0.1822
851.003,1.2008,0.2038
851.199,0.7646,0.1938
851.396,0.7898,0.2995
851.591,0.4575,0.1733
851.788,0.6787,0.2096
851.984,1.1728,0.2889
852.180,0.6056,0.2940
852.376,0.3635,0.2357
852.573,0.8342,0.1882
852.769,0.8405,0.2086
852.965,1.0681,0.2307
853.162,0.8235,0.2011
853.358,0.8506,0.2257
853.555,0.7141,0.2176
853.751,0.8162,0.2069
853.948,0.7342,0.1869
854.144,0.8789,0.1745
854.341,0.9062,0.1892
854.538,1.0289,0.2563
854.735,0.8412,0.2087
854.932,0.7382,0.1684
855.128,0.5616,0.1870
855.325,0.9565,0.2021
855.522,0.9836,0.1924
855.719,0.9780,0.1790
855.916,1.0261,0.1805
856.113,1.0098,0.2192
856.311,0.8044,0.1814
856.508,0.6461,0.1627
856.705,0.5995,0.2739
856.902,0.9607,0.2407
857.100,0.9397,0.2211
857.297,1.0381,0.2327
857.494,0.6146,0.2179
857.692,0.7728,0.2212
857.889,0.6177,0.2082
858.087,1.1682,0.2313
858.285,1.2127,0.2226
858.482,0.6507,0.1677
858.680,0.6240,0.1807
858.878,0.6877,0.1830
859.076,1.0171,0.1816
859.273,0.8749,0.1905
859.471,0.8075,0.1787
859.669,0.8444,0.3246
859.867,0.6990,0.1836
860.065,0.7376,0.1582
860.263,0.6652,0.1561
860.461,0.7130,0.1496
860.659,0.6176,0.1452
860.858,0.6242,0.1740
861.056,0.6426,0.1400
861.254,0.6674,0.1368
861.452,0.4677,0.1331
861.651,0.7182,0.1715
861.849,0.6663,0.1380
862.048,0.7582,0.1350
862.246,0.5808,0.1634
862.445,0.5795,0.1500
862.643,0.4519,0.1308
862.842,0.6049,0.1583
863.041,0.7265,0.3105
863.240,0.6351,0.2136
863.438,0.8589,0.2103
863.637,0.7557,0.1635
863.836,0.5560,0.1669
864.035,0.9906,0.1863
864.234,1.1660,0.1975
864.433,0.6811,0.1660
864.632,0.5463,0.1403
864.831,0.6225,0.2343
865.030,0.8953,0.2755
865.229,0.8879,0.1518
865.429,0.8335,0.1873
865.628,0.5450,0.1585
865.827,0.4456,0.1337
866.027,0.5704,0.1464
866.226,0.4917,0.1460
866.426,0.6222,0.1554
866.625,0.3541,0.1631
866.825,0.9438,0.1859
867.024,0.6245,0.1146
867.224,0.9225,0.1518
867.424,0.6142,0.1358
867.624,0.6491,0.1482
867.823,0.5622,0.1579
868.023,0.6711,0.2113
868.223,0.4947,0.1665
868.423,0.3936,0.1228
868.623,0.4341,0.1730
868.823,0.6015,0.1218
869.023,0.3874,0.1208
869.223,0.5812,0.1940
869.423,0.4832,0.1522
869.624,0.4496,0.1196
869.824,0.4815,0.1351
870.024,0.7383,0.1228
870.224,0.6958,0.1649
870.425,0.9252,0.2074
870.625,0.7252,0.1522
870.826,1.3272,0.2292
871.026,0.8759,0.2201
871.227,0.5329,0.1413
871.428,0.4118,0.1296
871.628,0.4097,0.1819
871.829,0.7368,0.2842
872.030,0.7750,0.1885
872.231,0.5445,0.1634
872.431,0.6214,0.1658
872.632,1.1368,0.2260
872.833,0.6531,0.1686
873.034,0.7071,0.1694
873.235,0.4707,0.1285
873.437,0.6125,0.1224
873.638,1.2887,0.3399
873.839,0.3280,0.1449
874.040,0.7564,0.1357
874.241,0.6988,0.1307
874.443,1.0365,0.2185
874.644,0.7022,0.2183
874.845,0.8999,0.2043
875.047,0.4969,0.1104
875.248,0.3956,0.1154
875.450,0.6382,0.1261
875.652,0.6688,0.1159
875.853,1.0113,0.2460
876.055,0.6028,0.1188
876.257,0.6743,0.1190
876.458,0.4749,0.1194
876.660,0.5870,0.1253
876.862,0.7051,0.1364
877.064,0.5461,0.1317
877.266,0.5909,0.1238
877.468,0.6647,0.1190
877.670,0.4632,0.1265
877.872,1.0272,0.2061
878.074,0.5034,0.1261
878.277,0.7733,0.1316
878.479,0.7229,0.1290
878.681,0.7148,0.1578
878.883,0.6324,0.1497
879.086,0.6709,0.1308
879.288,0.8287,0.1462
879.491,0.9091,0.1279
879.693,0.6434,0.1215
879.896,0.7615,0.1475
880.099,0.9362,0.1329
880.301,1.0245,0.1255
880.504,0.8944,0.1400
880.707,0.9919,0.1261
880.910,0.7459,0.1327
881.112,0.6484,0.1146
881.315,0.5827,0.1134
881.518,0.5283,0.1180
881.721,0.9037,0.1357
881.924,0.9307,0.1211
882.127,0.7585,0.1193
882.331,0.8159,0.1442
882.534,0.9957,0.1489
882.737,1.1416,0.1513
882.940,0.9689,0.1643
883.144,0.6588,0.1244
883.347,0.4976,0.1130
883.550,0.5199,0.1080
883.754,0.7038,0.1285
883.957,0.6184,0.1244
884.161,0.7793,0.1193
884.365,0.9304,0.1344
884.568,1.1341,0.1208
884.772,1.3085,0.1643
884.976,1.0501,0.1508
885.180,0.6777,0.1204
885.383,0.6804,0.1255
885.587,0.7173,0.1061
885.791,0.5688,0.1117
885.995,0.5704,0.1169
886.199,0.4175,0.1256
886.403,0.9864,0.2088
886.607,0.5757,0.1099
886.812,0.8881,0.1276
887.016,0.6739,0.1167
887.220,0.8664,0.1206
887.424,0.8161,0.1055
887.629,0.6553,0.1025
887.833,0.6527,0.1056
888.038,0.6670,0.1026
888.242,0.5039,0.1136
888.447,0.6347,0.1222
888.651,0.8459,0.1172
888.856,1.2344,0.1355
889.060,0.9320,0.1127
889.265,0.9008,0.1069
889.470,0.9135,0.1091
889.675,0.8478,0.1201
889.880,0.9772,0.1196
890.085,1.1277,0.1121
890.290,0.8251,0.1119
890.495,0.5606,0.1137
890.700,0.6406,0.1150
890.905,0.5362,0.1187
891.110,0.4119,0.1065
891.315,0.8146,0.1013
891.521,1.4141,0.1369
891.726,0.9944,0.1089
891.931,1.1094,0.1134
892.137,0.8802,0.1102
892.342,0.9318,0.1040
892.548,0.9779,0.1094
892.753,0.9489,0.1257
892.959,0.7922,0.1207
893.164,0.6852,0.1138
893.370,1.2676,0.1126
893.576,1.3336,0.1241
893.781,0.8795,0.1131
893.987,1.0038,0.1056
894.193,0.9820,0.1028
894.399,1.0271,0.0988
894.605,1.0605,0.1063
894.811,0.9568,0.1106
895.017,0.8886,0.1179
895.223,0.8630,0.1056
895.429,1.2619,0.1218
895.635,1.0161,0.1124
895.842,0.8464,0.1108
896.048,0.6576,0.1158
896.255,0.5248,0.1062
896.461,0.6927,0.1123
896.667,0.6651,0.1229
896.874,0.6405,0.1156
897.080,0.5662,0.1046
897.287,0.2901,0.1191
897.494,0.9470,0.2307
897.700,0.5131,0.1120
897.907,1.0992,0.1426
898.114,0.8955,0.1023
898.321,1.0853,0.1241
898.527,1.2551,0.1435
898.734,0.8754,0.1109
898.941,1.0175,0.1158
899.148,0.8106,0.1081
899.355,0.6911,0.1065
899.562,0.7929,0.1042
899.770,0.8228,0.1099
899.977,0.8933,0.1034
900.184,0.9383,0.1160
900.391,1.0931,0.1314
900.599,1.1904,0.1133
900.806,0.9621,0.0975
901.014,0.9924,0.1085
901.221,0.9254,0.1108
901.429,0.8181,0.1068
901.636,0.8233,0.0993
901.844,0.6862,0.0952
902.052,0.7668,0.0924
902.259,0.8545,0.1010
902.467,0.9173,0.1028
902.675,0.8863,0.1232
902.883,0.6794,0.1168
903.091,1.1810,0.1011
903.299,1.0591,0.1059
903.507,1.0780,0.1177
903.715,0.9858,0.1109
903.923,0.7747,0.1014
904.131,0.7827,0.0976
904.339,1.0046,0.0997
904.547,1.1533,0.1017
904.756,0.9929,0.0976
904.964,1.0279,0.0991
905.172,1.2803,0.1079
905.381,0.9121,0.0952
905.589,0.7330,0.1004
905.798,0.5381,0.0926
906.006,0.6679,0.0888
906.215,0.7745,0.0948
906.424,0.8222,0.1014
906.633,0.8395,0.0942
906.841,0.7244,0.1028
907.050,0.5062,0.0937
907.259,0.5998,0.1016
907.468,0.8592,0.1049
907.677,1.2868,0.1078
907.886,1.3663,0.0995
908.095,1.1937,0.1008
908.304,0.9261,0.0928
908.513,0.6572,0.0908
908.723,0.5793,0.0969
908.932,1.0987,0.1892
909.141,0.6003,0.0960
909.351,0.6928,0.0902
909.560,1.1813,0.1003
909.769,1.2641,0.1061
909.979,1.4665,0.1105
910.188,1.4261,0.0958
910.398,1.0783,0.1030
910.608,1.1426,0.1099
910.817,1.4610,0.1180
911.027,1.3952,0.1187
911.237,0.9727,0.0972
911.447,1.1386,0.1099
911.657,1.0690,0.1043
911.867,0.9584,0.1105
912.077,1.2346,0.1084
912.287,1.3304,0.1013
912.497,1.6366,0.1106
912.707,1.4131,0.1073
912.917,1.2672,0.1101
913.127,1.2853,0.1041
913.338,1.1829,0.1062
913.548,1.2502,0.1160
913.758,1.0385,0.1005
913.969,0.9656,0.0957
914.179,0.7607,0.0968
914.390,0.8673,0.0972
914.600,0.9269,0.0925
914.811,1.2269,0.0971
915.022,1.3907,0.0954
915.232,1.2236,0.0933
915.443,1.2269,0.0956
915.654,1.3623,0.1024
915.865,1.0936,0.1034
916.076,0.8503,0.0923
916.287,1.1642,0.0999
916.498,1.0750,0.1026
916.709,1.0019,0.1003
916.920,0.8841,0.1004
917.131,1.0448,0.1090
917.342,1.0478,0.0989
917.553,1.3736,0.1024
917.765,1.3790,0.1014
917.976,1.1971,0.1017
918.187,1.1608,0.1089
918.399,0.8642,0.0997
918.610,0.4575,0.0868
918.822,0.5220,0.0961
919.033,0.7897,0.1035
919.245,0.7866,0.1157
919.457,0.5332,0.0897
919.669,0.6242,0.1293
919.880,0.8919,0.1293
920.092,0.9832,0.1190
920.304,0.9680,0.1233
920.516,0.6683,0.1262
920.728,0.6096,0.1143
920.940,0.5176,0.0858
921.152,0.4714,0.0838
921.364,0.4189,0.0894
921.576,0.8962,0.1320
921.789,0.6104,0.0930
922.001,0.6106,0.0925
922.213,0.7208,0.0947
922.426,0.7314,0.0918
922.638,0.8943,0.0927
922.850,1.0759,0.0916
923.063,1.3043,0.0947
923.276,1.2999,0.0963
923.488,0.8901,0.0892
923.701,0.6242,0.0863
923.914,0.5364,0.0878
924.126,0.7380,0.0875
924.339,0.9979,0.0923
924.552,1.3751,0.0953
924.765,1.1126,0.0893
924.978,0.8821,0.0846
925.191,0.8037,0.0879
925.404,0.8033,0.0851
925.617,0.6521,0.0818
925.830,1.0408,0.0857
926.043,1.0029,0.0891
926.257,1.1914,0.0960
926.470,1.2435,0.0944
926.683,1.2052,0.0872
926.897,1.3086,0.0916
927.110,1.2991,0.0963
927.324,1.0298,0.0922
927.537,0.9874,0.0892
927.751,1.2493,0.0930
927.964,0.9996,0.0829
928.178,1.1596,0.0864
928.392,1.3092,0.0858
928.606,1.3081,0.0889
928.819,1.2382,0.0913
929.033,1.0136,0.0874
929.247,0.7935,0.0850
929.461,0.8320,0.0874
929.675,0.9537,0.0852
929.889,1.1809,0.0889
930.104,0.9965,0.0852
930.318,0.8716,0.0815
930.532,0.7185,0.0830
930.746,0.9227,0.1195
930.961,0.7688,0.1074
931.175,0.6246,0.0801
931.389,0.7839,0.0849
931.604,1.1960,0.0930
931.818,1.1737,0.0861
932.033,1.7497,0.1079
932.248,1.6322,0.0942
932.462,1.4158,0.0863
932.677,1.4178,0.0915
932.892,1.7972,0.1004
933.107,1.6214,0.0908
933.322,1.6023,0.0886
933.537,1.5504,0.0896
933.752,1.4780,0.0910
933.967,1.5205,0.0928
934.182,1.4513,0.0885
934.397,1.6793,0.0948
934.612,1.4147,0.0910
934.827,0.8675,0.0792
935.042,0.6017,0.0780
935.258,0.8029,0.0852
935.473,1.0275,0.0891
935.688,1.1409,0.0876
935.904,1.5897,0.0971
936.120,1.4901,0.0904
936.335,1.4188,0.0912
936.551,1.4863,0.0910
936.766,1.3357,0.0872
936.982,1.3436,0.0931
937.198,1.4977,0.0922
937.414,1.5276,0.0885
937.630,1.4817,0.0969
937.846,1.3028,0.0944
938.061,1.3014,0.0964
938.278,1.4612,0.1111
938.494,1.2832,0.0936
938.710,1.4885,0.0944
938.926,1.5283,0.0919
939.142,1.4326,0.0922
939.358,1.3614,0.0913
939.575,1.5886,0.0963
939.791,1.6042,0.0948
940.008,1.7385,0.0944
940.224,1.6021,0.0967
940.440,1.5686,0.0958
940.657,1.5896,0.0880
940.874,2.0749,0.1008
941.090,1.6869,0.0982
941.307,1.3772,0.0854
941.524,1.3102,0.0897
941.741,1.1811,0.0908
941.958,1.0158,0.0847
942.174,1.2693,0.0861
942.391,1.5259,0.0942
942.609,1.6264,0.0912
942.826,1.8099,0.0942
943.043,1.6238,0.0909
943.260,1.5463,0.0852
943.477,1.4210,0.0882
943.694,1.2588,0.0848
943.912,1.2728,0.0840
944.129,0.9324,0.0841
944.346,1.0889,0.0857
944.564,1.3424,0.0876
944.781,1.2605,0.0864
944.999,0.9233,0.0760
945.216,0.8699,0.0758
945.434,1.0965,0.0845
945.652,1.2312,0.0836
945.870,1.1239,0.0786
946.088,0.9692,0.0810
946.305,0.6639,0.0818
946.523,0.5478,0.0829
946.741,0.7265,0.0800
946.959,0.8232,0.0763
947.177,0.8621,0.0766
947.395,0.8197,0.0778
947.614,0.7119,0.0723
947.832,0.7158,0.0752
948.050,1.0191,0.0795
948.268,1.1725,0.0766
948.487,1.2262,0.0800
948.705,1.2511,0.0809
948.924,0.8834,0.0742
949.142,0.9051,0.0775
949.361,0.9618,0.0810
949.580,0.9896,0.0800
949.798,1.2621,0.0920
950.017,1.0068,0.0792
950.236,1.2220,0.0890
950.455,1.3052,0.0821
950.673,1.4288,0.0822
950.892,1.5079,0.0880
951.111,1.2952,0.0839
951.330,1.0665,0.0807
951.549,1.1036,0.0891
951.769,0.9471,0.0792
951.988,1.1893,0.0804
952.207,1.4931,0.0857
952.426,1.5381,0.0885
952.646,1.4684,0.0811
952.865,1.4534,0.0785
953.084,1.2627,0.0784
953.304,1.1858,0.0822
953.523,1.2139,0.0786
953.743,1.4517,0.0827
953.963,1.5198,0.0878
954.182,1.4040,0.0830
954.402,1.4113,0.0813
954.622,1.4674,0.0807
954.842,1.4998,0.0795
955.062,1.5363,0.0861
955.281,1.5585,0.0829
955.501,1.5697,0.0805
955.721,1.5166,0.0887
955.942,1.5376,0.0885
956.162,0.9517,0.0809
956.382,0.7403,0.0841
956.602,0.6355,0.0811
956.822,0.8335,0.0991
957.043,0.5170,0.0706
957.263,0.6676,0.0719
957.484,0.9557,0.0772
957.704,0.9988,0.0805
957.925,0.8904,0.0761
958.145,1.0666,0.0814
958.366,1.1734,0.0777
958.587,1.4379,0.0849
958.807,1.3435,0.0838
959.028,1.0692,0.0743
959.249,0.8504,0.0795
959.470,0.8985,0.0796
959.691,1.2402,0.0856
959.912,1.2461,0.0863
960.133,1.1628,0.0854
960.354,1.0937,0.0799
960.575,1.1844,0.0752
960.796,1.3513,0.0800
961.018,1.5555,0.0856
961.239,1.5918,0.0817
961.460,1.4910,0.0832
961.682,1.6005,0.0879
961.903,1.3145,0.0835
962.125,1.5047,0.0892
962.346,1.3820,0.0847
962.568,1.5254,0.0853
962.789,1.6320,0.0907
963.011,1.4276,0.0847
963.233,1.4936,0.0853
963.455,1.3835,0.0879
963.677,1.2955,0.0800
963.899,1.4796,0.0830
964.120,1.2226,0.0793
964.343,0.8882,0.0776
964.565,0.8120,0.0740
964.787,1.0118,0.0758
965.009,1.1231,0.0758
965.231,1.2785,0.0783
965.453,1.5124,0.0839
965.676,1.7141,0.0845
965.898,1.8729,0.0838
966.121,1.5119,0.0785
966.343,1.3350,0.0764
966.566,1.3077,0.0782
966.788,1.4606,0.0795
967.011,1.7344,0.0881
967.233,1.8471,0.0938
967.456,1.5680,0.0876
967.679,1.5887,0.0883
967.902,1.6494,0.0878
968.125,1.3786,0.0829
968.348,1.3332,0.0822
968.571,1.4490,0.0818
968.794,1.7131,0.0867
969.017,1.6230,0.0861
969.240,1.4592,0.0763
969.463,1.4171,0.0782
969.686,1.3175,0.0773
969.910,1.6386,0.0844
970.133,1.3214,0.0738
970.357,1.3629,0.0746
970.580,1.1916,0.0739
970.804,1.0699,0.0744
971.027,1.0693,0.0748
971.251,1.1695,0.0732
971.474,1.1414,0.0717
971.698,1.3670,0.0744
971.922,1.4560,0.0801
972.146,1.4526,0.0769
972.370,1.4728,0.0761
972.593,1.2884,0.0722
972.817,1.2450,0.0731
973.041,1.2944,0.0704
973.265,1.4164,0.0715
973.490,1.3878,0.0726
973.714,1.2071,0.0730
973.938,1.1220,0.0732
974.162,1.3084,0.0810
974.387,1.8164,0.0863
974.611,1.4937,0.0744
974.835,1.5590,0.0752
975.060,1.6731,0.0751
975.284,1.8248,0.0791
975.509,1.7537,0.0753
975.734,1.5118,0.0727
975.958,1.1524,0.0728
976.183,1.2228,0.0691
976.408,1.5012,0.0707
976.633,1.4773,0.0727
976.858,1.4129,0.0729
977.083,1.2252,0.0706
977.308,1.2798,0.0731
977.533,1.7357,0.0833
977.758,1.7824,0.0859
977.983,1.8395,0.0885
978.208,1.6297,0.0801
978.433,1.5179,0.0783
978.659,1.5907,0.0795
978.884,1.6039,0.0777
979.110,1.2750,0.0730
979.335,1.0710,0.0672
979.561,1.0908,0.0725
979.786,0.8637,0.0703
980.012,1.2000,0.0788
980.238,0.8853,0.0668
980.463,1.1446,0.0694
980.689,1.3804,0.0729
980.915,1.1969,0.0689
981.141,1.1081,0.0675
981.367,0.8585,0.0657
981.593,0.8151,0.0709
981.819,0.9557,0.0766
982.045,1.0438,0.0791
982.271,1.1410,0.0748
982.497,1.2091,0.0731
982.724,1.2341,0.0755
982.950,1.3752,0.0720
983.176,1.7561,0.0725
983.403,1.6818,0.0716
983.629,1.7934,0.0752
983.856,1.7253,0.0748
984.082,1.7556,0.0776
984.309,1.7696,0.0745
984.535,1.9369,0.0745
984.762,1.5904,0.0718
984.989,1.5774,0.0719
985.216,1.3880,0.0671
985.443,1.2248,0.0681
985.670,1.0628,0.0748
985.896,1.1988,0.0763
986.124,1.5122,0.0731
986.351,1.7524,0.0749
986.578,1.5936,0.0727
986.805,1.4840,0.0743
987.032,1.2243,0.0706
987.260,0.9098,0.0672
987.487,0.7962,0.0658
987.714,1.2259,0.0808
987.942,1.0430,0.0674
988.169,0.8879,0.0649
988.397,1.2762,0.0711
988.624,1.4441,0.0698
988.852,1.5085,0.0678
989.080,1.6802,0.0696
989.308,1.5972,0.0706
989.535,1.7600,0.0721
989.763,1.8386,0.0727
989.991,1.7406,0.0750
990.219,1.8415,0.0730
990.447,1.6456,0.0726
990.675,1.3364,0.0645
990.903,1.3621,0.0658
991.132,1.5676,0.0667
991.360,1.8316,0.0694
991.588,1.6580,0.0676
991.817,1.4838,0.0705
992.045,1.2912,0.0679
992.273,1.0353,0.0647
992.502,1.1168,0.0667
992.730,1.2989,0.0718
992.959,1.1919,0.0674
993.188,1.3311,0.0709
993.416,1.1981,0.0706
993.645,1.1117,0.0654
993.874,1.3493,0.0659
994.103,1.4147,0.0683
994.332,1.4755,0.0697
994.561,1.6230,0.0698
994.790,1.6325,0.0702
995.019,1.6228,0.0714
995.248,1.7590,0.0703
995.477,1.7229,0.0683
995.706,1.4127,0.0663
995.936,1.2926,0.0651
996.165,1.2092,0.0653
996.394,1.3031,0.0661
996.624,1.2956,0.0686
996.854,1.3445,0.0700
997.083,1.2754,0.0698
997.313,1.4839,0.0714
997.542,1.5094,0.0687
997.772,1.3087,0.0663
998.002,1.2225,0.0651
998.232,1.2945,0.0680
998.461,1.0312,0.0621
998.691,0.9867,0.0603
998.921,0.6583,0.0577
999.151,0.7222,0.0611
999.382,0.8252,0.0595
999.612,0.7661,0.0606
999.842,0.7388,0.0638
1000.072,0.6040,0.0590
1000.302,0.9875,0.0586
1000.533,1.1364,0.0663
1000.763,1.0356,0.0655
1000.994,0.9636,0.0646
1001.224,0.8313,0.0619
1001.455,0.8069,0.0614
1001.685,0.7358,0.0620
1001.916,0.8779,0.0602
1002.147,0.7604,0.0588
1002.378,0.7647,0.0606
1002.608,0.7044,0.0594
1002.839,0.6797,0.0608
1003.070,0.6726,0.0630
1003.301,0.6094,0.0585
1003.532,1.1547,0.0797
1003.763,1.1980,0.0806
1003.994,1.0361,0.0794
1004.226,1.2718,0.0840
1004.457,1.2541,0.0848
1004.688,0.7188,0.0634
1004.920,0.6834,0.0637
1005.151,0.7072,0.0633
1005.383,0.6067,0.0615
1005.614,0.5070,0.0602
1005.846,0.6731,0.0581
1006.077,0.7053,0.0582
1006.309,0.7122,0.0554
1006.541,0.7495,0.0588
1006.773,0.8894,0.0630
1007.004,0.8656,0.0590
1007.236,1.1163,0.0711
1007.468,0.7171,0.0532
1007.700,0.9062,0.0563
1007.932,1.0879,0.0618
1008.164,1.1284,0.0627
1008.396,1.0397,0.0590
1008.629,0.9971,0.0613
1008.861,1.0631,0.0633
1009.093,1.0916,0.0592
1009.326,1.0847,0.0628
1009.558,1.1622,0.0642
1009.791,0.9730,0.0630
1010.023,0.9691,0.0633
1010.256,0.9360,0.0653
1010.488,0.7229,0.0578
1010.721,0.8118,0.0592
1010.954,0.8120,0.0582
1011.187,0.7122,0.0565
1011.419,0.8396,0.0581
1011.652,1.0565,0.0619
1011.885,1.2603,0.0616
1012.118,1.4081,0.0650
1012.351,1.2409,0.0622
1012.585,1.3142,0.0624
1012.818,1.0964,0.0644
1013.051,0.9093,0.0663
1013.284,1.0046,0.0594
1013.518,1.2504,0.0608
1013.751,1.3826,0.0646
1013.985,1.5816,0.0618
1014.218,1.3884,0.0592
1014.452,1.3532,0.0605
1014.685,1.0687,0.0556
1014.919,0.9602,0.0567
1015.153,1.3112,0.0633
1015.386,1.4690,0.0632
1015.620,1.3767,0.0626
1015.854,1.1563,0.0598
1016.088,1.0731,0.0591
1016.322,1.1271,0.0574
1016.556,1.3556,0.0593
1016.790,1.3564,0.0611
1017.024,0.9511,0.0557
1017.258,1.0255,0.0563
1017.493,1.0243,0.0548
1017.727,1.3563,0.0582
1017.961,1.5116,0.0608
1018.196,1.6185,0.0620
1018.430,1.6403,0.0598
1018.665,1.6436,0.0646
1018.899,1.5640,0.0640
1019.134,1.3184,0.0574
1019.369,1.3614,0.0598
1019.604,1.7113,0.0625
1019.838,1.7660,0.0596
1020.073,1.7236,0.0611
1020.308,1.6118,0.0602
1020.543,1.6662,0.0591
1020.778,1.6674,0.0591
1021.013,1.7249,0.0597
1021.248,1.8481,0.0607
1021.483,1.6804,0.0595
1021.719,1.4940,0.0571
1021.954,1.3018,0.0547
1022.189,1.0726,0.0560
1022.425,1.0964,0.0581
1022.660,1.3493,0.0601
1022.896,1.7612,0.0701
1023.131,1.2743,0.0596
1023.367,1.2744,0.0580
1023.602,1.1250,0.0562
1023.838,1.0286,0.0531
1024.074,1.3206,0.0560
1024.310,1.5322,0.0574
1024.546,1.9175,0.0623
1024.781,1.9588,0.0634
1025.018,2.3278,0.0675
1025.254,2.0679,0.0632
1025.490,2.0545,0.0638
1025.726,2.2679,0.0672
1025.962,2.4963,0.0697
1026.198,2.5022,0.0689
1026.435,2.0966,0.0648
1026.671,2.4001,0.0686
1026.907,2.3669,0.0673
1027.144,2.1633,0.0632
1027.380,1.9675,0.0614
1027.617,1.7313,0.0595
1027.854,1.4593,0.0563
1028.090,1.2041,0.0531
1028.327,1.4034,0.0558
1028.564,1.4439,0.0553
1028.801,1.4205,0.0516
1029.038,1.5256,0.0553
1029.275,1.5567,0.0559
1029.512,1.8242,0.0581
1029.749,1.9548,0.0588
1029.986,2.1715,0.0582
1030.223,2.4090,0.0616
1030.460,2.1421,0.0567
1030.698,2.3127,0.0586
1030.935,2.6443,0.0601
1031.172,2.5010,0.0597
1031.410,2.5438,0.0614
1031.647,2.4549,0.0594
1031.885,2.3798,0.0585
1032.123,2.6054,0.0605
1032.360,2.8201,0.0595
1032.598,2.7334,0.0565
1032.836,2.7722,0.0567
1033.074,2.6151,0.0562
1033.312,2.6565,0.0564
1033.550,2.9633,0.0581
1033.788,2.7337,0.0558
1034.026,2.8301,0.0561
1034.264,2.9779,0.0562
1034.502,2.9065,0.0553
1034.740,2.7589,0.0540
1034.978,2.6390,0.0543
1035.217,2.5763,0.0540
1035.455,2.5009,0.0541
1035.694,2.6369,0.0552
1035.932,2.6102,0.0553
1036.171,2.4225,0.0536
1036.409,2.4978,0.0540
1036.648,2.5921,0.0544
1036.887,2.4995,0.0535
1037.125,2.2499,0.0514
1037.365,1.9596,0.0492
1037.603,2.1664,0.0511
1037.842,2.3462,0.0522
1038.081,2.3218,0.0527
1038.320,2.2898,0.0539
1038.559,2.2672,0.0537
1038.799,2.2844,0.0526
1039.038,2.0792,0.0509
1039.277,1.9906,0.0501
1039.516,1.9117,0.0493
1039.756,1.8931,0.0503
1039.995,1.8597,0.0500
1040.235,2.0917,0.0501
1040.474,2.1445,0.0501
1040.714,1.9280,0.0495
1040.953,1.9149,0.0497
1041.193,1.8840,0.0508
1041.433,1.9643,0.0493
1041.673,2.0084,0.0489
1041.913,1.9453,0.0485
1042.153,2.0628,0.0508
1042.393,1.9643,0.0493
1042.633,2.0780,0.0501
1042.873,2.0313,0.0501
1043.113,1.9969,0.0500
1043.353,2.0465,0.0504
1043.593,2.0752,0.0517
1043.834,2.0179,0.0504
1044.074,1.9968,0.0503
1044.315,1.9441,0.0496
1044.555,1.9027,0.0500
1044.796,1.8040,0.0485
1045.036,1.9155,0.0478
1045.277,1.9939,0.0487
1045.517,1.8556,0.0487
1045.758,1.7678,0.0493
1045.999,1.8358,0.0480
1046.240,1.8295,0.0485
1046.481,1.8863,0.0482
1046.722,2.0566,0.0488
1046.963,1.9764,0.0492
1047.204,1.7796,0.0482
1047.445,1.6718,0.0463
1047.687,1.3800,0.0446
1047.928,1.4951,0.0453
1048.169,1.7987,0.0487
1048.410,1.8296,0.0482
1048.652,1.9885,0.0483
1048.893,1.9936,0.0494
1049.135,1.8579,0.0482
1049.376,1.8301,0.0468
1049.618,1.8085,0.0477
1049.860,1.6858,0.0469
1050.102,1.7289,0.0468
1050.343,1.6671,0.0459
1050.585,1.6971,0.0457
1050.827,1.7647,0.0466
1051.069,1.9669,0.0483
1051.311,1.8370,0.0467
1051.553,1.7816,0.0464
1051.796,1.7358,0.0468
1052.038,1.6993,0.0464
1052.280,1.6935,0.0464
1052.522,1.5542,0.0459
1052.765,1.5725,0.0446
1053.007,1.7185,0.0464
1053.250,1.6882,0.0458
1053.492,1.7293,0.0469
1053.735,1.8581,0.0469
1053.977,2.0589,0.0476
1054.220,2.0347,0.0471
1054.463,2.0687,0.0482
1054.706,2.0454,0.0492
1054.949,1.9401,0.0487
1055.192,1.9167,0.0478
1055.435,1.8892,0.0467
1055.678,1.8037,0.0474
1055.921,1.9647,0.0470
1056.164,1.8642,0.0457
1056.407,1.6434,0.0451
1056.650,1.8932,0.0472
1056.894,2.0964,0.0490
1057.137,1.9789,0.0463
1057.381,2.0478,0.0469
1057.624,1.9530,0.0473
1057.868,1.8098,0.0476
1058.111,1.8850,0.0461
1058.355,1.9086,0.0464
1058.599,1.8910,0.0465
1058.842,1.9098,0.0468
1059.086,2.0256,0.0476
1059.330,2.0059,0.0468
1059.574,1.9405,0.0452
1059.818,1.8809,0.0447
1060.062,1.8772,0.0457
1060.306,1.9323,0.0459
1060.550,1.9268,0.0453
1060.795,1.9437,0.0458
1061.039,1.8373,0.0457
1061.283,1.7324,0.0457
1061.528,1.7903,0.0450
1061.772,1.8464,0.0447
1062.017,1.8556,0.0441
1062.261,1.6256,0.0427
1062.506,1.5520,0.0423
1062.750,1.3837,0.0419
1062.995,1.4375,0.0424
1063.240,1.4428,0.0428
1063.485,1.7404,0.0456
1063.730,1.7910,0.0460
1063.975,1.7328,0.0452
1064.220,1.6842,0.0439
1064.465,1.7951,0.0459
1064.710,1.6046,0.0440
1064.955,1.5515,0.0428
1065.200,1.6987,0.0437
1065.446,1.7670,0.0438
1065.691,1.7245,0.0433
1065.936,1.7694,0.0434
1066.182,1.9029,0.0441
1066.427,2.0479,0.0444
1066.673,2.0611,0.0446
1066.919,1.9372,0.0439
1067.164,1.9645,0.0435
1067.410,1.9059,0.0444
1067.656,1.7700,0.0441
1067.902,1.6383,0.0435
1068.148,1.4699,0.0428
1068.394,1.5120,0.0422
1068.640,1.6850,0.0433
1068.886,1.9482,0.0444
1069.132,1.9105,0.0447
1069.378,1.8960,0.0442
1069.625,1.8007,0.0439
1069.871,1.8600,0.0433
1070.117,1.8584,0.0432
1070.364,2.0058,0.0433
1070.610,1.9256,0.0425
1070.857,1.8074,0.0424
1071.103,1.8689,0.0425
1071.350,1.7424,0.0429
1071.596,1.7174,0.0429
1071.843,1.8057,0.0412
1072.090,1.8174,0.0421
1072.337,1.9198,0.0430
1072.584,2.1086,0.0437
1072.831,1.9766,0.0426
1073.078,1.8413,0.0426
1073.325,1.6832,0.0413
1073.572,1.3732,0.0391
1073.820,1.3107,0.0398
1074.067,1.5218,0.0409
1074.314,1.4358,0.0399
1074.562,1.4488,0.0395
1074.809,1.6295,0.0416
1075.057,1.7880,0.0428
1075.304,1.9283,0.0431
1075.552,1.7825,0.0426
1075.800,1.8152,0.0427
1076.047,1.8579,0.0427
1076.295,1.8733,0.0428
1076.543,1.8595,0.0431
1076.791,1.6339,0.0413
1077.039,1.6157,0.0413
1077.287,1.7176,0.0410
1077.535,1.6696,0.0416
1077.783,1.5608,0.0411
1078.031,1.5384,0.0412
1078.279,1.6950,0.0414
1078.528,1.6865,0.0416
1078.776,1.5030,0.0404
1079.025,1.5864,0.0406
1079.273,1.6321,0.0411
1079.521,1.8050,0.0421
1079.770,1.8179,0.0417
1080.019,1.7120,0.0419
1080.268,1.5721,0.0427
1080.516,1.4310,0.0403
1080.765,1.6213,0.0419
1081.014,1.7045,0.0416
1081.263,1.6954,0.0414
1081.512,1.6773,0.0421
1081.761,1.5494,0.0423
1082.010,1.5916,0.0422
1082.259,1.5964,0.0417
1082.509,1.5649,0.0418
1082.758,1.4688,0.0396
1083.007,1.4627,0.0402
1083.256,1.5689,0.0404
1083.506,1.4987,0.0400
1083.756,1.2923,0.0393
1084.005,1.2411,0.0380
1084.255,1.4130,0.0393
1084.504,1.5147,0.0411
1084.754,1.4570,0.0413
1085.004,1.3884,0.0413
1085.254,1.5783,0.0423
1085.504,1.5839,0.0414
1085.754,1.5759,0.0414
1086.004,1.4433,0.0402
1086.254,1.4097,0.0416
1086.504,1.3331,0.0405
1086.754,1.2150,0.0390
1087.004,1.2122,0.0389
1087.255,1.5166,0.0418
1087.505,1.6831,0.0426
1087.756,1.5292,0.0413
1088.006,1.5860,0.0410
1088.257,1.4727,0.0398
1088.507,1.2922,0.0379
1088.758,1.2392,0.0385
1089.009,1.1262,0.0374
1089.260,1.1538,0.0377
1089.510,1.1260,0.0372
1089.761,1.1350,0.0373
1090.012,1.3986,0.0419
1090.263,1.1317,0.0383
1090.514,1.1422,0.0376
1090.765,1.0449,0.0372
1091.017,1.0986,0.0376
1091.268,1.4644,0.0438
1091.519,1.0729,0.0379
1091.771,1.0737,0.0368
1092.022,1.0830,0.0371
1092.273,1.1637,0.0371
1092.525,1.2686,0.0375
1092.776,1.2926,0.0378
1093.028,1.2595,0.0369
1093.280,1.0971,0.0366
1093.532,1.0941,0.0368
1093.783,1.3131,0.0387
1094.035,1.3293,0.0378
1094.287,1.2218,0.0362
1094.539,1.0071,0.0355
1094.791,0.9384,0.0346
1095.043,0.9471,0.0360
1095.296,0.9769,0.0365
1095.548,1.2064,0.0368
1095.800,1.4167,0.0384
1096.052,1.4800,0.0384
1096.305,1.5436,0.0389
1096.557,1.4734,0.0389
1096.810,1.3481,0.0378
1097.062,1.3076,0.0384
1097.315,1.2997,0.0394
1097.568,1.4366,0.0388
1097.820,1.4365,0.0381
1098.073,1.3350,0.0373
1098.326,1.3081,0.0371
1098.579,1.4257,0.0384
1098.832,1.3879,0.0381
1099.085,1.3170,0.0379
1099.338,1.3171,0.0380
1099.591,1.2331,0.0369
1099.845,1.3055,0.0376
1100.098,1.3522,0.0378
1100.351,1.4130,0.0374
1100.605,1.4156,0.0382
1100.858,1.5663,0.0406
1101.112,1.4808,0.0385
1101.365,1.5087,0.0389
1101.619,1.5171,0.0389
1101.872,1.5230,0.0393
1102.126,1.5340,0.0389
1102.380,1.5541,0.0387
1102.634,1.4095,0.0371
1102.888,1.3127,0.0380
1103.142,1.3594,0.0384
1103.396,1.3138,0.0372
1103.650,1.3330,0.0367
1103.904,1.1320,0.0363
1104.158,1.2151,0.0377
1104.412,1.3004,0.0376
1104.667,1.3336,0.0372
1104.921,1.2370,0.0375
1105.176,1.3124,0.0370
1105.430,1.3606,0.0375
1105.685,1.5528,0.0394
1105.939,1.5970,0.0394
1106.194,1.4279,0.0381
1106.449,1.3507,0.0382
1106.704,1.2929,0.0372
1106.958,1.2497,0.0366
1107.213,1.2895,0.0372
1107.469,1.3979,0.0376
1107.723,1.4285,0.0374
1107.978,1.4503,0.0384
1108.234,1.3919,0.0382
1108.489,1.3193,0.0361
1108.744,1.4483,0.0360
1108.999,1.4968,0.0368
1109.255,1.4081,0.0373
1109.510,1.3936,0.0367
1109.766,1.6185,0.0380
1110.021,1.6202,0.0384
1110.277,1.5051,0.0373
1110.533,1.5217,0.0381
1110.788,1.4418,0.0375
1111.044,1.4254,0.0370
1111.300,1.4966,0.0372
1111.556,1.7580,0.0389
1111.812,1.7224,0.0388
1112.068,1.6202,0.0374
1112.324,1.6568,0.0376
1112.580,1.6565,0.0380
1112.836,1.7113,0.0375
1113.093,1.6915,0.0380
1113.349,1.6381,0.0379
1113.605,1.6430,0.0376
1113.862,1.6190,0.0371
1114.118,1.6687,0.0376
1114.375,1.7052,0.0384
1114.631,1.7275,0.0379
1114.888,1.6492,0.0372
1115.145,1.6617,0.0370
1115.402,1.6709,0.0363
1115.659,1.7514,0.0371
1115.916,1.7796,0.0376
1116.172,1.6189,0.0373
1116.430,1.6604,0.0372
1116.687,1.7418,0.0377
1116.944,1.7380,0.0378
1117.201,1.6798,0.0372
1117.458,1.6224,0.0360
1117.715,1.5421,0.0356
1117.973,1.5969,0.0358
1118.230,1.5399,0.0356
1118.488,1.4894,0.0358
1118.745,1.3650,0.0357
1119.003,1.3998,0.0351
1119.261,1.5039,0.0360
1119.519,1.5512,0.0372
1119.776,1.5073,0.0363
1120.034,1.4031,0.0354
1120.292,1.4145,0.0351
1120.550,1.4384,0.0360
1120.808,1.4545,0.0367
1121.066,1.6284,0.0379
1121.325,1.4114,0.0355
1121.583,1.5769,0.0358
1121.841,1.5739,0.0357
1122.099,1.6079,0.0364
1122.358,1.6571,0.0372
1122.616,1.6837,0.0375
1122.875,1.4900,0.0368
1123.133,1.5365,0.0372
1123.392,1.4234,0.0370
1123.651,1.4247,0.0364
1123.910,1.4323,0.0360
1124.168,1.4330,0.0357
1124.427,1.3456,0.0351
1124.686,1.4713,0.0345
1124.945,1.4699,0.0350
1125.204,1.4105,0.0352
1125.463,1.3151,0.0348
1125.722,1.3671,0.0359
1125.982,1.3133,0.0344
1126.241,1.2204,0.0341
1126.500,1.2938,0.0342
1126.760,1.4625,0.0358
1127.019,1.3567,0.0344
1127.279,1.4083,0.0351
1127.538,1.3025,0.0353
1127.798,1.2056,0.0353
1128.058,1.2970,0.0347
1128.318,1.4613,0.0370
1128.577,1.4330,0.0362
1128.837,1.5209,0.0353
1129.097,1.4844,0.0349
1129.357,1.4746,0.0347
1129.617,1.6798,0.0349
1129.877,1.4921,0.0349
1130.138,1.3418,0.0347
1130.398,1.3954,0.0348
1130.658,1.2846,0.0335
1130.918,1.2596,0.0338
1131.179,1.2818,0.0346
1131.439,1.2862,0.0338
1131.700,1.3487,0.0351
1131.961,1.3378,0.0350
1132.221,1.2089,0.0331
1132.482,1.2149,0.0326
1132.743,1.1932,0.0340
1133.004,1.3057,0.0345
1133.265,1.3060,0.0343
1133.525,1.2517,0.0338
1133.787,1.1469,0.0327
1134.048,1.0632,0.0322
1134.309,1.0182,0.0330
1134.570,1.0479,0.0327
1134.831,1.0504,0.0323
1135.093,1.0879,0.0321
1135.354,1.1372,0.0325
1135.615,1.3049,0.0334
1135.877,1.3826,0.0340
1136.139,1.4421,0.0343
1136.400,1.4007,0.0340
1136.662,1.3630,0.0339
1136.924,1.4185,0.0343
1137.186,1.4560,0.0342
1137.447,1.3293,0.0337
1137.709,1.3740,0.0341
1137.971,1.4165,0.0336
1138.233,1.4460,0.0343
1138.495,1.4496,0.0351
1138.758,1.3177,0.0331
1139.020,1.3059,0.0334
1139.282,1.2774,0.0331
1139.545,1.2504,0.0332
1139.807,1.3834,0.0340
1140.069,1.4430,0.0337
1140.332,1.4461,0.0334
1140.595,1.4976,0.0337
1140.857,1.4867,0.0335
1141.120,1.4289,0.0332
1141.383,1.2390,0.0326
1141.646,1.1797,0.0326
1141.909,1.3058,0.0340
1142.171,1.4075,0.0336
1142.435,1.3898,0.0336
1142.698,1.4190,0.0347
1142.961,1.3828,0.0339
1143.224,1.3499,0.0336
1143.487,1.2466,0.0328
1143.751,1.2909,0.0328
1144.014,1.3136,0.0332
1144.277,1.3006,0.0321
1144.541,1.2993,0.0327
1144.804,1.4358,0.0347
1145.068,1.3515,0.0338
1145.332,1.4067,0.0340
1145.596,1.4394,0.0348
1145.859,1.4768,0.0352
1146.123,1.4705,0.0354
1146.387,1.3108,0.0334
1146.651,1.2084,0.0332
1146.915,1.2146,0.0332
1147.179,1.2772,0.0332
1147.443,1.3876,0.0330
1147.708,1.4382,0.0339
1147.972,1.3714,0.0339
1148.236,1.3265,0.0328
1148.501,1.4740,0.0346
1148.765,1.3904,0.0334
1149.030,1.3691,0.0326
1149.294,1.3220,0.0321
1149.559,1.2098,0.0318
1149.824,1.1959,0.0329
1150.089,1.3203,0.0332
1150.354,1.3582,0.0322
1150.618,1.2367,0.0308
1150.883,1.2175,0.0313
1151.148,1.1345,0.0313
1151.413,1.1527,0.0316
1151.679,1.1592,0.0313
1151.944,1.1550,0.0308
1152.209,1.1439,0.0316
1152.474,0.9327,0.0300
1152.740,0.9577,0.0304
1153.005,1.0302,0.0304
1153.271,1.2047,0.0311
1153.536,1.2674,0.0317
1153.802,1.2743,0.0315
1154.068,1.2766,0.0316
1154.333,1.1084,0.0306
1154.599,0.9449,0.0301
1154.865,0.8399,0.0292
1155.131,0.9192,0.0294
1155.397,1.1909,0.0314
1155.663,1.4009,0.0317
1155.929,1.3884,0.0318
1156.196,1.2513,0.0314
1156.462,1.0922,0.0310
1156.728,0.9839,0.0300
1156.995,1.0932,0.0304
1157.261,1.2238,0.0317
1157.528,1.4111,0.0324
1157.794,1.3189,0.0317
1158.061,1.1332,0.0306
1158.327,1.1167,0.0298
1158.594,1.3226,0.0319
1158.861,1.4599,0.0326
1159.128,1.3929,0.0330
1159.395,1.3055,0.0321
1159.662,1.3076,0.0313
1159.929,1.3438,0.0324
1160.196,1.4055,0.0318
1160.463,1.4761,0.0317
1160.730,1.4122,0.0312
1160.998,1.2989,0.0312
1161.265,1.3568,0.0325
1161.532,1.3333,0.0318
1161.800,1.3271,0.0320
1162.067,1.3539,0.0319
1162.335,1.3485,0.0315
1162.603,1.2102,0.0307
1162.870,1.2527,0.0317
1163.138,1.1395,0.0308
1163.406,1.0586,0.0307
1163.674,1.1516,0.0328
1163.942,1.0018,0.0294
1164.210,1.0437,0.0295
1164.478,1.1438,0.0299
1164.746,1.1781,0.0309
1165.015,1.3003,0.0313
1165.283,1.4050,0.0317
1165.551,1.3241,0.0310
1165.819,1.3043,0.0319
1166.088,1.1465,0.0302
1166.357,1.1982,0.0296
1166.625,1.3425,0.0307
1166.894,1.4724,0.0315
1167.162,1.4181,0.0311
1167.431,1.5027,0.0320
1167.700,1.4782,0.0314
1167.969,1.3909,0.0311
1168.238,1.3812,0.0312
1168.507,1.2820,0.0309
1168.776,1.3446,0.0315
1169.045,1.4779,0.0311
1169.314,1.3952,0.0308
1169.584,1.2076,0.0300
1169.853,1.0507,0.0287
1170.123,1.0688,0.0290
1170.392,1.2676,0.0306
1170.661,1.3561,0.0308
1170.931,1.3628,0.0314
1171.201,1.3791,0.0323
1171.470,1.3989,0.0315
1171.740,1.3628,0.0308
1172.010,1.4014,0.0307
1172.280,1.3832,0.0311
1172.550,1.3239,0.0304
1172.820,1.3444,0.0305
1173.090,1.2444,0.0307
1173.360,1.1334,0.0294
1173.630,1.2331,0.0306
1173.901,1.3680,0.0324
1174.171,1.3742,0.0324
1174.441,1.3002,0.0311
1174.712,1.1901,0.0299
1174.982,1.0911,0.0299
1175.253,0.9781,0.0285
1175.523,1.2491,0.0324
1175.794,1.0318,0.0287
1176.065,1.1183,0.0293
1176.336,1.2015,0.0297
1176.607,1.3167,0.0308
1176.878,1.3580,0.0300
1177.149,1.2793,0.0302
1177.420,1.2019,0.0296
1177.691,1.2492,0.0296
1177.962,1.3663,0.0296
1178.233,1.4068,0.0299
1178.505,1.4315,0.0294
1178.776,1.3826,0.0294
1179.048,1.3404,0.0293
1179.319,1.3959,0.0301
1179.591,1.4943,0.0306
1179.862,1.4727,0.0302
1180.134,1.4785,0.0305
1180.406,1.2545,0.0292
1180.678,1.3140,0.0294
1180.949,1.4434,0.0308
1181.221,1.3943,0.0301
1181.493,1.4000,0.0301
1181.766,1.4889,0.0303
1182.038,1.5522,0.0302
1182.310,1.5810,0.0306
1182.582,1.5457,0.0301
1182.854,1.5629,0.0301
1183.127,1.6150,0.0308
1183.399,1.6939,0.0308
1183.672,1.5439,0.0297
1183.944,1.4352,0.0302
1184.217,1.4194,0.0297
1184.490,1.3838,0.0291
1184.763,1.8742,0.0333
1185.036,1.4229,0.0292
1185.308,1.4610,0.0290
1185.581,1.6285,0.0306
1185.854,1.7631,0.0311
1186.127,1.7014,0.0312
1186.401,1.7710,0.0309
1186.674,1.8397,0.0308
1186.947,1.9194,0.0305
1187.220,1.9174,0.0300
1187.494,1.6661,0.0291
1187.767,1.7787,0.0293
1188.041,1.8795,0.0303
1188.314,1.8241,0.0310
1188.588,1.8553,0.0312
1188.862,1.7748,0.0303
1189.135,1.8997,0.0301
1189.409,1.9670,0.0309
1189.683,1.8470,0.0302
1189.957,1.9478,0.0301
1190.231,2.0576,0.0307
1190.505,2.1457,0.0309
1190.779,2.0336,0.0306
1191.054,2.0586,0.0303
1191.328,2.0814,0.0298
1191.602,2.0105,0.0297
1191.877,2.0773,0.0301
1192.151,2.1520,0.0310
1192.426,2.1002,0.0309
1192.700,2.0665,0.0311
1192.975,2.0699,0.0314
1193.250,2.1956,0.0321
1193.524,2.1301,0.0320
1193.799,2.0612,0.0317
1194.074,2.0704,0.0310
1194.349,2.1528,0.0311
1194.624,2.0534,0.0303
1194.899,2.0728,0.0310
1195.175,2.0932,0.0313
1195.450,2.0949,0.0311
1195.725,2.3389,0.0322
1196.000,2.1490,0.0312
1196.276,2.2631,0.0311
1196.551,2.3597,0.0296
1196.827,2.3717,0.0287
1197.102,2.3637,0.0293
1197.378,2.3237,0.0292
1197.654,2.3273,0.0297
1197.930,2.2907,0.0304
1198.206,2.2917,0.0311
1198.481,2.3629,0.0318
1198.757,2.4453,0.0311
1199.033,2.4997,0.0299
1199.310,2.6025,0.0298
1199.586,2.5062,0.0307
1199.862,2.6428,0.0315
1200.138,2.5269,0.0304
1200.415,2.5520,0.0301
1200.691,2.7658,0.0308
1200.968,2.6680,0.0307
1201.244,2.6711,0.0319
1201.521,2.7654,0.0323
1201.797,2.8248,0.0322
1202.074,2.9254,0.0321
1202.351,3.0358,0.0321
1202.628,2.9121,0.0316
1202.905,3.1408,0.0332
1203.182,3.0005,0.0323
1203.459,2.9779,0.0322
1203.736,3.0282,0.0324
1204.013,3.1850,0.0336
1204.291,3.1681,0.0324
1204.568,3.2381,0.0323
1204.845,3.2010,0.0309
1205.123,3.5243,0.0317
1205.400,3.5394,0.0317
1205.678,3.8052,0.0314
1205.956,3.8064,0.0320
1206.233,3.8626,0.0335
1206.511,3.7556,0.0348
1206.789,3.8791,0.0355
1207.067,3.7784,0.0347
1207.345,3.9139,0.0352
1207.623,3.9295,0.0339
1207.901,4.1228,0.0331
1208.179,4.1768,0.0337
1208.457,4.3400,0.0357
1208.736,4.3139,0.0359
1209.014,4.5330,0.0369
1209.292,4.3675,0.0360
1209.571,4.4308,0.0363
1209.849,4.4855,0.0365
1210.128,4.4405,0.0359
1210.407,4.4253,0.0350
1210.685,4.6556,0.0340
1210.964,4.7926,0.0336
1211.243,4.8660,0.0340
1211.522,4.9055,0.0351
1211.801,4.9583,0.0357
1212.080,5.1869,0.0367
1212.359,5.0619,0.0361
1212.638,4.9464,0.0363
1212.918,5.1999,0.0378
1213.197,5.1738,0.0374
1213.476,5.3196,0.0376
1213.756,5.2654,0.0376
1214.035,4.9286,0.0365
1214.315,4.7550,0.0359
1214.594,4.8056,0.0357
1214.874,4.9600,0.0361
1215.154,4.9186,0.0356
1215.434,4.8872,0.0352
1215.714,4.8915,0.0354
1215.994,4.7655,0.0350
1216.274,4.8007,0.0352
1216.554,4.8558,0.0352
1216.834,4.7977,0.0353
1217.114,4.6698,0.0348
1217.394,4.6701,0.0344
1217.675,4.6011,0.0344
1217.955,4.4517,0.0344
1218.236,4.4347,0.0343
1218.516,4.5463,0.0347
1218.797,4.4615,0.0344
1219.078,4.5238,0.0348
1219.358,4.4217,0.0347
1219.639,4.2969,0.0344
1219.920,4.2563,0.0343
1220.201,4.2477,0.0341
1220.482,4.2741,0.0339
1220.763,4.1970,0.0334
1221.044,4.2678,0.0338
1221.325,4.0404,0.0331
1221.607,4.0681,0.0332
1221.888,4.1770,0.0338
1222.169,4.1985,0.0336
1222.451,4.1271,0.0332
1222.732,4.0765,0.0333
1223.014,4.0482,0.0332
1223.295,4.0407,0.0333
1223.577,3.9643,0.0328
1223.859,4.0231,0.0331
1224.141,3.9763,0.0330
1224.422,3.8765,0.0321
1224.705,3.8744,0.0321
1224.987,3.9053,0.0326
1225.269,3.8749,0.0327
1225.551,4.0438,0.0337
1225.833,3.8896,0.0332
1226.115,3.8420,0.0328
1226.398,3.7653,0.0327
1226.680,3.8968,0.0330
1226.963,3.8265,0.0330
1227.245,3.8568,0.0321
1227.528,3.9517,0.0321
1227.810,3.9317,0.0326
1228.093,3.8514,0.0322
1228.376,3.9323,0.0322
1228.659,3.8006,0.0315
1228.942,3.7596,0.0315
1229.225,3.8979,0.0323
1229.508,3.8570,0.0323
1229.791,3.6523,0.0320
1230.074,3.6533,0.0320
1230.358,3.7223,0.0323
1230.641,3.7183,0.0323
1230.924,3.7217,0.0320
1231.208,3.8317,0.0321
1231.491,3.7926,0.0321
1231.775,3.8786,0.0328
1232.058,3.9264,0.0325
1232.342,3.8337,0.0320
1232.626,3.8676,0.0321
1232.910,4.1136,0.0322
1233.194,4.1004,0.0320
1233.478,4.0908,0.0319
1233.762,4.1498,0.0325
1234.046,4.1596,0.0325
1234.330,4.2098,0.0323
1234.614,4.1348,0.0319
1234.899,4.1697,0.0319
1235.183,4.2333,0.0321
1235.467,4.2732,0.0322
1235.752,4.3333,0.0325
1236.037,4.4703,0.0330
1236.321,4.4862,0.0327
1236.606,4.4541,0.0324
1236.891,4.4766,0.0324
1237.176,4.3765,0.0325
1237.460,4.4116,0.0329
1237.745,4.4260,0.0326
1238.030,4.4679,0.0325
1238.316,4.4914,0.0323
1238.601,4.4964,0.0321
1238.886,4.4314,0.0321
1239.171,4.4323,0.0321
1239.457,4.4179,0.0321
1239.742,4.4148,0.0324
1240.028,4.4674,0.0323
1240.313,4.3556,0.0320
1240.599,4.3870,0.0321
1240.884,4.3974,0.0317
1241.170,4.3352,0.0315
1241.456,4.3350,0.0316
1241.742,4.2860,0.0316
1242.028,4.2758,0.0313
1242.314,4.1689,0.0311
1242.600,4.1586,0.0311
1242.886,4.1323,0.0309
1243.172,4.0576,0.0308
1243.459,4.0683,0.0308
1243.745,4.0105,0.0306
1244.031,3.9178,0.0304
1244.318,3.8978,0.0301
1244.604,3.8272,0.0299
1244.891,3.7532,0.0297
1245.178,3.7457,0.0295
1245.464,3.7163,0.0294
1245.751,3.7343,0.0295
1246.038,3.6965,0.0294
1246.325,3.6043,0.0295
1246.612,3.5589,0.0289
1246.899,3.4685,0.0285
1247.186,3.4650,0.0283
1247.474,3.4673,0.0283
1247.761,3.3994,0.0283
1248.048,3.4281,0.0281
1248.335,3.3759,0.0280
1248.623,3.3247,0.0283
1248.911,3.3579,0.0283
1249.198,3.3072,0.0280
1249.486,3.3105,0.0280
1249.774,3.2937,0.0280
1250.061,3.2507,0.0279
1250.349,3.2225,0.0277
1250.637,3.1933,0.0276
1250.925,3.2644,0.0277
1251.213,3.1237,0.0273
1251.501,3.1133,0.0273
1251.790,3.0992,0.0274
1252.078,3.0928,0.0272
1252.366,3.1327,0.0274
1252.655,3.0971,0.0274
1252.943,3.0557,0.0272
1253.232,3.0278,0.0270
1253.520,3.0026,0.0268
1253.809,3.0343,0.0271
1254.098,3.0238,0.0271
1254.386,3.0205,0.0271
1254.675,2.9971,0.0271
1254.964,2.9619,0.0270
1255.253,2.9542,0.0269
1255.542,2.9465,0.0267
1255.831,2.8900,0.0266
1256.120,2.8088,0.0264
1256.410,2.8101,0.0262
1256.699,2.8219,0.0262
1256.989,2.8888,0.0262
1257.278,2.9097,0.0263
1257.568,2.8629,0.0266
1257.857,2.8883,0.0267
1258.147,2.8797,0.0266
1258.437,2.8898,0.0267
1258.726,2.8475,0.0266
1259.016,2.8649,0.0263
1259.306,2.8666,0.0262
1259.596,2.8430,0.0264
1259.886,2.8276,0.0262
1260.176,2.8123,0.0260
1260.466,2.8471,0.0260
1260.757,2.7908,0.0259
1261.047,2.7545,0.0259
1261.338,2.7711,0.0260
1261.628,2.7383,0.0263
1261.919,2.7115,0.0262
1262.209,2.7216,0.0258
1262.500,2.6784,0.0257
1262.791,2.7285,0.0258
1263.081,2.7173,0.0261
1263.372,2.6995,0.0260
1263.663,2.6514,0.0258
1263.954,2.6236,0.0258
1264.245,2.6286,0.0255
1264.536,2.6514,0.0251
1264.828,2.6081,0.0252
1265.119,2.6022,0.0250
1265.410,2.5813,0.0250
1265.702,2.5432,0.0251
1265.993,2.5343,0.0251
1266.285,2.5115,0.0249
1266.576,2.5629,0.0248
1266.868,2.4714,0.0243
1267.160,2.4172,0.0245
1267.451,2.4763,0.0247
1267.743,2.4211,0.0246
1268.035,2.4138,0.0245
1268.327,2.3989,0.0244
1268.619,2.3513,0.0242
1268.911,2.3648,0.0241
1269.204,2.3224,0.0240
1269.496,2.3385,0.0239
1269.788,2.2954,0.0238
1270.081,2.2869,0.0237
1270.373,2.3091,0.0239
1270.666,2.3362,0.0242
1270.958,2.3034,0.0239
1271.251,2.2398,0.0236
1271.544,2.2246,0.0236
1271.837,2.2275,0.0235
1272.130,2.2368,0.0237
1272.422,2.2274,0.0239
1272.715,2.1956,0.0236
1273.008,2.2275,0.0238
1273.302,2.2096,0.0235
1273.595,2.2000,0.0235
1273.888,2.1812,0.0233
1274.182,2.1499,0.0233
1274.475,2.1215,0.0233
1274.768,2.1314,0.0233
1275.062,2.1287,0.0233
1275.356,2.1246,0.0230
1275.649,2.0916,0.0229
1275.943,2.1031,0.0229
1276.237,2.1104,0.0229
1276.531,2.0809,0.0229
1276.825,2.0511,0.0226
1277.119,2.0583,0.0223
1277.413,2.0456,0.0223
1277.707,2.0500,0.0224
1278.001,2.0221,0.0225
1278.296,2.0283,0.0224
1278.590,2.0074,0.0223
1278.885,1.9752,0.0222
1279.179,1.9917,0.0223
1279.474,2.0309,0.0225
1279.768,2.0112,0.0224
1280.063,2.0199,0.0223
1280.358,2.0069,0.0221
1280.653,1.9611,0.0221
1280.948,1.9786,0.0222
1281.242,2.0050,0.0222
1281.537,1.9766,0.0222
1281.833,1.9770,0.0222
1282.128,1.9768,0.0221
1282.423,1.9511,0.0221
1282.718,1.9931,0.0220
1283.014,1.9711,0.0221
1283.309,1.9983,0.0222
1283.605,1.9962,0.0222
1283.900,1.9677,0.0221
1284.196,1.9778,0.0218
1284.492,1.9292,0.0218
1284.787,2.0062,0.0220
1285.083,2.0041,0.0220
1285.379,2.0067,0.0219
1285.675,1.9665,0.0218
1285.971,1.9612,0.0216
1286.268,1.9855,0.0218
1286.564,1.9544,0.0217
1286.860,1.9824,0.0218
1287.156,1.9610,0.0218
1287.453,1.9597,0.0217
1287.749,1.9667,0.0217
1288.046,1.9998,0.0217
1288.342,2.0167,0.0218
1288.639,1.9905,0.0217
1288.936,1.9970,0.0216
1289.233,1.9687,0.0215
1289.530,1.9677,0.0215
1289.827,1.9124,0.0213
1290.124,1.9782,0.0214
1290.421,1.9524,0.0213
1290.718,1.9577,0.0215
1291.015,1.9931,0.0216
1291.312,2.0063,0.0214
1291.610,1.9327,0.0212
1291.907,1.9350,0.0212
1292.205,1.9646,0.0211
1292.502,1.9349,0.0212
1292.800,1.9351,0.0211
1293.098,1.9325,0.0209
1293.395,1.9772,0.0211
1293.693,1.9868,0.0213
1293.991,1.9868,0.0213
1294.289,2.0269,0.0216
1294.587,1.9809,0.0214
1294.885,1.9635,0.0211
1295.183,1.9892,0.0213
1295.482,1.9845,0.0212
1295.780,2.0262,0.0211
1296.079,2.0088,0.0212
1296.377,2.0093,0.0212
1296.676,2.0496,0.0214
1296.974,2.0172,0.0213
1297.273,2.0354,0.0213
1297.572,2.0340,0.0211
1297.870,2.0349,0.0210
1298.169,2.0116,0.0208
1298.468,2.0749,0.0209
1298.767,2.0754,0.0209
1299.066,2.0513,0.0207
1299.365,2.0854,0.0210
1299.665,2.0770,0.0210
1299.964,2.0739,0.0209
1300.263,2.0967,0.0210
1300.563,2.0414,0.0210
1300.862,2.0669,0.0209
1301.162,2.1054,0.0209
1301.461,2.1324,0.0211
1301.761,2.1306,0.0212
1302.061,2.1088,0.0212
1302.361,2.1379,0.0211
1302.661,2.1383,0.0213
1302.961,2.1367,0.0213
1303.261,2.1753,0.0213
1303.561,2.1510,0.0213
1303.861,2.1394,0.0212
1304.161,2.1615,0.0212
1304.462,2.1365,0.0211
1304.762,2.1253,0.0213
1305.062,2.1426,0.0213
1305.363,2.1145,0.0212
1305.664,2.1021,0.0211
1305.964,2.1097,0.0212
1306.265,2.1343,0.0212
1306.566,2.1167,0.0212
1306.867,2.1048,0.0212
1307.168,2.0712,0.0210
1307.469,2.0869,0.0208
1307.770,2.1097,0.0209
1308.071,2.0626,0.0208
1308.372,2.0086,0.0208
1308.673,2.0846,0.0209
1308.975,2.0501,0.0207
1309.276,1.9865,0.0207
1309.578,2.0093,0.0207
1309.880,2.0200,0.0205
1310.181,2.0044,0.0206
1310.483,1.9569,0.0206
1310.784,1.9948,0.0206
1311.086,1.9847,0.0204
1311.388,1.9676,0.0204
1311.690,1.9693,0.0201
1311.992,1.9420,0.0202
1312.295,1.9365,0.0202
1312.597,1.9192,0.0201
1312.899,1.9014,0.0201
1313.201,1.8720,0.0200
1313.504,1.8885,0.0199
1313.806,1.9152,0.0200
1314.109,1.9264,0.0200
1314.411,1.8631,0.0199
1314.714,1.8138,0.0199
1315.017,1.8561,0.0201
1315.320,1.8771,0.0201
1315.623,1.8593,0.0200
1315.926,1.8493,0.0199
1316.229,1.8257,0.0197
1316.532,1.8421,0.0196
1316.835,1.8059,0.0196
1317.138,1.8197,0.0198
1317.441,1.8469,0.0199
1317.745,1.8153,0.0197
1318.048,1.8190,0.0198
1318.352,1.8095,0.0199
1318.655,1.8000,0.0197
1318.959,1.7877,0.0198
1319.263,1.7739,0.0196
1319.567,1.7690,0.0195
1319.870,1.7395,0.0194
1320.174,1.7752,0.0194
1320.478,1.7904,0.0195
1320.782,1.7716,0.0194
1321.087,1.7424,0.0193
1321.391,1.7856,0.0195
1321.695,1.7545,0.0195
1322.000,1.7605,0.0195
1322.304,1.7607,0.0194
1322.609,1.7864,0.0192
1322.913,1.7818,0.0193
1323.218,1.7720,0.0192
1323.522,1.7533,0.0192
1323.827,1.7360,0.0192
1324.132,1.7655,0.0191
1324.437,1.7643,0.0192
1324.742,1.7627,0.0191
1325.047,1.8129,0.0192
1325.352,1.7741,0.0191
1325.657,1.8167,0.0192
1325.963,1.8241,0.0192
1326.268,1.8007,0.0191
1326.573,1.8363,0.0191
1326.879,1.7806,0.0192
1327.185,1.8205,0.0192
1327.490,1.8512,0.0191
1327.796,1.8305,0.0191
1328.102,1.8150,0.0191
1328.407,1.8025,0.0189
1328.713,1.8295,0.0190
1329.019,1.8601,0.0192
1329.325,1.8248,0.0189
1329.632,1.8469,0.0190
1329.938,1.8097,0.0189
1330.244,1.7959,0.0189
1330.550,1.8482,0.0189
1330.857,1.8311,0.0188
1331.163,1.8316,0.0189
1331.470,1.8596,0.0188
1331.776,1.8540,0.0188
1332.083,1.8898,0.0190
1332.390,1.9323,0.0192
1332.697,1.9263,0.0191
1333.004,1.9012,0.0191
1333.311,1.9169,0.0191
1333.618,1.8431,0.0189
1333.925,1.8134,0.0185
1334.232,1.8399,0.0186
1334.539,1.8796,0.0187
1334.846,1.8860,0.0188
1335.154,1.8984,0.0190
1335.461,1.8526,0.0189
1335.769,1.8511,0.0189
1336.077,1.8979,0.0189
1336.384,1.8976,0.0189
1336.692,1.8918,0.0189
1337.000,1.8997,0.0189
1337.308,1.9091,0.0189
1337.615,1.8889,0.0187
1337.924,1.8767,0.0186
1338.232,1.8759,0.0186
1338.540,1.8681,0.0185
1338.848,1.9266,0.0186
1339.156,1.8890,0.0186
1339.465,1.8964,0.0188
1339.773,1.8991,0.0187
1340.082,1.8438,0.0186
1340.390,1.8518,0.0186
1340.699,1.8995,0.0187
1341.008,1.8647,0.0185
1341.317,1.8187,0.0184
1341.625,1.8387,0.0186
1341.934,1.8096,0.0185
1342.244,1.7842,0.0183
1342.553,1.7611,0.0182
1342.862,1.7912,0.0182
1343.171,1.8019,0.0185
1343.480,1.8105,0.0186
1343.790,1.8106,0.0186
1344.099,1.7734,0.0186
1344.409,1.7890,0.0184
1344.718,1.7597,0.0183
1345.028,1.7975,0.0184
1345.338,1.7969,0.0184
1345.647,1.8166,0.0183
1345.957,1.7826,0.0184
1346.267,1.7718,0.0184
1346.577,1.7507,0.0184
1346.887,1.7409,0.0184
1347.198,1.7148,0.0183
1347.508,1.6888,0.0182
1347.818,1.7352,0.0182
1348.129,1.7366,0.0179
1348.439,1.6905,0.0179
1348.750,1.6737,0.0178
1349.060,1.6985,0.0177
1349.371,1.6847,0.0176
1349.682,1.7084,0.0177
1349.992,1.6734,0.0175
1350.303,1.6891,0.0177
1350.614,1.6944,0.0179
1350.925,1.6520,0.0178
1351.236,1.6616,0.0177
1351.547,1.6324,0.0176
1351.859,1.6300,0.0176
1352.170,1.6576,0.0176
1352.481,1.6490,0.0176
1352.793,1.6420,0.0175
1353.104,1.6844,0.0177
1353.416,1.6444,0.0177
1353.728,1.6098,0.0176
1354.039,1.6525,0.0178
1354.351,1.6684,0.0176
1354.663,1.6286,0.0174
1354.975,1.6328,0.0174
1355.287,1.6381,0.0173
1355.599,1.6546,0.0173
1355.911,1.6169,0.0172
1356.224,1.6146,0.0172
1356.536,1.6435,0.0173
1356.848,1.6135,0.0173
1357.161,1.6211,0.0172
1357.473,1.6862,0.0174
1357.786,1.6363,0.0173
1358.099,1.6343,0.0173
1358.411,1.6284,0.0172
1358.724,1.6193,0.0170
1359.037,1.6522,0.0170
1359.350,1.6329,0.0172
1359.663,1.6225,0.0172
1359.976,1.6291,0.0170
1360.289,1.6485,0.0169
1360.603,1.6510,0.0170
1360.916,1.6636,0.0173
1361.229,1.6599,0.0173
1361.543,1.6499,0.0169
1361.856,1.6466,0.0169
1362.170,1.6721,0.0171
1362.484,1.6645,0.0171
1362.797,1.6586,0.0171
1363.111,1.6580,0.0173
1363.425,1.6842,0.0171
1363.739,1.6392,0.0170
1364.053,1.6607,0.0171
1364.367,1.6672,0.0170
1364.682,1.6583,0.0170
1364.996,1.6298,0.0170
1365.310,1.6584,0.0170
1365.625,1.6410,0.0169
1365.939,1.6588,0.0171
1366.254,1.6445,0.0171
1366.568,1.6486,0.0170
1366.883,1.6585,0.0170
1367.198,1.6825,0.0171
1367.513,1.6777,0.0169
1367.828,1.6781,0.0168
1368.142,1.7093,0.0170
1368.457,1.7155,0.0171
1368.773,1.7242,0.0171
1369.088,1.7470,0.0170
1369.403,1.7737,0.0168
1369.718,1.7345,0.0169
1370.034,1.7596,0.0171
1370.349,1.7584,0.0170
1370.665,1.7536,0.0169
1370.981,1.7563,0.0170
1371.296,1.7565,0.0170
1371.612,1.7621,0.0167
1371.928,1.7263,0.0168
1372.244,1.7351,0.0170
1372.560,1.7840,0.0171
1372.876,1.7767,0.0170
1373.192,1.7476,0.0167
1373.508,1.7759,0.0166
1373.825,1.7533,0.0168
1374.141,1.7251,0.0167
1374.458,1.7583,0.0169
1374.774,1.8105,0.0171
1375.091,1.7734,0.0168
1375.407,1.7790,0.0169
1375.724,1.8018,0.0168
1376.041,1.7392,0.0167
1376.358,1.7558,0.0167
1376.675,1.7406,0.0167
1376.992,1.7842,0.0166
1377.309,1.7560,0.0168
1377.626,1.7429,0.0169
1377.943,1.7957,0.0169
1378.260,1.7617,0.0168
1378.578,1.7800,0.0167
1378.895,1.7886,0.0165
1379.213,1.7752,0.0166
1379.531,1.7497,0.0166
1379.848,1.7237,0.0165
1380.166,1.8006,0.0167
1380.484,1.8388,0.0167
1380.802,1.8493,0.0167
1381.120,1.8534,0.0166
1381.438,1.8497,0.0166
1381.756,1.8035,0.0164
1382.074,1.8010,0.0167
1382.392,1.8215,0.0167
1382.711,1.8554,0.0168
1383.029,1.8351,0.0168
1383.348,1.8904,0.0168
1383.666,1.9261,0.0168
1383.985,1.9105,0.0170
1384.303,1.8841,0.0168
1384.622,1.8974,0.0167
1384.941,1.8904,0.0165
1385.260,1.9337,0.0168
1385.579,1.8975,0.0168
1385.898,1.8966,0.0167
1386.217,1.9257,0.0164
1386.536,1.9620,0.0165
1386.856,1.9630,0.0166
1387.175,1.9459,0.0166
1387.495,1.9392,0.0166
1387.814,1.9543,0.0166
1388.134,1.9440,0.0166
1388.453,1.9034,0.0165
1388.773,1.9513,0.0162
1389.093,1.9943,0.0163
1389.413,2.0174,0.0165
1389.733,2.0670,0.0166
1390.053,2.0768,0.0166
1390.373,2.1059,0.0167
1390.693,2.0931,0.0166
1391.013,2.1067,0.0165
1391.334,2.1165,0.0167
1391.654,2.1129,0.0168
1391.975,2.1709,0.0168
1392.295,2.1711,0.0168
1392.616,2.1547,0.0167
1392.936,2.1794,0.0168
1393.257,2.1921,0.0167
1393.578,2.1753,0.0166
1393.899,2.1709,0.0168
1394.220,2.2040,0.0168
1394.541,2.2418,0.0168
1394.862,2.2288,0.0167
1395.183,2.2690,0.0169
1395.505,2.2694,0.0170
1395.826,2.2818,0.0169
1396.148,2.2585,0.0169
1396.469,2.2537,0.0169
1396.791,2.2308,0.0165
1397.112,2.2216,0.0164
1397.434,2.2278,0.0166
1397.756,2.2669,0.0167
1398.078,2.2692,0.0167
1398.400,2.2499,0.0165
1398.722,2.2679,0.0165
1399.044,2.2815,0.0166
1399.366,2.2836,0.0167
1399.688,2.2815,0.0168
1400.010,2.2754,0.0168
1400.333,2.3272,0.0168
1400.656,2.3179,0.0167
1400.978,2.2997,0.0167
1401.301,2.2940,0.0167
1401.623,2.2930,0.0166
1401.946,2.2693,0.0165
1402.269,2.2677,0.0164
1402.592,2.2529,0.0163
1402.915,2.2119,0.0163
1403.238,2.1993,0.0164
1403.561,2.2065,0.0164
1403.884,2.2063,0.0162
1404.208,2.1379,0.0162
1404.531,2.1479,0.0163
1404.854,2.1827,0.0163
1405.178,2.1313,0.0163
1405.501,2.1267,0.0162
1405.825,2.1137,0.0162
1406.149,2.0648,0.0160
1406.473,2.0848,0.0162
1406.797,2.0701,0.0161
1407.121,2.0549,0.0159
1407.445,2.0352,0.0158
1407.769,2.0231,0.0158
1408.093,2.0389,0.0158
1408.417,2.0103,0.0157
1408.742,1.9892,0.0158
1409.066,2.0032,0.0158
1409.390,1.9877,0.0157
1409.715,1.9464,0.0157
1410.040,1.9585,0.0157
1410.364,1.9424,0.0156
1410.689,1.9312,0.0155
1411.014,1.9057,0.0154
1411.339,1.8952,0.0156
1411.664,1.8891,0.0154
1411.989,1.8749,0.0153
1412.314,1.8758,0.0153
1412.639,1.8746,0.0153
1412.965,1.8797,0.0153
1413.290,1.8781,0.0154
1413.616,1.8795,0.0153
1413.941,1.8365,0.0152
1414.267,1.8367,0.0152
1414.592,1.8205,0.0152
1414.918,1.8239,0.0150
1415.244,1.8252,0.0150
1415.570,1.8047,0.0150
1415.896,1.7904,0.0150
1416.222,1.7994,0.0150
1416.548,1.7949,0.0151
1416.874,1.7999,0.0151
1417.200,1.8082,0.0150
1417.527,1.7543,0.0148
1417.853,1.7520,0.0147
1418.180,1.7521,0.0147
1418.506,1.7366,0.0146
1418.833,1.7484,0.0147
1419.160,1.7381,0.0147
1419.487,1.7471,0.0147
1419.813,1.7376,0.0148
1420.141,1.7255,0.0147
1420.468,1.7259,0.0145
1420.795,1.7054,0.0146
1421.122,1.7145,0.0147
1421.449,1.6977,0.0146
1421.776,1.7149,0.0148
1422.104,1.7285,0.0147
1422.431,1.7253,0.0145
1422.759,1.6857,0.0145
1423.086,1.6889,0.0144
1423.414,1.7008,0.0144
1423.742,1.7185,0.0145
1424.070,1.6779,0.0146
1424.398,1.7025,0.0145
1424.726,1.6950,0.0145
1425.054,1.6656,0.0143
1425.382,1.7152,0.0144
1425.710,1.7071,0.0145
1426.039,1.6829,0.0145
1426.367,1.6827,0.0145
1426.696,1.6946,0.0146
1427.024,1.6967,0.0145
1427.353,1.6612,0.0144
1427.681,1.6731,0.0142
1428.010,1.7013,0.0143
1428.339,1.6802,0.0143
1428.668,1.6858,0.0142
1428.997,1.6500,0.0142
1429.326,1.6565,0.0141
1429.655,1.6657,0.0141
1429.984,1.6446,0.0141
1430.314,1.6411,0.0142
1430.643,1.6494,0.0141
1430.973,1.6227,0.0140
1431.302,1.6460,0.0140
1431.632,1.6346,0.0140
1431.961,1.6130,0.0141
1432.291,1.6226,0.0141
1432.621,1.6219,0.0140
1432.951,1.6334,0.0139
1433.281,1.6251,0.0139
1433.611,1.5940,0.0139
1433.941,1.5873,0.0140
1434.271,1.5922,0.0141
1434.602,1.5999,0.0140
1434.932,1.5998,0.0140
1435.262,1.5760,0.0138
1435.593,1.5607,0.0138
1435.923,1.5659,0.0138
1436.254,1.5560,0.0136
1436.585,1.5379,0.0137
1436.916,1.5527,0.0137
1437.247,1.5720,0.0138
1437.578,1.5707,0.0139
1437.909,1.5401,0.0137
1438.240,1.5589,0.0136
1438.571,1.5621,0.0137
1438.902,1.5407,0.0136
1439.234,1.5298,0.0136
1439.565,1.5275,0.0135
1439.897,1.4984,0.0135
1440.228,1.5284,0.0134
1440.560,1.5687,0.0135
1440.891,1.5392,0.0135
1441.223,1.5237,0.0135
1441.555,1.5175,0.0135
1441.887,1.5072,0.0135
1442.219,1.5365,0.0136
1442.552,1.5074,0.0135
1442.884,1.4843,0.0134
1443.216,1.5309,0.0135
1443.548,1.5096,0.0135
1443.881,1.4857,0.0134
1444.213,1.4702,0.0133
1444.546,1.4760,0.0133
1444.879,1.4923,0.0132
1445.211,1.4602,0.0130
1445.544,1.4620,0.0130
1445.877,1.4686,0.0131
1446.210,1.4793,0.0133
1446.543,1.5049,0.0132
1446.876,1.4608,0.0132
1447.209,1.5034,0.0132
1447.542,1.4668,0.0130
1447.876,1.4664,0.0130
1448.209,1.4906,0.0132
1448.543,1.4877,0.0132
1448.876,1.5141,0.0132
1449.210,1.5081,0.0132
1449.544,1.4891,0.0131
1449.877,1.4861,0.0132
1450.211,1.4763,0.0132
1450.545,1.4678,0.0131
1450.879,1.4700,0.0132
1451.214,1.4868,0.0133
1451.548,1.4814,0.0132
1451.882,1.4489,0.0131
1452.216,1.4536,0.0131
1452.551,1.4552,0.0132
1452.885,1.4667,0.0133
1453.220,1.4675,0.0132
1453.554,1.4369,0.0131
1453.889,1.4284,0.0130
1454.224,1.4725,0.0130
1454.559,1.4533,0.0129
1454.894,1.4296,0.0129
1455.229,1.4529,0.0129
1455.564,1.4434,0.0130
1455.899,1.4473,0.0130
1456.234,1.4530,0.0130
1456.570,1.4310,0.0130
1456.905,1.4328,0.0130
1457.241,1.4501,0.0130
1457.576,1.4357,0.0131
1457.912,1.4218,0.0131
1458.248,1.4312,0.0132
1458.584,1.4302,0.0130
1458.919,1.4067,0.0128
1459.255,1.4134,0.0129
1459.591,1.4387,0.0131
1459.928,1.4634,0.0131
1460.264,1.4511,0.0130
1460.600,1.4302,0.0129
1460.936,1.4228,0.0128
1461.273,1.4487,0.0129
1461.609,1.3987,0.0127
1461.946,1.3845,0.0127
1462.283,1.4044,0.0128
1462.619,1.4239,0.0128
1462.956,1.3807,0.0127
1463.293,1.3814,0.0126
1463.630,1.3858,0.0127
1463.967,1.3715,0.0128
1464.304,1.3755,0.0128
1464.641,1.4000,0.0128
1464.979,1.3795,0.0127
1465.316,1.3826,0.0127
1465.653,1.3972,0.0127
1465.991,1.3628,0.0127
1466.329,1.3537,0.0126
1466.666,1.3796,0.0126
1467.004,1.3843,0.0126
1467.342,1.4097,0.0126
1467.680,1.4064,0.0126
1468.018,1.3760,0.0126
1468.356,1.3812,0.0125
1468.694,1.3824,0.0125
1469.032,1.3848,0.0127
1469.370,1.4078,0.0128
1469.709,1.4202,0.0128
1470.047,1.3861,0.0127
1470.386,1.3708,0.0125
1470.724,1.3856,0.0125
1471.063,1.3609,0.0124
1471.402,1.3918,0.0125
1471.741,1.3922,0.0126
1472.080,1.3665,0.0125
1472.419,1.3844,0.0126
1472.758,1.4039,0.0126
1473.097,1.3875,0.0125
1473.436,1.3715,0.0124
1473.775,1.4016,0.0125
1474.115,1.4371,0.0126
1474.454,1.4410,0.0127
1474.794,1.4223,0.0127
1475.133,1.4049,0.0125
1475.473,1.4117,0.0125
1475.813,1.3833,0.0127
1476.153,1.3997,0.0127
1476.493,1.4275,0.0125
1476.833,1.4143,0.0126
1477.173,1.4117,0.0125
1477.513,1.4000,0.0125
1477.853,1.4068,0.0125
1478.194,1.3929,0.0125
1478.534,1.3949,0.0126
1478.874,1.4395,0.0126
1479.215,1.4380,0.0126
1479.556,1.4409,0.0126
1479.896,1.4159,0.0126
1480.237,1.3917,0.0126
1480.578,1.4069,0.0125
1480.919,1.3961,0.0123
1481.260,1.4078,0.0122
1481.601,1.4597,0.0124
1481.942,1.3873,0.0122
1482.284,1.3817,0.0124
1482.625,1.3718,0.0124
1482.966,1.3944,0.0123
1483.308,1.3964,0.0124
1483.650,1.3493,0.0123
1483.991,1.3679,0.0122
1484.333,1.3835,0.0123
1484.675,1.3756,0.0123
1485.016,1.3698,0.0122
1485.359,1.3680,0.0121
1485.701,1.3902,0.0122
1486.043,1.3790,0.0122
1486.385,1.3876,0.0122
1486.727,1.3998,0.0123
1487.070,1.3675,0.0122
1487.412,1.3936,0.0121
1487.755,1.4005,0.0122
1488.097,1.4156,0.0121
1488.440,1.4046,0.0121
1488.783,1.4265,0.0122
1489.126,1.4341,0.0123
1489.468,1.4168,0.0122
1489.812,1.3957,0.0121
1490.155,1.3838,0.0121
1490.498,1.4542,0.0122
1490.841,1.4286,0.0122
1491.184,1.4037,0.0122
1491.528,1.4316,0.0120
1491.871,1.4081,0.0119
1492.215,1.4132,0.0120
1492.558,1.3855,0.0119
1492.902,1.3838,0.0120
1493.246,1.4096,0.0122
1493.590,1.4039,0.0122
1493.934,1.4092,0.0120
1494.278,1.4619,0.0121
1494.622,1.4255,0.0122
1494.966,1.4093,0.0122
1495.310,1.4091,0.0121
1495.655,1.4106,0.0121
1495.999,1.4087,0.0121
1496.344,1.3689,0.0120
1496.688,1.3806,0.0120
1497.033,1.3854,0.0119
1497.377,1.3996,0.0119
1497.722,1.3740,0.0119
1498.067,1.3665,0.0118
1498.412,1.3642,0.0117
1498.757,1.3698,0.0118
1499.102,1.3559,0.0118
1499.448,1.3703,0.0118
1499.793,1.3416,0.0118
1500.138,1.3584,0.0118
1500.484,1.3523,0.0118
1500.829,1.3160,0.0117
1501.175,1.3138,0.0117
1501.521,1.3198,0.0117
1501.866,1.3459,0.0117
1502.212,1.3568,0.0118
1502.558,1.3536,0.0117
1502.904,1.3236,0.0117
1503.250,1.3161,0.0118
1503.597,1.3479,0.0117
1503.943,1.3267,0.0117
1504.289,1.3099,0.0116
1504.635,1.3532,0.0117
1504.982,1.3546,0.0118
1505.329,1.3812,0.0118
1505.675,1.3506,0.0117
1506.022,1.2905,0.0115
1506.369,1.3475,0.0117
1506.716,1.3440,0.0118
1507.063,1.3188,0.0117
1507.410,1.3533,0.0117
1507.757,1.3405,0.0117
1508.104,1.3474,0.0117
1508.451,1.3339,0.0116
1508.799,1.3290,0.0116
1509.146,1.3526,0.0116
1509.494,1.3861,0.0118
1509.841,1.3689,0.0118
1510.189,1.3340,0.0116
1510.537,1.2956,0.0115
1510.885,1.3259,0.0116
1511.233,1.3180,0.0115
1511.581,1.3248,0.0115
1511.929,1.3489,0.0117
1512.277,1.3302,0.0116
1512.625,1.3391,0.0117
1512.973,1.3180,0.0116
1513.322,1.3553,0.0116
1513.670,1.3645,0.0117
1514.019,1.4149,0.0118
1514.368,1.4135,0.0118
1514.716,1.4387,0.0117
1515.065,1.4292,0.0118
1515.414,1.4348,0.0118
1515.763,1.4488,0.0118
1516.112,1.4435,0.0117
1516.461,1.4508,0.0119
1516.810,1.4335,0.0119
1517.160,1.3951,0.0118
1517.509,1.4203,0.0118
1517.859,1.4464,0.0118
1518.208,1.4533,0.0119
1518.558,1.4575,0.0118
1518.907,1.4667,0.0119
1519.257,1.4406,0.0117
1519.607,1.4250,0.0118
1519.957,1.4293,0.0119
1520.307,1.4474,0.0119
1520.657,1.4500,0.0118
1521.007,1.4863,0.0119
1521.358,1.4877,0.0120
1521.708,1.4734,0.0120
1522.058,1.4714,0.0119
1522.409,1.4566,0.0119
1522.759,1.4835,0.0120
1523.110,1.5472,0.0121
1523.461,1.5735,0.0122
1523.812,1.5965,0.0122
1524.163,1.5782,0.0121
1524.514,1.5293,0.0121
1524.865,1.5428,0.0121
1525.216,1.5653,0.0121
1525.567,1.4911,0.0119
1525.918,1.5150,0.0119
1526.270,1.5574,0.0120
1526.621,1.5747,0.0120
1526.973,1.6352,0.0123
1527.324,1.5998,0.0122
1527.676,1.5962,0.0121
1528.028,1.5844,0.0122
1528.380,1.5597,0.0120
1528.732,1.6006,0.0122
1529.084,1.5931,0.0122
1529.436,1.6116,0.0122
1529.788,1.6122,0.0120
1530.141,1.6738,0.0123
1530.493,1.6112,0.0121
1530.845,1.5509,0.0119
1531.198,1.7289,0.0118
1531.551,1.8553,0.0118
1531.903,1.8683,0.0118
1532.256,1.8871,0.0120
1532.609,1.8965,0.0119
1532.962,1.9254,0.0119
1533.315,1.9589,0.0119
1533.668,1.9784,0.0119
1534.021,1.9683,0.0118
1534.374,1.9843,0.0119
1534.728,2.0063,0.0120
1535.081,1.9983,0.0120
1535.435,2.0413,0.0120
1535.788,2.0776,0.0121
1536.142,2.0824,0.0122
1536.496,2.1013,0.0121
1536.849,2.1198,0.0121
1537.203,2.1081,0.0121
1537.557,2.1364,0.0122
1537.911,2.1814,0.0122
1538.266,2.2118,0.0123
1538.620,2.2699,0.0125
1538.974,2.2957,0.0126
1539.328,2.3128,0.0126
1539.683,2.3637,0.0128
1540.037,2.3781,0.0128
1540.392,2.3911,0.0128
1540.747,2.3922,0.0127
1541.102,2.4413,0.0127
1541.457,2.4486,0.0127
1541.812,2.4597,0.0126
1542.167,2.5119,0.0127
1542.522,2.5295,0.0127
1542.877,2.5836,0.0128
1543.232,2.6135,0.0129
1543.588,2.6196,0.0129
1543.943,2.6508,0.0129
1544.299,2.6527,0.0129
1544.654,2.6968,0.0130
1545.010,2.7275,0.0130
1545.366,2.7362,0.0130
1545.722,2.7526,0.0131
1546.078,2.7816,0.0131
1546.434,2.7846,0.0132
1546.790,2.7960,0.0132
1547.146,2.8094,0.0133
1547.502,2.7990,0.0133
1547.859,2.8074,0.0132
1548.215,2.8131,0.0133
1548.572,2.7972,0.0133
1548.928,2.7825,0.0132
1549.285,2.7845,0.0132
1549.642,2.7419,0.0131
1549.999,2.7500,0.0131
1550.355,2.6924,0.0130
1550.713,2.6838,0.0129
1551.070,2.6608,0.0129
1551.427,2.6252,0.0128
1551.784,2.6091,0.0128
1552.141,2.5760,0.0127
1552.499,2.5857,0.0127
1552.856,2.5686,0.0127
1553.214,2.5030,0.0126
1553.572,2.5021,0.0126
1553.930,2.4818,0.0126
1554.287,2.4607,0.0124
1554.645,2.4428,0.0124
1555.003,2.4300,0.0125
1555.361,2.4157,0.0125
1555.720,2.3690,0.0124
1556.078,2.3312,0.0123
1556.436,2.3297,0.0123
1556.795,2.3274,0.0123
1557.153,2.3277,0.0123
1557.512,2.3000,0.0123
1557.870,2.2832,0.0122
1558.229,2.2691,0.0122
1558.588,2.2722,0.0122
1558.947,2.2348,0.0121
1559.306,2.2175,0.0121
1559.665,2.2011,0.0121
1560.024,2.1928,0.0121
1560.383,2.1782,0.0120
1560.743,2.1797,0.0120
1561.102,2.1521,0.0119
1561.462,2.1131,0.0119
1561.821,2.1241,0.0119
1562.181,2.1087,0.0118
1562.541,2.0757,0.0118
1562.900,2.0730,0.0118
1563.260,2.0625,0.0118
1563.620,2.0533,0.0118
1563.980,2.0578,0.0118
1564.341,2.0594,0.0118
1564.701,2.0451,0.0118
1565.061,2.0103,0.0118
1565.422,1.9941,0.0118
1565.782,1.9751,0.0117
1566.143,1.9999,0.0118
1566.503,1.9976,0.0118
1566.864,1.9759,0.0117
1567.225,1.9651,0.0116
1567.586,1.9588,0.0116
1567.947,1.9440,0.0115
1568.308,1.9391,0.0115
1568.669,1.9096,0.0115
1569.030,1.8855,0.0115
1569.392,1.9064,0.0115
1569.753,1.8981,0.0114
1570.115,1.8989,0.0115
1570.476,1.8936,0.0114
1570.838,1.8651,0.0115
1571.199,1.8753,0.0115
1571.561,1.8622,0.0115
1571.923,1.8507,0.0114
1572.285,1.8520,0.0115
1572.647,1.8412,0.0115
1573.009,1.8357,0.0114
1573.371,1.8481,0.0113
1573.734,1.8363,0.0113
1574.096,1.8436,0.0113
1574.459,1.8191,0.0112
1574.821,1.8095,0.0112
1575.184,1.8241,0.0113
1575.547,1.8144,0.0112
1575.910,1.7994,0.0111
1576.273,1.8052,0.0112
1576.635,1.8164,0.0112
1576.999,1.8120,0.0112
1577.362,1.7957,0.0112
1577.725,1.7925,0.0112
1578.088,1.7830,0.0112
1578.452,1.7701,0.0111
1578.815,1.7893,0.0111
1579.179,1.7709,0.0111
1579.542,1.7675,0.0112
1579.906,1.7690,0.0111
1580.270,1.7639,0.0110
1580.634,1.7562,0.0110
1580.998,1.7436,0.0110
1581.362,1.7550,0.0110
1581.726,1.7442,0.0111
1582.090,1.7643,0.0111
1582.455,1.7331,0.0110
1582.819,1.7194,0.0111
1583.184,1.7446,0.0111
1583.548,1.7390,0.0110
1583.913,1.7283,0.0110
1584.278,1.7407,0.0110
1584.642,1.7558,0.0109
1585.007,1.7411,0.0109
1585.372,1.7136,0.0110
1585.738,1.7292,0.0110
1586.103,1.7331,0.0110
1586.468,1.7211,0.0110
1586.833,1.7288,0.0110
1587.199,1.7397,0.0109
1587.564,1.7047,0.0108
1587.930,1.7224,0.0109
1588.296,1.7262,0.0109
1588.661,1.7246,0.0109
1589.027,1.7058,0.0108
1589.393,1.7157,0.0108
1589.759,1.7154,0.0109
1590.125,1.7102,0.0109
1590.491,1.7151,0.0109
1590.858,1.7269,0.0108
1591.224,1.7101,0.0108
1591.590,1.7149,0.0108
1591.957,1.7228,0.0107
1592.324,1.7127,0.0109
1592.690,1.7204,0.0108
1593.057,1.6981,0.0107
1593.424,1.7065,0.0107
1593.791,1.7066,0.0107
1594.158,1.6820,0.0106
1594.525,1.6954,0.0106
1594.892,1.7245,0.0107
1595.259,1.7074,0.0107
1595.627,1.7117,0.0107
1595.994,1.6951,0.0107
1596.362,1.6959,0.0106
1596.729,1.6858,0.0106
1597.097,1.6885,0.0107
1597.465,1.7125,0.0107
1597.833,1.6911,0.0106
1598.201,1.7087,0.0106
1598.569,1.7066,0.0106
1598.937,1.6899,0.0106
1599.305,1.6870,0.0106
1599.673,1.6945,0.0106
1600.042,1.6968,0.0106
1600.410,1.6791,0.0106
1600.779,1.6982,0.0106
1601.147,1.7178,0.0106
1601.516,1.6958,0.0105
1601.885,1.6956,0.0105
1602.254,1.6873,0.0105
1602.623,1.6877,0.0105
1602.992,1.6923,0.0104
1603.361,1.6980,0.0104
1603.730,1.7108,0.0104
1604.100,1.7053,0.0104
1604.469,1.6882,0.0104
1604.838,1.6987,0.0105
1605.208,1.7072,0.0106
1605.578,1.7076,0.0105
1605.947,1.7052,0.0106
1606.317,1.6969,0.0105
1606.687,1.6916,0.0105
1607.057,1.6750,0.0104
1607.427,1.6842,0.0104
1607.797,1.6951,0.0104
1608.168,1.6962,0.0105
1608.538,1.7004,0.0104
1608.908,1.7064,0.0105
1609.279,1.6973,0.0105
1609.649,1.6884,0.0105
1610.020,1.6965,0.0104
1610.391,1.7090,0.0104
1610.762,1.6868,0.0105
1611.133,1.7044,0.0104
1611.504,1.6990,0.0104
1611.875,1.6935,0.0104
1612.246,1.7156,0.0104
1612.617,1.7035,0.0103
1612.989,1.6889,0.0104
1613.360,1.6941,0.0105
1613.732,1.6722,0.0105
1614.103,1.6998,0.0104
1614.475,1.6991,0.0103
1614.847,1.6829,0.0103
1615.219,1.6923,0.0104
1615.590,1.6984,0.0104
1615.963,1.6863,0.0104
1616.335,1.6733,0.0104
1616.707,1.6764,0.0104
1617.079,1.7049,0.0104
1617.452,1.6930,0.0104
1617.824,1.6903,0.0103
1618.197,1.7006,0.0103
1618.569,1.6801,0.0104
1618.942,1.6794,0.0104
1619.315,1.6723,0.0102
1619.688,1.6829,0.0101
1620.061,1.6890,0.0102
1620.434,1.6754,0.0102
1620.807,1.6804,0.0102
1621.180,1.6962,0.0102
1621.554,1.6847,0.0102
1621.927,1.6843,0.0102
1622.301,1.6985,0.0102
1622.674,1.6791,0.0102
1623.048,1.6992,0.0102
1623.422,1.7051,0.0102
1623.795,1.6939,0.0102
1624.169,1.6791,0.0102
1624.543,1.6856,0.0102
1624.917,1.6866,0.0102
1625.292,1.6932,0.0103
1625.666,1.7146,0.0103
1626.040,1.6867,0.0102
1626.415,1.6827,0.0102
1626.789,1.6986,0.0101
1627.164,1.6554,0.0101
1627.539,1.6800,0.0101
1627.913,1.6885,0.0101
1628.288,1.6760,0.0100
1628.663,1.6849,0.0100
1629.038,1.6819,0.0101
1629.413,1.6987,0.0101
1629.789,1.7050,0.0101
1630.164,1.7088,0.0101
1630.539,1.7132,0.0101
1630.915,1.7074,0.0102
1631.290,1.7048,0.0102
1631.666,1.6947,0.0102
1632.042,1.7144,0.0102
1632.418,1.6858,0.0102
1632.794,1.6871,0.0102
1633.170,1.6959,0.0101
1633.546,1.7040,0.0101
1633.922,1.6838,0.0101
1634.298,1.6936,0.0100
1634.675,1.7071,0.0101
1635.051,1.7039,0.0100
1635.427,1.6877,0.0100
1635.804,1.7058,0.0100
1636.181,1.7063,0.0100
1636.558,1.6848,0.0099
1636.934,1.6926,0.0099
1637.312,1.6858,0.0099
1637.689,1.6803,0.0100
1638.066,1.7038,0.0100
1638.443,1.7025,0.0100
1638.820,1.6979,0.0100
1639.198,1.7053,0.0100
1639.575,1.6810,0.0100
1639.953,1.6656,0.0100
1640.330,1.6860,0.0100
1640.708,1.6964,0.0100
1641.086,1.6706,0.0101
1641.464,1.6738,0.0100
1641.842,1.6753,0.0099
1642.220,1.6407,0.0098
1642.598,1.6482,0.0097
1642.976,1.6467,0.0097
1643.355,1.6591,0.0098
1643.733,1.6646,0.0099
1644.112,1.6617,0.0099
1644.490,1.6718,0.0099
1644.869,1.6705,0.0098
1645.248,1.6525,0.0098
1645.627,1.6402,0.0098
1646.005,1.6461,0.0098
1646.385,1.6406,0.0098
1646.764,1.6526,0.0097
1647.143,1.6392,0.0097
1647.522,1.6336,0.0097
1647.902,1.6394,0.0098
1648.281,1.6358,0.0098
1648.661,1.6363,0.0099
1649.040,1.6389,0.0099
1649.420,1.6519,0.0098
1649.800,1.6471,0.0097
1650.180,1.6314,0.0097
1650.560,1.6193,0.0097
1650.940,1.6092,0.0097
1651.320,1.6207,0.0098
1651.701,1.6289,0.0098
1652.081,1.6136,0.0097
1652.461,1.6244,0.0097
1652.842,1.6298,0.0097
1653.223,1.6217,0.0097
1653.603,1.6216,0.0098
1653.984,1.6200,0.0098
1654.365,1.6175,0.0098
1654.746,1.6226,0.0097
1655.127,1.6240,0.0097
1655.508,1.6140,0.0097
1655.889,1.6189,0.0096
1656.271,1.6288,0.0096
1656.652,1.6170,0.0096
1657.034,1.6126,0.0096
1657.415,1.6149,0.0097
1657.797,1.6107,0.0097
1658.178,1.6092,0.0097
1658.560,1.6206,0.0097
1658.942,1.6224,0.0097
1659.324,1.6171,0.0097
1659.706,1.6236,0.0097
1660.089,1.6194,0.0097
1660.471,1.6320,0.0097
1660.853,1.6365,0.0097
1661.236,1.6107,0.0096
1661.618,1.5978,0.0096
1662.001,1.6384,0.0096
1662.384,1.6236,0.0096
1662.767,1.6023,0.0096
1663.150,1.5978,0.0096
1663.533,1.6161,0.0097
1663.916,1.6308,0.0096
1664.299,1.6065,0.0095
1664.682,1.6071,0.0094
1665.065,1.6185,0.0095
1665.449,1.6145,0.0096
1665.832,1.6032,0.0096
1666.216,1.6020,0.0094
1666.600,1.6099,0.0094
1666.984,1.6072,0.0095
1667.367,1.6014,0.0096
1667.751,1.5956,0.0096
1668.135,1.6114,0.0096
1668.520,1.5934,0.0095
1668.904,1.5937,0.0095
1669.288,1.5974,0.0095
1669.672,1.5740,0.0095
1670.057,1.5886,0.0095
1670.442,1.5787,0.0095
1670.826,1.5688,0.0095
1671.211,1.5722,0.0095
1671.596,1.5577,0.0095
1671.981,1.5724,0.0095
1672.366,1.5662,0.0094
1672.751,1.5631,0.0094
1673.136,1.5722,0.0094
1673.521,1.5447,0.0094
1673.907,1.5568,0.0095
1674.292,1.5706,0.0095
1674.678,1.5335,0.0094
1675.064,1.5394,0.0093
1675.449,1.5492,0.0093
1675.835,1.5236,0.0093
1676.221,1.5296,0.0094
1676.607,1.5234,0.0094
1676.993,1.5175,0.0093
1677.379,1.5336,0.0094
1677.766,1.5273,0.0093
1678.152,1.5081,0.0093
1678.538,1.5118,0.0093
1678.925,1.5077,0.0092
1679.312,1.5288,0.0093
1679.698,1.5219,0.0093
1680.085,1.5062,0.0093
1680.472,1.4968,0.0092
1680.859,1.4872,0.0091
1681.246,1.5085,0.0092
1681.633,1.4996,0.0092
1682.021,1.4835,0.0093
1682.408,1.4782,0.0093
1682.795,1.4776,0.0092
1683.183,1.4952,0.0092
1683.571,1.4978,0.0092
1683.958,1.4811,0.0092
1684.346,1.4658,0.0093
1684.734,1.4715,0.0093
1685.122,1.4693,0.0092
1685.510,1.4753,0.0092
1685.898,1.4663,0.0092
1686.286,1.4631,0.0092
1686.675,1.4848,0.0092
1687.063,1.4737,0.0091
1687.451,1.4619,0.0091
1687.840,1.4454,0.0091
1688.229,1.4777,0.0092
1688.618,1.4645,0.0092
1689.006,1.4484,0.0091
1689.395,1.4499,0.0091
1689.784,1.4676,0.0091
1690.174,1.4837,0.0091
1690.563,1.4545,0.0090
1690.952,1.4472,0.0090
1691.342,1.4594,0.0090
1691.731,1.4589,0.0090
1692.120,1.4637,0.0090
1692.510,1.4629,0.0090
1692.900,1.4387,0.0090
1693.290,1.4622,0.0090
1693.680,1.4415,0.0090
1694.070,1.4397,0.0090
1694.460,1.4688,0.0091
1694.850,1.4667,0.0092
1695.240,1.4576,0.0092
1695.631,1.4546,0.0091
1696.021,1.4581,0.0091
1696.412,1.4449,0.0091
1696.802,1.4545,0.0091
1697.193,1.4702,0.0091
1697.584,1.4560,0.0090
1697.975,1.4545,0.0090
1698.366,1.4704,0.0090
1698.757,1.4483,0.0090
1699.148,1.4521,0.0089
1699.540,1.4465,0.0090
1699.931,1.4515,0.0090
1700.323,1.4582,0.0091
1700.714,1.4710,0.0091
1701.106,1.4674,0.0091
1701.497,1.4764,0.0091
1701.889,1.4687,0.0090
1702.281,1.4464,0.0090
1702.673,1.4789,0.0090
1703.065,1.4801,0.0089
1703.457,1.4591,0.0090
1703.850,1.4618,0.0090
1704.242,1.4768,0.0090
1704.635,1.4685,0.0090
1705.027,1.4566,0.0089
1705.420,1.4736,0.0089
1705.812,1.4747,0.0090
1706.205,1.4723,0.0091
1706.598,1.4681,0.0090
1706.991,1.4632,0.0090
1707.384,1.4556,0.0089
1707.778,1.4610,0.0089
1708.171,1.4795,0.0089
1708.564,1.4727,0.0089
1708.958,1.4779,0.0089
1709.351,1.4690,0.0089
1709.745,1.4668,0.0089
1710.139,1.4653,0.0089
1710.532,1.4749,0.0089
1710.926,1.4848,0.0089
1711.320,1.4582,0.0089
1711.714,1.4652,0.0089
1712.109,1.4787,0.0090
1712.503,1.4889,0.0090
1712.897,1.4935,0.0090
1713.292,1.4808,0.0090
1713.686,1.4983,0.0090
1714.081,1.4863,0.0090
1714.476,1.4640,0.0090
1714.870,1.4877,0.0090
1715.265,1.4807,0.0089
1715.660,1.4759,0.0089
1716.055,1.4976,0.0089
1716.451,1.4919,0.0089
1716.846,1.4752,0.0089
1717.241,1.4783,0.0089
1717.637,1.4848,0.0089
1718.032,1.4898,0.0090
1718.428,1.4879,0.0090
1718.824,1.4827,0.0089
1719.219,1.4811,0.0089
1719.615,1.4888,0.0089
1720.011,1.4966,0.0089
1720.407,1.4812,0.0089
1720.804,1.4854,0.0089
1721.200,1.5044,0.0089
1721.596,1.4871,0.0089
1721.993,1.4862,0.0089
1722.389,1.4869,0.0089
1722.786,1.4828,0.0088
1723.182,1.5016,0.0088
1723.579,1.4959,0.0088
1723.976,1.4913,0.0088
1724.373,1.4949,0.0089
1724.770,1.4902,0.0088
1725.168,1.4799,0.0088
1725.565,1.4961,0.0087
1725.962,1.4767,0.0087
1726.360,1.4829,0.0087
1726.757,1.4742,0.0087
1727.155,1.4743,0.0087
1727.553,1.4753,0.0086
1727.951,1.4746,0.0087
1728.348,1.4910,0.0087
1728.746,1.4928,0.0087
1729.145,1.4699,0.0087
1729.543,1.4745,0.0087
1729.941,1.4682,0.0088
1730.339,1.4815,0.0088
1730.738,1.4757,0.0087
1731.136,1.4521,0.0086
1731.535,1.4638,0.0086
1731.934,1.4691,0.0086
1732.333,1.4518,0.0086
1732.732,1.4611,0.0086
1733.131,1.4712,0.0087
1733.530,1.4697,0.0087
1733.929,1.4647,0.0086
1734.328,1.4738,0.0085
1734.728,1.4740,0.0085
1735.127,1.4653,0.0085
1735.527,1.4734,0.0086
1735.927,1.4607,0.0085
1736.326,1.4586,0.0085
1736.726,1.4716,0.0085
1737.126,1.4717,0.0086
1737.526,1.4756,0.0086
1737.926,1.4790,0.0086
1738.326,1.4710,0.0086
1738.727,1.4912,0.0087
1739.127,1.4847,0.0087
1739.528,1.4667,0.0086
1739.928,1.4834,0.0086
1740.329,1.4761,0.0086
1740.729,1.4895,0.0086
1741.130,1.4770,0.0086
1741.531,1.4655,0.0086
1741.932,1.4784,0.0086
1742.334,1.4727,0.0086
1742.735,1.4665,0.0085
1743.136,1.4640,0.0086
1743.538,1.4802,0.0086
1743.939,1.4747,0.0086
1744.341,1.4638,0.0086
1744.742,1.4844,0.0085
1745.144,1.4682,0.0085
1745.546,1.4792,0.0085
1745.948,1.4843,0.0086
1746.350,1.4901,0.0087
1746.752,1.4800,0.0086
1747.154,1.4596,0.0086
1747.557,1.4705,0.0084
1747.959,1.4763,0.0085
1748.362,1.4692,0.0086
1748.764,1.4723,0.0086
1749.167,1.4702,0.0085
1749.570,1.4624,0.0085
1749.973,1.4442,0.0084
1750.376,1.4310,0.0082
1750.779,1.4289,0.0081
1751.182,1.4216,0.0081
1751.585,1.4114,0.0082
1751.989,1.4274,0.0084
1752.392,1.4400,0.0084
1752.796,1.4564,0.0085
1753.199,1.4469,0.0085
1753.603,1.4333,0.0085
1754.007,1.4377,0.0085
1754.411,1.4299,0.0083
1754.815,1.4312,0.0083
1755.219,1.4152,0.0082
1755.623,1.4068,0.0082
1756.027,1.4007,0.0083
1756.432,1.4090,0.0083
1756.836,1.4190,0.0084
1757.241,1.4039,0.0083
1757.646,1.4161,0.0083
1758.050,1.4230,0.0084
1758.455,1.4180,0.0084
1758.860,1.4071,0.0084
1759.265,1.4043,0.0085
1759.670,1.4286,0.0085
1760.076,1.4095,0.0084
1760.481,1.3904,0.0084
1760.886,1.4135,0.0084
1761.292,1.4268,0.0084
1761.697,1.4086,0.0084
1762.103,1.4109,0.0085
1762.509,1.4083,0.0085
1762.915,1.4051,0.0085
1763.321,1.3925,0.0084
1763.727,1.3929,0.0084
1764.133,1.4085,0.0084
1764.539,1.3872,0.0083
1764.945,1.3909,0.0083
1765.352,1.4042,0.0083
1765.758,1.3916,0.0083
1766.165,1.3849,0.0083
1766.572,1.4078,0.0084
1766.979,1.4067,0.0084
1767.385,1.3877,0.0083
1767.793,1.3948,0.0083
1768.200,1.3887,0.0082
1768.607,1.3977,0.0083
1769.014,1.4063,0.0084
1769.421,1.3972,0.0084
1769.829,1.4057,0.0084
1770.236,1.3938,0.0084
1770.644,1.3850,0.0085
1771.052,1.3920,0.0084
1771.460,1.3969,0.0084
1771.868,1.3999,0.0084
1772.276,1.3935,0.0084
1772.684,1.4084,0.0083
1773.092,1.4107,0.0084
1773.500,1.3943,0.0083
1773.909,1.4097,0.0083
1774.317,1.3986,0.0083
1774.726,1.4060,0.0083
1775.135,1.4018,0.0083
1775.543,1.3985,0.0083
1775.952,1.4092,0.0083
1776.361,1.4159,0.0082
1776.770,1.3988,0.0083
1777.179,1.4089,0.0083
1777.589,1.4080,0.0084
1777.998,1.4157,0.0084
1778.408,1.4231,0.0084
1778.817,1.4119,0.0083
1779.227,1.4005,0.0083
1779.636,1.4178,0.0083
1780.046,1.4304,0.0084
1780.456,1.4223,0.0084
1780.866,1.4150,0.0083
1781.276,1.4263,0.0083
1781.687,1.4223,0.0083
1782.097,1.4205,0.0082
1782.507,1.4208,0.0083
1782.918,1.4225,0.0083
1783.328,1.4179,0.0083
1783.739,1.4148,0.0082
1784.150,1.4231,0.0082
1784.561,1.4333,0.0083
1784.972,1.4326,0.0083
1785.383,1.4188,0.0082
1785.794,1.4120,0.0082
1786.205,1.4151,0.0082
1786.616,1.4203,0.0082
1787.028,1.4183,0.0082
1787.439,1.4096,0.0082
1787.851,1.4247,0.0082
1788.263,1.4132,0.0082
1788.674,1.4151,0.0082
1789.086,1.4050,0.0082
1789.498,1.3991,0.0082
1789.910,1.3950,0.0082
1790.323,1.4023,0.0082
1790.735,1.4119,0.0082
1791.147,1.3896,0.0082
1791.560,1.3800,0.0082
1791.972,1.3816,0.0081
1792.385,1.3845,0.0080
1792.798,1.3615,0.0079
1793.211,1.3734,0.0080
1793.623,1.3734,0.0081
1794.037,1.3677,0.0082
1794.450,1.3815,0.0082
1794.863,1.3751,0.0082
1795.276,1.3828,0.0082
1795.690,1.3540,0.0081
1796.103,1.3571,0.0081
1796.517,1.3728,0.0081
1796.931,1.3683,0.0081
1797.344,1.3617,0.0082
1797.758,1.3514,0.0082
1798.172,1.3598,0.0082
1798.586,1.3634,0.0081
1799.000,1.3645,0.0081
1799.415,1.3502,0.0081
1799.829,1.3653,0.0081
1800.244,1.3682,0.0081
1800.658,1.3388,0.0081
1801.073,1.3532,0.0082
1801.488,1.3505,0.0081
1801.903,1.3497,0.0081
1802.318,1.3550,0.0080
1802.732,1.3579,0.0080
1803.148,1.3520,0.0080
1803.563,1.3463,0.0081
1803.978,1.3599,0.0080
1804.394,1.3552,0.0080
1804.809,1.3524,0.0081
1805.225,1.3540,0.0081
1805.641,1.3574,0.0082
1806.056,1.3574,0.0082
1806.472,1.3402,0.0081
1806.888,1.3529,0.0081
1807.304,1.3494,0.0081
1807.721,1.3406,0.0081
1808.137,1.3357,0.0081
1808.553,1.3632,0.0081
1808.970,1.3613,0.0081
1809.386,1.3585,0.0081
1809.803,1.3482,0.0081
1810.220,1.3449,0.0080
1810.637,1.3390,0.0080
1811.054,1.3601,0.0079
1811.471,1.3416,0.0079
1811.888,1.3466,0.0079
1812.305,1.3507,0.0079
1812.722,1.3529,0.0080
1813.140,1.3633,0.0080
1813.557,1.3625,0.0080
1813.975,1.3540,0.0080
1814.393,1.3677,0.0080
1814.811,1.3543,0.0080
1815.229,1.3463,0.0079
1815.646,1.3625,0.0080
1816.065,1.3472,0.0080
1816.483,1.3485,0.0080
1816.901,1.3507,0.0080
1817.320,1.3465,0.0079
1817.738,1.3326,0.0079
1818.157,1.3634,0.0079
1818.575,1.3525,0.0079
1818.994,1.3397,0.0079
1819.413,1.3516,0.0079
1819.832,1.3506,0.0079
1820.251,1.3521,0.0079
1820.670,1.3275,0.0079
1821.090,1.3332,0.0078
1821.509,1.3405,0.0078
1821.928,1.3389,0.0079
1822.348,1.3333,0.0079
1822.768,1.3492,0.0079
1823.187,1.3535,0.0080
1823.607,1.3533,0.0079
1824.027,1.3393,0.0079
1824.447,1.3445,0.0078
1824.867,1.3246,0.0078
1825.288,1.3441,0.0079
1825.708,1.3444,0.0079
1826.128,1.3347,0.0079
1826.549,1.3253,0.0079
1826.970,1.3435,0.0079
1827.390,1.3527,0.0078
1827.811,1.3364,0.0078
1828.232,1.3251,0.0078
1828.653,1.3276,0.0078
1829.074,1.3202,0.0078
1829.495,1.3342,0.0078
1829.917,1.3255,0.0078
1830.338,1.3387,0.0078
1830.760,1.3353,0.0078
1831.181,1.3356,0.0078
1831.603,1.3287,0.0078
1832.025,1.3224,0.0078
1832.447,1.3426,0.0078
1832.868,1.3371,0.0078
1833.291,1.3382,0.0078
1833.713,1.3404,0.0079
1834.135,1.3486,0.0079
1834.557,1.3452,0.0078
1834.980,1.3419,0.0078
1835.402,1.3465,0.0078
1835.825,1.3355,0.0078
1836.248,1.3311,0.0078
1836.671,1.3395,0.0078
1837.094,1.3412,0.0078
1837.517,1.3440,0.0078
1837.940,1.3512,0.0078
1838.363,1.3565,0.0078
1838.786,1.3611,0.0078
1839.210,1.3642,0.0079
1839.633,1.3701,0.0079
1840.057,1.3672,0.0079
1840.481,1.3738,0.0079
1840.905,1.3711,0.0078
1841.329,1.3776,0.0078
1841.753,1.3794,0.0078
1842.177,1.3807,0.0078
1842.601,1.3680,0.0078
1843.025,1.3922,0.0079
1843.450,1.3838,0.0079
1843.874,1.3849,0.0079
1844.299,1.3934,0.0079
1844.724,1.4031,0.0079
1845.148,1.4110,0.0079
1845.573,1.4292,0.0079
1845.998,1.4249,0.0079
1846.423,1.4188,0.0079
1846.849,1.4157,0.0080
1847.274,1.4091,0.0080
1847.699,1.4175,0.0080
1848.125,1.4329,0.0079
1848.551,1.4402,0.0080
1848.976,1.4484,0.0080
1849.402,1.4462,0.0080
1849.828,1.4420,0.0080
1850.254,1.4472,0.0080
1850.680,1.4491,0.0080
1851.106,1.4670,0.0080
1851.532,1.4762,0.0080
1851.959,1.4640,0.0070
1852.385,1.4831,0.0076
1852.812,1.4696,0.0078
1853.238,1.4714,0.0080
1853.665,1.4907,0.0080
1854.092,1.4916,0.0080
1854.519,1.4857,0.0080
1854.946,1.4963,0.0080
1855.373,1.4895,0.0081
1855.801,1.4857,0.0081
1856.228,1.5079,0.0081
1856.655,1.5127,0.0081
1857.083,1.5113,0.0081
1857.511,1.4916,0.0080
1857.938,1.4968,0.0081
1858.366,1.5121,0.0081
1858.794,1.5190,0.0080
1859.222,1.5224,0.0080
1859.650,1.5034,0.0080
1860.078,1.5148,0.0081
1860.507,1.5329,0.0081
1860.935,1.5149,0.0081
1861.364,1.4974,0.0080
1861.793,1.5126,0.0080
1862.221,1.5307,0.0080
1862.650,1.5261,0.0080
1863.079,1.5230,0.0081
1863.508,1.5263,0.0080
1863.937,1.5188,0.0080
1864.366,1.5090,0.0080
1864.796,1.5283,0.0081
1865.225,1.5244,0.0080
1865.655,1.5103,0.0080
1866.085,1.5067,0.0080
1866.514,1.5126,0.0080
1866.944,1.5180,0.0080
1867.374,1.5261,0.0080
1867.804,1.5248,0.0081
1868.234,1.5137,0.0080
1868.664,1.5087,0.0080
1869.095,1.5103,0.0080
1869.525,1.5197,0.0080
1869.956,1.5239,0.0080
1870.386,1.5201,0.0080
1870.817,1.5022,0.0080
1871.248,1.5070,0.0080
1871.679,1.4971,0.0079
1872.110,1.4865,0.0079
1872.541,1.5092,0.0079
1872.972,1.5098,0.0081
1873.403,1.5047,0.0080
1873.835,1.5188,0.0079
1874.266,1.5181,0.0079
1874.698,1.5236,0.0080
1875.130,1.5468,0.0080
1875.562,1.5396,0.0080
1875.993,1.5237,0.0080
1876.425,1.5319,0.0080
1876.857,1.5246,0.0079
1877.290,1.5322,0.0080
1877.722,1.5492,0.0080
1878.155,1.5675,0.0081
1878.587,1.5632,0.0082
1879.020,1.5696,0.0082
1879.452,1.5909,0.0081
1879.885,1.5924,0.0081
1880.318,1.5699,0.0081
1880.751,1.5862,0.0081
1881.184,1.5906,0.0081
1881.617,1.5927,0.0081
1882.051,1.6044,0.0081
1882.484,1.6073,0.0081
1882.917,1.6129,0.0081
1883.351,1.6134,0.0081
1883.785,1.6240,0.0082
1884.219,1.6321,0.0082
1884.653,1.6513,0.0082
1885.086,1.6523,0.0081
1885.521,1.6424,0.0081
1885.955,1.6490,0.0081
1886.389,1.6614,0.0082
1886.824,1.6476,0.0082
1887.258,1.6578,0.0081
1887.693,1.6792,0.0081
1888.127,1.6682,0.0082
1888.562,1.6946,0.0083
1888.997,1.7035,0.0083
1889.432,1.7038,0.0083
1889.867,1.7114,0.0082
1890.302,1.6932,0.0082
1890.738,1.7205,0.0083
1891.173,1.7346,0.0082
1891.609,1.7273,0.0082
1892.044,1.7541,0.0083
1892.480,1.7537,0.0083
1892.916,1.7372,0.0082
1893.352,1.7373,0.0083
1893.788,1.7521,0.0083
1894.224,1.7598,0.0083
1894.660,1.7660,0.0083
1895.096,1.7736,0.0083
1895.533,1.7678,0.0083
1895.969,1.7746,0.0083
1896.406,1.7726,0.0083
1896.843,1.7750,0.0083
1897.280,1.7960,0.0084
1897.716,1.7923,0.0083
1898.153,1.7868,0.0083
1898.590,1.8044,0.0083
1899.028,1.8065,0.0083
1899.465,1.8035,0.0084
1899.902,1.8002,0.0084
1900.340,1.7999,0.0084
1900.778,1.8074,0.0083
1901.215,1.8094,0.0082
1901.653,1.8063,0.0083
1902.091,1.8233,0.0083
1902.529,1.8214,0.0083
1902.967,1.8269,0.0083
1903.406,1.8352,0.0084
1903.844,1.8342,0.0084
1904.282,1.8361,0.0083
1904.721,1.8232,0.0083
1905.159,1.8163,0.0082
1905.598,1.8129,0.0082
1906.037,1.8273,0.0082
1906.476,1.8321,0.0083
1906.915,1.8347,0.0083
1907.354,1.8264,0.0083
1907.793,1.8191,0.0083
1908.233,1.8256,0.0083
1908.672,1.8088,0.0082
1909.112,1.8050,0.0082
1909.551,1.7995,0.0082
1909.991,1.7946,0.0081
1910.431,1.7993,0.0082
1910.871,1.7989,0.0082
1911.311,1.7678,0.0081
1911.751,1.7625,0.0081
1912.191,1.7632,0.0081
1912.631,1.7540,0.0081
1913.072,1.7400,0.0080
1913.512,1.7421,0.0080
1913.953,1.7231,0.0081
1914.394,1.7148,0.0081
1914.835,1.6981,0.0081
1915.276,1.6911,0.0081
1915.717,1.7017,0.0080
1916.158,1.6732,0.0079
1916.599,1.6634,0.0079
1917.041,1.6606,0.0079
1917.482,1.6526,0.0079
1917.924,1.6428,0.0079
1918.365,1.6328,0.0079
1918.807,1.6270,0.0079
1919.249,1.6144,0.0079
1919.691,1.6137,0.0078
1920.133,1.6114,0.0078
1920.575,1.6046,0.0078
1921.017,1.5916,0.0078
1921.460,1.5803,0.0078
1921.902,1.5727,0.0078
1922.345,1.5623,0.0077
1922.788,1.5556,0.0078
1923.230,1.5518,0.0077
1923.673,1.5446,0.0077
1924.116,1.5524,0.0077
1924.559,1.5374,0.0077
1925.002,1.5319,0.0077
1925.446,1.5245,0.0077
1925.889,1.5083,0.0077
1926.333,1.5095,0.0076
1926.776,1.4940,0.0075
1927.220,1.4955,0.0075
1927.664,1.4724,0.0074
1928.108,1.4703,0.0074
1928.552,1.4893,0.0076
1928.996,1.4807,0.0076
1929.440,1.4656,0.0077
1929.884,1.4644,0.0076
1930.329,1.4620,0.0076
1930.773,1.4545,0.0076
1931.218,1.4439,0.0075
1931.663,1.4426,0.0075
1932.108,1.4216,0.0074
1932.552,1.4239,0.0073
1932.997,1.4186,0.0073
1933.443,1.4063,0.0074
1933.888,1.4177,0.0074
1934.333,1.4054,0.0075
1934.779,1.3955,0.0074
1935.224,1.3995,0.0074
1935.670,1.4018,0.0074
1936.116,1.3844,0.0074
1936.562,1.3899,0.0074
1937.007,1.4007,0.0075
1937.453,1.3795,0.0074
1937.900,1.3673,0.0074
1938.346,1.3603,0.0073
1938.792,1.3611,0.0074
1939.239,1.3581,0.0074
1939.686,1.3560,0.0074
1940.132,1.3461,0.0074
1940.579,1.3436,0.0074
1941.026,1.3411,0.0074
1941.473,1.3400,0.0074
1941.920,1.3444,0.0074
1942.367,1.3373,0.0074
1942.814,1.3569,0.0074
1943.262,1.3382,0.0073
1943.709,1.3290,0.0073
1944.157,1.3344,0.0073
1944.604,1.3273,0.0073
1945.052,1.3285,0.0073
1945.500,1.3118,0.0073
1945.948,1.3235,0.0073
1946.396,1.3152,0.0073
1946.844,1.3088,0.0073
1947.293,1.3224,0.0073
1947.741,1.3087,0.0073
1948.190,1.3023,0.0073
1948.638,1.3011,0.0073
1949.087,1.2983,0.0073
1949.536,1.3010,0.0073
1949.985,1.2879,0.0073
1950.434,1.2788,0.0073
1950.883,1.2725,0.0073
1951.333,1.2821,0.0073
1951.782,1.2830,0.0073
1952.231,1.2790,0.0073
1952.681,1.2886,0.0073
1953.130,1.2775,0.0073
1953.580,1.2703,0.0073
1954.030,1.2684,0.0073
1954.480,1.2707,0.0074
1954.930,1.2647,0.0073
1955.381,1.2780,0.0073
1955.831,1.2600,0.0073
1956.281,1.2660,0.0073
1956.732,1.2530,0.0072
1957.182,1.2544,0.0072
1957.633,1.2562,0.0072
1958.084,1.2626,0.0072
1958.535,1.2440,0.0072
1958.986,1.2308,0.0072
1959.437,1.2530,0.0072
1959.888,1.2547,0.0072
1960.339,1.2505,0.0072
1960.791,1.2420,0.0073
1961.242,1.2358,0.0073
1961.694,1.2512,0.0073
1962.146,1.2361,0.0073
1962.598,1.2337,0.0073
1963.050,1.2403,0.0072
1963.502,1.2532,0.0072
1963.954,1.2383,0.0073
1964.406,1.2229,0.0073
1964.859,1.2292,0.0072
1965.311,1.2227,0.0072
1965.764,1.2362,0.0072
1966.216,1.2337,0.0072
1966.669,1.2190,0.0072
1967.122,1.2184,0.0072
1967.575,1.2138,0.0072
1968.028,1.2024,0.0070
1968.481,1.2188,0.0070
1968.935,1.2180,0.0071
1969.388,1.2093,0.0071
1969.842,1.2036,0.0071
1970.295,1.2042,0.0071
1970.749,1.2188,0.0071
1971.203,1.2043,0.0071
1971.657,1.2018,0.0071
1972.111,1.2060,0.0071
1972.565,1.2137,0.0071
1973.019,1.2067,0.0071
1973.474,1.1968,0.0071
1973.928,1.2106,0.0071
1974.383,1.1976,0.0070
1974.837,1.2070,0.0071
1975.292,1.2076,0.0071
1975.747,1.2105,0.0071
1976.202,1.2101,0.0071
1976.657,1.1969,0.0071
1977.112,1.2065,0.0071
1977.568,1.2031,0.0070
1978.023,1.1993,0.0070
1978.478,1.1880,0.0071
1978.934,1.1861,0.0070
1979.390,1.1975,0.0070
1979.845,1.1982,0.0071
1980.302,1.1982,0.0071
1980.757,1.2071,0.0071
1981.214,1.1949,0.0071
1981.670,1.1909,0.0071
1982.126,1.1997,0.0071
1982.583,1.2052,0.0070
1983.039,1.1967,0.0070
1983.496,1.1855,0.0070
1983.952,1.1854,0.0069
1984.410,1.1817,0.0070
1984.866,1.1953,0.0070
1985.323,1.1909,0.0069
1985.781,1.1848,0.0070
1986.238,1.1936,0.0070
1986.695,1.1945,0.0070
1987.153,1.1943,0.0069
1987.610,1.1912,0.0069
1988.068,1.1970,0.0069
1988.526,1.2004,0.0070
1988.984,1.1912,0.0070
1989.442,1.1874,0.0071
1989.900,1.1956,0.0071
1990.358,1.1949,0.0070
1990.817,1.1853,0.0070
1991.275,1.1845,0.0070
1991.734,1.1874,0.0070
1992.192,1.1866,0.0070
1992.651,1.1888,0.0070
1993.110,1.1860,0.0069
1993.569,1.1935,0.0069
1994.028,1.2029,0.0069
1994.488,1.1953,0.0069
1994.947,1.1793,0.0069
1995.406,1.1969,0.0070
1995.866,1.1914,0.0070
1996.325,1.1745,0.0069
1996.785,1.1923,0.0070
1997.245,1.1935,0.0070
1997.705,1.1921,0.0070
1998.165,1.1904,0.0069
1998.625,1.1917,0.0070
1999.085,1.1946,0.0070
1999.546,1.1868,0.0069
2000.006,1.1755,0.0069
2000.467,1.1832,0.0069
2000.927,1.1846,0.0069
2001.388,1.1782,0.0069
2001.849,1.1865,0.0069
2002.310,1.1895,0.0069
2002.771,1.1800,0.0069
2003.232,1.1936,0.0069
2003.693,1.1892,0.0069
2004.155,1.1816,0.0069
2004.616,1.1821,0.0069
2005.078,1.1717,0.0069
2005.540,1.1750,0.0069
2006.002,1.1828,0.0069
2006.464,1.1893,0.0070
2006.926,1.1742,0.0069
2007.388,1.1678,0.0069
2007.850,1.1797,0.0069
2008.312,1.1639,0.0069
2008.775,1.1764,0.0069
2009.238,1.1858,0.0069
2009.700,1.1702,0.0069
2010.163,1.1763,0.0069
2010.626,1.1747,0.0069
2011.089,1.1721,0.0069
2011.552,1.1675,0.0068
2012.015,1.1686,0.0069
2012.479,1.1762,0.0069
2012.942,1.1781,0.0068
2013.406,1.1778,0.0068
2013.869,1.1649,0.0069
2014.333,1.1689,0.0069
2014.797,1.1666,0.0069
2015.261,1.1616,0.0068
2015.725,1.1614,0.0068
2016.189,1.1569,0.0068
2016.653,1.1655,0.0069
2017.118,1.1607,0.0069
2017.582,1.1673,0.0069
2018.047,1.1693,0.0068
2018.512,1.1613,0.0068
2018.977,1.1689,0.0068
2019.442,1.1724,0.0069
2019.907,1.1648,0.0068
2020.372,1.1611,0.0068
2020.837,1.1571,0.0068
2021.302,1.1544,0.0068
2021.768,1.1627,0.0068
2022.233,1.1631,0.0069
2022.699,1.1559,0.0068
2023.165,1.1592,0.0068
2023.631,1.1610,0.0067
2024.097,1.1580,0.0067
2024.563,1.1553,0.0067
2025.029,1.1516,0.0068
2025.496,1.1572,0.0067
2025.962,1.1571,0.0068
2026.429,1.1622,0.0068
2026.895,1.1618,0.0067
2027.362,1.1388,0.0067
2027.829,1.1475,0.0067
2028.296,1.1684,0.0067
2028.763,1.1674,0.0067
2029.230,1.1563,0.0068
2029.697,1.1664,0.0067
2030.165,1.1564,0.0067
2030.632,1.1392,0.0067
2031.100,1.1485,0.0067
2031.568,1.1549,0.0067
2032.036,1.1524,0.0068
2032.504,1.1558,0.0068
2032.971,1.1528,0.0067
2033.440,1.1504,0.0067
2033.908,1.1555,0.0067
2034.376,1.1611,0.0067
2034.845,1.1569,0.0066
2035.313,1.1556,0.0067
2035.782,1.1525,0.0066
2036.251,1.1447,0.0067
2036.720,1.1491,0.0067
2037.189,1.1570,0.0068
2037.658,1.1637,0.0067
2038.127,1.1472,0.0067
2038.597,1.1589,0.0067
2039.066,1.1586,0.0067
2039.536,1.1466,0.0067
2040.005,1.1578,0.0067
2040.475,1.1421,0.0067
2040.945,1.1521,0.0067
2041.415,1.1607,0.0066
2041.885,1.1430,0.0066
2042.355,1.1522,0.0067
2042.826,1.1552,0.0068
2043.296,1.1622,0.0068
2043.767,1.1619,0.0068
2044.237,1.1528,0.0067
2044.708,1.1451,0.0067
2045.179,1.1483,0.0067
2045.650,1.1603,0.0067
2046.121,1.1501,0.0067
2046.592,1.1426,0.0067
2047.063,1.1508,0.0067
2047.535,1.1618,0.0068
2048.006,1.1563,0.0068
2048.478,1.1533,0.0068
2048.949,1.1738,0.0067
2049.422,1.1632,0.0067
2049.894,1.1467,0.0067
2050.365,1.1574,0.0068
2050.838,1.1731,0.0068
2051.310,1.1597,0.0070
2051.782,1.1603,0.0069
2052.255,1.1622,0.0068
2052.727,1.1621,0.0068
2053.200,1.1657,0.0069
2053.673,1.1824,0.0070
2054.146,1.1797,0.0069
2054.619,1.1697,0.0068
2055.092,1.1712,0.0068
2055.565,1.1490,0.0068
2056.039,1.1653,0.0068
2056.512,1.1660,0.0067
2056.986,1.1745,0.0068
2057.459,1.1821,0.0068
2057.933,1.1653,0.0067
2058.407,1.1721,0.0068
2058.881,1.1754,0.0068
2059.355,1.1785,0.0068
2059.830,1.1781,0.0068
2060.304,1.1778,0.0068
2060.779,1.1936,0.0069
2061.253,1.1799,0.0068
2061.728,1.1789,0.0067
2062.203,1.1854,0.0067
2062.677,1.1872,0.0067
2063.152,1.1874,0.0068
2063.627,1.1995,0.0068
2064.103,1.1918,0.0068
2064.578,1.1807,0.0067
2065.053,1.1914,0.0067
2065.529,1.1843,0.0067
2066.005,1.1947,0.0068
2066.480,1.1939,0.0068
2066.956,1.1944,0.0068
2067.432,1.1950,0.0068
2067.908,1.1816,0.0068
2068.385,1.1787,0.0068
2068.861,1.1978,0.0068
2069.337,1.2013,0.0068
2069.814,1.1884,0.0067
2070.291,1.1797,0.0067
2070.767,1.1819,0.0067
2071.244,1.1778,0.0066
2071.721,1.1713,0.0067
2072.198,1.1810,0.0068
2072.676,1.1847,0.0068
2073.153,1.1806,0.0068
2073.630,1.1865,0.0067
2074.108,1.1986,0.0067
2074.585,1.1766,0.0067
2075.063,1.1722,0.0067
2075.541,1.1863,0.0067
2076.019,1.1742,0.0067
2076.497,1.1874,0.0067
2076.975,1.1698,0.0067
2077.453,1.1747,0.0067
2077.932,1.1852,0.0067
2078.410,1.1852,0.0067
2078.889,1.1802,0.0067
2079.368,1.1775,0.0067
2079.847,1.1755,0.0067
2080.325,1.1705,0.0067
2080.804,1.1617,0.0067
2081.284,1.1622,0.0067
2081.763,1.1771,0.0067
2082.242,1.1846,0.0067
2082.722,1.1823,0.0067
2083.202,1.1543,0.0066
2083.681,1.1570,0.0066
2084.161,1.1493,0.0067
2084.641,1.1562,0.0066
2085.121,1.1617,0.0066
2085.602,1.1579,0.0066
2086.082,1.1508,0.0066
2086.562,1.1384,0.0066
2087.042,1.1600,0.0066
2087.523,1.1632,0.0066
2088.004,1.1566,0.0066
2088.485,1.1626,0.0066
2088.966,1.1554,0.0066
2089.447,1.1649,0.0066
2089.928,1.1518,0.0066
2090.409,1.1463,0.0065
2090.891,1.1502,0.0065
2091.372,1.1486,0.0065
2091.854,1.1604,0.0065
2092.335,1.1436,0.0066
2092.817,1.1520,0.0066
2093.299,1.1487,0.0066
2093.781,1.1319,0.0065
2094.263,1.1309,0.0065
2094.746,1.1236,0.0066
2095.228,1.1331,0.0066
2095.710,1.1337,0.0066
2096.193,1.1268,0.0065
2096.676,1.1344,0.0065
2097.159,1.1424,0.0066
2097.642,1.1315,0.0065
2098.125,1.1223,0.0065
2098.608,1.1356,0.0065
2099.091,1.1355,0.0065
2099.574,1.1200,0.0065
2100.058,1.1281,0.0065
2100.542,1.1223,0.0065
2101.025,1.1216,0.0065
2101.509,1.1203,0.0065
2101.993,1.1202,0.0065
2102.477,1.1214,0.0066
2102.961,1.1147,0.0065
2103.446,1.1071,0.0065
2103.930,1.1135,0.0065
2104.415,1.1171,0.0065
2104.899,1.1229,0.0065
2105.384,1.1177,0.0065
2105.869,1.1195,0.0065
2106.354,1.1148,0.0064
2106.839,1.1044,0.0064
2107.324,1.1009,0.0064
2107.809,1.1002,0.0064
2108.294,1.0968,0.0065
2108.780,1.1005,0.0065
2109.266,1.0981,0.0065
2109.751,1.0947,0.0065
2110.237,1.0954,0.0064
2110.723,1.0976,0.0064
2111.209,1.1065,0.0064
2111.696,1.0929,0.0064
2112.182,1.0947,0.0065
2112.668,1.0978,0.0064
2113.155,1.0905,0.0063
2113.641,1.0954,0.0064
2114.128,1.0817,0.0064
2114.615,1.0922,0.0064
2115.102,1.0964,0.0064
2115.589,1.0980,0.0064
2116.076,1.0958,0.0064
2116.563,1.0847,0.0064
2117.051,1.0978,0.0064
2117.539,1.1001,0.0064
2118.026,1.0936,0.0065
2118.514,1.0921,0.0065
2119.002,1.0691,0.0065
2119.490,1.0730,0.0064
2119.978,1.0857,0.0065
2120.466,1.0799,0.0065
2120.954,1.0766,0.0065
2121.443,1.0695,0.0065
2121.931,1.0869,0.0065
2122.420,1.0731,0.0065
2122.908,1.0789,0.0064
2123.397,1.0758,0.0064
2123.886,1.0632,0.0064
2124.375,1.0629,0.0064
2124.865,1.0806,0.0064
2125.354,1.0833,0.0063
2125.844,1.0563,0.0063
2126.333,1.0646,0.0063
2126.823,1.0697,0.0064
2127.312,1.0818,0.0064
2127.802,1.0716,0.0064
2128.292,1.0671,0.0064
2128.782,1.0754,0.0064
2129.273,1.0721,0.0064
2129.763,1.0603,0.0064
2130.253,1.0612,0.0064
2130.744,1.0661,0.0063
2131.235,1.0669,0.0062
2131.726,1.0722,0.0062
2132.217,1.0626,0.0062
2132.708,1.0508,0.0062
2133.198,1.0609,0.0063
2133.690,1.0624,0.0063
2134.181,1.0585,0.0063
2134.673,1.0715,0.0063
2135.164,1.0658,0.0062
2135.656,1.0639,0.0063
2136.148,1.0666,0.0064
2136.640,1.0657,0.0064
2137.132,1.0588,0.0063
2137.624,1.0524,0.0063
2138.116,1.0531,0.0063
2138.609,1.0688,0.0062
2139.101,1.0528,0.0063
2139.594,1.0509,0.0063
2140.086,1.0341,0.0062
2140.579,1.0485,0.0062
2141.072,1.0643,0.0062
2141.565,1.0552,0.0062
2142.058,1.0521,0.0062
2142.552,1.0428,0.0061
2143.045,1.0474,0.0061
2143.539,1.0596,0.0062
2144.032,1.0429,0.0062
2144.526,1.0533,0.0062
2145.020,1.0431,0.0062
2145.514,1.0370,0.0062
2146.008,1.0368,0.0062
2146.502,1.0459,0.0062
2146.996,1.0475,0.0061
2147.491,1.0355,0.0061
2147.985,1.0410,0.0061
2148.480,1.0385,0.0061
2148.975,1.0408,0.0062
2149.469,1.0356,0.0061
2149.964,1.0445,0.0062
2150.459,1.0595,0.0062
2150.955,1.0342,0.0062
2151.450,1.0346,0.0062
2151.946,1.0464,0.0062
2152.441,1.0506,0.0061
2152.937,1.0458,0.0062
2153.433,1.0285,0.0061
2153.928,1.0302,0.0061
2154.425,1.0373,0.0062
2154.921,1.0376,0.0061
2155.417,1.0336,0.0061
2155.913,1.0344,0.0061
2156.410,1.0309,0.0061
2156.906,1.0321,0.0061
2157.403,1.0407,0.0061
2157.900,1.0326,0.0061
2158.397,1.0381,0.0061
2158.894,1.0444,0.0061
2159.391,1.0310,0.0061
2159.888,1.0293,0.0061
2160.386,1.0407,0.0061
2160.883,1.0348,0.0061
2161.381,1.0425,0.0061
2161.879,1.0378,0.0061
2162.376,1.0312,0.0061
2162.874,1.0338,0.0060
2163.372,1.0402,0.0061
2163.871,1.0437,0.0061
2164.369,1.0231,0.0060
2164.867,1.0250,0.0060
2165.366,1.0371,0.0060
2165.865,1.0295,0.0061
2166.363,1.0342,0.0061
2166.862,1.0338,0.0061
2167.361,1.0296,0.0061
2167.860,1.0282,0.0060
2168.359,1.0230,0.0060
2168.859,1.0211,0.0060
2169.358,1.0249,0.0060
2169.858,1.0310,0.0060
2170.357,1.0345,0.0060
2170.857,1.0329,0.0060
2171.357,1.0372,0.0060
2171.857,1.0316,0.0060
2172.357,1.0279,0.0060
2172.858,1.0320,0.0061
2173.358,1.0387,0.0061
2173.859,1.0278,0.0061
2174.359,1.0290,0.0061
2174.860,1.0429,0.0060
2175.361,1.0356,0.0060
2175.862,1.0133,0.0060
2176.363,1.0281,0.0060
2176.864,1.0367,0.0061
2177.365,1.0340,0.0061
2177.867,1.0375,0.0061
2178.368,1.0336,0.0061
2178.870,1.0336,0.0060
2179.372,1.0285,0.0060
2179.874,1.0290,0.0061
2180.375,1.0154,0.0061
2180.877,1.0143,0.0060
2181.380,1.0189,0.0060
2181.882,1.0063,0.0060
2182.385,1.0186,0.0060
2182.887,1.0137,0.0060
2183.390,1.0174,0.0060
2183.893,1.0212,0.0059
2184.396,1.0059,0.0059
2184.899,1.0103,0.0059
2185.402,1.0147,0.0060
2185.905,1.0144,0.0059
2186.408,1.0119,0.0059
2186.912,1.0070,0.0059
2187.416,1.0182,0.0060
2187.919,1.0203,0.0060
2188.423,1.0082,0.0060
2188.927,1.0072,0.0060
2189.431,1.0049,0.0060
2189.935,1.0085,0.0060
2190.440,1.0116,0.0060
2190.944,1.0164,0.0060
2191.448,1.0020,0.0060
2191.953,0.9985,0.0059
2192.458,1.0005,0.0059
2192.963,1.0012,0.0060
2193.468,1.0137,0.0060
2193.973,1.0056,0.0059
2194.478,0.9989,0.0059
2194.984,1.0035,0.0059
2195.489,0.9977,0.0059
2195.995,0.9995,0.0059
2196.500,0.9864,0.0059
2197.006,0.9879,0.0059
2197.512,0.9958,0.0060
2198.018,0.9955,0.0059
2198.524,0.9944,0.0059
2199.031,0.9971,0.0058
2199.537,0.9951,0.0059
2200.044,0.9866,0.0058
2200.550,0.9881,0.0058
2201.057,0.9958,0.0059
2201.564,1.0024,0.0059
2202.071,0.9873,0.0059
2202.578,0.9926,0.0059
2203.085,1.0003,0.0059
2203.593,0.9877,0.0059
2204.100,0.9977,0.0060
2204.607,0.9994,0.0059
2205.115,0.9973,0.0059
2205.623,0.9888,0.0059
2206.131,0.9989,0.0059
2206.639,1.0091,0.0059
2207.147,0.9875,0.0059
2207.655,0.9959,0.0058
2208.164,0.9896,0.0058
2208.672,0.9917,0.0058
2209.181,0.9998,0.0058
2209.690,0.9963,0.0058
2210.198,1.0020,0.0058
2210.708,0.9979,0.0058
2211.217,0.9995,0.0058
2211.726,1.0065,0.0058
2212.235,0.9919,0.0058
2212.745,0.9963,0.0058
2213.254,0.9939,0.0058
2213.764,0.9934,0.0058
2214.273,0.9870,0.0058
2214.784,0.9914,0.0058
2215.294,1.0004,0.0058
2215.804,1.0003,0.0058
2216.314,1.0022,0.0058
2216.824,0.9968,0.0058
2217.335,0.9960,0.0058
2217.845,0.9958,0.0058
2218.356,0.9870,0.0058
2218.867,1.0007,0.0057
2219.378,0.9899,0.0057
2219.889,1.0075,0.0058
2220.400,1.0079,0.0058
2220.912,0.9927,0.0058
2221.423,0.9934,0.0057
2221.935,1.0006,0.0057
2222.447,0.9997,0.0057
2222.958,1.0029,0.0057
2223.470,0.9944,0.0057
2223.982,0.9848,0.0057
2224.494,0.9967,0.0057
2225.007,0.9899,0.0057
2225.519,0.9886,0.0057
2226.031,0.9923,0.0058
2226.544,1.0003,0.0058
2227.057,0.9946,0.0057
2227.570,0.9900,0.0057
2228.083,0.9876,0.0057
2228.596,1.0011,0.0057
2229.109,0.9924,0.0057
2229.622,0.9850,0.0057
2230.136,0.9854,0.0057
2230.649,0.9905,0.0058
2231.163,0.9828,0.0058
2231.677,0.9824,0.0057
2232.191,0.9867,0.0057
2232.705,0.9941,0.0057
2233.219,0.9813,0.0057
2233.733,0.9787,0.0057
2234.248,0.9797,0.0058
2234.762,0.9848,0.0058
2235.277,0.9818,0.0058
2235.792,0.9759,0.0057
2236.306,0.9648,0.0057
2236.821,0.9660,0.0057
2237.336,0.9688,0.0057
2237.852,0.9724,0.0057
2238.367,0.9696,0.0057
2238.882,0.9708,0.0057
2239.398,0.9691,0.0057
2239.914,0.9645,0.0057
2240.429,0.9704,0.0057
2240.945,0.9765,0.0057
2241.461,0.9792,0.0056
2241.978,0.9660,0.0057
2242.494,0.9772,0.0057
2243.010,0.9717,0.0057
2243.527,0.9729,0.0056
2244.043,0.9825,0.0056
2244.560,0.9783,0.0057
2245.077,0.9693,0.0057
2245.594,0.9788,0.0057
2246.111,0.9778,0.0057
2246.629,0.9611,0.0058
2247.146,0.9812,0.0058
2247.663,0.9783,0.0058
2248.181,0.9695,0.0057
2248.699,0.9735,0.0057
2249.217,0.9687,0.0058
2249.735,0.9673,0.0058
2250.253,0.9828,0.0058
2250.771,0.9740,0.0057
2251.289,0.9770,0.0056
2251.808,0.9872,0.0057
2252.326,0.9836,0.0057
2252.845,0.9861,0.0057
2253.364,0.9833,0.0057
2253.883,0.9732,0.0056
2254.402,0.9681,0.0056
2254.921,0.9663,0.0056
2255.440,0.9756,0.0056
2255.959,0.9775,0.0056
2256.479,0.9676,0.0056
2256.999,0.9798,0.0057
2257.518,0.9797,0.0057
2258.038,0.9871,0.0057
2258.558,0.9847,0.0058
2259.078,0.9767,0.0057
2259.599,0.9877,0.0056
2260.119,0.9931,0.0056
2260.639,0.9770,0.0057
2261.160,0.9844,0.0057
2261.681,0.9868,0.0057
2262.201,0.9876,0.0057
2262.722,0.9846,0.0057
2263.243,0.9836,0.0057
2263.765,0.9764,0.0056
2264.286,0.9806,0.0056
2264.807,0.9850,0.0056
2265.329,0.9797,0.0057
2265.851,0.9797,0.0057
2266.373,0.9878,0.0056
2266.895,0.9820,0.0056
2267.417,0.9791,0.0056
2267.939,0.9890,0.0056
2268.461,0.9880,0.0056
2268.983,0.9835,0.0056
2269.506,0.9874,0.0056
2270.028,0.9910,0.0056
2270.551,0.9963,0.0056
2271.074,0.9897,0.0056
2271.597,0.9880,0.0056
2272.120,0.9954,0.0056
2272.643,1.0021,0.0056
2273.167,0.9965,0.0056
2273.690,0.9932,0.0056
2274.214,0.9925,0.0056
2274.738,0.9850,0.0057
2275.261,0.9794,0.0057
2275.785,0.9925,0.0057
2276.309,0.9958,0.0057
2276.833,1.0035,0.0057
2277.358,0.9971,0.0056
2277.882,0.9933,0.0056
2278.407,0.9999,0.0056
2278.931,0.9912,0.0056
2279.456,1.0049,0.0055
2279.981,1.0030,0.0055
2280.506,0.9937,0.0055
2281.031,1.0010,0.0055
2281.557,1.0027,0.0056
2282.082,0.9961,0.0055
2282.608,0.9996,0.0055
2283.133,1.0143,0.0056
2283.659,1.0019,0.0056
2284.185,1.0011,0.0056
2284.711,0.9981,0.0057
2285.237,0.9938,0.0057
2285.763,1.0118,0.0057
2286.290,1.0038,0.0056
2286.816,1.0085,0.0056
2287.343,1.0091,0.0057
2287.870,1.0030,0.0056
2288.396,1.0052,0.0055
2288.924,0.9974,0.0055
2289.451,1.0156,0.0055
2289.978,1.0087,0.0055
2290.505,1.0095,0.0055
2291.033,1.0150,0.0055
2291.560,1.0124,0.0055
2292.088,1.0077,0.0055
2292.616,1.0086,0.0055
2293.144,1.0110,0.0055
2293.672,1.0123,0.0056
2294.200,1.0122,0.0056
2294.728,1.0106,0.0056
2295.257,1.0114,0.0056
2295.785,1.0144,0.0056
2296.314,1.0076,0.0057
2296.843,1.0149,0.0056
2297.372,1.0175,0.0056
2297.901,1.0184,0.0056
2298.430,1.0173,0.0055
2298.959,1.0166,0.0055
2299.489,1.0194,0.0055
2300.018,1.0184,0.0055
2300.548,1.0165,0.0055
2301.078,1.0184,0.0055
2301.608,1.0205,0.0055
2302.137,1.0301,0.0055
2302.668,1.0308,0.0055
2303.198,1.0259,0.0055
2303.729,1.0117,0.0055
2304.259,1.0202,0.0055
2304.790,1.0190,0.0054
2305.320,1.0117,0.0054
2305.851,1.0239,0.0054
2306.382,1.0294,0.0055
2306.913,1.0274,0.0055
2307.445,1.0211,0.0055
2307.976,1.0248,0.0055
2308.508,1.0216,0.0055
2309.039,1.0215,0.0056
2309.571,1.0166,0.0056
2310.103,1.0238,0.0055
2310.635,1.0207,0.0055
2311.167,1.0332,0.0055
2311.699,1.0328,0.0055
2312.231,1.0173,0.0054
2312.764,1.0218,0.0055
2313.296,1.0316,0.0055
2313.829,1.0155,0.0055
2314.362,1.0160,0.0055
2314.895,1.0303,0.0055
2315.428,1.0278,0.0055
2315.961,1.0280,0.0055
2316.495,1.0267,0.0055
2317.028,1.0312,0.0055
2317.562,1.0300,0.0055
2318.095,1.0320,0.0055
2318.629,1.0388,0.0055
2319.163,1.0348,0.0055
2319.697,1.0414,0.0055
2320.231,1.0361,0.0055
2320.766,1.0390,0.0055
2321.300,1.0338,0.0055
2321.834,1.0359,0.0056
2322.369,1.0386,0.0056
2322.904,1.0397,0.0055
2323.439,1.0325,0.0055
2323.974,1.0362,0.0055
2324.509,1.0361,0.0055
2325.044,1.0340,0.0055
2325.580,1.0337,0.0055
2326.115,1.0389,0.0055
2326.651,1.0271,0.0055
2327.187,1.0276,0.0055
2327.723,1.0349,0.0055
2328.259,1.0430,0.0054
2328.795,1.0337,0.0054
2329.331,1.0293,0.0055
2329.868,1.0337,0.0055
2330.405,1.0489,0.0055
2330.941,1.0393,0.0055
2331.478,1.0361,0.0055
2332.015,1.0321,0.0054
2332.552,1.0201,0.0054
2333.089,1.0260,0.0054
2333.626,1.0385,0.0055
2334.164,1.0233,0.0055
2334.701,1.0173,0.0055
2335.239,1.0360,0.0055
2335.776,1.0272,0.0054
2336.314,1.0216,0.0054
2336.853,1.0280,0.0055
2337.391,1.0357,0.0056
2337.929,1.0142,0.0055
2338.467,1.0230,0.0055
2339.006,1.0217,0.0054
2339.544,1.0191,0.0054
2340.083,1.0286,0.0054
2340.622,1.0349,0.0055
2341.161,1.0301,0.0055
2341.700,1.0225,0.0055
2342.240,1.0203,0.0054
2342.779,1.0106,0.0054
2343.318,1.0167,0.0054
2343.858,1.0066,0.0054
2344.398,1.0095,0.0054
2344.938,1.0086,0.0054
2345.478,1.0062,0.0054
2346.018,1.0146,0.0053
2346.558,1.0031,0.0054
2347.098,1.0095,0.0054
2347.639,1.0147,0.0054
2348.179,1.0244,0.0054
2348.720,1.0131,0.0054
2349.261,1.0041,0.0054
2349.802,1.0107,0.0054
2350.343,1.0126,0.0054
2350.885,1.0016,0.0054
2351.426,1.0143,0.0053
2351.967,1.0102,0.0053
2352.509,0.9948,0.0053
2353.051,0.9921,0.0054
2353.593,0.9891,0.0054
2354.135,0.9989,0.0054
2354.677,1.0021,0.0053
2355.219,1.0083,0.0053
2355.761,1.0000,0.0053
2356.304,0.9926,0.0053
2356.846,1.0136,0.0054
2357.389,0.9959,0.0054
2357.932,0.9907,0.0055
2358.475,0.9942,0.0054
2359.018,0.9995,0.0054
2359.561,0.9883,0.0054
2360.105,0.9946,0.0055
2360.648,1.0028,0.0055
2361.192,1.0020,0.0055
2361.736,1.0010,0.0054
2362.280,1.0009,0.0054
2362.823,0.9983,0.0053
2363.368,0.9961,0.0053
2363.912,0.9933,0.0053
2364.456,0.9921,0.0053
2365.001,0.9977,0.0054
2365.545,0.9981,0.0054
2366.090,0.9866,0.0053
2366.635,0.9720,0.0053
2367.180,0.9789,0.0053
2367.725,0.9849,0.0053
2368.270,0.9919,0.0053
2368.816,0.9959,0.0054
2369.361,1.0007,0.0054
2369.907,0.9992,0.0054
2370.453,0.9856,0.0054
2370.999,0.9940,0.0053
2371.545,0.9958,0.0054
2372.091,0.9902,0.0054
2372.637,0.9909,0.0054
2373.183,0.9875,0.0054
2373.730,0.9848,0.0054
2374.276,0.9894,0.0054
2374.823,1.0076,0.0054
2375.370,1.0003,0.0054
2375.917,0.9970,0.0053
2376.464,0.9887,0.0052
2377.011,0.9866,0.0053
2377.559,0.9984,0.0053
2378.106,0.9988,0.0053
2378.654,0.9956,0.0053
2379.202,0.9861,0.0053
2379.750,0.9898,0.0052
2380.298,0.9796,0.0053
2380.846,0.9836,0.0053
2381.394,0.9907,0.0054
2381.943,0.9797,0.0054
2382.491,0.9885,0.0054
2383.040,0.9917,0.0054
2383.589,0.9937,0.0053
2384.137,1.0005,0.0053
2384.687,0.9944,0.0053
2385.236,0.9852,0.0053
2385.785,0.9890,0.0054
2386.334,1.0052,0.0053
2386.884,0.9988,0.0053
2387.434,0.9894,0.0052
2387.983,0.9982,0.0052
2388.533,1.0072,0.0053
2389.083,0.9990,0.0053
2389.634,0.9927,0.0053
2390.184,0.9954,0.0053
2390.734,0.9865,0.0053
2391.285,0.9806,0.0052
2391.835,0.9812,0.0052
2392.386,0.9849,0.0053
2392.937,0.9791,0.0053
2393.488,0.9864,0.0053
2394.039,1.0018,0.0054
2394.591,0.9972,0.0053
2395.142,0.9834,0.0053
2395.694,0.9903,0.0053
2396.245,0.9909,0.0052
2396.797,0.9865,0.0052
2397.349,0.9959,0.0052
2397.901,0.9981,0.0052
2398.453,0.9997,0.0053
2399.006,0.9960,0.0053
2399.558,0.9987,0.0054
2400.111,0.9966,0.0054
2400.664,0.9976,0.0054
2401.216,0.9829,0.0053
2401.769,0.9864,0.0053
2402.322,1.0045,0.0053
2402.875,1.0045,0.0053
2403.429,1.0029,0.0053
2403.982,0.9901,0.0052
2404.536,0.9928,0.0052
2405.090,0.9978,0.0053
2405.644,0.9892,0.0053
2406.198,0.9989,0.0053
2406.752,1.0013,0.0053
2407.306,1.0022,0.0053
2407.860,0.9994,0.0053
2408.415,0.9987,0.0053
2408.969,1.0072,0.0053
2409.524,1.0065,0.0053
2410.079,1.0039,0.0054
2410.634,1.0146,0.0054
2411.189,1.0154,0.0054
2411.744,0.9917,0.0054
2412.300,1.0054,0.0054
2412.855,1.0237,0.0054
2413.411,1.0123,0.0055
2413.967,0.9979,0.0054
2414.522,0.9975,0.0054
2415.079,1.0031,0.0054
2415.635,1.0072,0.0054
2416.191,1.0006,0.0053
2416.747,1.0078,0.0053
2417.304,1.0124,0.0053
2417.861,1.0143,0.0053
2418.417,1.0098,0.0053
2418.975,1.0121,0.0053
2419.531,1.0231,0.0053
2420.089,1.0035,0.0053
2420.646,1.0132,0.0054
2421.203,1.0108,0.0054
2421.761,1.0080,0.0053
2422.319,1.0223,0.0053
2422.876,1.0144,0.0053
2423.435,1.0186,0.0054
2423.992,1.0215,0.0054
2424.551,1.0019,0.0054
2425.109,1.0225,0.0054
2425.667,1.0136,0.0054
2426.226,1.0080,0.0054
2426.785,1.0213,0.0054
2427.344,1.0135,0.0053
2427.903,1.0013,0.0054
2428.462,1.0212,0.0054
2429.021,1.0157,0.0053
2429.581,1.0105,0.0053
2430.140,1.0151,0.0053
2430.700,1.0052,0.0053
2431.259,1.0063,0.0052
2431.819,1.0136,0.0052
2432.379,1.0030,0.0053
2432.939,1.0055,0.0053
2433.500,1.0042,0.0053
2434.060,1.0088,0.0053
2434.621,1.0175,0.0053
2435.181,1.0148,0.0053
2435.742,1.0010,0.0053
2436.303,0.9956,0.0053
2436.864,0.9983,0.0053
2437.425,0.9963,0.0052
2437.987,0.9957,0.0052
2438.548,1.0067,0.0053
2439.109,1.0046,0.0053
2439.671,0.9977,0.0053
2440.233,0.9960,0.0053
2440.795,1.0016,0.0053
2441.357,0.9843,0.0052
2441.919,0.9900,0.0052
2442.481,0.9981,0.0052
2443.044,0.9945,0.0053
2443.607,0.9931,0.0054
2444.169,0.9869,0.0054
2444.732,0.9866,0.0053
2445.295,0.9881,0.0053
2445.858,0.9826,0.0052
2446.422,0.9912,0.0052
2446.985,0.9960,0.0053
2447.548,0.9900,0.0053
2448.112,0.9864,0.0053
2448.676,0.9833,0.0052
2449.240,0.9762,0.0052
2449.804,0.9825,0.0052
2450.368,0.9925,0.0052
2450.932,0.9833,0.0052
2451.497,0.9833,0.0053
2452.061,0.9898,0.0053
2452.626,0.9903,0.0054
2453.191,0.9893,0.0054
2453.755,0.9831,0.0054
2454.321,0.9825,0.0054
2454.886,0.9827,0.0054
2455.451,0.9793,0.0054
2456.017,0.9779,0.0054
2456.582,0.9806,0.0053
2457.148,0.9831,0.0053
2457.714,0.9794,0.0052
2458.280,0.9859,0.0053
2458.846,0.9765,0.0053
2459.412,0.9778,0.0053
2459.978,0.9846,0.0054
2460.545,0.9879,0.0054
2461.111,0.9858,0.0053
2461.678,0.9829,0.0053
2462.245,0.9854,0.0053
2462.812,0.9771,0.0052
2463.379,0.9861,0.0052
2463.947,0.9837,0.0053
2464.514,0.9888,0.0053
2465.082,0.9896,0.0054
2465.649,0.9887,0.0053
2466.217,0.9929,0.0053
2466.785,0.9988,0.0053
2467.353,0.9823,0.0053
2467.921,0.9773,0.0053
2468.490,0.9852,0.0054
2469.058,0.9864,0.0053
2469.626,0.9932,0.0053
2470.195,0.9935,0.0053
2470.764,0.9940,0.0053
2471.333,0.9973,0.0053
2471.902,0.9945,0.0053
2472.471,0.9971,0.0053
2473.041,0.9910,0.0053
2473.610,0.9845,0.0053
2474.180,0.9940,0.0053
2474.750,0.9839,0.0053
2475.320,0.9836,0.0053
2475.890,0.9847,0.0053
2476.460,0.9890,0.0053
2477.030,0.9809,0.0053
2477.601,0.9707,0.0053
2478.171,0.9787,0.0053
2478.742,0.9757,0.0053
2479.313,0.9837,0.0053
2479.884,0.9771,0.0053
2480.455,0.9737,0.0053
2481.026,0.9867,0.0052
2481.597,0.9839,0.0052
2482.169,0.9814,0.0052
2482.740,0.9819,0.0052
2483.312,0.9871,0.0052
2483.884,0.9883,0.0052
2484.456,0.9770,0.0052
2485.028,0.9714,0.0052
2485.600,0.9734,0.0053
2486.173,0.9723,0.0053
2486.745,0.9750,0.0053
2487.318,0.9777,0.0053
2487.891,0.9852,0.0053
2488.463,0.9840,0.0054
2489.037,0.9770,0.0054
2489.610,0.9847,0.0054
2490.183,0.9894,0.0054
2490.757,0.9892,0.0054
2491.330,0.9696,0.0054
2491.904,0.9758,0.0054
2492.478,0.9754,0.0053
2493.052,0.9746,0.0054
2493.626,0.9683,0.0054
2494.200,0.9655,0.0054
2494.774,0.9845,0.0054
2495.349,0.9811,0.0053
2495.924,0.9609,0.0053
2496.499,0.9717,0.0053
2497.073,0.9651,0.0052
2497.648,0.9633,0.0052
2498.224,0.9670,0.0052
2498.799,0.9626,0.0052
2499.374,0.9673,0.0052
2499.950,0.9664,0.0051
2500.526,0.9688,0.0052
2501.101,0.9633,0.0052
2501.677,0.9672,0.0052
2502.253,0.9617,0.0052
2502.830,0.9616,0.0052
2503.406,0.9766,0.0052
2503.982,0.9726,0.0053
2504.559,0.9770,0.0053
2505.136,0.9645,0.0053
2505.713,0.9560,0.0053
2506.290,0.9618,0.0053
2506.867,0.9725,0.0053
2507.444,0.9607,0.0053
2508.022,0.9729,0.0053
2508.599,0.9603,0.0053
2509.177,0.9514,0.0052
2509.755,0.9625,0.0053
2510.333,0.9725,0.0053
2510.911,0.9658,0.0053
2511.489,0.9551,0.0053
2512.067,0.9580,0.0053
2512.646,0.9712,0.0052
2513.224,0.9512,0.0052
2513.803,0.9498,0.0053
2514.382,0.9565,0.0053
2514.961,0.9682,0.0054
2515.540,0.9725,0.0054
2516.120,0.9644,0.0053
2516.699,0.9659,0.0053
2517.279,0.9549,0.0053
2517.858,0.9466,0.0053
2518.438,0.9501,0.0053
2519.018,0.9491,0.0053
2519.598,0.9574,0.0053
2520.178,0.9633,0.0053
2520.759,0.9517,0.0053
2521.339,0.9511,0.0053
2521.920,0.9518,0.0053
2522.501,0.9515,0.0053
2523.082,0.9561,0.0053
2523.663,0.9607,0.0054
2524.244,0.9460,0.0054
2524.825,0.9472,0.0054
2525.406,0.9514,0.0053
2525.988,0.9502,0.0053
2526.570,0.9447,0.0054
2527.152,0.9560,0.0054
2527.733,0.9477,0.0054
2528.316,0.9506,0.0053
2528.898,0.9485,0.0052
2529.480,0.9416,0.0053
2530.063,0.9496,0.0053
2530.646,0.9518,0.0053
2531.228,0.9350,0.0054
2531.811,0.9285,0.0054
2532.394,0.9463,0.0054
2532.977,0.9469,0.0054
2533.561,0.9596,0.0054
2534.144,0.9513,0.0055
2534.728,0.9468,0.0054
2535.311,0.9405,0.0053
2535.895,0.9415,0.0053
2536.479,0.9320,0.0054
2537.063,0.9376,0.0054
2537.647,0.9466,0.0053
2538.232,0.9442,0.0053
2538.816,0.9376,0.0053
2539.401,0.9363,0.0053
2539.986,0.9408,0.0054
2540.571,0.9303,0.0054
2541.156,0.9376,0.0054
2541.741,0.9416,0.0054
2542.326,0.9353,0.0053
2542.912,0.9442,0.0054
2543.498,0.9458,0.0054
2544.083,0.9284,0.0054
2544.669,0.9370,0.0053
2545.255,0.9380,0.0053
2545.841,0.9408,0.0054
2546.427,0.9458,0.0054
2547.014,0.9353,0.0054
2547.600,0.9258,0.0053
2548.187,0.9247,0.0053
2548.774,0.9244,0.0054
2549.361,0.9332,0.0054
2549.948,0.9134,0.0053
2550.535,0.9199,0.0053
2551.122,0.9312,0.0053
2551.710,0.9291,0.0053
2552.297,0.9308,0.0053
2552.885,0.9311,0.0053
2553.473,0.9337,0.0053
2554.061,0.9348,0.0053
2554.649,0.9262,0.0053
2555.238,0.9221,0.0053
2555.826,0.9195,0.0053
2556.415,0.9189,0.0054
2557.003,0.9225,0.0054
2557.592,0.9142,0.0053
2558.181,0.9174,0.0054
2558.770,0.9197,0.0054
2559.360,0.9197,0.0054
2559.949,0.9338,0.0055
2560.538,0.9212,0.0054
2561.128,0.9208,0.0053
2561.718,0.9226,0.0053
2562.308,0.9204,0.0053
2562.898,0.9255,0.0054
2563.488,0.9231,0.0053
2564.078,0.9220,0.0052
2564.669,0.9106,0.0052
2565.259,0.9096,0.0052
2565.850,0.9205,0.0053
2566.441,0.9238,0.0053
2567.032,0.9141,0.0053
2567.623,0.9090,0.0053
2568.214,0.9105,0.0053
2568.806,0.9093,0.0053
2569.397,0.9085,0.0053
2569.989,0.9216,0.0054
2570.581,0.9175,0.0055
2571.173,0.9119,0.0054
2571.765,0.9113,0.0054
2572.357,0.9083,0.0054
2572.950,0.9168,0.0055
2573.542,0.9195,0.0054
2574.135,0.9066,0.0054
2574.728,0.9044,0.0054
2575.321,0.9018,0.0053
2575.914,0.9091,0.0053
2576.507,0.9050,0.0053
2577.100,0.9096,0.0053
2577.694,0.9040,0.0053
2578.287,0.9023,0.0053
2578.881,0.9045,0.0053
2579.475,0.9173,0.0054
2580.069,0.9142,0.0054
2580.663,0.8999,0.0054
2581.257,0.9030,0.0053
2581.852,0.9049,0.0053
2582.446,0.9009,0.0054
2583.041,0.8986,0.0054
2583.636,0.8994,0.0053
2584.231,0.9016,0.0053
2584.826,0.8977,0.0053
2585.421,0.9065,0.0053
2586.017,0.9122,0.0054
2586.612,0.9146,0.0054
2587.208,0.8907,0.0053
2587.803,0.8943,0.0054
2588.399,0.8995,0.0054
2588.996,0.8884,0.0053
2589.592,0.8934,0.0053
2590.188,0.8933,0.0053
2590.784,0.8970,0.0054
2591.381,0.9004,0.0054
2591.978,0.8846,0.0055
2592.575,0.8912,0.0055
2593.172,0.9076,0.0054
2593.769,0.9001,0.0053
2594.366,0.8905,0.0052
2594.964,0.8934,0.0053
2595.561,0.8891,0.0053
2596.159,0.8922,0.0054
2596.757,0.8880,0.0053
2597.355,0.8878,0.0053
2597.953,0.9040,0.0054
2598.551,0.8959,0.0054
2599.150,0.8982,0.0054
2599.748,0.8938,0.0054
2600.347,0.8805,0.0054
2600.946,0.8956,0.0054
2601.545,0.9052,0.0055
2602.144,0.8853,0.0055
2602.743,0.8846,0.0055
2603.342,0.8879,0.0056
2603.942,0.8860,0.0055
2604.542,0.8921,0.0055
2605.141,0.8900,0.0054
2605.741,0.8928,0.0054
2606.341,0.9064,0.0055
2606.942,0.9037,0.0055
2607.542,0.8969,0.0055
2608.142,0.8932,0.0055
2608.743,0.8902,0.0055
2609.344,0.8914,0.0054
2609.945,0.8826,0.0053
2610.545,0.8964,0.0053
2611.147,0.8958,0.0053
2611.748,0.8856,0.0054
2612.350,0.8838,0.0055
2612.951,0.8876,0.0055
2613.553,0.9003,0.0055
2614.155,0.8946,0.0055
2614.757,0.8910,0.0055
2615.359,0.8961,0.0055
2615.961,0.9000,0.0055
2616.563,0.8973,0.0056
2617.166,0.8972,0.0056
2617.769,0.8893,0.0055
2618.372,0.8960,0.0055
2618.975,0.8852,0.0055
2619.578,0.8868,0.0054
2620.181,0.8827,0.0054
2620.784,0.8935,0.0054
2621.388,0.8752,0.0054
2621.992,0.8760,0.0054
2622.595,0.8919,0.0054
2623.199,0.9067,0.0054
2623.803,0.8961,0.0054
2624.408,0.8865,0.0055
2625.012,0.8805,0.0054
2625.616,0.8792,0.0055
2626.221,0.8956,0.0055
2626.826,0.8960,0.0056
2627.431,0.8784,0.0055
2628.036,0.8964,0.0056
2628.641,0.8928,0.0055
2629.246,0.8924,0.0055
2629.852,0.8883,0.0056
2630.457,0.8843,0.0056
2631.063,0.8879,0.0055
2631.669,0.8733,0.0054
2632.275,0.8803,0.0054
2632.881,0.8840,0.0055
2633.488,0.8827,0.0054
2634.094,0.8698,0.0054
2634.701,0.8673,0.0054
2635.307,0.8778,0.0055
2635.914,0.8737,0.0055
2636.521,0.8797,0.0055
2637.128,0.8716,0.0055
2637.736,0.8665,0.0054
2638.343,0.8719,0.0055
2638.951,0.8621,0.0055
2639.558,0.8639,0.0055
2640.166,0.8685,0.0056
2640.774,0.8640,0.0055
2641.382,0.8645,0.0055
2641.991,0.8617,0.0055
2642.599,0.8628,0.0055
2643.208,0.8630,0.0056
2643.816,0.8550,0.0056
2644.425,0.8595,0.0056
2645.034,0.8531,0.0055
2645.643,0.8525,0.0054
2646.252,0.8481,0.0054
2646.862,0.8541,0.0054
2647.471,0.8480,0.0055
2648.081,0.8475,0.0055
2648.691,0.8466,0.0055
2649.301,0.8371,0.0054
2649.911,0.8432,0.0055
2650.521,0.8485,0.0054
2651.132,0.8413,0.0054
2651.742,0.8404,0.0054
2652.353,0.8464,0.0054
2652.964,0.8450,0.0055
2653.574,0.8389,0.0056
2654.186,0.8413,0.0055
2654.797,0.8391,0.0055
2655.408,0.8437,0.0055
2656.020,0.8420,0.0055
2656.631,0.8329,0.0055
2657.243,0.8375,0.0055
2657.855,0.8325,0.0055
2658.467,0.8394,0.0055
2659.079,0.8435,0.0055
2659.692,0.8406,0.0055
2660.304,0.8349,0.0055
2660.917,0.8326,0.0054
2661.529,0.8230,0.0054
2662.142,0.8345,0.0055
2662.755,0.8402,0.0055
2663.369,0.8340,0.0055
2663.982,0.8296,0.0055
2664.595,0.8362,0.0054
2665.209,0.8421,0.0054
2665.823,0.8260,0.0054
2666.437,0.8365,0.0054
2667.051,0.8502,0.0054
2667.665,0.8452,0.0054
2668.279,0.8445,0.0054
2668.894,0.8405,0.0054
2669.508,0.8369,0.0054
2670.123,0.8275,0.0054
2670.738,0.8342,0.0055
2671.353,0.8391,0.0056
2671.968,0.8390,0.0056
2672.583,0.8482,0.0057
2673.199,0.8581,0.0058
2673.815,0.8512,0.0058
2674.430,0.8367,0.0057
2675.046,0.8376,0.0056
2675.662,0.8323,0.0056
2676.278,0.8373,0.0056
2676.895,0.8296,0.0055
2677.511,0.8290,0.0054
2678.128,0.8439,0.0055
2678.744,0.8403,0.0055
2679.361,0.8410,0.0055
2679.978,0.8393,0.0054
2680.595,0.8401,0.0054
2681.213,0.8414,0.0054
2681.830,0.8409,0.0054
2682.448,0.8434,0.0054
2683.065,0.8513,0.0054
2683.683,0.8526,0.0055
2684.301,0.8445,0.0056
2684.920,0.8503,0.0056
2685.538,0.8458,0.0056
2686.156,0.8397,0.0056
2686.775,0.8378,0.0056
2687.394,0.8498,0.0056
2688.012,0.8489,0.0056
2688.632,0.8311,0.0056
2689.251,0.8361,0.0055
2689.870,0.8444,0.0055
2690.490,0.8370,0.0056
2691.109,0.8379,0.0056
2691.729,0.8427,0.0056
2692.348,0.8453,0.0056
2692.969,0.8322,0.0056
2693.589,0.8479,0.0056
2694.209,0.8535,0.0056
2694.830,0.8391,0.0056
2695.450,0.8532,0.0056
2696.071,0.8435,0.0056
2696.692,0.8337,0.0056
2697.313,0.8492,0.0056
2697.934,0.8497,0.0056
2698.555,0.8453,0.0056
2699.177,0.8591,0.0058
2699.798,0.8561,0.0059
2700.420,0.8471,0.0059
2701.042,0.8372,0.0058
2701.664,0.8322,0.0059
2702.286,0.8457,0.0059
2702.908,0.8420,0.0059
2703.531,0.8440,0.0058
2704.153,0.8452,0.0057
2704.776,0.8427,0.0057
2705.399,0.8656,0.0058
2706.022,0.8523,0.0057
2706.645,0.8529,0.0056
2707.268,0.8488,0.0056
2707.892,0.8435,0.0056
2708.515,0.8509,0.0057
2709.139,0.8483,0.0057
2709.763,0.8571,0.0058
2710.387,0.8543,0.0059
2711.011,0.8434,0.0058
2711.635,0.8495,0.0058
2712.260,0.8522,0.0057
2712.884,0.8580,0.0057
2713.509,0.8451,0.0057
2714.134,0.8367,0.0057
2714.759,0.8468,0.0057
2715.384,0.8589,0.0057
2716.010,0.8628,0.0057
2716.635,0.8574,0.0057
2717.260,0.8574,0.0057
2717.886,0.8567,0.0057
2718.512,0.8477,0.0056
2719.138,0.8550,0.0056
2719.764,0.8661,0.0058
2720.391,0.8794,0.0059
2721.017,0.8799,0.0059
2721.644,0.8680,0.0059
2722.271,0.8616,0.0059
2722.897,0.8656,0.0058
2723.524,0.8552,0.0058
2724.152,0.8536,0.0058
2724.779,0.8687,0.0058
2725.406,0.8643,0.0058
2726.034,0.8683,0.0058
2726.662,0.8832,0.0059
2727.290,0.8680,0.0059
2727.918,0.8762,0.0059
2728.546,0.8749,0.0059
2729.174,0.8750,0.0060
2729.803,0.8880,0.0059
2730.431,0.8823,0.0059
2731.060,0.8868,0.0059
2731.689,0.8919,0.0060
2732.318,0.8871,0.0060
2732.948,0.8856,0.0061
2733.577,0.8867,0.0061
2734.206,0.8923,0.0059
2734.836,0.8967,0.0058
2735.466,0.8816,0.0058
2736.096,0.8762,0.0058
2736.726,0.8918,0.0059
2737.356,0.9030,0.0060
2737.986,0.8917,0.0061
2738.617,0.9057,0.0062
2739.248,0.9017,0.0061
2739.878,0.9046,0.0061
2740.509,0.9185,0.0061
2741.140,0.8987,0.0062
2741.772,0.9099,0.0062
2742.403,0.8964,0.0061
2743.035,0.9001,0.0061
2743.666,0.9185,0.0062
2744.298,0.9129,0.0062
2744.930,0.9128,0.0062
2745.562,0.9188,0.0061
2746.194,0.9045,0.0061
2746.827,0.9089,0.0062
2747.459,0.9207,0.0062
2748.092,0.9055,0.0062
2748.725,0.9058,0.0062
2749.358,0.9018,0.0061
2749.991,0.9071,0.0060
2750.624,0.9328,0.0060
2751.258,0.9254,0.0060
2751.891,0.9089,0.0059
2752.525,0.9195,0.0060
2753.159,0.9092,0.0060
2753.793,0.9265,0.0060
2754.427,0.9160,0.0060
2755.061,0.9072,0.0060
2755.696,0.9168,0.0060
2756.331,0.9204,0.0060
2756.965,0.9284,0.0061
2757.600,0.9266,0.0062
2758.235,0.9093,0.0062
2758.870,0.9150,0.0062
2759.506,0.9336,0.0063
2760.141,0.9260,0.0064
2760.777,0.9311,0.0063
2761.412,0.9279,0.0062
2762.048,0.9369,0.0061
2762.685,0.9468,0.0061
2763.321,0.9395,0.0061
2763.957,0.9439,0.0061
2764.594,0.9380,0.0061
2765.230,0.9389,0.0061
2765.867,0.9396,0.0060
2766.504,0.9470,0.0060
2767.141,0.9482,0.0060
2767.778,0.9587,0.0060
2768.416,0.9642,0.0060
2769.053,0.9655,0.0062
2769.691,0.9519,0.0062
2770.329,0.9607,0.0063
2770.967,0.9663,0.0063
2771.604,0.9599,0.0063
2772.243,0.9665,0.0063
2772.881,0.9732,0.0064
2773.520,0.9668,0.0064
2774.159,0.9729,0.0063
2774.797,0.9923,0.0064
2775.436,0.9759,0.0064
2776.076,0.9740,0.0064
2776.715,0.9951,0.0063
2777.354,0.9963,0.0063
2777.994,1.0000,0.0063
2778.634,1.0038,0.0064
2779.273,1.0055,0.0065
2779.914,1.0144,0.0065
2780.553,1.0184,0.0064
2781.194,1.0192,0.0063
2781.834,1.0279,0.0063
2782.475,1.0225,0.0063
2783.116,1.0341,0.0064
2783.757,1.0514,0.0066
2784.398,1.0620,0.0067
2785.039,1.0649,0.0066
2785.680,1.0626,0.0065
2786.322,1.0562,0.0064
2786.963,1.0625,0.0064
2787.605,1.0771,0.0065
2788.247,1.0869,0.0065
2788.889,1.0813,0.0064
2789.531,1.0854,0.0064
2790.174,1.0987,0.0065
2790.817,1.1027,0.0066
2791.459,1.1140,0.0066
2792.102,1.1183,0.0066
2792.745,1.1255,0.0065
2793.388,1.1179,0.0065
2794.031,1.1316,0.0065
2794.675,1.1400,0.0066
2795.318,1.1373,0.0065
2795.962,1.1548,0.0066
2796.606,1.1326,0.0066
2797.250,1.1371,0.0067
2797.894,1.1416,0.0067
2798.538,1.1369,0.0067
2799.183,1.1670,0.0067
2799.827,1.1664,0.0068
2800.472,1.1462,0.0068
2801.117,1.1487,0.0067
2801.762,1.1511,0.0067
2802.407,1.1502,0.0066
2803.053,1.1516,0.0067
2803.698,1.1527,0.0067
2804.344,1.1424,0.0067
2804.990,1.1255,0.0067
2805.636,1.1244,0.0067
2806.282,1.1228,0.0067
2806.928,1.1192,0.0068
2807.574,1.1158,0.0067
2808.221,1.1250,0.0068
2808.868,1.1239,0.0068
2809.514,1.1086,0.0069
2810.162,1.1084,0.0069
2810.809,1.0870,0.0069
2811.456,1.0649,0.0069
2812.104,1.0758,0.0069
2812.751,1.0648,0.0069
2813.399,1.0400,0.0068
2814.047,1.0410,0.0068
2814.695,1.0367,0.0068
2815.343,1.0294,0.0069
2815.991,1.0182,0.0069
2816.640,1.0176,0.0068
2817.288,1.0281,0.0068
2817.937,1.0136,0.0068
2818.586,0.9965,0.0067
2819.235,1.0008,0.0066
2819.884,0.9998,0.0065
2820.534,0.9863,0.0066
2821.183,0.9793,0.0066
2821.833,0.9691,0.0066
2822.483,0.9678,0.0066
2823.133,0.9628,0.0065
2823.783,0.9597,0.0066
2824.433,0.9752,0.0066
2825.083,0.9572,0.0064
2825.734,0.9560,0.0063
2826.385,0.9527,0.0064
2827.036,0.9522,0.0065
2827.687,0.9408,0.0065
2828.338,0.9435,0.0066
2828.989,0.9264,0.0066
2829.641,0.9202,0.0067
2830.292,0.9259,0.0067
2830.944,0.9258,0.0066
2831.596,0.9379,0.0065
2832.248,0.9319,0.0066
2832.900,0.9048,0.0066
2833.553,0.9001,0.0067
2834.205,0.9128,0.0069
2834.858,0.9053,0.0068
2835.511,0.9269,0.0067
2836.164,0.9166,0.0066
2836.817,0.8955,0.0066
2837.470,0.9086,0.0066
2838.123,0.9002,0.0067
2838.777,0.8932,0.0066
2839.431,0.8954,0.0066
2840.085,0.8856,0.0065
2840.739,0.8808,0.0064
2841.393,0.8789,0.0064
2842.047,0.8847,0.0065
2842.702,0.8809,0.0066
2843.356,0.8886,0.0067
2844.011,0.8839,0.0068
2844.666,0.8599,0.0067
2845.321,0.8743,0.0067
2845.976,0.8765,0.0067
2846.632,0.8851,0.0067
2847.287,0.8776,0.0067
2847.943,0.8635,0.0068
2848.599,0.8678,0.0068
2849.255,0.8876,0.0069
2849.911,0.8689,0.0069
2850.567,0.8592,0.0069
2851.224,0.8425,0.0068
2851.880,0.8539,0.0068
2852.537,0.8785,0.0067
2853.194,0.8638,0.0067
2853.851,0.8511,0.0068
2854.508,0.8556,0.0068
2855.166,0.8598,0.0068
2855.823,0.8612,0.0070
2856.481,0.8576,0.0068
2857.138,0.8559,0.0066
2857.796,0.8569,0.0066
2858.455,0.8535,0.0066
2859.113,0.8427,0.0065
2859.771,0.8451,0.0065
2860.430,0.8596,0.0066
2861.088,0.8673,0.0066
2861.747,0.8361,0.0066
2862.406,0.8320,0.0067
2863.065,0.8385,0.0066
2863.725,0.8401,0.0066
2864.384,0.8342,0.0066
2865.044,0.8320,0.0065
2865.704,0.8425,0.0065
2866.364,0.8419,0.0067
2867.024,0.8440,0.0066
2867.684,0.8584,0.0066
2868.344,0.8544,0.0067
2869.005,0.8353,0.0066
2869.666,0.8386,0.0065
2870.326,0.8369,0.0065
2870.987,0.8394,0.0066
2871.648,0.8428,0.0066
2872.310,0.8434,0.0067
2872.971,0.8220,0.0066
2873.633,0.8154,0.0066
2874.294,0.8322,0.0066
2874.957,0.8306,0.0066
2875.619,0.8192,0.0066
2876.281,0.8233,0.0066
2876.943,0.8170,0.0065
2877.606,0.8222,0.0066
2878.269,0.8252,0.0067
2878.931,0.8232,0.0068
2879.594,0.8303,0.0066
2880.257,0.8157,0.0065
2880.920,0.8019,0.0065
2881.584,0.8183,0.0066
2882.248,0.8290,0.0065
2882.911,0.8241,0.0065
2883.575,0.8081,0.0066
2884.239,0.7947,0.0066
2884.903,0.7876,0.0065
2885.568,0.8042,0.0067
2886.232,0.8129,0.0068
2886.897,0.8207,0.0066
2887.562,0.8115,0.0066
2888.227,0.8108,0.0067
2888.892,0.8044,0.0068
2889.557,0.7991,0.0067
2890.223,0.7893,0.0067
2890.888,0.7815,0.0067
2891.554,0.8067,0.0067
2892.220,0.8034,0.0066
2892.886,0.7901,0.0066
2893.552,0.8032,0.0066
2894.218,0.8065,0.0066
2894.885,0.7938,0.0066
2895.552,0.7926,0.0065
2896.218,0.7895,0.0065
2896.885,0.7858,0.0065
2897.552,0.7899,0.0064
2898.219,0.7999,0.0064
2898.887,0.7930,0.0066
2899.554,0.7942,0.0067
2900.222,0.7970,0.0067
2900.890,0.7864,0.0067
2901.558,0.7822,0.0066
2902.226,0.7742,0.0066
2902.895,0.7770,0.0066
2903.563,0.7864,0.0065
2904.232,0.7856,0.0065
2904.901,0.7910,0.0066
2905.570,0.7859,0.0065
2906.239,0.7951,0.0068
2906.908,0.7796,0.0068
2907.577,0.7844,0.0068
2908.247,0.7779,0.0066
2908.917,0.7718,0.0066
2909.587,0.7836,0.0067
2910.257,0.7829,0.0068
2910.927,0.7728,0.0067
2911.597,0.7733,0.0067
2912.268,0.7695,0.0067
2912.938,0.7630,0.0066
2913.609,0.7605,0.0065
2914.280,0.7728,0.0065
2914.951,0.7730,0.0066
2915.623,0.7774,0.0066
2916.294,0.7805,0.0067
2916.965,0.7831,0.0068
2917.637,0.7939,0.0068
2918.309,0.7889,0.0066
2918.981,0.7948,0.0064
2919.653,0.8076,0.0065
2920.326,0.7984,0.0066
2920.998,0.7995,0.0066
2921.671,0.7801,0.0068
2922.344,0.7949,0.0067
2923.017,0.7816,0.0066
2923.690,0.7836,0.0067
2924.363,0.7969,0.0068
2925.037,0.7903,0.0069
2925.710,0.7632,0.0069
2926.384,0.7584,0.0070
2927.058,0.7739,0.0072
2927.732,0.7872,0.0073
2928.406,0.7900,0.0071
2929.080,0.7955,0.0070
2929.755,0.7973,0.0070
2930.430,0.7963,0.0069
2931.104,0.7863,0.0069
2931.779,0.7919,0.0069
2932.454,0.7988,0.0069
2933.130,0.7818,0.0068
2933.805,0.7841,0.0067
2934.481,0.7974,0.0069
2935.156,0.7973,0.0071
2935.833,0.7750,0.0070
2936.509,0.7846,0.0069
2937.185,0.7930,0.0069
2937.861,0.8042,0.0070
2938.538,0.7794,0.0070
2939.215,0.7764,0.0071
2939.891,0.7881,0.0072
2940.568,0.7869,0.0071
2941.246,0.8014,0.0071
2941.923,0.8051,0.0071
2942.600,0.7795,0.0071
2943.278,0.7865,0.0070
2943.956,0.7882,0.0070
2944.634,0.7799,0.0069
2945.312,0.7787,0.0070
2945.990,0.8049,0.0071
2946.668,0.8120,0.0071
2947.347,0.7998,0.0070
2948.026,0.7846,0.0070
2948.705,0.7767,0.0070
2949.384,0.7743,0.0069
2950.063,0.7838,0.0069
2950.742,0.7977,0.0071
2951.422,0.7851,0.0072
2952.101,0.7868,0.0072
2952.781,0.7845,0.0071
2953.461,0.7756,0.0071
2954.141,0.7849,0.0070
2954.822,0.7753,0.0070
2955.502,0.7734,0.0070
2956.183,0.7743,0.0070
2956.864,0.7706,0.0070
2957.544,0.7771,0.0070
2958.226,0.7768,0.0070
2958.907,0.7743,0.0069
2959.588,0.7785,0.0068
2960.270,0.7866,0.0070
2960.951,0.7757,0.0071
2961.633,0.7700,0.0070
2962.315,0.7776,0.0070
2962.997,0.7795,0.0070
2963.680,0.7848,0.0071
2964.362,0.7896,0.0072
2965.045,0.7776,0.0072
2965.728,0.7899,0.0072
2966.411,0.7848,0.0071
2967.094,0.7686,0.0071
2967.777,0.7744,0.0073
2968.461,0.7752,0.0072
2969.144,0.7784,0.0073
2969.828,0.7823,0.0074
2970.512,0.7823,0.0073
2971.196,0.7960,0.0073
2971.880,0.7849,0.0072
2972.564,0.7718,0.0070
2973.249,0.7794,0.0070
2973.934,0.7966,0.0071
2974.618,0.7725,0.0072
2975.304,0.7724,0.0072
2975.989,0.7813,0.0072
2976.674,0.7833,0.0072
2977.360,0.7965,0.0071
2978.045,0.7925,0.0073
2978.731,0.7866,0.0074
2979.417,0.7686,0.0073
2980.103,0.7549,0.0076
2980.789,0.7888,0.0078
2981.476,0.7956,0.0078
2982.162,0.7802,0.0077
2982.849,0.7763,0.0075
2983.536,0.7586,0.0074
2984.223,0.7776,0.0075
2984.910,0.7853,0.0077
2985.598,0.7773,0.0078
2986.285,0.7642,0.0077
2986.973,0.7555,0.0075
2987.661,0.7369,0.0073
2988.349,0.7589,0.0073
2989.037,0.7657,0.0074
2989.725,0.7516,0.0074
2990.414,0.7640,0.0073
2991.102,0.7631,0.0072
2991.791,0.7556,0.0074
2992.480,0.7688,0.0076
2993.169,0.7532,0.0075
2993.858,0.7636,0.0074
2994.548,0.7673,0.0074
2995.238,0.7588,0.0074
2995.927,0.7412,0.0074
2996.617,0.7689,0.0075
2997.307,0.7489,0.0074
2997.998,0.7371,0.0074
2998.688,0.7444,0.0075
2999.378,0.7291,0.0075
3000.069,0.7243,0.0074
3000.760,0.7345,0.0075
3001.451,0.7328,0.0076
3002.142,0.7379,0.0074
3002.834,0.7350,0.0075
3003.525,0.7293,0.0077
3004.217,0.7289,0.0076
3004.909,0.7161,0.0076
3005.601,0.7350,0.0075
3006.293,0.7449,0.0074
3006.985,0.7438,0.0075
3007.678,0.7407,0.0075
3008.370,0.7343,0.0074
3009.063,0.7237,0.0073
3009.756,0.7295,0.0072
3010.449,0.7271,0.0072
3011.142,0.7248,0.0073
3011.836,0.7191,0.0075
3012.529,0.7282,0.0075
3013.223,0.7140,0.0075
3013.917,0.7085,0.0074
3014.611,0.7138,0.0073
3015.305,0.7117,0.0073
3016.000,0.7301,0.0073
3016.694,0.7120,0.0073
3017.389,0.7009,0.0074
3018.084,0.7077,0.0077
3018.779,0.6907,0.0075
3019.474,0.6861,0.0074
3020.169,0.6955,0.0075
3020.865,0.7216,0.0074
3021.560,0.6954,0.0075
3022.256,0.7019,0.0076
3022.952,0.7167,0.0078
3023.648,0.6891,0.0080
3024.345,0.6982,0.0077
3025.041,0.7154,0.0076
3025.738,0.7114,0.0077
3026.435,0.6957,0.0076
3027.132,0.6892,0.0074
3027.828,0.7056,0.0074
3028.526,0.7027,0.0075
3029.223,0.7014,0.0074
3029.921,0.6891,0.0074
3030.619,0.6933,0.0075
3031.316,0.7053,0.0076
3032.014,0.6909,0.0076
3032.713,0.6925,0.0074
3033.411,0.6892,0.0073
3034.110,0.6926,0.0073
3034.808,0.6797,0.0073
3035.507,0.6856,0.0073
3036.206,0.6985,0.0075
3036.906,0.6943,0.0075
3037.605,0.6973,0.0075
3038.304,0.6925,0.0076
3039.004,0.7088,0.0075
3039.704,0.7004,0.0076
3040.404,0.6955,0.0076
3041.104,0.6772,0.0076
3041.804,0.6708,0.0075
3042.505,0.6735,0.0077
3043.206,0.6748,0.0076
3043.906,0.6824,0.0076
3044.607,0.7016,0.0076
3045.308,0.6959,0.0074
3046.010,0.7004,0.0074
3046.711,0.6922,0.0074
3047.413,0.6890,0.0075
3048.115,0.6893,0.0075
3048.816,0.6823,0.0075
3049.519,0.6861,0.0077
3050.221,0.6885,0.0077
3050.923,0.6796,0.0078
3051.626,0.7089,0.0078
3052.329,0.6914,0.0077
3053.031,0.6865,0.0077
3053.735,0.6804,0.0078
3054.438,0.6732,0.0080
3055.141,0.6929,0.0081
3055.845,0.6782,0.0080
3056.548,0.6909,0.0080
3057.252,0.6967,0.0082
3057.956,0.6879,0.0083
3058.660,0.7120,0.0082
3059.365,0.6878,0.0078
3060.069,0.6828,0.0080
3060.774,0.6706,0.0081
3061.479,0.6583,0.0081
3062.184,0.6757,0.0080
3062.889,0.6980,0.0080
3063.594,0.6939,0.0080
3064.300,0.6838,0.0080
3065.006,0.6739,0.0080
3065.711,0.6950,0.0080
3066.417,0.6841,0.0080
3067.124,0.6995,0.0081
3067.830,0.6832,0.0081
3068.536,0.6924,0.0080
3069.243,0.6936,0.0080
3069.950,0.6883,0.0080
3070.657,0.6926,0.0079
3071.364,0.6861,0.0079
3072.071,0.6859,0.0080
3072.779,0.6690,0.0079
3073.486,0.6687,0.0079
3074.194,0.6777,0.0080
3074.902,0.6989,0.0080
3075.610,0.6933,0.0081
3076.318,0.6822,0.0079
3077.027,0.6848,0.0079
3077.735,0.6731,0.0079
3078.444,0.6855,0.0082
3079.153,0.6775,0.0082
3079.862,0.6710,0.0081
3080.571,0.6872,0.0080
3081.281,0.6818,0.0079
3081.990,0.6846,0.0078
3082.700,0.7008,0.0078
3083.410,0.6953,0.0079
3084.120,0.6778,0.0079
3084.830,0.6687,0.0081
3085.541,0.6824,0.0082
3086.251,0.6801,0.0081
3086.962,0.6910,0.0082
3087.673,0.6972,0.0083
3088.384,0.6909,0.0083
3089.095,0.7037,0.0083
3089.806,0.7011,0.0083
3090.518,0.6822,0.0082
3091.230,0.6557,0.0082
3091.941,0.6694,0.0080
3092.654,0.6932,0.0079
3093.366,0.6963,0.0080
3094.078,0.7069,0.0080
3094.791,0.7050,0.0080
3095.503,0.6943,0.0082
3096.216,0.6697,0.0082
3096.929,0.6750,0.0083
3097.642,0.6706,0.0083
3098.356,0.6961,0.0084
3099.069,0.6974,0.0085
3099.783,0.7014,0.0087
3100.497,0.6943,0.0088
3101.211,0.6909,0.0090
3101.925,0.7039,0.0091
3102.639,0.7006,0.0089
3103.354,0.6877,0.0087
3104.068,0.6833,0.0086
3104.783,0.6900,0.0086
3105.498,0.7037,0.0087
3106.213,0.6969,0.0086
3106.928,0.7048,0.0083
3107.644,0.7001,0.0082
3108.360,0.6931,0.0084
3109.076,0.6884,0.0084
3109.792,0.6902,0.0084
3110.508,0.6917,0.0084
3111.224,0.6909,0.0086
3111.940,0.6917,0.0087
3112.657,0.6858,0.0088
3113.374,0.6950,0.0087
3114.091,0.6993,0.0086
3114.808,0.7067,0.0087
3115.525,0.7115,0.0088
3116.243,0.6832,0.0089
3116.960,0.6672,0.0089
3117.678,0.6708,0.0088
3118.396,0.7137,0.0088
3119.114,0.7087,0.0087
3119.833,0.7003,0.0087
3120.551,0.6887,0.0087
3121.270,0.6886,0.0088
3121.988,0.6925,0.0088
3122.707,0.7063,0.0088
3123.426,0.6853,0.0085
3124.146,0.6844,0.0084
3124.865,0.6884,0.0083
3125.585,0.7105,0.0085
3126.305,0.7006,0.0085
3127.024,0.6914,0.0083
3127.744,0.6805,0.0081
3128.465,0.6799,0.0084
3129.185,0.6907,0.0083
3129.906,0.6989,0.0083
3130.626,0.6762,0.0082
3131.348,0.6808,0.0082
3132.069,0.6783,0.0083
3132.790,0.6863,0.0082
3133.511,0.6969,0.0083
3134.233,0.6761,0.0083
3134.955,0.6794,0.0085
3135.677,0.6861,0.0087
3136.399,0.6857,0.0087
3137.121,0.6736,0.0086
3137.844,0.6720,0.0086
3138.566,0.7041,0.0086
3139.289,0.6838,0.0085
3140.012,0.6814,0.0086
3140.735,0.6970,0.0088
3141.458,0.6921,0.0088
3142.181,0.6905,0.0086
3142.905,0.6918,0.0087
3143.629,0.7162,0.0090
3144.353,0.7149,0.0090
3145.077,0.6844,0.0086
3145.801,0.6893,0.0085
3146.526,0.6838,0.0086
3147.250,0.6973,0.0087
3147.975,0.6992,0.0089
3148.700,0.6793,0.0088
3149.425,0.6881,0.0090
3150.150,0.6949,0.0090
3150.876,0.6807,0.0089
3151.601,0.6969,0.0090
3152.327,0.7076,0.0092
3153.053,0.7002,0.0091
3153.779,0.7016,0.0091
3154.505,0.6947,0.0095
3155.232,0.6891,0.0093
3155.958,0.7021,0.0092
3156.685,0.6984,0.0093
3157.412,0.6911,0.0094
3158.139,0.7086,0.0093
3158.867,0.7141,0.0091
3159.594,0.7006,0.0089
3160.322,0.6826,0.0087
3161.049,0.6915,0.0088
3161.777,0.6863,0.0089
3162.505,0.6798,0.0089
3163.234,0.6928,0.0090
3163.962,0.6947,0.0088
3164.691,0.6850,0.0086
3165.419,0.6807,0.0087
3166.148,0.6847,0.0088
3166.878,0.7140,0.0091
3167.607,0.6964,0.0094
3168.336,0.7157,0.0095
3169.066,0.7103,0.0093
3169.796,0.7007,0.0089
3170.526,0.7134,0.0089
3171.256,0.7155,0.0090
3171.986,0.7151,0.0092
3172.717,0.7006,0.0094
3173.447,0.7003,0.0092
3174.178,0.7029,0.0091
3174.909,0.7066,0.0090
3175.640,0.7117,0.0089
3176.371,0.7208,0.0090
3177.103,0.7024,0.0091
3177.834,0.6966,0.0092
3178.566,0.7140,0.0094
3179.298,0.7170,0.0096
3180.030,0.7077,0.0095
3180.763,0.7041,0.0092
3181.495,0.7121,0.0094
3182.228,0.7263,0.0095
3182.961,0.7106,0.0095
3183.694,0.7218,0.0097
3184.427,0.7054,0.0097
3185.160,0.7096,0.0095
3185.894,0.7205,0.0092
3186.627,0.7097,0.0090
3187.361,0.7286,0.0091
3188.095,0.7360,0.0094
3188.829,0.7244,0.0094
3189.564,0.7283,0.0092
3190.298,0.7077,0.0091
3191.033,0.7298,0.0092
3191.768,0.7330,0.0093
3192.503,0.7169,0.0094
3193.238,0.7056,0.0096
3193.973,0.7074,0.0096
3194.709,0.7031,0.0097
3195.445,0.7154,0.0097
3196.180,0.7276,0.0098
3196.917,0.7129,0.0099
3197.653,0.7339,0.0101
3198.389,0.7441,0.0104
3199.125,0.7232,0.0105
3199.862,0.7385,0.0104
3200.599,0.7199,0.0102
3201.336,0.7305,0.0103
3202.073,0.7401,0.0101
3202.811,0.7078,0.0099
3203.548,0.7202,0.0101
3204.286,0.7285,0.0100
3205.024,0.7181,0.0100
3205.762,0.7213,0.0102
3206.500,0.7041,0.0100
3207.239,0.7017,0.0096
3207.977,0.6916,0.0094
3208.716,0.6967,0.0093
3209.455,0.7039,0.0093
3210.194,0.7205,0.0094
3210.933,0.7131,0.0096
3211.673,0.7014,0.0094
3212.412,0.7052,0.0095
3213.152,0.7143,0.0095
3213.892,0.7110,0.0095
3214.632,0.7105,0.0098
3215.373,0.7194,0.0099
3216.113,0.7067,0.0098
3216.854,0.6956,0.0098
3217.594,0.7092,0.0101
3218.335,0.7086,0.0103
3219.076,0.7317,0.0104
3219.818,0.7119,0.0103
3220.559,0.6958,0.0102
3221.301,0.7236,0.0104
3222.043,0.7275,0.0103
3222.785,0.6924,0.0102
3223.527,0.6797,0.0098
3224.269,0.6578,0.0098
3225.012,0.6748,0.0100
3225.754,0.6840,0.0101
3226.497,0.6776,0.0101
3227.240,0.6615,0.0102
3227.983,0.6859,0.0103
3228.727,0.7061,0.0103
3229.470,0.6911,0.0102
3230.214,0.6772,0.0104
3230.958,0.6911,0.0102
3231.702,0.7025,0.0103
3232.446,0.6704,0.0101
3233.190,0.6845,0.0101
3233.935,0.6815,0.0102
3234.680,0.6846,0.0104
3235.425,0.6918,0.0101
3236.170,0.6930,0.0100
3236.915,0.6782,0.0100
3237.660,0.6895,0.0102
3238.406,0.6843,0.0104
3239.152,0.6588,0.0103
3239.897,0.6875,0.0101
3240.644,0.6933,0.0101
3241.390,0.6839,0.0102
3242.136,0.7072,0.0103
3242.883,0.7158,0.0105
3243.630,0.6835,0.0107
3244.377,0.6804,0.0106
3245.124,0.6822,0.0107
3245.871,0.6576,0.0106
3246.619,0.6754,0.0108
3247.366,0.6893,0.0108
3248.114,0.7071,0.0107
3248.862,0.6913,0.0105
3249.610,0.6872,0.0105
3250.359,0.7005,0.0105
3251.107,0.7097,0.0102
3251.856,0.6851,0.0103
3252.605,0.6685,0.0104
3253.354,0.6757,0.0105
3254.103,0.6877,0.0106
3254.852,0.6765,0.0104
3255.602,0.6732,0.0105
3256.352,0.6841,0.0106
3257.101,0.6870,0.0105
3257.851,0.6802,0.0104
3258.602,0.6939,0.0105
3259.352,0.6889,0.0109
3260.103,0.6587,0.0112
3260.853,0.6790,0.0109
3261.604,0.7052,0.0105
3262.355,0.7056,0.0102
3263.107,0.7103,0.0102
3263.858,0.7025,0.0105
3264.610,0.6726,0.0104
3265.362,0.6885,0.0108
3266.113,0.6843,0.0110
3266.866,0.6651,0.0111
3267.618,0.6725,0.0112
3268.370,0.6778,0.0110
3269.123,0.6701,0.0111
3269.876,0.6640,0.0112
3270.629,0.6646,0.0114
3271.382,0.6623,0.0115
3272.135,0.6416,0.0119
3272.889,0.6373,0.0118
3273.643,0.6829,0.0114
3274.396,0.7079,0.0111
3275.151,0.6726,0.0112
3275.905,0.6521,0.0111
3276.659,0.6554,0.0110
3277.414,0.6513,0.0111
3278.169,0.6622,0.0111
3278.923,0.6653,0.0111
3279.678,0.6889,0.0112
3280.434,0.6880,0.0110
3281.189,0.6922,0.0112
3281.945,0.6654,0.0112
3282.701,0.6647,0.0111
3283.457,0.7061,0.0110
3284.213,0.6934,0.0115
3284.969,0.6990,0.0115
3285.726,0.6848,0.0117
3286.482,0.6535,0.0122
3287.239,0.6658,0.0124
3287.996,0.6654,0.0121
3288.753,0.6624,0.0114
3289.510,0.6548,0.0115
3290.268,0.6579,0.0116
3291.026,0.6690,0.0115
3291.783,0.6786,0.0114
3292.542,0.6803,0.0115
3293.300,0.6505,0.0114
3294.058,0.6574,0.0114
3294.817,0.6655,0.0114
3295.575,0.6591,0.0114
3296.334,0.6595,0.0111
3297.094,0.6495,0.0111
3297.853,0.6713,0.0111
3298.612,0.6848,0.0113
3299.372,0.6649,0.0114
3300.132,0.6715,0.0122
3300.892,0.6936,0.0125
3301.652,0.7002,0.0129
3302.412,0.6633,0.0128
3303.173,0.6725,0.0131
3303.933,0.6763,0.0133
3304.694,0.6689,0.0133
3305.455,0.6675,0.0133
3306.217,0.6861,0.0130
3306.978,0.6779,0.0128
3307.739,0.6567,0.0131
3308.501,0.6428,0.0129
3309.263,0.6584,0.0119
3310.025,0.6579,0.0119
3310.787,0.6537,0.0121
3311.550,0.6541,0.0120
3312.312,0.6418,0.0120
3313.075,0.6781,0.0118
3313.838,0.6442,0.0118
3314.601,0.6622,0.0120
3315.364,0.6616,0.0123
3316.128,0.6556,0.0128
3316.892,0.6903,0.0129
3317.656,0.6738,0.0129
3318.419,0.6758,0.0129
3319.184,0.6586,0.0131
3319.948,0.6654,0.0130
3320.712,0.6602,0.0129
3321.477,0.6472,0.0132
3322.242,0.6684,0.0132
3323.007,0.6793,0.0134
3323.772,0.6379,0.0136
3324.538,0.6003,0.0137
3325.303,0.6412,0.0138
3326.069,0.6815,0.0137
3326.835,0.6667,0.0133
3327.601,0.6871,0.0133
3328.367,0.6886,0.0137
3329.134,0.6663,0.0137
3329.901,0.7004,0.0137
3330.667,0.6555,0.0134
3331.434,0.6415,0.0135
3332.202,0.6719,0.0134
3332.969,0.6599,0.0133
3333.737,0.6619,0.0130
3334.504,0.6642,0.0136
3335.272,0.6451,0.0138
3336.040,0.6495,0.0134
3336.808,0.6492,0.0132
3337.577,0.6259,0.0135
3338.345,0.6442,0.0137
3339.114,0.6641,0.0134
3339.883,0.6533,0.0132
3340.652,0.6768,0.0133
3341.422,0.6669,0.0136
3342.191,0.6442,0.0132
3342.961,0.6371,0.0131
3343.730,0.6356,0.0133
3344.500,0.6593,0.0134
3345.271,0.7090,0.0137
3346.041,0.6757,0.0133
3346.812,0.6761,0.0135
3347.582,0.6696,0.0138
3348.353,0.6523,0.0136
3349.125,0.6341,0.0138
3349.896,0.6299,0.0140
3350.667,0.6273,0.0135
3351.439,0.6348,0.0141
3352.210,0.6505,0.0146
3352.982,0.6611,0.0150
3353.755,0.6458,0.0144
3354.527,0.5969,0.0135
3355.299,0.6016,0.0137
3356.072,0.6522,0.0139
3356.845,0.6698,0.0140
3357.618,0.6759,0.0141
3358.391,0.6326,0.0134
3359.165,0.6428,0.0133
3359.938,0.6493,0.0135
3360.712,0.6400,0.0137
3361.486,0.6277,0.0135
3362.260,0.6409,0.0135
3363.034,0.6599,0.0136
3363.809,0.6355,0.0140
3364.583,0.6197,0.0138
3365.358,0.6121,0.0135
3366.133,0.6393,0.0135
3366.908,0.6229,0.0132
3367.684,0.6224,0.0132
3368.459,0.6443,0.0137
3369.235,0.6426,0.0142
3370.010,0.6299,0.0142
3370.787,0.6364,0.0138
3371.563,0.6268,0.0139
3372.339,0.6288,0.0139
3373.116,0.6302,0.0138
3373.893,0.6252,0.0137
3374.670,0.6285,0.0141
3375.447,0.5940,0.0143
3376.224,0.6123,0.0142
3377.002,0.6217,0.0139
3377.779,0.6454,0.0140
3378.557,0.6410,0.0144
3379.335,0.6446,0.0145
3380.113,0.6661,0.0149
3380.892,0.6554,0.0150
3381.670,0.6751,0.0151
3382.449,0.6716,0.0151
3383.228,0.6561,0.0155
3384.007,0.6933,0.0152
3384.786,0.6992,0.0154
3385.566,0.6715,0.0157
3386.345,0.6481,0.0161
3387.125,0.6772,0.0159
3387.905,0.6469,0.0151
3388.686,0.6490,0.0149
3389.466,0.6468,0.0144
3390.247,0.6612,0.0149
3391.027,0.6299,0.0153
3391.808,0.6538,0.0152
3392.589,0.6853,0.0156
3393.370,0.6612,0.0155
3394.152,0.6775,0.0153
3394.933,0.6721,0.0157
3395.715,0.6471,0.0155
3396.497,0.6703,0.0153
3397.280,0.6541,0.0154
3398.062,0.6565,0.0165
3398.844,0.6547,0.0168
3399.627,0.6383,0.0161
3400.410,0.6599,0.0159
3401.193,0.6504,0.0153
3401.976,0.6418,0.0155
3402.760,0.6575,0.0155
3403.543,0.6528,0.0154
3404.327,0.6361,0.0154
3405.111,0.6837,0.0154
3405.895,0.6481,0.0152
3406.679,0.6978,0.0153
3407.464,0.6715,0.0157
3408.249,0.6430,0.0155
3409.033,0.6765,0.0158
3409.819,0.6804,0.0161
3410.604,0.6823,0.0161
3411.389,0.7015,0.0161
3412.175,0.6742,0.0155
3412.960,0.6374,0.0157
3413.746,0.6807,0.0170
3414.533,0.6796,0.0170
3415.319,0.6847,0.0163
3416.105,0.6913,0.0160
3416.892,0.6162,0.0156
3417.679,0.6435,0.0151
3418.466,0.6419,0.0154
3419.253,0.6540,0.0160
3420.041,0.6456,0.0164
3420.828,0.6369,0.0161
3421.616,0.6417,0.0161
3422.404,0.6601,0.0154
3423.192,0.6466,0.0156
3423.980,0.6633,0.0159
3424.769,0.6462,0.0154
3425.558,0.6313,0.0155
3426.346,0.6561,0.0164
3427.135,0.6675,0.0171
3427.925,0.6911,0.0179
3428.714,0.7011,0.0175
3429.504,0.6747,0.0175
3430.293,0.6874,0.0182
3431.083,0.6360,0.0180
3431.874,0.6634,0.0209
3432.664,0.7668,0.0236
3433.454,0.7230,0.0244
3434.245,0.6669,0.0231
3435.036,0.6525,0.0224
3435.827,0.6638,0.0220
3436.618,0.6336,0.0222
3437.410,0.6615,0.0215
3438.201,0.6717,0.0211
3438.993,0.7203,0.0195
3439.785,0.6875,0.0190
3440.577,0.6659,0.0190
3441.369,0.7164,0.0197
3442.162,0.6495,0.0196
3442.954,0.6428,0.0189
3443.747,0.7243,0.0201
3444.541,0.7001,0.0205
3445.333,0.6511,0.0202
3446.127,0.6623,0.0207
3446.920,0.6304,0.0213
3447.714,0.6541,0.0207
3448.508,0.7052,0.0215
3449.302,0.6562,0.0217
3450.097,0.6162,0.0209
3450.891,0.6798,0.0204
3451.686,0.6685,0.0197
3452.481,0.6281,0.0194
3453.276,0.6070,0.0192
3454.071,0.6164,0.0186
3454.866,0.6353,0.0188
3455.662,0.6121,0.0196
3456.458,0.6025,0.0202
3457.254,0.6210,0.0194
3458.050,0.6542,0.0193
3458.846,0.6109,0.0193
3459.643,0.6445,0.0189
3460.440,0.6270,0.0197
3461.237,0.6688,0.0211
3462.034,0.6605,0.0221
3462.831,0.6352,0.0214
3463.628,0.6367,0.0200
3464.426,0.6706,0.0192
3465.224,0.6899,0.0191
3466.021,0.6223,0.0192
3466.820,0.6328,0.0196
3467.618,0.6217,0.0190
3468.417,0.6097,0.0193
3469.215,0.6569,0.0187
3470.014,0.6770,0.0187
3470.813,0.6815,0.0184
3471.613,0.6630,0.0185
3472.412,0.6295,0.0186
3473.212,0.6339,0.0187
3474.012,0.6305,0.0182
3474.812,0.6313,0.0185
3475.612,0.6605,0.0182
3476.412,0.6333,0.0184
3477.213,0.6375,0.0187
3478.013,0.6343,0.0198
3478.815,0.6229,0.0199
3479.616,0.6572,0.0201
3480.417,0.6233,0.0193
3481.219,0.6027,0.0190
3482.020,0.6156,0.0189
3482.822,0.6277,0.0187
3483.624,0.6401,0.0224
3484.426,0.6641,0.0246
3485.229,0.6631,0.0253
3486.031,0.6706,0.0238
3486.834,0.6702,0.0220
3487.637,0.6557,0.0203
3488.440,0.6435,0.0195
3489.243,0.6366,0.0196
3490.047,0.6331,0.0200
3490.851,0.6783,0.0197
3491.655,0.7202,0.0196
3492.458,0.7015,0.0198
3493.263,0.6194,0.0192
3494.067,0.6271,0.0191
3494.872,0.6310,0.0191
3495.677,0.6274,0.0197
3496.482,0.6259,0.0196
3497.287,0.6149,0.0197
3498.092,0.6645,0.0200
3498.898,0.6211,0.0202
3499.704,0.6280,0.0215
3500.510,0.6508,0.0227
3501.316,0.6201,0.0235
3502.122,0.6519,0.0236
3502.928,0.6763,0.0208
3503.735,0.6166,0.0184
3504.542,0.6018,0.0184
3505.349,0.6185,0.0199
3506.156,0.6420,0.0212
3506.964,0.6095,0.0199
3507.771,0.6278,0.0194
3508.579,0.6051,0.0186
3509.387,0.6164,0.0189
3510.195,0.6193,0.0191
3511.004,0.6421,0.0197
3511.812,0.6377,0.0198
3512.621,0.5965,0.0190
3513.430,0.6452,0.0188
3514.239,0.6380,0.0198
3515.048,0.6059,0.0210
3515.857,0.6003,0.0202
3516.667,0.6160,0.0194
3517.477,0.6115,0.0198
3518.287,0.6196,0.0194
3519.097,0.6238,0.0196
3519.908,0.5754,0.0214
3520.718,0.6189,0.0224
3521.529,0.6825,0.0215
3522.340,0.6443,0.0214
3523.151,0.6249,0.0207
3523.962,0.6128,0.0205
3524.774,0.6081,0.0210
3525.586,0.6231,0.0207
3526.398,0.6471,0.0209
3527.210,0.6061,0.0225
3528.022,0.5875,0.0222
3528.834,0.6012,0.0215
3529.647,0.6028,0.0208
3530.460,0.5904,0.0205
3531.273,0.5806,0.0209
3532.086,0.6080,0.0214
3532.899,0.6374,0.0232
3533.713,0.6100,0.0237
3534.527,0.6015,0.0225
3535.341,0.6187,0.0203
3536.155,0.5860,0.0194
3536.969,0.5963,0.0197
3537.784,0.5638,0.0199
3538.598,0.6048,0.0203
3539.413,0.6027,0.0214
3540.228,0.6052,0.0220
3541.044,0.6456,0.0231
3541.859,0.6263,0.0260
3542.675,0.6850,0.0273
3543.490,0.6800,0.0258
3544.307,0.7192,0.0258
3545.123,0.6728,0.0270
3545.939,0.6170,0.0281
3546.756,0.6177,0.0305
3547.572,0.6849,0.0345
3548.389,0.6881,0.0350
3549.207,0.6528,0.0315
3550.024,0.6194,0.0267
3550.841,0.5957,0.0278
3551.659,0.6032,0.0270
3552.477,0.5810,0.0253
3553.295,0.5688,0.0247
3554.113,0.6155,0.0256
3554.932,0.5996,0.0265
3555.750,0.6130,0.0261
3556.569,0.6302,0.0254
3557.388,0.5898,0.0231
3558.208,0.5900,0.0228
3559.027,0.6245,0.0257
3559.847,0.5905,0.0265
3560.666,0.6025,0.0260
3561.486,0.6491,0.0250
3562.306,0.6247,0.0257
3563.127,0.6311,0.0299
3563.947,0.5497,0.0390
3564.768,0.6308,0.0388
3565.589,0.6952,0.0324
3566.410,0.6207,0.0280
3567.231,0.5971,0.0264
3568.053,0.5969,0.0269
3568.875,0.5727,0.0267
3569.696,0.6339,0.0268
3570.518,0.5935,0.0268
3571.341,0.5431,0.0263
3572.163,0.5529,0.0277
3572.986,0.5742,0.0277
3573.808,0.6126,0.0314
3574.631,0.6773,0.0363
3575.455,0.6737,0.0355
3576.278,0.7258,0.0361
3577.102,0.6108,0.0315
3577.925,0.5640,0.0329
3578.749,0.6607,0.0324
3579.573,0.6951,0.0282
3580.398,0.5766,0.0265
3581.222,0.5604,0.0271
3582.047,0.6242,0.0287
3582.872,0.5593,0.0325
3583.697,0.6209,0.0320
3584.522,0.6773,0.0287
3585.348,0.6012,0.0270
3586.173,0.5567,0.0251
3586.999,0.6093,0.0255
3587.825,0.6381,0.0258
3588.651,0.6138,0.0247
3589.478,0.5482,0.0261
3590.304,0.6066,0.0302
3591.131,0.6463,0.0346
3591.958,0.6270,0.0300
3592.785,0.6419,0.0274
3593.613,0.5721,0.0279
3594.440,0.5513,0.0289
3595.268,0.5108,0.0291
3596.096,0.5508,0.0297
3596.924,0.5832,0.0378
3597.752,0.6130,0.0472
3598.581,0.6936,0.0465
3599.410,0.6349,0.0348
3600.239,0.5118,0.0298
3601.068,0.5681,0.0302
3601.897,0.5621,0.0277
3602.726,0.5655,0.0274
3603.556,0.5809,0.0289
3604.386,0.5941,0.0378
3605.216,0.6626,0.0380
3606.046,0.6495,0.0317
3606.876,0.5420,0.0286
3607.707,0.5067,0.0292
3608.538,0.5090,0.0286
3609.369,0.5396,0.0306
3610.200,0.5371,0.0413
3611.031,0.6298,0.0478
3611.863,0.6504,0.0443
3612.695,0.6148,0.0394
3613.527,0.5884,0.0345
3614.359,0.5508,0.0334
3615.191,0.5950,0.0322
3616.024,0.5996,0.0285
3616.856,0.5147,0.0258
3617.689,0.5606,0.0287
3618.522,0.5455,0.0277
3619.356,0.6002,0.0282
3620.189,0.5706,0.0342
3621.023,0.6054,0.0350
3621.857,0.5901,0.0308
3622.691,0.5093,0.0291
3623.525,0.5175,0.0288
3624.360,0.5861,0.0327
3625.194,0.6151,0.0432
3626.029,0.5775,0.0467
3626.864,0.6008,0.0416
3627.699,0.5707,0.0287
3628.535,0.6028,0.0280
3629.370,0.5965,0.0287
3630.206,0.5340,0.0286
3631.042,0.5676,0.0276
3631.878,0.5567,0.0282
3632.715,0.5741,0.0274
3633.551,0.5692,0.0275
3634.388,0.5342,0.0277
3635.225,0.5353,0.0263
3636.062,0.6077,0.0279
3636.899,0.6267,0.0320
3637.737,0.5535,0.0312
3638.574,0.5839,0.0305
3639.412,0.5923,0.0276
3640.250,0.5441,0.0254
3641.089,0.6269,0.0301
3641.927,0.6314,0.0338
3642.766,0.6089,0.0340
3643.605,0.5335,0.0312
3644.444,0.5393,0.0279
3645.283,0.5313,0.0262
3646.123,0.5277,0.0259
3646.962,0.5410,0.0261
3647.802,0.5325,0.0267
3648.642,0.5303,0.0259
3649.482,0.5697,0.0267
3650.323,0.5664,0.0259
3651.164,0.5294,0.0281
3652.004,0.5557,0.0280
3652.845,0.5147,0.0286
3653.686,0.6015,0.0297
3654.528,0.5830,0.0282
3655.369,0.5464,0.0269
3656.211,0.5689,0.0287
3657.053,0.5681,0.0301
3657.895,0.5189,0.0281
3658.738,0.5850,0.0280
3659.580,0.6113,0.0317
3660.423,0.5863,0.0326
3661.266,0.6248,0.0312
3662.109,0.5781,0.0277
3662.952,0.5989,0.0281
3663.796,0.5516,0.0276
3664.640,0.5384,0.0266
3665.484,0.5917,0.0277
3666.328,0.5468,0.0285
3667.172,0.5041,0.0269
3668.017,0.5859,0.0283
3668.861,0.5242,0.0285
3669.706,0.5368,0.0281
3670.551,0.5731,0.0279
3671.396,0.5289,0.0274
3672.242,0.5439,0.0263
3673.087,0.5386,0.0277
3673.933,0.5219,0.0299
3674.780,0.5482,0.0277
3675.626,0.5625,0.0271
3676.472,0.5413,0.0286
3677.319,0.5593,0.0298
3678.166,0.5417,0.0281
3679.013,0.5591,0.0278
3679.860,0.5878,0.0285
3680.707,0.5799,0.0291
3681.555,0.5662,0.0292
3682.403,0.5812,0.0279
3683.250,0.6284,0.0292
3684.099,0.5557,0.0328
3684.947,0.5210,0.0311
3685.796,0.5473,0.0290
3686.645,0.5283,0.0308
3687.494,0.5806,0.0331
3688.343,0.5490,0.0329
3689.192,0.5637,0.0333
3690.042,0.5177,0.0325
3690.892,0.4924,0.0299
3691.741,0.5637,0.0297
3692.592,0.5455,0.0297
3693.442,0.5599,0.0299
3694.292,0.5263,0.0296
3695.143,0.5798,0.0306
3695.994,0.6127,0.0332
3696.845,0.5470,0.0303
3697.697,0.5644,0.0308
3698.548,0.5156,0.0318
3699.400,0.5453,0.0319
3700.252,0.5784,0.0319
3701.104,0.5644,0.0328
3701.956,0.5409,0.0338
3702.809,0.5520,0.0331
3703.661,0.6087,0.0308
3704.514,0.5750,0.0302
3705.367,0.5256,0.0303
3706.220,0.5364,0.0290
3707.074,0.5783,0.0294
3707.928,0.5550,0.0310
3708.781,0.5414,0.0336
3709.636,0.5819,0.0344
3710.490,0.5955,0.0322
3711.344,0.5996,0.0302
3712.199,0.6172,0.0291
3713.054,0.5737,0.0294
3713.909,0.6131,0.0303
3714.764,0.6167,0.0295
3715.620,0.5619,0.0331
3716.476,0.5671,0.0349
3717.331,0.5933,0.0316
3718.188,0.5481,0.0322
3719.043,0.5453,0.0313
3719.900,0.5218,0.0311
3720.757,0.5162,0.0319
3721.614,0.5719,0.0325
3722.470,0.5665,0.0325
3723.328,0.4876,0.0332
3724.185,0.4679,0.0339
3725.043,0.4792,0.0320
3725.901,0.5359,0.0328
3726.759,0.5926,0.0330
3727.617,0.5615,0.0333
3728.475,0.5420,0.0365
3729.334,0.5348,0.0335
3730.193,0.5646,0.0302
3731.052,0.6022,0.0321
3731.911,0.6210,0.0336
3732.770,0.5982,0.0323
3733.630,0.6076,0.0332
3734.490,0.7010,0.0353
3735.350,0.5788,0.0338
3736.210,0.5141,0.0345
3737.070,0.5577,0.0366
3737.931,0.5450,0.0371
3738.792,0.5037,0.0347
3739.653,0.6161,0.0421
3740.514,0.5934,0.0498
3741.375,0.5546,0.0531
3742.237,0.5691,0.0482
3743.099,0.6469,0.0460
3743.960,0.6147,0.0512
3744.823,0.5896,0.0514
3745.685,0.5649,0.0460
3746.548,0.5005,0.0375
3747.411,0.5330,0.0461
3748.273,0.6770,0.0524
3749.136,0.7041,0.0544
3750.000,0.5699,0.0504
3750.864,0.5795,0.0406
3751.727,0.5070,0.0343
3752.592,0.4319,0.0315
3753.456,0.5405,0.0362
3754.320,0.5907,0.0433
3755.184,0.5992,0.0415
3756.049,0.5976,0.0323
3756.914,0.5628,0.0320
3757.779,0.5659,0.0318
3758.645,0.6053,0.0331
3759.510,0.5638,0.0324
3760.376,0.5879,0.0321
3761.242,0.5833,0.0308
3762.108,0.5604,0.0329
3762.974,0.5214,0.0339
3763.841,0.4687,0.0296
3764.708,0.4898,0.0353
3765.575,0.4340,0.0414
3766.442,0.4558,0.0392
3767.309,0.4987,0.0416
3768.177,0.5886,0.0442
3769.045,0.7116,0.0600
3769.912,0.6342,0.0621
3770.781,0.7271,0.0658
3771.649,0.6077,0.0489
3772.518,0.5516,0.0414
3773.386,0.7096,0.0559
3774.255,0.6479,0.0509
3775.124,0.6286,0.0401
3775.994,0.4910,0.0382
3776.863,0.4985,0.0369
3777.733,0.5385,0.0391
3778.603,0.5495,0.0460
3779.473,0.5654,0.0420
3780.343,0.4799,0.0382
3781.214,0.4847,0.0389
3782.085,0.4761,0.0350
3782.956,0.4711,0.0342
3783.827,0.4653,0.0380
3784.698,0.4486,0.0340
3785.570,0.5160,0.0369
3786.442,0.5441,0.0429
3787.313,0.5682,0.0423
3788.186,0.4815,0.0374
3789.058,0.4525,0.0367
3789.930,0.4739,0.0381
3790.803,0.4409,0.0388
3791.677,0.4306,0.0322
3792.550,0.4899,0.0371
3793.423,0.7264,0.0559
3794.297,1.0813,0.0893
3795.170,0.8568,0.0997
3796.044,0.4703,0.0467
3796.918,0.4526,0.0404
3797.793,0.4858,0.0481
3798.667,0.4960,0.0395
3799.542,0.4546,0.0354
3800.417,0.4680,0.0373
3801.292,0.5011,0.0568
3802.168,0.5458,0.0515
3803.043,0.4423,0.0401
3803.919,0.3779,0.0400
3804.795,0.4267,0.0409
3805.671,0.4557,0.0385
3806.548,0.4372,0.0357
3807.424,0.5501,0.0578
3808.301,0.5476,0.0770
3809.178,0.8374,0.0776
3810.055,0.6504,0.0481
3810.933,0.3746,0.0346
3811.810,0.5052,0.0385
3812.688,0.5055,0.0399
3813.566,0.4558,0.0342
3814.444,0.5208,0.0323
3815.323,0.5434,0.0343
3816.201,0.5060,0.0380
3817.080,0.5197,0.0437
3817.959,0.5234,0.0545
3818.838,0.5165,0.0518
3819.718,0.4962,0.0448
3820.597,0.4701,0.0434
3821.477,0.4902,0.0421
3822.357,0.5130,0.0358
3823.237,0.6414,0.0532
3824.118,0.6159,0.0888
3824.999,0.6721,0.0889
3825.879,0.5925,0.0514
3826.760,0.4276,0.0325
3827.641,0.4980,0.0381
3828.523,0.5411,0.0377
3829.405,0.5382,0.0361
3830.287,0.4957,0.0349
3831.168,0.4611,0.0328
3832.051,0.4124,0.0348
3832.933,0.4674,0.0346
3833.816,0.4259,0.0345
3834.699,0.4234,0.0314
3835.582,0.4954,0.0335
3836.465,0.5216,0.0417
3837.349,0.4825,0.0439
3838.233,0.5680,0.0398
3839.116,0.4645,0.0348
3840.000,0.4466,0.0366
3840.885,0.5105,0.0405
3841.769,0.5956,0.0637
3842.654,0.7717,0.0623
3843.539,0.6019,0.0440
3844.424,0.4408,0.0366
3845.309,0.4139,0.0389
3846.195,0.3698,0.0400
3847.080,0.4594,0.0337
3847.966,0.5355,0.0335
3848.852,0.4365,0.0312
3849.739,0.4660,0.0348
3850.625,0.4583,0.0345
3851.512,0.4876,0.0320
3852.399,0.5179,0.0326
3853.286,0.4922,0.0342
3854.173,0.4808,0.0359
3855.061,0.4853,0.0350
3855.949,0.5111,0.0342
3856.837,0.5568,0.0361
3857.725,0.5797,0.0376
3858.613,0.5430,0.0357
3859.502,0.4404,0.0339
3860.391,0.4989,0.0364
3861.280,0.5321,0.0436
3862.169,0.5175,0.0453
3863.058,0.4859,0.0386
3863.948,0.4611,0.0349
3864.838,0.4200,0.0364
3865.728,0.5254,0.0370
3866.618,0.4934,0.0339
3867.509,0.4758,0.0318
3868.399,0.4678,0.0316
3869.290,0.4599,0.0334
3870.181,0.6256,0.0527
3871.072,0.4468,0.0472
3871.964,0.4947,0.0400
3872.855,0.5202,0.0329
3873.747,0.4816,0.0328
3874.639,0.4674,0.0350
3875.531,0.4499,0.0357
3876.424,0.4656,0.0367
3877.316,0.4747,0.0381
3878.209,0.4864,0.0349
3879.103,0.4945,0.0366
3879.996,0.5140,0.0400
3880.890,0.5035,0.0375
3881.783,0.4495,0.0336
3882.677,0.4855,0.0351
3883.571,0.5194,0.0443
3884.465,0.4822,0.0475
3885.360,0.4441,0.0404
3886.255,0.4661,0.0342
3887.150,0.4683,0.0324
3888.045,0.4221,0.0318
3888.940,0.4130,0.0323
3889.836,0.4404,0.0332
3890.731,0.4479,0.0333
3891.627,0.4137,0.0363
3892.524,0.5448,0.0408
3893.420,0.4215,0.0411
3894.317,0.4119,0.0416
3895.213,0.5061,0.0403
3896.111,0.4650,0.0421
3897.008,0.4475,0.0446
3897.905,0.6248,0.0434
3898.803,0.5417,0.0456
3899.701,0.5774,0.0531
3900.598,0.5586,0.0481
3901.497,0.4368,0.0479
3902.396,0.5429,0.0444
3903.294,0.4683,0.0414
3904.193,0.3800,0.0405
3905.092,0.4079,0.0375
3905.991,0.4876,0.0397
3906.891,0.4616,0.0439
3907.790,0.5023,0.0499
3908.690,0.4396,0.0484
3909.591,0.5418,0.0475
3910.491,0.5550,0.0467
3911.391,0.4708,0.0461
3912.292,0.4836,0.0473
3913.193,0.4983,0.0502
3914.094,0.4485,0.0463
3914.996,0.3775,0.0483
3915.897,0.4498,0.0472
3916.799,0.5252,0.0464
3917.701,0.4129,0.0434
3918.603,0.3935,0.0392
3919.505,0.5075,0.0384
3920.408,0.5096,0.0393
3921.311,0.4551,0.0391
3922.214,0.4242,0.0375
3923.117,0.4740,0.0338
3924.020,0.5225,0.0393
3924.924,0.4445,0.0428
3925.828,0.4129,0.0406
3926.732,0.4662,0.0377
3927.636,0.4849,0.0349
3928.541,0.4708,0.0357
3929.446,0.5017,0.0376
3930.350,0.4551,0.0406
3931.256,0.4355,0.0388
3932.161,0.4639,0.0381
3933.066,0.4974,0.0398
3933.972,0.4484,0.0362
3934.878,0.4418,0.0349
3935.784,0.4824,0.0358
3936.690,0.4473,0.0340
3937.597,0.4526,0.0346
3938.504,0.4611,0.0347
3939.411,0.4735,0.0331
3940.318,0.5737,0.0347
3941.225,0.4744,0.0356
3942.133,0.4692,0.0364
3943.041,0.5419,0.0426
3943.949,0.4670,0.0375
3944.857,0.4726,0.0352
3945.765,0.6039,0.0384
3946.674,0.5378,0.0386
3947.583,0.5445,0.0390
3948.492,0.5028,0.0421
3949.401,0.4898,0.0434
3950.311,0.6029,0.0422
3951.221,0.5319,0.0372
3952.130,0.4350,0.0346
3953.041,0.3836,0.0361
3953.951,0.3957,0.0385
3954.861,0.4613,0.0421
3955.772,0.4567,0.0425
3956.683,0.4528,0.0457
3957.594,0.6034,0.0595
3958.506,0.5507,0.0621
3959.417,0.5733,0.0578
3960.329,0.5767,0.0593
3961.241,0.5618,0.0603
3962.153,0.5315,0.0519
3963.066,0.3807,0.0436
3963.978,0.5473,0.0475
3964.891,0.6608,0.0677
3965.804,0.6296,0.0656
3966.718,0.5386,0.0541
3967.631,0.3971,0.0513
3968.545,0.4941,0.0540
3969.458,0.4610,0.0471
3970.373,0.4742,0.0447
3971.287,0.5946,0.0516
3972.201,0.6025,0.0534
3973.116,0.4833,0.0441
3974.031,0.4255,0.0399
3974.946,0.4608,0.0387
3975.862,0.4949,0.0364
3976.777,0.5027,0.0396
3977.693,0.5319,0.0393
3978.609,0.5535,0.0380
3979.525,0.4763,0.0377
3980.442,0.4611,0.0402
3981.358,0.4827,0.0450
3982.275,0.4038,0.0410
3983.192,0.3667,0.0508
3984.109,0.3991,0.0517
3985.027,0.4679,0.0498
3985.945,0.6052,0.0519
3986.863,0.6384,0.0725
3987.781,0.7084,0.0761
3988.699,0.8253,0.0709
3989.617,0.5261,0.0604
3990.536,0.5114,0.0534
3991.455,0.5955,0.0631
3992.374,0.4757,0.0624
3993.294,0.3659,0.0501
3994.213,0.3803,0.0445
3995.133,0.4827,0.0424
3996.053,0.4744,0.0398
3996.973,0.5059,0.0427
3997.894,0.5030,0.0514
3998.815,0.4954,0.0524
3999.736,0.4581,0.0434
4000.656,0.4129,0.0404
4001.578,0.4149,0.0418
4002.499,0.4114,0.0410
4003.421,0.4790,0.0408
4004.343,0.5331,0.0436
4005.265,0.5685,0.0543
4006.188,0.5850,0.0645
4007.110,0.3946,0.0534
4008.033,0.3856,0.0468
4008.956,0.4093,0.0505
4009.879,0.3601,0.0508
4010.802,0.3209,0.0482
4011.726,0.4442,0.0463
4012.650,0.5422,0.0458
4013.574,0.8334,0.0755
4014.498,0.6924,0.0863
4015.422,0.5324,0.0686
4016.347,0.4999,0.0562
4017.272,0.3606,0.0511
4018.197,0.4795,0.0494
4019.123,0.4789,0.0462
4020.048,0.4239,0.0439
4020.974,0.5442,0.0487
4021.900,0.6651,0.0606
4022.826,0.4323,0.0528
4023.752,0.3932,0.0480
4024.679,0.3359,0.0518
4025.606,0.3202,0.0579
4026.533,0.3619,0.0515
4027.460,0.5075,0.0439
4028.388,0.6970,0.0570
4029.315,0.7399,0.0786
4030.243,0.4852,0.0800
4031.171,0.5456,0.0665
4032.100,0.4959,0.0502
4033.029,0.5157,0.0510
4033.957,0.4457,0.0489
4034.886,0.4989,0.0477
4035.815,0.4643,0.0461
4036.745,0.4782,0.0418
4037.674,0.4738,0.0410
4038.604,0.4551,0.0452
4039.534,0.5810,0.0551
4040.464,0.4959,0.0700
4041.395,0.4732,0.0576
4042.325,0.3640,0.0500
4043.256,0.2862,0.0499
4044.187,0.3415,0.0446
4045.119,0.3505,0.0484
4046.050,0.5518,0.0656
4046.982,0.4096,0.0762
4047.914,0.4009,0.0722
4048.846,0.4146,0.0557
4049.778,0.3165,0.0482
4050.711,0.4072,0.0531
4051.644,0.4888,0.0532
4052.577,0.4200,0.0481
4053.510,0.4863,0.0445
4054.444,0.4918,0.0402
4055.377,0.3955,0.0394
4056.311,0.4303,0.0468
4057.245,0.4227,0.0522
4058.179,0.4614,0.0530
4059.114,0.4549,0.0523
4060.049,0.4276,0.0626
4060.984,0.4602,0.0622
4061.919,0.4234,0.0507
4062.855,0.3226,0.0466
4063.790,0.4036,0.0469
4064.726,0.4897,0.0483
4065.662,0.6304,0.0719
4066.598,0.7618,0.0816
4067.535,0.5266,0.0631
4068.471,0.5045,0.0455
4069.408,0.3668,0.0455
4070.346,0.2826,0.0416
4071.283,0.3604,0.0407
4072.220,0.3919,0.0421
4073.158,0.4130,0.0424
4074.096,0.3750,0.0392
4075.034,0.3991,0.0406
4075.973,0.3636,0.0426
4076.911,0.4089,0.0402
4077.850,0.4237,0.0434
4078.789,0.3072,0.0429
4079.729,0.4148,0.0412
4080.668,0.4638,0.0405
4081.608,0.4861,0.0451
4082.548,0.5060,0.0532
4083.488,0.5328,0.0614
4084.428,0.5295,0.0516
4085.369,0.4378,0.0466
4086.310,0.4411,0.0505
4087.251,0.5592,0.0690
4088.192,0.5636,0.0741
4089.133,0.5005,0.0622
4090.075,0.3646,0.0484
4091.017,0.3490,0.0504
4091.959,0.4249,0.0475
4092.901,0.4094,0.0455
4093.844,0.3557,0.0447
4094.786,0.4855,0.0437
4095.729,0.4827,0.0462
4096.673,0.3498,0.0478
4097.616,0.3717,0.0462
4098.560,0.4662,0.0457
4099.503,0.4724,0.0461
4100.448,0.4355,0.0449
4101.392,0.4768,0.0416
4102.336,0.4259,0.0412
4103.281,0.4116,0.0459
4104.226,0.4454,0.0520
4105.171,0.4455,0.0560
4106.116,0.4495,0.0542
4107.062,0.5116,0.0579
4108.008,0.4933,0.0523
4108.954,0.4651,0.0478
4109.900,0.4200,0.0500
4110.847,0.4620,0.0474
4111.793,0.5270,0.0519
4112.740,0.4860,0.0712
4113.687,0.4345,0.0718
4114.635,0.4258,0.0540
4115.582,0.4227,0.0481
4116.530,0.3682,0.0441
4117.478,0.3678,0.0475
4118.426,0.4433,0.0501
4119.375,0.4273,0.0466
4120.323,0.4374,0.0490
4121.272,0.4762,0.0565
4122.221,0.4025,0.0534
4123.170,0.4220,0.0508
4124.120,0.3924,0.0442
4125.069,0.3979,0.0477
4126.020,0.4777,0.0470
4126.970,0.4177,0.0464
4127.920,0.2930,0.0527
4128.871,0.3475,0.0529
4129.821,0.4111,0.0514
4130.772,0.3917,0.0513
4131.724,0.4480,0.0506
4132.675,0.3802,0.0533
4133.627,0.3644,0.0530
4134.579,0.4748,0.0495
4135.531,0.4295,0.0495
4136.483,0.5169,0.0482
4137.436,0.5131,0.0514
4138.388,0.4185,0.0539
4139.341,0.3947,0.0536
4140.295,0.4748,0.0511
4141.248,0.5184,0.0493
4142.202,0.4774,0.0492
4143.156,0.4480,0.0462
4144.110,0.3853,0.0442
4145.064,0.3102,0.0505
4146.019,0.7122,0.3671
4146.974,0.2509,0.2609
4147.929,0.9441,0.1741
4148.884,0.2797,0.1024
4149.839,0.1351,0.0957
4150.795,0.2731,0.1039
4151.750,0.2503,0.0968
4152.707,0.2977,0.0921
4153.663,0.4297,0.0936
4154.620,0.5525,0.0819
4155.576,0.7235,0.0861
4156.534,0.6224,0.0934
4157.491,0.6074,0.0959
4158.448,0.9227,0.1039
4159.406,0.5485,0.1470
4160.363,0.8670,0.1566
4161.321,0.9865,0.1218
4162.280,0.9118,0.1019
4163.238,0.7678,0.0996
4164.197,0.5707,0.1311
4165.156,0.6325,0.2166
4166.115,0.6105,0.1938
4167.075,0.7309,0.1491
4168.034,0.6721,0.1046
4168.994,0.4691,0.0891
4169.954,0.4580,0.0993
4170.914,0.5056,0.0915
4171.875,0.6834,0.0892
4172.835,0.5634,0.0899
4173.796,0.5006,0.0889
4174.758,0.4827,0.0837
4175.719,0.3640,0.0832
4176.681,0.7009,0.0922
4177.643,0.6391,0.0942
4178.604,0.5635,0.0879
4179.567,0.6638,0.0874
4180.529,0.7677,0.0950
4181.492,0.7044,0.1147
4182.455,0.7179,0.1226
4183.418,1.0261,0.1069
4184.381,0.8435,0.0907
4185.345,0.7515,0.0985
4186.309,0.6427,0.1268
4187.273,0.3023,0.1432
4188.237,0.9495,0.1224
4189.202,0.5906,0.0985
4190.166,0.4999,0.0924
4191.131,0.5250,0.0878
4192.097,0.4916,0.0875
4193.062,0.5656,0.0862
4194.027,0.4317,0.0848
4194.993,0.4933,0.0862
4195.959,0.6076,0.0897
4196.926,0.6051,0.0899
4197.892,0.5235,0.0885
4198.859,0.5302,0.0943
4199.826,0.6545,0.0963
4200.792,0.6213,0.0967
4201.760,0.5315,0.0982
4202.728,0.5290,0.0947
4203.696,0.5246,0.0939
4204.664,0.4859,0.0944
4205.632,0.7310,0.1055
4206.601,0.6277,0.1176
4207.569,0.6087,0.1032
4208.538,0.5447,0.0912
4209.507,0.4237,0.1001
4210.477,0.4128,0.1238
4211.446,0.3752,0.1222
4212.416,0.5131,0.1054
4213.386,0.4666,0.0977
4214.356,0.3886,0.1012
4215.327,0.4332,0.0971
4216.297,0.5223,0.0937
4217.269,0.5376,0.1098
4218.240,0.5849,0.1172
4219.211,0.6894,0.1274
4220.183,0.7621,0.1425
4221.155,1.0137,0.1602
4222.127,1.2833,0.1724
4223.099,0.6296,0.1801
4224.071,1.0283,0.1869
4225.044,0.7467,0.1918
4226.018,0.4453,0.1899
4226.990,0.5004,0.1968
4227.964,0.3945,0.1923
4228.938,0.3531,0.1808
4229.911,0.4433,0.1816
4230.885,0.2939,0.1740
4231.860,0.4560,0.1596
4232.834,0.7188,0.1555
4233.809,0.6158,0.1328
4234.784,0.9532,0.1513
4235.759,0.6351,0.1480
4236.735,0.8882,0.1870
4237.710,1.2114,0.1925
4238.686,1.1682,0.2050
4239.662,1.0939,0.2281
4240.639,1.2802,0.2400
4241.615,1.3002,0.2428
4242.592,0.9885,0.1877
4243.569,0.9369,0.1853
4244.546,0.9680,0.1979
4245.524,0.5523,0.1773
4246.501,0.4174,0.1814
4247.479,0.7024,0.1688
4248.457,0.4726,0.1533
4249.436,0.3833,0.1572
4250.415,0.6771,0.1527
4251.393,0.7693,0.1396
4252.372,0.5040,0.1375
4253.352,0.5140,0.1355
4254.331,0.6670,0.1331
4255.311,0.7378,0.1303
4256.291,0.6130,0.1115
4257.271,0.5500,0.1136
4258.251,0.9956,0.1254
4259.231,0.5126,0.1074
4260.212,0.4627,0.1196
4261.194,0.4852,0.1158
4262.175,0.5171,0.1127
4263.156,0.8248,0.1118
4264.138,0.5929,0.1147
4265.120,0.7690,0.1222
4266.102,0.7255,0.1066
4267.085,0.5884,0.1033
4268.067,0.5415,0.1055
4269.050,0.5001,0.0982
4270.033,0.4808,0.0982
4271.017,0.6934,0.1004
4272.000,0.6670,0.1039
4272.984,0.4723,0.0983
4273.968,0.3957,0.0991
4274.952,0.5545,0.1113
4275.937,0.7036,0.1060
4276.921,0.5202,0.0977
4277.906,0.5633,0.1119
4278.892,0.6002,0.1143
4279.876,0.4709,0.1231
4280.862,0.3507,0.1276
4281.848,0.3078,0.1117
4282.834,0.2663,0.1143
4283.820,0.3998,0.1143
4284.807,0.3524,0.1145
4285.793,0.3654,0.1238
4286.781,0.8162,0.1312
4287.768,1.0177,0.1430
4288.755,1.4494,0.1575
4289.743,1.5515,0.2312
4290.730,1.4873,0.3487
4291.719,1.4964,0.3150
4292.707,1.4118,0.3101
4293.696,1.1736,0.3167
4294.685,0.8276,0.3336
4295.673,1.0906,0.2330
4296.663,1.2901,0.1588
4297.652,1.0591,0.2091
4298.642,0.6735,0.3521
4299.631,1.0000,1.0000
4300.622,0.5003,0.2746
4301.612,0.9196,0.1788
4302.603,0.8184,0.1515
4303.594,0.8109,0.1423
4304.584,1.0351,0.1595
4305.576,0.2350,0.1988
4306.567,0.4988,0.1977
4307.559,0.8457,0.1709
4308.551,0.8147,0.1368
4309.543,0.5536,0.1169
4310.536,0.3458,0.1250
4311.528,0.2718,0.1268
4312.521,0.2463,0.1361
4313.515,0.4387,0.1378
4314.508,0.3826,0.1423
4315.501,0.2566,0.1334
4316.495,0.5896,0.1351
4317.489,0.8591,0.1531
4318.483,0.8226,0.2004
4319.478,1.3054,0.2575
4320.473,1.6389,0.2593
4321.467,1.9474,0.2593
4322.463,1.6906,0.4725
4323.458,1.0000,1.0000
4324.454,1.2025,0.4912
4325.450,1.6542,0.2962
4326.446,1.0562,0.2346
4327.442,0.4425,0.3171
4328.438,1.0000,1.0000
4329.436,0.4035,0.2098
4330.432,0.5827,0.1596
4331.430,0.5611,0.1636
4332.427,0.6637,0.1650
4333.425,0.7189,0.1662
4334.422,0.6108,0.1958
4335.421,0.5848,0.1680
4336.419,0.6968,0.1329
4337.418,0.8396,0.1420
4338.417,0.7856,0.1252
4339.416,0.6736,0.1179
4340.415,0.7436,0.1316
4341.415,0.7269,0.1613
4342.414,0.7129,0.2519
4343.414,0.4138,0.3094
4344.415,0.4281,0.2101
4345.415,0.8400,0.1544
4346.416,0.8550,0.1981
4347.417,0.4985,0.2086
4348.418,1.1262,0.2208
4349.419,1.3428,0.1595
4350.421,1.7211,0.2414
4351.422,1.2092,0.4789
4352.425,1.0000,1.0000
4353.427,0.4598,0.3662
4354.430,0.9062,0.2034
4355.432,0.5231,0.1913
4356.436,0.6258,0.1942
4357.438,0.9697,0.1804
4358.442,0.6702,0.1604
4359.446,1.0476,0.2562
4360.449,0.8109,0.3769
4361.454,1.0000,1.0000
4362.458,0.4606,0.2059
4363.463,1.2853,0.2390
4364.467,0.7924,0.3579
4365.473,1.4551,0.2343
4366.478,1.2983,0.1714
4367.483,2.4265,0.3781
4368.489,1.0479,0.5779
4369.495,1.0000,1.0000
4370.501,1.0364,0.3290
4371.508,1.2005,0.1655
4372.514,1.0000,1.0000
4373.521,1.0000,1.0000
4374.529,0.4788,0.1569
4375.536,0.6128,0.1425
4376.543,0.5679,0.1384
4377.552,0.6595,0.1234
4378.560,0.9930,0.1680
4379.568,1.1209,0.2731
4380.577,0.3865,0.2775
4381.585,1.0000,1.0000
4382.594,0.9564,0.2110
4383.604,1.0206,0.2319
4384.613,1.0290,0.1585
4385.623,1.1113,0.1849
4386.633,1.7418,0.4208
4387.643,1.1841,0.5181
4388.653,1.0000,1.0000
4389.664,0.5061,0.1886
4390.675,0.5918,0.1548
4391.686,0.4804,0.1661
4392.697,0.4870,0.1651
4393.708,0.3835,0.1435
4394.720,0.3929,0.1292
4395.732,0.5705,0.1173
4396.745,0.3830,0.1186
4397.757,0.6721,0.1256
4398.770,0.6327,0.1491
4399.783,0.4842,0.1378
4400.796,1.0968,0.1444
4401.810,1.2089,0.1949
4402.823,0.2632,0.2214
4403.837,0.2510,0.1668
4404.852,0.6718,0.1769
4405.866,0.7492,0.1590
4406.880,1.1678,0.1452
4407.896,2.3928,0.2420
4408.910,1.0000,1.0000
4409.926,1.0000,1.0000
4410.941,0.7550,0.1436
4411.957,0.5890,0.1212
4412.973,0.3215,0.1299
4413.989,0.4170,0.1355
4415.005,0.6569,0.1276
4416.022,0.4788,0.1365
4417.040,0.4596,0.1337
4418.057,0.5352,0.1220
4419.074,0.3101,0.1247
4420.091,0.5938,0.1236
4421.109,0.5108,0.1225
4422.127,0.5921,0.1321
4423.146,0.7406,0.1387
4424.164,0.9008,0.1325
4425.183,1.1912,0.1575
4426.202,1.2499,0.1815
4427.222,0.5225,0.1945
4428.241,0.8208,0.1549
4429.261,0.7574,0.1299
4430.281,0.5383,0.1337
4431.301,1.2573,0.1983
4432.321,0.4809,0.2479
4433.342,1.0000,1.0000
4434.363,0.3563,0.1417
4435.384,0.5407,0.1267
4436.406,0.2000,0.1406
4437.427,0.5914,0.1396
4438.449,0.6091,0.1320
4439.471,0.5020,0.1365
4440.494,0.4893,0.1471
4441.517,0.4435,0.1455
4442.539,0.3913,0.1320
4443.562,0.4812,0.1279
4444.585,0.5440,0.1250
4445.609,0.4759,0.1297
4446.633,0.4757,0.1241
4447.657,0.5319,0.1333
4448.681,0.6276,0.1367
4449.705,0.7253,0.1326
4450.730,0.6704,0.1326
4451.755,0.9900,0.1307
4452.780,1.0230,0.1577
4453.806,0.8072,0.1751
4454.832,0.6738,0.1591
4455.857,0.7367,0.1394
4456.883,0.8144,0.1505
4457.910,1.2288,0.2069
4458.936,0.4619,0.2156
4459.963,0.2008,0.1684
4460.990,0.7237,0.1361
4462.018,0.5854,0.1329
4463.045,0.4873,0.1239
4464.073,0.7067,0.1215
4465.101,0.8575,0.1482
4466.129,0.6812,0.1490
4467.157,0.5096,0.1198
4468.186,0.7619,0.1274
4469.215,0.9280,0.1267
4470.244,0.6229,0.1477
4471.274,0.3833,0.1494
4472.303,0.4904,0.1322
4473.333,0.7112,0.1389
4474.364,0.6985,0.1382
4475.394,0.6787,0.1375
4476.424,0.8486,0.1402
4477.455,0.7406,0.1314
4478.487,0.7585,0.1246
4479.518,0.7014,0.1295
4480.549,0.4172,0.1491
4481.581,1.1667,0.1524
4482.613,0.4668,0.1689
4483.646,0.5013,0.1645
4484.678,0.8154,0.1385
4485.711,0.9239,0.1434
4486.744,1.0185,0.1856
4487.777,0.4115,0.1842
4488.811,0.1214,0.1410
4489.844,0.4483,0.1375
4490.878,0.7743,0.1383
4491.913,0.6335,0.1455
4492.947,0.3266,0.1279
4493.981,0.6663,0.1279
4495.016,1.0000,1.0000
4496.052,1.0000,1.0000
4497.087,1.0000,1.0000
4498.122,1.0000,1.0000
4499.158,1.0000,1.0000
4500.194,1.0000,1.0000
4501.230,1.0000,1.0000
4502.267,1.0000,1.0000
4503.304,1.0000,1.0000
4504.341,1.0000,1.0000
4505.378,1.0000,1.0000
4506.416,1.0000,1.0000
4507.454,1.0000,1.0000
4508.492,1.0000,1.0000
4509.530,1.0000,1.0000
4510.568,1.0000,1.0000
4511.607,1.0000,1.0000
4512.646,1.0000,1.0000
4513.685,1.0000,1.0000
4514.725,1.0000,1.0000
4515.765,1.0000,1.0000
4516.804,1.0000,1.0000
4517.844,1.0000,1.0000
4518.885,1.0000,1.0000
4519.925,1.0000,1.0000
4520.966,1.0000,1.0000
4522.007,1.0000,1.0000
4523.049,1.0000,1.0000
4524.090,1.0000,1.0000
4525.132,1.0000,1.0000
4526.174,1.0000,1.0000
4527.217,1.0000,1.0000
4528.259,1.0000,1.0000
4529.302,1.0000,1.0000
4530.345,1.0000,1.0000
4531.388,1.0000,1.0000
4532.432,1.0000,1.0000
4533.476,1.0000,1.0000
4534.520,1.0000,1.0000
4535.563,1.0000,1.0000
4536.608,1.0000,1.0000
4537.652,1.0000,1.0000
4538.698,1.0000,1.0000
4539.743,1.0000,1.0000
4540.789,1.0000,1.0000
4541.834,1.0000,1.0000
4542.880,1.0000,1.0000
4543.926,1.0000,1.0000
4544.972,1.0000,1.0000
4546.019,1.0000,1.0000
4547.066,1.0000,1.0000
4548.113,1.0000,1.0000
4549.161,1.0000,1.0000
4550.208,1.0000,1.0000
4551.256,1.0000,1.0000
4552.304,1.0000,1.0000
4553.353,1.0000,1.0000
4554.401,1.0000,1.0000
4555.450,1.0000,1.0000
4556.499,1.0000,1.0000
4557.548,1.0000,1.0000
4558.598,1.0000,1.0000
4559.647,1.0000,1.0000
4560.697,1.0000,1.0000
4561.748,1.0000,1.0000
4562.798,1.0000,1.0000
4563.849,1.0000,1.0000
4564.900,1.0000,1.0000
4565.951,1.0000,1.0000
4567.002,1.0000,1.0000
4568.055,1.0000,1.0000
4569.106,1.0000,1.0000
4570.158,1.0000,1.0000
4571.211,1.0000,1.0000
4572.263,1.0000,1.0000
4573.316,1.0000,1.0000
4574.370,1.0000,1.0000
4575.423,1.0000,1.0000
4576.477,1.0000,1.0000
4577.531,1.0000,1.0000
4578.585,1.0000,1.0000
4579.639,1.0000,1.0000
4580.693,1.0000,1.0000
4581.749,1.0000,1.0000
4582.804,1.0000,1.0000
4583.859,1.0000,1.0000
4584.915,1.0000,1.0000
4585.970,1.0000,1.0000
4587.027,1.0000,1.0000
4588.083,1.0000,1.0000
4589.139,1.0000,1.0000
4590.196,1.0000,1.0000
4591.253,1.0000,1.0000
4592.311,1.0000,1.0000
4593.368,1.0000,1.0000
4594.426,1.0000,1.0000
4595.484,1.0000,1.0000
4596.542,1.0000,1.0000
4597.601,1.0000,1.0000
4598.660,1.0000,1.0000
4599.718,1.0000,1.0000
4600.778,1.0000,1.0000
4601.837,1.0000,1.0000
4602.897,1.0000,1.0000
4603.957,1.0000,1.0000
4605.017,1.0000,1.0000
4606.078,1.0000,1.0000
4607.138,1.0000,1.0000
4608.199,1.0000,1.0000
4609.260,1.0000,1.0000
4610.322,1.0000,1.0000
4611.384,1.0000,1.0000
4612.445,1.0000,1.0000
4613.508,1.0000,1.0000
4614.570,1.0000,1.0000
4615.633,1.0000,1.0000
4616.696,1.0000,1.0000
4617.759,1.0000,1.0000
4618.822,1.0000,1.0000
4619.886,1.0000,1.0000
4620.950,1.0000,1.0000
4622.014,1.0000,1.0000
4623.078,1.0000,1.0000
4624.143,1.0000,1.0000
4625.208,1.0000,1.0000
4626.273,1.0000,1.0000
4627.338,1.0000,1.0000
4628.404,1.0000,1.0000
4629.470,1.0000,1.0000
4630.536,1.0000,1.0000
4631.603,1.0000,1.0000
4632.669,1.0000,1.0000
4633.735,1.0000,1.0000
4634.803,1.0000,1.0000
4635.870,1.0000,1.0000
4636.938,1.0000,1.0000
4638.006,1.0000,1.0000
4639.074,1.0000,1.0000
4640.142,1.0000,1.0000
4641.210,1.0000,1.0000
4642.279,1.0000,1.0000
4643.348,1.0000,1.0000
4644.417,1.0000,1.0000
4645.487,1.0000,1.0000
4646.557,1.0000,1.0000
4647.627,1.0000,1.0000
4648.697,1.0000,1.0000
4649.768,1.0000,1.0000
4650.839,1.0000,1.0000
4651.909,1.0000,1.0000
4652.981,1.0000,1.0000
4654.052,1.0000,1.0000
4655.124,1.0000,1.0000
4656.196,1.0000,1.0000
4657.269,1.0000,1.0000
4658.341,1.0000,1.0000
4659.414,1.0000,1.0000
4660.487,1.0000,1.0000
4661.560,1.0000,1.0000
4662.633,1.0000,1.0000
4663.707,1.0000,1.0000
4664.781,1.0000,1.0000
4665.855,1.0000,1.0000
4666.930,1.0000,1.0000
4668.004,1.0000,1.0000
4669.080,1.0000,1.0000
4670.155,1.0000,1.0000
4671.230,1.0000,1.0000
4672.306,1.0000,1.0000
4673.382,1.0000,1.0000
4674.458,1.0000,1.0000
4675.534,1.0000,1.0000
4676.611,1.0000,1.0000
4677.688,1.0000,1.0000
4678.766,1.0000,1.0000
4679.843,1.0000,1.0000
4680.920,1.0000,1.0000
4681.999,1.0000,1.0000
4683.077,1.0000,1.0000
4684.155,1.0000,1.0000
4685.233,1.0000,1.0000
4686.312,1.0000,1.0000
4687.392,1.0000,1.0000
4688.471,1.0000,1.0000
4689.551,1.0000,1.0000
4690.631,1.0000,1.0000
4691.711,1.0000,1.0000
4692.792,1.0000,1.0000
4693.872,1.0000,1.0000
4694.953,1.0000,1.0000
4696.034,1.0000,1.0000
4697.116,1.0000,1.0000
4698.198,1.0000,1.0000
4699.279,1.0000,1.0000
4700.362,1.0000,1.0000
4701.444,1.0000,1.0000
4702.527,1.0000,1.0000
4703.609,1.0000,1.0000
4704.692,1.0000,1.0000
4705.776,1.0000,1.0000
4706.860,1.0000,1.0000
4707.944,1.0000,1.0000
4709.028,1.0000,1.0000
4710.112,1.0000,1.0000
4711.197,1.0000,1.0000
4712.282,1.0000,1.0000
4713.367,1.0000,1.0000
4714.453,1.0000,1.0000
4715.538,1.0000,1.0000
4716.624,1.0000,1.0000
4717.710,1.0000,1.0000
4718.796,1.0000,1.0000
4719.883,1.0000,1.0000
4720.970,1.0000,1.0000
4722.057,1.0000,1.0000
4723.145,1.0000,1.0000
4724.232,1.0000,1.0000
4725.320,1.0000,1.0000
4726.409,1.0000,1.0000
4727.497,1.0000,1.0000
4728.585,1.0000,1.0000
4729.675,1.0000,1.0000
4730.764,1.0000,1.0000
4731.853,1.0000,1.0000
4732.943,1.0000,1.0000
4734.033,1.0000,1.0000
4735.123,1.0000,1.0000
4736.213,1.0000,1.0000
4737.304,1.0000,1.0000
4738.395,1.0000,1.0000
4739.486,1.0000,1.0000
4740.577,1.0000,1.0000
4741.669,1.0000,1.0000
4742.761,1.0000,1.0000
4743.853,1.0000,1.0000
4744.946,1.0000,1.0000
4746.038,1.0000,1.0000
4747.131,1.0000,1.0000
4748.225,1.0000,1.0000
4749.318,1.0000,1.0000
4750.412,1.0000,1.0000
4751.505,1.0000,1.0000
4752.600,1.0000,1.0000
4753.694,1.0000,1.0000
4754.789,1.0000,1.0000
4755.884,1.0000,1.0000
4756.979,1.0000,1.0000
4758.075,1.0000,1.0000
4759.170,1.0000,1.0000
4760.267,1.0000,1.0000
4761.363,1.0000,1.0000
4762.459,1.0000,1.0000
4763.556,1.0000,1.0000
4764.653,1.0000,1.0000
4765.750,1.0000,1.0000
4766.847,1.0000,1.0000
4767.945,1.0000,1.0000
4769.043,1.0000,1.0000
4770.142,1.0000,1.0000
4771.240,1.0000,1.0000
4772.339,1.0000,1.0000
4773.438,1.0000,1.0000
4774.537,1.0000,1.0000
4775.637,1.0000,1.0000
4776.736,1.0000,1.0000
4777.836,1.0000,1.0000
4778.937,1.0000,1.0000
4780.037,1.0000,1.0000
4781.138,1.0000,1.0000
4782.239,1.0000,1.0000
4783.340,1.0000,1.0000
4784.442,1.0000,1.0000
4785.543,1.0000,1.0000
4786.646,1.0000,1.0000
4787.748,1.0000,1.0000
4788.851,1.0000,1.0000
4789.953,1.0000,1.0000
4791.056,1.0000,1.0000
4792.159,1.0000,1.0000
4793.263,1.0000,1.0000
4794.367,1.0000,1.0000
4795.471,1.0000,1.0000
4796.575,1.0000,1.0000
4797.680,1.0000,1.0000
4798.784,1.0000,1.0000
4799.890,1.0000,1.0000
4800.995,1.0000,1.0000
4802.101,1.0000,1.0000
4803.207,1.0000,1.0000
4804.312,1.0000,1.0000
4805.419,1.0000,1.0000
4806.526,1.0000,1.0000
4807.632,1.0000,1.0000
4808.739,1.0000,1.0000
4809.847,1.0000,1.0000
4810.955,1.0000,1.0000
4812.062,1.0000,1.0000
4813.170,1.0000,1.0000
4814.279,1.0000,1.0000
4815.388,1.0000,1.0000
4816.497,1.0000,1.0000
4817.606,1.0000,1.0000
4818.715,1.0000,1.0000
4819.825,1.0000,1.0000
4820.935,1.0000,1.0000
4822.045,1.0000,1.0000
4823.155,1.0000,1.0000
4824.266,1.0000,1.0000
4825.377,1.0000,1.0000
4826.488,1.0000,1.0000
4827.600,1.0000,1.0000
4828.711,1.0000,1.0000
4829.823,1.0000,1.0000
4830.936,1.0000,1.0000
4832.048,1.0000,1.0000
4833.161,1.0000,1.0000
4834.274,1.0000,1.0000
4835.387,1.0000,1.0000
4836.501,1.0000,1.0000
4837.614,1.0000,1.0000
4838.729,1.0000,1.0000
4839.843,1.0000,1.0000
4840.957,1.0000,1.0000
4842.072,1.0000,1.0000
4843.187,1.0000,1.0000
4844.302,1.0000,1.0000
4845.418,1.0000,1.0000
4846.534,1.0000,1.0000
4847.650,1.0000,1.0000
4848.767,1.0000,1.0000
4849.883,1.0000,1.0000
4851.000,1.0000,1.0000
4852.117,1.0000,1.0000
4853.234,1.0000,1.0000
4854.352,1.0000,1.0000
4855.470,1.0000,1.0000
4856.588,1.0000,1.0000
4857.706,1.0000,1.0000
4858.825,1.0000,1.0000
4859.944,1.0000,1.0000
4861.063,1.0000,1.0000
4862.183,1.0000,1.0000
4863.302,1.0000,1.0000
4864.422,1.0000,1.0000
4865.542,1.0000,1.0000
4866.663,1.0000,1.0000
4867.783,1.0000,1.0000
4868.904,1.0000,1.0000
4870.026,1.0000,1.0000
4871.147,1.0000,1.0000
4872.269,1.0000,1.0000
4873.391,1.0000,1.0000
4874.514,1.0000,1.0000
4875.636,1.0000,1.0000
4876.758,1.0000,1.0000
4877.881,1.0000,1.0000
4879.005,1.0000,1.0000
4880.128,1.0000,1.0000
4881.252,1.0000,1.0000
4882.376,1.0000,1.0000
4883.500,1.0000,1.0000
4884.625,1.0000,1.0000
4885.750,1.0000,1.0000
4886.875,1.0000,1.0000
4888.000,1.0000,1.0000
4889.126,1.0000,1.0000
4890.252,1.0000,1.0000
4891.378,1.0000,1.0000
4892.505,1.0000,1.0000
4893.631,1.0000,1.0000
4894.758,1.0000,1.0000
4895.886,1.0000,1.0000
4897.013,1.0000,1.0000
4898.141,1.0000,1.0000
4899.269,1.0000,1.0000
4900.397,1.0000,1.0000
4901.525,1.0000,1.0000
4902.654,1.0000,1.0000
4903.783,1.0000,1.0000
4904.912,1.0000,1.0000
4906.042,1.0000,1.0000
4907.171,1.0000,1.0000
4908.302,1.0000,1.0000
4909.432,1.0000,1.0000
4910.563,1.0000,1.0000
4911.693,1.0000,1.0000
4912.825,1.0000,1.0000
4913.956,1.0000,1.0000
4915.088,1.0000,1.0000
4916.220,1.0000,1.0000
4917.352,1.0000,1.0000
4918.484,1.0000,1.0000
4919.617,1.0000,1.0000
4920.750,1.0000,1.0000
4921.883,1.0000,1.0000
4923.016,1.0000,1.0000
4924.150,1.0000,1.0000
4925.284,1.0000,1.0000
4926.418,1.0000,1.0000
4927.552,1.0000,1.0000
4928.688,1.0000,1.0000
4929.822,1.0000,1.0000
4930.958,1.0000,1.0000
4932.093,1.0000,1.0000
4933.229,1.0000,1.0000
4934.365,1.0000,1.0000
4935.501,1.0000,1.0000
4936.638,1.0000,1.0000
4937.775,1.0000,1.0000
4938.912,1.0000,1.0000
4940.049,1.0000,1.0000
4941.187,1.0000,1.0000
4942.325,1.0000,1.0000
4943.463,1.0000,1.0000
4944.601,1.0000,1.0000
4945.740,1.0000,1.0000
4946.878,1.0000,1.0000
4948.018,1.0000,1.0000
4949.158,1.0000,1.0000
4950.297,1.0000,1.0000
4951.437,1.0000,1.0000
4952.577,1.0000,1.0000
4953.718,1.0000,1.0000
4954.858,1.0000,1.0000
4956.000,1.0000,1.0000
4957.141,1.0000,1.0000
4958.282,1.0000,1.0000
4959.424,1.0000,1.0000
4960.566,1.0000,1.0000
4961.708,1.0000,1.0000
4962.851,1.0000,1.0000
4963.994,1.0000,1.0000
4965.137,1.0000,1.0000
4966.281,1.0000,1.0000
4967.424,1.0000,1.0000
4968.568,1.0000,1.0000
4969.712,1.0000,1.0000
4970.856,1.0000,1.0000
4972.001,1.0000,1.0000
4973.147,1.0000,1.0000
4974.292,1.0000,1.0000
4975.438,1.0000,1.0000
4976.583,1.0000,1.0000
4977.729,1.0000,1.0000
4978.875,1.0000,1.0000
4980.021,1.0000,1.0000
4981.169,1.0000,1.0000
4982.316,1.0000,1.0000
4983.463,1.0000,1.0000
4984.611,1.0000,1.0000
4985.758,1.0000,1.0000
4986.907,1.0000,1.0000
4988.055,1.0000,1.0000
4989.204,1.0000,1.0000
4990.353,1.0000,1.0000
4991.502,1.0000,1.0000
4992.651,1.0000,1.0000
4993.801,1.0000,1.0000
4994.951,1.0000,1.0000
4996.102,1.0000,1.0000
4997.252,1.0000,1.0000
4998.403,1.0000,1.0000
4999.554,1.0000,1.0000
5000.705,1.0000,1.0000
5001.856,1.0000,1.0000
5003.009,1.0000,1.0000
5004.161,1.0000,1.0000
5005.313,1.0000,1.0000
5006.466,1.0000,1.0000
5007.619,1.0000,1.0000
5008.772,1.0000,1.0000
5009.925,1.0000,1.0000
5011.079,1.0000,1.0000
5012.233,1.0000,1.0000
5013.388,1.0000,1.0000
5014.542,1.0000,1.0000
5015.696,1.0000,1.0000
5016.852,1.0000,1.0000
5018.007,1.0000,1.0000
5019.162,1.0000,1.0000
5020.318,1.0000,1.0000
5021.474,1.0000,1.0000
5022.631,1.0000,1.0000
5023.787,1.0000,1.0000
5024.944,1.0000,1.0000
5026.102,1.0000,1.0000
5027.259,1.0000,1.0000
5028.417,1.0000,1.0000
5029.575,1.0000,1.0000
5030.733,1.0000,1.0000
5031.891,1.0000,1.0000
5033.050,1.0000,1.0000
5034.209,1.0000,1.0000
5035.369,1.0000,1.0000
5036.528,1.0000,1.0000
5037.688,1.0000,1.0000
5038.848,1.0000,1.0000
5040.008,1.0000,1.0000
5041.169,1.0000,1.0000
5042.330,1.0000,1.0000
5043.491,1.0000,1.0000
5044.653,1.0000,1.0000
5045.814,1.0000,1.0000
5046.977,1.0000,1.0000
5048.138,1.0000,1.0000
5049.301,1.0000,1.0000
5050.464,1.0000,1.0000
5051.627,1.0000,1.0000
5052.790,1.0000,1.0000
5053.954,1.0000,1.0000
5055.118,1.0000,1.0000
5056.282,1.0000,1.0000
5057.446,1.0000,1.0000
5058.610,1.0000,1.0000
5059.775,1.0000,1.0000
5060.941,1.0000,1.0000
5062.106,1.0000,1.0000
5063.272,1.0000,1.0000
5064.438,1.0000,1.0000
5065.604,1.0000,1.0000
5066.771,1.0000,1.0000
5067.938,1.0000,1.0000
5069.104,1.0000,1.0000
5070.272,1.0000,1.0000
5071.439,1.0000,1.0000
5072.607,1.0000,1.0000
5073.776,1.0000,1.0000
5074.944,1.0000,1.0000
5076.113,1.0000,1.0000
5077.282,1.0000,1.0000
5078.451,1.0000,1.0000
5079.620,1.0000,1.0000
5080.790,1.0000,1.0000
5081.960,1.0000,1.0000
5083.130,1.0000,1.0000
5084.301,1.0000,1.0000
5085.472,1.0000,1.0000
5086.643,1.0000,1.0000
5087.814,1.0000,1.0000
5088.986,1.0000,1.0000
5090.158,1.0000,1.0000
5091.330,1.0000,1.0000
5092.502,1.0000,1.0000
5093.675,1.0000,1.0000
5094.849,1.0000,1.0000
5096.021,1.0000,1.0000
5097.195,1.0000,1.0000
5098.369,1.0000,1.0000
5099.543,1.0000,1.0000
5100.717,1.0000,1.0000
5101.892,1.0000,1.0000
5103.067,1.0000,1.0000
5104.242,1.0000,1.0000
5105.417,1.0000,1.0000
5106.593,1.0000,1.0000
5107.769,1.0000,1.0000
5108.945,1.0000,1.0000
5110.122,1.0000,1.0000
5111.298,1.0000,1.0000
5112.476,1.0000,1.0000
5113.653,1.0000,1.0000
5114.831,1.0000,1.0000
5116.008,1.0000,1.0000
5117.187,1.0000,1.0000
5118.365,1.0000,1.0000
5119.544,1.0000,1.0000
5120.723,1.0000,1.0000
5121.902,1.0000,1.0000
5123.082,1.0000,1.0000
5124.261,1.0000,1.0000
5125.441,1.0000,1.0000
5126.622,1.0000,1.0000
5127.802,1.0000,1.0000
5128.983,1.0000,1.0000
5130.164,1.0000,1.0000
5131.345,1.0000,1.0000
5132.527,1.0000,1.0000
5133.709,1.0000,1.0000
5134.891,1.0000,1.0000
5136.074,1.0000,1.0000
5137.256,1.0000,1.0000
5138.439,1.0000,1.0000
5139.623,1.0000,1.0000
5140.806,1.0000,1.0000
5141.990,1.0000,1.0000
5143.174,1.0000,1.0000
5144.359,1.0000,1.0000
5145.543,1.0000,1.0000
5146.729,1.0000,1.0000
5147.914,1.0000,1.0000
5149.099,1.0000,1.0000
5150.285,1.0000,1.0000
5151.471,1.0000,1.0000
5152.657,1.0000,1.0000
5153.844,1.0000,1.0000
5155.030,1.0000,1.0000
5156.218,1.0000,1.0000
5157.405,1.0000,1.0000
5158.593,1.0000,1.0000
5159.781,1.0000,1.0000
5160.969,1.0000,1.0000
5162.158,1.0000,1.0000
5163.346,1.0000,1.0000
5164.535,1.0000,1.0000
5165.725,1.0000,1.0000
5166.915,1.0000,1.0000
5168.104,1.0000,1.0000
5169.294,1.0000,1.0000
5170.485,1.0000,1.0000
5171.675,1.0000,1.0000
5172.866,1.0000,1.0000
5174.058,1.0000,1.0000
5175.249,1.0000,1.0000
5176.441,1.0000,1.0000
5177.633,1.0000,1.0000
5178.825,1.0000,1.0000
5180.018,1.0000,1.0000
5181.210,1.0000,1.0000
5182.404,1.0000,1.0000
5183.597,1.0000,1.0000
5184.791,1.0000,1.0000
5185.985,1.0000,1.0000
5187.180,1.0000,1.0000
5188.374,1.0000,1.0000
5189.568,1.0000,1.0000
5190.764,1.0000,1.0000
5191.959,1.0000,1.0000
5193.154,1.0000,1.0000
5194.350,1.0000,1.0000
5195.546,1.0000,1.0000
5196.743,1.0000,1.0000
5197.940,1.0000,1.0000
5199.137,1.0000,1.0000
5200.334,1.0000,1.0000
5201.532,1.0000,1.0000
5202.729,1.0000,1.0000
5203.928,1.0000,1.0000
5205.126,1.0000,1.0000
5206.325,1.0000,1.0000
5207.523,1.0000,1.0000
5208.723,1.0000,1.0000
5209.922,1.0000,1.0000
5211.122,1.0000,1.0000
5212.322,1.0000,1.0000
5213.522,1.0000,1.0000
5214.723,1.0000,1.0000
5215.924,1.0000,1.0000
5217.125,1.0000,1.0000
5218.327,1.0000,1.0000
5219.528,1.0000,1.0000
5220.730,1.0000,1.0000
5221.933,1.0000,1.0000
5223.135,1.0000,1.0000
5224.338,1.0000,1.0000
5225.541,1.0000,1.0000
5226.744,1.0000,1.0000
5227.948,1.0000,1.0000
5229.152,1.0000,1.0000
5230.356,1.0000,1.0000
5231.561,1.0000,1.0000
5232.765,1.0000,1.0000
5233.971,1.0000,1.0000
5235.175,1.0000,1.0000
5236.381,1.0000,1.0000
5237.587,1.0000,1.0000
5238.793,1.0000,1.0000
5240.000,1.0000,1.0000
5241.206,1.0000,1.0000
5242.413,1.0000,1.0000
5243.621,1.0000,1.0000
5244.828,1.0000,1.0000
5246.036,1.0000,1.0000
5247.244,1.0000,1.0000
5248.452,1.0000,1.0000
5249.661,1.0000,1.0000
5250.870,1.0000,1.0000
5252.079,1.0000,1.0000
5253.289,1.0000,1.0000
5254.499,1.0000,1.0000
5255.708,1.0000,1.0000
5256.918,1.0000,1.0000
5258.129,1.0000,1.0000
5259.340,1.0000,1.0000
5260.551,1.0000,1.0000
5261.763,1.0000,1.0000
5262.974,1.0000,1.0000
5264.187,1.0000,1.0000
5265.398,1.0000,1.0000
5266.611,1.0000,1.0000
5267.824,1.0000,1.0000
5269.037,1.0000,1.0000
5270.250,1.0000,1.0000
5271.464,1.0000,1.0000
5272.678,1.0000,1.0000
5273.892,1.0000,1.0000
5275.107,1.0000,1.0000
5276.322,1.0000,1.0000
5277.536,1.0000,1.0000
5278.752,1.0000,1.0000
5279.967,1.0000,1.0000
5281.183,1.0000,1.0000
5282.399,1.0000,1.0000
5283.616,1.0000,1.0000
5284.833,1.0000,1.0000
5286.050,1.0000,1.0000
5287.268,1.0000,1.0000
5288.485,1.0000,1.0000
5289.703,1.0000,1.0000
5290.920,1.0000,1.0000
5292.139,1.0000,1.0000
5293.358,1.0000,1.0000
5294.577,1.0000,1.0000
5295.796,1.0000,1.0000
5297.016,1.0000,1.0000
5298.235,1.0000,1.0000
5299.456,1.0000,1.0000
5300.676,1.0000,1.0000
5301.896,1.0000,1.0000
5303.118,1.0000,1.0000
5304.339,1.0000,1.0000
5305.561,1.0000,1.0000
5306.782,1.0000,1.0000
5308.004,1.0000,1.0000
5309.226,1.0000,1.0000
5310.449,1.0000,1.0000
5311.672,1.0000,1.0000
5312.895,1.0000,1.0000
5314.119,1.0000,1.0000
5315.343,1.0000,1.0000
5316.566,1.0000,1.0000
5317.791,1.0000,1.0000
5319.016,1.0000,1.0000
5320.240,1.0000,1.0000
5321.466,1.0000,1.0000
5322.691,1.0000,1.0000
5323.917,1.0000,1.0000
5325.143,1.0000,1.0000
5326.369,1.0000,1.0000
5327.596,1.0000,1.0000
5328.822,1.0000,1.0000
5330.049,1.0000,1.0000
5331.277,1.0000,1.0000
5332.505,1.0000,1.0000
5333.732,1.0000,1.0000
5334.961,1.0000,1.0000
5336.189,1.0000,1.0000
5337.418,1.0000,1.0000
5338.648,1.0000,1.0000
5339.877,1.0000,1.0000
5341.106,1.0000,1.0000
5342.337,1.0000,1.0000
5343.567,1.0000,1.0000
5344.797,1.0000,1.0000
5346.028,1.0000,1.0000
5347.259,1.0000,1.0000
5348.491,1.0000,1.0000
5349.723,1.0000,1.0000
5350.955,1.0000,1.0000
5352.187,1.0000,1.0000
5353.419,1.0000,1.0000
5354.652,1.0000,1.0000
5355.885,1.0000,1.0000
5357.118,1.0000,1.0000
5358.352,1.0000,1.0000
5359.586,1.0000,1.0000
5360.820,1.0000,1.0000
5362.055,1.0000,1.0000
5363.290,1.0000,1.0000
5364.525,1.0000,1.0000
5365.760,1.0000,1.0000
5366.996,1.0000,1.0000
5368.231,1.0000,1.0000
5369.468,1.0000,1.0000
5370.705,1.0000,1.0000
5371.941,1.0000,1.0000
5373.179,1.0000,1.0000
5374.416,1.0000,1.0000
5375.653,1.0000,1.0000
5376.891,1.0000,1.0000
5378.129,1.0000,1.0000
5379.368,1.0000,1.0000
5380.607,1.0000,1.0000
5381.846,1.0000,1.0000
5383.085,1.0000,1.0000
5384.325,1.0000,1.0000
5385.564,1.0000,1.0000
5386.805,1.0000,1.0000
5388.045,1.0000,1.0000
5389.286,1.0000,1.0000
5390.527,1.0000,1.0000
5391.769,1.0000,1.0000
5393.010,1.0000,1.0000
5394.252,1.0000,1.0000
5395.495,1.0000,1.0000
5396.737,1.0000,1.0000
5397.979,1.0000,1.0000
5399.223,1.0000,1.0000
5400.466,1.0000,1.0000
5401.709,1.0000,1.0000
5402.954,1.0000,1.0000
5404.198,1.0000,1.0000
5405.442,1.0000,1.0000
5406.688,1.0000,1.0000
5407.933,1.0000,1.0000
5409.178,1.0000,1.0000
5410.423,1.0000,1.0000
5411.669,1.0000,1.0000
5412.916,1.0000,1.0000
5414.162,1.0000,1.0000
5415.409,1.0000,1.0000
5416.656,1.0000,1.0000
5417.903,1.0000,1.0000
5419.151,1.0000,1.0000
5420.399,1.0000,1.0000
5421.647,1.0000,1.0000
5422.896,1.0000,1.0000
5424.145,1.0000,1.0000
5425.394,1.0000,1.0000
5426.643,1.0000,1.0000
5427.893,1.0000,1.0000
5429.143,1.0000,1.0000
5430.393,1.0000,1.0000
5431.644,1.0000,1.0000
5432.895,1.0000,1.0000
5434.145,1.0000,1.0000
5435.397,1.0000,1.0000
5436.648,1.0000,1.0000
5437.901,1.0000,1.0000
5439.152,1.0000,1.0000
5440.405,1.0000,1.0000
5441.658,1.0000,1.0000
5442.911,1.0000,1.0000
5444.165,1.0000,1.0000
5445.418,1.0000,1.0000
5446.672,1.0000,1.0000
5447.927,1.0000,1.0000
5449.181,1.0000,1.0000
5450.436,1.0000,1.0000
5451.691,1.0000,1.0000
5452.947,1.0000,1.0000
5454.202,1.0000,1.0000
5455.458,1.0000,1.0000
5456.715,1.0000,1.0000
5457.971,1.0000,1.0000
5459.229,1.0000,1.0000
5460.485,1.0000,1.0000
5461.743,1.0000,1.0000
5463.000,1.0000,1.0000
5464.259,1.0000,1.0000
5465.517,1.0000,1.0000
5466.775,1.0000,1.0000
5468.035,1.0000,1.0000
5469.294,1.0000,1.0000
5470.554,1.0000,1.0000
5471.813,1.0000,1.0000
5473.073,1.0000,1.0000
5474.333,1.0000,1.0000
5475.594,1.0000,1.0000
5476.855,1.0000,1.0000
5478.116,1.0000,1.0000
5479.378,1.0000,1.0000
5480.640,1.0000,1.0000
5481.902,1.0000,1.0000
5483.164,1.0000,1.0000
5484.427,1.0000,1.0000
5485.689,1.0000,1.0000
5486.953,1.0000,1.0000
5488.217,1.0000,1.0000
5489.480,1.0000,1.0000
5490.745,1.0000,1.0000
5492.009,1.0000,1.0000
5493.274,1.0000,1.0000
5494.539,1.0000,1.0000
5495.804,1.0000,1.0000
5497.070,1.0000,1.0000
5498.336,1.0000,1.0000
5499.602,1.0000,1.0000
5500.868,1.0000,1.0000
5502.135,1.0000,1.0000
5503.402,1.0000,1.0000
5504.669,1.0000,1.0000
5505.937,1.0000,1.0000
5507.205,1.0000,1.0000
5508.473,1.0000,1.0000
5509.742,1.0000,1.0000
5511.011,1.0000,1.0000
5512.280,1.0000,1.0000
5513.549,1.0000,1.0000
5514.819,1.0000,1.0000
5516.089,1.0000,1.0000
5517.359,1.0000,1.0000
5518.629,1.0000,1.0000
5519.900,1.0000,1.0000
5521.172,1.0000,1.0000
5522.443,1.0000,1.0000
5523.715,1.0000,1.0000
5524.987,1.0000,1.0000
5526.259,1.0000,1.0000
5527.532,1.0000,1.0000
5528.805,1.0000,1.0000
5530.078,1.0000,1.0000
5531.352,1.0000,1.0000
5532.625,1.0000,1.0000
5533.899,1.0000,1.0000
5535.174,1.0000,1.0000
5536.448,1.0000,1.0000
5537.723,1.0000,1.0000
5538.999,1.0000,1.0000
5540.274,1.0000,1.0000
5541.550,1.0000,1.0000
5542.826,1.0000,1.0000
5544.103,1.0000,1.0000
5545.379,1.0000,1.0000
5546.656,1.0000,1.0000
5547.934,1.0000,1.0000
5549.211,1.0000,1.0000
5550.489,1.0000,1.0000
5551.767,1.0000,1.0000
5553.046,1.0000,1.0000
5554.325,1.0000,1.0000
5555.604,1.0000,1.0000
5556.883,1.0000,1.0000
5558.163,1.0000,1.0000
5559.443,1.0000,1.0000
5560.723,1.0000,1.0000
5562.003,1.0000,1.0000
5563.284,1.0000,1.0000
5564.565,1.0000,1.0000
5565.847,1.0000,1.0000
5567.128,1.0000,1.0000
5568.411,1.0000,1.0000
5569.693,1.0000,1.0000
5570.976,1.0000,1.0000
5572.258,1.0000,1.0000
5573.542,1.0000,1.0000
5574.825,1.0000,1.0000
5576.109,1.0000,1.0000
5577.393,1.0000,1.0000
5578.677,1.0000,1.0000
5579.962,1.0000,1.0000
5581.248,1.0000,1.0000
5582.533,1.0000,1.0000
5583.818,1.0000,1.0000
5585.104,1.0000,1.0000
5586.390,1.0000,1.0000
5587.677,1.0000,1.0000
5588.963,1.0000,1.0000
5590.250,1.0000,1.0000
5591.538,1.0000,1.0000
5592.825,1.0000,1.0000
5594.113,1.0000,1.0000
5595.401,1.0000,1.0000
5596.690,1.0000,1.0000
5597.979,1.0000,1.0000
5599.268,1.0000,1.0000
5600.558,1.0000,1.0000
5601.847,1.0000,1.0000
5603.137,1.0000,1.0000
5604.427,1.0000,1.0000
5605.718,1.0000,1.0000
5607.009,1.0000,1.0000
5608.300,1.0000,1.0000
5609.592,1.0000,1.0000
5610.883,1.0000,1.0000
5612.175,1.0000,1.0000
5613.468,1.0000,1.0000
5614.761,1.0000,1.0000
5616.054,1.0000,1.0000
5617.347,1.0000,1.0000
5618.641,1.0000,1.0000
5619.934,1.0000,1.0000
5621.229,1.0000,1.0000
5622.523,1.0000,1.0000
5623.818,1.0000,1.0000
5625.113,1.0000,1.0000
5626.409,1.0000,1.0000
5627.704,1.0000,1.0000
5629.000,1.0000,1.0000
5630.296,1.0000,1.0000
5631.593,1.0000,1.0000
5632.890,1.0000,1.0000
5634.187,1.0000,1.0000
5635.484,1.0000,1.0000
5636.782,1.0000,1.0000
5638.080,1.0000,1.0000
5639.379,1.0000,1.0000
5640.677,1.0000,1.0000
5641.976,1.0000,1.0000
5643.275,1.0000,1.0000
5644.575,1.0000,1.0000
5645.875,1.0000,1.0000
5647.175,1.0000,1.0000
5648.476,1.0000,1.0000
5649.776,1.0000,1.0000
5651.077,1.0000,1.0000
5652.378,1.0000,1.0000
5653.680,1.0000,1.0000
5654.982,1.0000,1.0000
5656.284,1.0000,1.0000
5657.587,1.0000,1.0000
5658.890,1.0000,1.0000
5660.193,1.0000,1.0000
5661.497,1.0000,1.0000
5662.800,1.0000,1.0000
5664.104,1.0000,1.0000
5665.409,1.0000,1.0000
5666.713,1.0000,1.0000
5668.018,1.0000,1.0000
5669.324,1.0000,1.0000
5670.629,1.0000,1.0000
5671.935,1.0000,1.0000
5673.241,1.0000,1.0000
5674.547,1.0000,1.0000
5675.854,1.0000,1.0000
5677.161,1.0000,1.0000
5678.469,1.0000,1.0000
5679.776,1.0000,1.0000
5681.084,1.0000,1.0000
5682.393,1.0000,1.0000
5683.702,1.0000,1.0000
5685.010,1.0000,1.0000
5686.319,1.0000,1.0000
5687.629,1.0000,1.0000
5688.938,1.0000,1.0000
5690.249,1.0000,1.0000
5691.559,1.0000,1.0000
5692.870,1.0000,1.0000
5694.181,1.0000,1.0000
5695.492,1.0000,1.0000
5696.804,1.0000,1.0000
5698.115,1.0000,1.0000
5699.428,1.0000,1.0000
5700.740,1.0000,1.0000
5702.053,1.0000,1.0000
5703.366,1.0000,1.0000
5704.680,1.0000,1.0000
5705.993,1.0000,1.0000
5707.307,1.0000,1.0000
5708.622,1.0000,1.0000
5709.936,1.0000,1.0000
5711.251,1.0000,1.0000
5712.566,1.0000,1.0000
5713.882,1.0000,1.0000
5715.198,1.0000,1.0000
5716.514,1.0000,1.0000
5717.831,1.0000,1.0000
5719.147,1.0000,1.0000
5720.464,1.0000,1.0000
5721.781,1.0000,1.0000
5723.099,1.0000,1.0000
5724.417,1.0000,1.0000
5725.735,1.0000,1.0000
5727.054,1.0000,1.0000
5728.373,1.0000,1.0000
5729.691,1.0000,1.0000
5731.011,1.0000,1.0000
5732.331,1.0000,1.0000
5733.651,1.0000,1.0000
5734.972,1.0000,1.0000
5736.292,1.0000,1.0000
5737.613,1.0000,1.0000
5738.935,1.0000,1.0000
5740.256,1.0000,1.0000
5741.578,1.0000,1.0000
5742.900,1.0000,1.0000
5744.222,1.0000,1.0000
5745.545,1.0000,1.0000
5746.868,1.0000,1.0000
5748.191,1.0000,1.0000
5749.515,1.0000,1.0000
5750.839,1.0000,1.0000
5752.164,1.0000,1.0000
5753.489,1.0000,1.0000
5754.813,1.0000,1.0000
5756.139,1.0000,1.0000
5757.464,1.0000,1.0000
5758.790,1.0000,1.0000
5760.116,1.0000,1.0000
5761.443,1.0000,1.0000
5762.770,1.0000,1.0000
5764.097,1.0000,1.0000
5765.424,1.0000,1.0000
5766.751,1.0000,1.0000
5768.080,1.0000,1.0000
5769.408,1.0000,1.0000
5770.736,1.0000,1.0000
5772.065,1.0000,1.0000
5773.395,1.0000,1.0000
5774.725,1.0000,1.0000
5776.054,1.0000,1.0000
5777.384,1.0000,1.0000
5778.715,1.0000,1.0000
5780.045,1.0000,1.0000
5781.376,1.0000,1.0000
5782.708,1.0000,1.0000
5784.040,1.0000,1.0000
5785.372,1.0000,1.0000
5786.704,1.0000,1.0000
5788.036,1.0000,1.0000
5789.369,1.0000,1.0000
5790.703,1.0000,1.0000
5792.036,1.0000,1.0000
5793.370,1.0000,1.0000
5794.704,1.0000,1.0000
5796.038,1.0000,1.0000
5797.373,1.0000,1.0000
5798.708,1.0000,1.0000
5800.043,1.0000,1.0000
5801.379,1.0000,1.0000
5802.715,1.0000,1.0000
5804.051,1.0000,1.0000
5805.388,1.0000,1.0000
5806.725,1.0000,1.0000
5808.062,1.0000,1.0000
5809.399,1.0000,1.0000
5810.738,1.0000,1.0000
5812.076,1.0000,1.0000
5813.414,1.0000,1.0000
5814.752,1.0000,1.0000
5816.092,1.0000,1.0000
5817.431,1.0000,1.0000
5818.771,1.0000,1.0000
5820.110,1.0000,1.0000
5821.451,1.0000,1.0000
5822.792,1.0000,1.0000
5824.132,1.0000,1.0000
5825.474,1.0000,1.0000
5826.815,1.0000,1.0000
5828.157,1.0000,1.0000
5829.499,1.0000,1.0000
5830.842,1.0000,1.0000
5832.185,1.0000,1.0000
5833.527,1.0000,1.0000
5834.871,1.0000,1.0000
5836.214,1.0000,1.0000
5837.559,1.0000,1.0000
5838.903,1.0000,1.0000
5840.247,1.0000,1.0000
5841.592,1.0000,1.0000
5842.938,1.0000,1.0000
5844.283,1.0000,1.0000
5845.629,1.0000,1.0000
5846.975,1.0000,1.0000
5848.322,1.0000,1.0000
5849.668,1.0000,1.0000
5851.016,1.0000,1.0000
5852.363,1.0000,1.0000
5853.710,1.0000,1.0000
5855.059,1.0000,1.0000
5856.407,1.0000,1.0000
5857.756,1.0000,1.0000
5859.104,1.0000,1.0000
5860.454,1.0000,1.0000
5861.803,1.0000,1.0000
5863.153,1.0000,1.0000
5864.503,1.0000,1.0000
5865.854,1.0000,1.0000
5867.205,1.0000,1.0000
5868.556,1.0000,1.0000
5869.908,1.0000,1.0000
5871.259,1.0000,1.0000
5872.611,1.0000,1.0000
5873.963,1.0000,1.0000
5875.316,1.0000,1.0000
5876.669,1.0000,1.0000
5878.022,1.0000,1.0000
5879.376,1.0000,1.0000
5880.730,1.0000,1.0000
5882.084,1.0000,1.0000
5883.439,1.0000,1.0000
5884.794,1.0000,1.0000
5886.149,1.0000,1.0000
5887.504,1.0000,1.0000
5888.860,1.0000,1.0000
5890.216,1.0000,1.0000
5891.573,1.0000,1.0000
5892.929,1.0000,1.0000
5894.287,1.0000,1.0000
5895.644,1.0000,1.0000
5897.001,1.0000,1.0000
5898.359,1.0000,1.0000
5899.718,1.0000,1.0000
5901.077,1.0000,1.0000
5902.436,1.0000,1.0000
5903.794,1.0000,1.0000
5905.154,1.0000,1.0000
5906.514,1.0000,1.0000
5907.874,1.0000,1.0000
5909.234,1.0000,1.0000
5910.596,1.0000,1.0000
5911.957,1.0000,1.0000
5913.318,1.0000,1.0000
5914.680,1.0000,1.0000
5916.042,1.0000,1.0000
5917.405,1.0000,1.0000
5918.767,1.0000,1.0000
5920.130,1.0000,1.0000
5921.493,1.0000,1.0000
5922.857,1.0000,1.0000
5924.221,1.0000,1.0000
5925.585,1.0000,1.0000
5926.950,1.0000,1.0000
5928.315,1.0000,1.0000
5929.680,1.0000,1.0000
5931.045,1.0000,1.0000
5932.411,1.0000,1.0000
5933.777,1.0000,1.0000
5935.144,1.0000,1.0000
5936.510,1.0000,1.0000
5937.878,1.0000,1.0000
5939.245,1.0000,1.0000
5940.613,1.0000,1.0000
5941.981,1.0000,1.0000
5943.349,1.0000,1.0000
5944.718,1.0000,1.0000
5946.087,1.0000,1.0000
5947.456,1.0000,1.0000
5948.826,1.0000,1.0000
5950.195,1.0000,1.0000
5951.566,1.0000,1.0000
5952.937,1.0000,1.0000
5954.307,1.0000,1.0000
5955.678,1.0000,1.0000
5957.050,1.0000,1.0000
5958.422,1.0000,1.0000
5959.794,1.0000,1.0000
5961.167,1.0000,1.0000
5962.539,1.0000,1.0000
5963.912,1.0000,1.0000
5965.286,1.0000,1.0000
5966.659,1.0000,1.0000
5968.034,1.0000,1.0000
5969.408,1.0000,1.0000
5970.782,1.0000,1.0000
5972.157,1.0000,1.0000
5973.533,1.0000,1.0000
5974.909,1.0000,1.0000
5976.285,1.0000,1.0000
5977.661,1.0000,1.0000
5979.037,1.0000,1.0000
5980.414,1.0000,1.0000
5981.791,1.0000,1.0000
5983.169,1.0000,1.0000
5984.546,1.0000,1.0000
5985.925,1.0000,1.0000
5987.303,1.0000,1.0000
5988.682,1.0000,1.0000
5990.061,1.0000,1.0000
5991.440,1.0000,1.0000
5992.820,1.0000,1.0000
5994.200,1.0000,1.0000
5995.581,1.0000,1.0000
5996.961,1.0000,1.0000
5998.342,1.0000,1.0000
5999.724,1.0000,1.0000
6001.105,1.0000,1.0000
6002.487,1.0000,1.0000
6003.870,1.0000,1.0000
6005.252,1.0000,1.0000
6006.635,1.0000,1.0000
6008.018,1.0000,1.0000
6009.402,1.0000,1.0000
6010.786,1.0000,1.0000
6012.170,1.0000,1.0000
6013.555,1.0000,1.0000
6014.939,1.0000,1.0000
6016.324,1.0000,1.0000
6017.710,1.0000,1.0000
6019.096,1.0000,1.0000
6020.482,1.0000,1.0000
6021.868,1.0000,1.0000
6023.255,1.0000,1.0000
6024.642,1.0000,1.0000
6026.030,1.0000,1.0000
6027.417,1.0000,1.0000
6028.805,1.0000,1.0000
6030.193,1.0000,1.0000
6031.582,1.0000,1.0000
6032.971,1.0000,1.0000
6034.360,1.0000,1.0000
6035.750,1.0000,1.0000
6037.140,1.0000,1.0000
6038.530,1.0000,1.0000
6039.921,1.0000,1.0000
6041.312,1.0000,1.0000
6042.703,1.0000,1.0000
6044.095,1.0000,1.0000
6045.486,1.0000,1.0000
6046.878,1.0000,1.0000
6048.271,1.0000,1.0000
6049.664,1.0000,1.0000
6051.057,1.0000,1.0000
6052.450,1.0000,1.0000
6053.844,1.0000,1.0000
6055.238,1.0000,1.0000
6056.633,1.0000,1.0000
6058.027,1.0000,1.0000
6059.423,1.0000,1.0000
6060.818,1.0000,1.0000
6062.214,1.0000,1.0000
6063.610,1.0000,1.0000
6065.006,1.0000,1.0000
6066.403,1.0000,1.0000
6067.800,1.0000,1.0000
6069.197,1.0000,1.0000
6070.595,1.0000,1.0000
6071.993,1.0000,1.0000
6073.391,1.0000,1.0000
6074.790,1.0000,1.0000
6076.188,1.0000,1.0000
6077.588,1.0000,1.0000
6078.988,1.0000,1.0000
6080.387,1.0000,1.0000
6081.787,1.0000,1.0000
6083.188,1.0000,1.0000
6084.589,1.0000,1.0000
6085.990,1.0000,1.0000
6087.392,1.0000,1.0000
6088.793,1.0000,1.0000
6090.196,1.0000,1.0000
6091.598,1.0000,1.0000
6093.001,1.0000,1.0000
6094.404,1.0000,1.0000
6095.808,1.0000,1.0000
6097.211,1.0000,1.0000
6098.616,1.0000,1.0000
6100.020,1.0000,1.0000
6101.425,1.0000,1.0000
6102.830,1.0000,1.0000
6104.235,1.0000,1.0000
6105.641,1.0000,1.0000
6107.046,1.0000,1.0000
6108.453,1.0000,1.0000
6109.860,1.0000,1.0000
6111.267,1.0000,1.0000
6112.674,1.0000,1.0000
6114.082,1.0000,1.0000
6115.490,1.0000,1.0000
6116.898,1.0000,1.0000
6118.307,1.0000,1.0000
6119.715,1.0000,1.0000
6121.125,1.0000,1.0000
6122.535,1.0000,1.0000
6123.944,1.0000,1.0000
6125.355,1.0000,1.0000
6126.765,1.0000,1.0000
6128.176,1.0000,1.0000
6129.587,1.0000,1.0000
6130.999,1.0000,1.0000
6132.411,1.0000,1.0000
6133.823,1.0000,1.0000
6135.236,1.0000,1.0000
6136.648,1.0000,1.0000
6138.062,1.0000,1.0000
6139.475,1.0000,1.0000
6140.889,1.0000,1.0000
6142.303,1.0000,1.0000
6143.718,1.0000,1.0000
6145.133,1.0000,1.0000
6146.547,1.0000,1.0000
6147.963,1.0000,1.0000
6149.379,1.0000,1.0000
6150.795,1.0000,1.0000
6152.211,1.0000,1.0000
6153.628,1.0000,1.0000
6155.045,1.0000,1.0000
6156.463,1.0000,1.0000
6157.880,1.0000,1.0000
6159.298,1.0000,1.0000
6160.717,1.0000,1.0000
6162.136,1.0000,1.0000
6163.555,1.0000,1.0000
6164.974,1.0000,1.0000
6166.394,1.0000,1.0000
6167.814,1.0000,1.0000
6169.234,1.0000,1.0000
6170.655,1.0000,1.0000
6172.076,1.0000,1.0000
6173.497,1.0000,1.0000
6174.919,1.0000,1.0000
6176.341,1.0000,1.0000
6177.763,1.0000,1.0000
6179.186,1.0000,1.0000
6180.609,1.0000,1.0000
6182.032,1.0000,1.0000
6183.456,1.0000,1.0000
6184.879,1.0000,1.0000
6186.304,1.0000,1.0000
6187.729,1.0000,1.0000
6189.153,1.0000,1.0000
6190.579,1.0000,1.0000
6192.004,1.0000,1.0000
6193.430,1.0000,1.0000
6194.856,1.0000,1.0000
6196.283,1.0000,1.0000
6197.710,1.0000,1.0000
6199.137,1.0000,1.0000
6200.564,1.0000,1.0000
6201.993,1.0000,1.0000
6203.420,1.0000,1.0000
6204.849,1.0000,1.0000
6206.278,1.0000,1.0000
6207.708,1.0000,1.0000
6209.137,1.0000,1.0000
6210.567,1.0000,1.0000
6211.998,1.0000,1.0000
6213.427,1.0000,1.0000
6214.858,1.0000,1.0000
6216.290,1.0000,1.0000
6217.721,1.0000,1.0000
6219.153,1.0000,1.0000
6220.585,1.0000,1.0000
6222.018,1.0000,1.0000
6223.451,1.0000,1.0000
6224.884,1.0000,1.0000
6226.317,1.0000,1.0000
6227.751,1.0000,1.0000
6229.185,1.0000,1.0000
6230.620,1.0000,1.0000
6232.055,1.0000,1.0000
6233.490,1.0000,1.0000
6234.925,1.0000,1.0000
6236.361,1.0000,1.0000
6237.797,1.0000,1.0000
6239.233,1.0000,1.0000
6240.670,1.0000,1.0000
6242.107,1.0000,1.0000
6243.545,1.0000,1.0000
6244.983,1.0000,1.0000
6246.421,1.0000,1.0000
6247.859,1.0000,1.0000
6249.298,1.0000,1.0000
6250.737,1.0000,1.0000
6252.176,1.0000,1.0000
6253.616,1.0000,1.0000
6255.057,1.0000,1.0000
6256.497,1.0000,1.0000
6257.938,1.0000,1.0000
6259.379,1.0000,1.0000
6260.820,1.0000,1.0000
6262.263,1.0000,1.0000
6263.704,1.0000,1.0000
6265.147,1.0000,1.0000
6266.589,1.0000,1.0000
6268.033,1.0000,1.0000
6269.476,1.0000,1.0000
6270.920,1.0000,1.0000
6272.364,1.0000,1.0000
6273.809,1.0000,1.0000
6275.253,1.0000,1.0000
6276.698,1.0000,1.0000
6278.144,1.0000,1.0000
6279.589,1.0000,1.0000
6281.035,1.0000,1.0000
6282.482,1.0000,1.0000
6283.929,1.0000,1.0000
6285.376,1.0000,1.0000
6286.823,1.0000,1.0000
6288.271,1.0000,1.0000
6289.719,1.0000,1.0000
6291.167,1.0000,1.0000
6292.616,1.0000,1.0000
6294.065,1.0000,1.0000
6295.515,1.0000,1.0000
6296.964,1.0000,1.0000
6298.415,1.0000,1.0000
6299.865,1.0000,1.0000
6301.316,1.0000,1.0000
6302.767,1.0000,1.0000
6304.218,1.0000,1.0000
6305.670,1.0000,1.0000
6307.123,1.0000,1.0000
6308.575,1.0000,1.0000
6310.027,1.0000,1.0000
6311.480,1.0000,1.0000
6312.934,1.0000,1.0000
6314.388,1.0000,1.0000
6315.842,1.0000,1.0000
6317.296,1.0000,1.0000
6318.751,1.0000,1.0000
6320.206,1.0000,1.0000
6321.662,1.0000,1.0000
6323.117,1.0000,1.0000
6324.574,1.0000,1.0000
6326.030,1.0000,1.0000
6327.487,1.0000,1.0000
6328.944,1.0000,1.0000
6330.401,1.0000,1.0000
6331.859,1.0000,1.0000
6333.317,1.0000,1.0000
6334.776,1.0000,1.0000
6336.235,1.0000,1.0000
6337.694,1.0000,1.0000
6339.153,1.0000,1.0000
6340.613,1.0000,1.0000
6342.073,1.0000,1.0000
6343.533,1.0000,1.0000
6344.994,1.0000,1.0000
6346.456,1.0000,1.0000
6347.917,1.0000,1.0000
6349.379,1.0000,1.0000
6350.841,1.0000,1.0000
6352.303,1.0000,1.0000
6353.767,1.0000,1.0000
6355.229,1.0000,1.0000
6356.693,1.0000,1.0000
6358.157,1.0000,1.0000
6359.621,1.0000,1.0000
6361.086,1.0000,1.0000
6362.551,1.0000,1.0000
6364.016,1.0000,1.0000
6365.481,1.0000,1.0000
6366.947,1.0000,1.0000
6368.413,1.0000,1.0000
6369.880,1.0000,1.0000
6371.347,1.0000,1.0000
6372.814,1.0000,1.0000
6374.282,1.0000,1.0000
6375.750,1.0000,1.0000
6377.218,1.0000,1.0000
6378.687,1.0000,1.0000
6380.155,1.0000,1.0000
6381.625,1.0000,1.0000
6383.094,1.0000,1.0000
6384.564,1.0000,1.0000
6386.034,1.0000,1.0000
6387.505,1.0000,1.0000
6388.976,1.0000,1.0000
6390.447,1.0000,1.0000
6391.918,1.0000,1.0000
6393.391,1.0000,1.0000
6394.863,1.0000,1.0000
6396.336,1.0000,1.0000
6397.809,1.0000,1.0000
6399.282,1.0000,1.0000
6400.756,1.0000,1.0000
6402.229,1.0000,1.0000
6403.704,1.0000,1.0000
6405.179,1.0000,1.0000
6406.653,1.0000,1.0000
6408.129,1.0000,1.0000
6409.604,1.0000,1.0000
6411.081,1.0000,1.0000
6412.557,1.0000,1.0000
6414.034,1.0000,1.0000
6415.511,1.0000,1.0000
6416.988,1.0000,1.0000
6418.466,1.0000,1.0000
6419.944,1.0000,1.0000
6421.422,1.0000,1.0000
6422.901,1.0000,1.0000
6424.380,1.0000,1.0000
6425.860,1.0000,1.0000
6427.339,1.0000,1.0000
6428.820,1.0000,1.0000
6430.300,1.0000,1.0000
6431.781,1.0000,1.0000
6433.262,1.0000,1.0000
6434.744,1.0000,1.0000
6436.226,1.0000,1.0000
6437.708,1.0000,1.0000
6439.190,1.0000,1.0000
6440.673,1.0000,1.0000
6442.156,1.0000,1.0000
6443.640,1.0000,1.0000
6445.124,1.0000,1.0000
6446.607,1.0000,1.0000
6448.092,1.0000,1.0000
6449.577,1.0000,1.0000
6451.062,1.0000,1.0000
6452.548,1.0000,1.0000
6454.034,1.0000,1.0000
6455.520,1.0000,1.0000
6457.007,1.0000,1.0000
6458.494,1.0000,1.0000
6459.981,1.0000,1.0000
6461.469,1.0000,1.0000
6462.957,1.0000,1.0000
6464.445,1.0000,1.0000
6465.934,1.0000,1.0000
6467.423,1.0000,1.0000
6468.912,1.0000,1.0000
6470.401,1.0000,1.0000
6471.892,1.0000,1.0000
6473.382,1.0000,1.0000
6474.873,1.0000,1.0000
6476.364,1.0000,1.0000
6477.855,1.0000,1.0000
6479.347,1.0000,1.0000
6480.839,1.0000,1.0000
6482.332,1.0000,1.0000
6483.825,1.0000,1.0000
6485.318,1.0000,1.0000
6486.811,1.0000,1.0000
6488.305,1.0000,1.0000
6489.799,1.0000,1.0000
6491.293,1.0000,1.0000
6492.789,1.0000,1.0000
6494.283,1.0000,1.0000
6495.779,1.0000,1.0000
6497.275,1.0000,1.0000
6498.771,1.0000,1.0000
6500.268,1.0000,1.0000
6501.765,1.0000,1.0000
6503.262,1.0000,1.0000
6504.760,1.0000,1.0000
6506.258,1.0000,1.0000
6507.756,1.0000,1.0000
6509.254,1.0000,1.0000
6510.753,1.0000,1.0000
6512.253,1.0000,1.0000
6513.752,1.0000,1.0000
6515.252,1.0000,1.0000
6516.753,1.0000,1.0000
6518.253,1.0000,1.0000
6519.754,1.0000,1.0000
6521.256,1.0000,1.0000
6522.758,1.0000,1.0000
6524.260,1.0000,1.0000
6525.762,1.0000,1.0000
6527.265,1.0000,1.0000
6528.768,1.0000,1.0000
6530.271,1.0000,1.0000
6531.775,1.0000,1.0000
6533.280,1.0000,1.0000
6534.784,1.0000,1.0000
6536.289,1.0000,1.0000
6537.794,1.0000,1.0000
6539.300,1.0000,1.0000
6540.806,1.0000,1.0000
6542.312,1.0000,1.0000
6543.818,1.0000,1.0000
6545.325,1.0000,1.0000
6546.833,1.0000,1.0000
6548.340,1.0000,1.0000
6549.849,1.0000,1.0000
6551.357,1.0000,1.0000
6552.866,1.0000,1.0000
6554.374,1.0000,1.0000
6555.884,1.0000,1.0000
6557.394,1.0000,1.0000
6558.904,1.0000,1.0000
6560.414,1.0000,1.0000
6561.925,1.0000,1.0000
6563.436,1.0000,1.0000
6564.947,1.0000,1.0000
6566.459,1.0000,1.0000
6567.971,1.0000,1.0000
6569.484,1.0000,1.0000
6570.997,1.0000,1.0000
6572.510,1.0000,1.0000
6574.023,1.0000,1.0000
6575.537,1.0000,1.0000
6577.051,1.0000,1.0000
6578.566,1.0000,1.0000
6580.081,1.0000,1.0000
6581.596,1.0000,1.0000
6583.112,1.0000,1.0000
6584.628,1.0000,1.0000
6586.145,1.0000,1.0000
6587.661,1.0000,1.0000
6589.178,1.0000,1.0000
6590.695,1.0000,1.0000
6592.213,1.0000,1.0000
6593.731,1.0000,1.0000
6595.250,1.0000,1.0000
6596.769,1.0000,1.0000
6598.288,1.0000,1.0000
6599.807,1.0000,1.0000
6601.327,1.0000,1.0000
6602.847,1.0000,1.0000
6604.368,1.0000,1.0000
6605.889,1.0000,1.0000
6607.410,1.0000,1.0000
6608.931,1.0000,1.0000
6610.454,1.0000,1.0000
6611.976,1.0000,1.0000
6613.498,1.0000,1.0000
6615.021,1.0000,1.0000
6616.545,1.0000,1.0000
6618.068,1.0000,1.0000
6619.592,1.0000,1.0000
6621.117,1.0000,1.0000
6622.642,1.0000,1.0000
6624.167,1.0000,1.0000
6625.692,1.0000,1.0000
6627.218,1.0000,1.0000
6628.744,1.0000,1.0000
6630.271,1.0000,1.0000
6631.797,1.0000,1.0000
6633.325,1.0000,1.0000
6634.852,1.0000,1.0000
6636.380,1.0000,1.0000
6637.909,1.0000,1.0000
6639.437,1.0000,1.0000
6640.966,1.0000,1.0000
6642.495,1.0000,1.0000
6644.025,1.0000,1.0000
6645.555,1.0000,1.0000
6647.085,1.0000,1.0000
6648.616,1.0000,1.0000
6650.147,1.0000,1.0000
6651.679,1.0000,1.0000
6653.210,1.0000,1.0000
6654.742,1.0000,1.0000
6656.275,1.0000,1.0000
6657.808,1.0000,1.0000
6659.341,1.0000,1.0000
6660.875,1.0000,1.0000
6662.408,1.0000,1.0000
6663.942,1.0000,1.0000
6665.477,1.0000,1.0000
6667.012,1.0000,1.0000
6668.547,1.0000,1.0000
6670.083,1.0000,1.0000
6671.619,1.0000,1.0000
6673.156,1.0000,1.0000
6674.692,1.0000,1.0000
6676.229,1.0000,1.0000
6677.767,1.0000,1.0000
6679.304,1.0000,1.0000
6680.843,1.0000,1.0000
6682.381,1.0000,1.0000
6683.920,1.0000,1.0000
6685.459,1.0000,1.0000
6686.999,1.0000,1.0000
6688.539,1.0000,1.0000
6690.079,1.0000,1.0000
6691.620,1.0000,1.0000
6693.160,1.0000,1.0000
6694.702,1.0000,1.0000
6696.244,1.0000,1.0000
6697.786,1.0000,1.0000
6699.328,1.0000,1.0000
6700.871,1.0000,1.0000
6702.414,1.0000,1.0000
6703.957,1.0000,1.0000
6705.501,1.0000,1.0000
6707.045,1.0000,1.0000
6708.590,1.0000,1.0000
6710.135,1.0000,1.0000
6711.680,1.0000,1.0000
6713.226,1.0000,1.0000
6714.771,1.0000,1.0000
6716.318,1.0000,1.0000
6717.864,1.0000,1.0000
6719.412,1.0000,1.0000
6720.958,1.0000,1.0000
6722.507,1.0000,1.0000
6724.055,1.0000,1.0000
6725.604,1.0000,1.0000
6727.152,1.0000,1.0000
6728.701,1.0000,1.0000
6730.250,1.0000,1.0000
6731.801,1.0000,1.0000
6733.351,1.0000,1.0000
6734.901,1.0000,1.0000
6736.453,1.0000,1.0000
6738.003,1.0000,1.0000
6739.556,1.0000,1.0000
6741.107,1.0000,1.0000
6742.660,1.0000,1.0000
6744.212,1.0000,1.0000
6745.766,1.0000,1.0000
6747.319,1.0000,1.0000
6748.873,1.0000,1.0000
6750.427,1.0000,1.0000
6751.981,1.0000,1.0000
6753.537,1.0000,1.0000
6755.091,1.0000,1.0000
6756.647,1.0000,1.0000
6758.203,1.0000,1.0000
6759.759,1.0000,1.0000
6761.316,1.0000,1.0000
6762.873,1.0000,1.0000
6764.431,1.0000,1.0000
6765.988,1.0000,1.0000
6767.547,1.0000,1.0000
6769.105,1.0000,1.0000
6770.664,1.0000,1.0000
6772.223,1.0000,1.0000
6773.782,1.0000,1.0000
6775.342,1.0000,1.0000
6776.902,1.0000,1.0000
6778.463,1.0000,1.0000
6780.024,1.0000,1.0000
6781.586,1.0000,1.0000
6783.147,1.0000,1.0000
6784.709,1.0000,1.0000
6786.272,1.0000,1.0000
6787.834,1.0000,1.0000
6789.398,1.0000,1.0000
6790.961,1.0000,1.0000
6792.525,1.0000,1.0000
6794.089,1.0000,1.0000
6795.654,1.0000,1.0000
6797.219,1.0000,1.0000
6798.784,1.0000,1.0000
6800.350,1.0000,1.0000
6801.916,1.0000,1.0000
6803.482,1.0000,1.0000
6805.049,1.0000,1.0000
6806.616,1.0000,1.0000
6808.183,1.0000,1.0000
6809.751,1.0000,1.0000
6811.320,1.0000,1.0000
6812.888,1.0000,1.0000
6814.457,1.0000,1.0000
6816.026,1.0000,1.0000
6817.596,1.0000,1.0000
6819.166,1.0000,1.0000
6820.736,1.0000,1.0000
6822.307,1.0000,1.0000
6823.878,1.0000,1.0000
6825.450,1.0000,1.0000
6827.021,1.0000,1.0000
6828.593,1.0000,1.0000
6830.166,1.0000,1.0000
6831.739,1.0000,1.0000
6833.312,1.0000,1.0000
6834.885,1.0000,1.0000
6836.459,1.0000,1.0000
6838.034,1.0000,1.0000
6839.608,1.0000,1.0000
6841.183,1.0000,1.0000
6842.759,1.0000,1.0000
6844.334,1.0000,1.0000
6845.911,1.0000,1.0000
6847.487,1.0000,1.0000
6849.064,1.0000,1.0000
6850.642,1.0000,1.0000
6852.219,1.0000,1.0000
6853.797,1.0000,1.0000
6855.375,1.0000,1.0000
6856.954,1.0000,1.0000
6858.533,1.0000,1.0000
6860.112,1.0000,1.0000
6861.692,1.0000,1.0000
6863.272,1.0000,1.0000
6864.853,1.0000,1.0000
6866.434,1.0000,1.0000
6868.015,1.0000,1.0000
6869.596,1.0000,1.0000
6871.179,1.0000,1.0000
6872.761,1.0000,1.0000
6874.344,1.0000,1.0000
6875.927,1.0000,1.0000
6877.510,1.0000,1.0000
6879.094,1.0000,1.0000
6880.678,1.0000,1.0000
6882.263,1.0000,1.0000
6883.848,1.0000,1.0000
6885.433,1.0000,1.0000
6887.018,1.0000,1.0000
6888.604,1.0000,1.0000
6890.191,1.0000,1.0000
6891.778,1.0000,1.0000
6893.364,1.0000,1.0000
6894.952,1.0000,1.0000
6896.540,1.0000,1.0000
6898.128,1.0000,1.0000
6899.717,1.0000,1.0000
6901.306,1.0000,1.0000
6902.895,1.0000,1.0000
6904.484,1.0000,1.0000
6906.074,1.0000,1.0000
6907.665,1.0000,1.0000
6909.255,1.0000,1.0000
6910.847,1.0000,1.0000
6912.438,1.0000,1.0000
6914.030,1.0000,1.0000
6915.622,1.0000,1.0000
6917.214,1.0000,1.0000
6918.807,1.0000,1.0000
6920.400,1.0000,1.0000
6921.994,1.0000,1.0000
6923.588,1.0000,1.0000
6925.183,1.0000,1.0000
6926.777,1.0000,1.0000
6928.373,1.0000,1.0000
6929.968,1.0000,1.0000
6931.564,1.0000,1.0000
6933.160,1.0000,1.0000
6934.757,1.0000,1.0000
6936.354,1.0000,1.0000
6937.951,1.0000,1.0000
6939.549,1.0000,1.0000
6941.147,1.0000,1.0000
6942.746,1.0000,1.0000
6944.344,1.0000,1.0000
6945.944,1.0000,1.0000
6947.543,1.0000,1.0000
6949.143,1.0000,1.0000
6950.743,1.0000,1.0000
6952.344,1.0000,1.0000
6953.945,1.0000,1.0000
6955.546,1.0000,1.0000
6957.148,1.0000,1.0000
6958.750,1.0000,1.0000
6960.353,1.0000,1.0000
6961.956,1.0000,1.0000
6963.559,1.0000,1.0000
6965.162,1.0000,1.0000
6966.766,1.0000,1.0000
6968.371,1.0000,1.0000
6969.976,1.0000,1.0000
6971.581,1.0000,1.0000
6973.186,1.0000,1.0000
6974.792,1.0000,1.0000
6976.398,1.0000,1.0000
6978.004,1.0000,1.0000
6979.611,1.0000,1.0000
6981.218,1.0000,1.0000
6982.826,1.0000,1.0000
6984.434,1.0000,1.0000
6986.043,1.0000,1.0000
6987.651,1.0000,1.0000
6989.261,1.0000,1.0000
6990.870,1.0000,1.0000
6992.480,1.0000,1.0000
6994.091,1.0000,1.0000
6995.701,1.0000,1.0000
6997.312,1.0000,1.0000
6998.923,1.0000,1.0000
7000.535,1.0000,1.0000
7002.147,1.0000,1.0000
7003.760,1.0000,1.0000
7005.373,1.0000,1.0000
7006.986,1.0000,1.0000
7008.600,1.0000,1.0000
7010.213,1.0000,1.0000
7011.828,1.0000,1.0000
7013.442,1.0000,1.0000
7015.058,1.0000,1.0000
7016.673,1.0000,1.0000
7018.289,1.0000,1.0000
7019.905,1.0000,1.0000
7021.521,1.0000,1.0000
7023.139,1.0000,1.0000
7024.756,1.0000,1.0000
7026.374,1.0000,1.0000
7027.992,1.0000,1.0000
7029.610,1.0000,1.0000
7031.229,1.0000,1.0000
7032.848,1.0000,1.0000
7034.468,1.0000,1.0000
7036.087,1.0000,1.0000
7037.708,1.0000,1.0000
7039.328,1.0000,1.0000
7040.950,1.0000,1.0000
7042.571,1.0000,1.0000
7044.193,1.0000,1.0000
7045.815,1.0000,1.0000
7047.438,1.0000,1.0000
7049.061,1.0000,1.0000
7050.684,1.0000,1.0000
7052.308,1.0000,1.0000
7053.932,1.0000,1.0000
7055.556,1.0000,1.0000
7057.181,1.0000,1.0000
7058.806,1.0000,1.0000
7060.432,1.0000,1.0000
7062.057,1.0000,1.0000
7063.684,1.0000,1.0000
7065.310,1.0000,1.0000
7066.937,1.0000,1.0000
7068.564,1.0000,1.0000
7070.192,1.0000,1.0000
7071.821,1.0000,1.0000
7073.450,1.0000,1.0000
7075.078,1.0000,1.0000
7076.707,1.0000,1.0000
7078.337,1.0000,1.0000
7079.967,1.0000,1.0000
7081.598,1.0000,1.0000
7083.228,1.0000,1.0000
7084.860,1.0000,1.0000
7086.491,1.0000,1.0000
7088.123,1.0000,1.0000
7089.755,1.0000,1.0000
7091.388,1.0000,1.0000
7093.021,1.0000,1.0000
7094.654,1.0000,1.0000
7096.288,1.0000,1.0000
7097.922,1.0000,1.0000
7099.557,1.0000,1.0000
7101.192,1.0000,1.0000
7102.828,1.0000,1.0000
7104.463,1.0000,1.0000
7106.098,1.0000,1.0000
7107.735,1.0000,1.0000
7109.372,1.0000,1.0000
7111.009,1.0000,1.0000
7112.646,1.0000,1.0000
7114.285,1.0000,1.0000
7115.923,1.0000,1.0000
7117.562,1.0000,1.0000
7119.201,1.0000,1.0000
7120.840,1.0000,1.0000
7122.480,1.0000,1.0000
7124.120,1.0000,1.0000
7125.761,1.0000,1.0000
7127.402,1.0000,1.0000
7129.043,1.0000,1.0000
7130.685,1.0000,1.0000
7132.327,1.0000,1.0000
7133.969,1.0000,1.0000
7135.612,1.0000,1.0000
7137.255,1.0000,1.0000
7138.899,1.0000,1.0000
7140.543,1.0000,1.0000
7142.188,1.0000,1.0000
7143.832,1.0000,1.0000
7145.477,1.0000,1.0000
7147.123,1.0000,1.0000
7148.769,1.0000,1.0000
7150.415,1.0000,1.0000
7152.062,1.0000,1.0000
7153.708,1.0000,1.0000
7155.356,1.0000,1.0000
7157.003,1.0000,1.0000
7158.652,1.0000,1.0000
7160.300,1.0000,1.0000
7161.949,1.0000,1.0000
7163.599,1.0000,1.0000
7165.248,1.0000,1.0000
7166.898,1.0000,1.0000
7168.549,1.0000,1.0000
7170.200,1.0000,1.0000
7171.851,1.0000,1.0000
7173.502,1.0000,1.0000
7175.154,1.0000,1.0000
7176.806,1.0000,1.0000
7178.459,1.0000,1.0000
7180.112,1.0000,1.0000
7181.766,1.0000,1.0000
7183.420,1.0000,1.0000
7185.074,1.0000,1.0000
7186.728,1.0000,1.0000
7188.384,1.0000,1.0000
7190.039,1.0000,1.0000
7191.694,1.0000,1.0000
7193.351,1.0000,1.0000
7195.007,1.0000,1.0000
7196.665,1.0000,1.0000
7198.321,1.0000,1.0000
7199.979,1.0000,1.0000
7201.637,1.0000,1.0000
7203.296,1.0000,1.0000
7204.954,1.0000,1.0000
7206.613,1.0000,1.0000
7208.273,1.0000,1.0000
7209.933,1.0000,1.0000
7211.594,1.0000,1.0000
7213.254,1.0000,1.0000
7214.916,1.0000,1.0000
7216.577,1.0000,1.0000
7218.239,1.0000,1.0000
7219.901,1.0000,1.0000
7221.563,1.0000,1.0000
7223.227,1.0000,1.0000
7224.890,1.0000,1.0000
7226.554,1.0000,1.0000
7228.218,1.0000,1.0000
7229.883,1.0000,1.0000
7231.547,1.0000,1.0000
7233.213,1.0000,1.0000
7234.878,1.0000,1.0000
7236.544,1.0000,1.0000
7238.211,1.0000,1.0000
7239.877,1.0000,1.0000
7241.545,1.0000,1.0000
7243.212,1.0000,1.0000
7244.881,1.0000,1.0000
7246.549,1.0000,1.0000
7248.217,1.0000,1.0000
7249.887,1.0000,1.0000
7251.556,1.0000,1.0000
7253.227,1.0000,1.0000
7254.896,1.0000,1.0000
7256.568,1.0000,1.0000
7258.239,1.0000,1.0000
7259.910,1.0000,1.0000
7261.582,1.0000,1.0000
7263.254,1.0000,1.0000
7264.927,1.0000,1.0000
7266.600,1.0000,1.0000
7268.273,1.0000,1.0000
7269.947,1.0000,1.0000
7271.621,1.0000,1.0000
7273.296,1.0000,1.0000
7274.971,1.0000,1.0000
7276.646,1.0000,1.0000
7278.321,1.0000,1.0000
7279.998,1.0000,1.0000
7281.674,1.0000,1.0000
7283.351,1.0000,1.0000
7285.028,1.0000,1.0000
7286.706,1.0000,1.0000
7288.384,1.0000,1.0000
7290.062,1.0000,1.0000
7291.741,1.0000,1.0000
7293.420,1.0000,1.0000
7295.100,1.0000,1.0000
7296.780,1.0000,1.0000
7298.460,1.0000,1.0000
7300.141,1.0000,1.0000
7301.822,1.0000,1.0000
7303.503,1.0000,1.0000
7305.186,1.0000,1.0000
7306.868,1.0000,1.0000
7308.550,1.0000,1.0000
7310.233,1.0000,1.0000
7311.917,1.0000,1.0000
7313.601,1.0000,1.0000
7315.285,1.0000,1.0000
7316.970,1.0000,1.0000
7318.654,1.0000,1.0000
7320.340,1.0000,1.0000
7322.025,1.0000,1.0000
7323.711,1.0000,1.0000
7325.398,1.0000,1.0000
7327.085,1.0000,1.0000
7328.772,1.0000,1.0000
7330.460,1.0000,1.0000
7332.148,1.0000,1.0000
7333.837,1.0000,1.0000
7335.526,1.0000,1.0000
7337.215,1.0000,1.0000
7338.904,1.0000,1.0000
7340.595,1.0000,1.0000
7342.285,1.0000,1.0000
7343.976,1.0000,1.0000
7345.667,1.0000,1.0000
7347.358,1.0000,1.0000
7349.051,1.0000,1.0000
7350.743,1.0000,1.0000
7352.436,1.0000,1.0000
7354.128,1.0000,1.0000
7355.823,1.0000,1.0000
7357.516,1.0000,1.0000
7359.211,1.0000,1.0000
7360.906,1.0000,1.0000
7362.601,1.0000,1.0000
7364.296,1.0000,1.0000
7365.992,1.0000,1.0000
7367.688,1.0000,1.0000
7369.384,1.0000,1.0000
7371.082,1.0000,1.0000
7372.779,1.0000,1.0000
7374.478,1.0000,1.0000
7376.175,1.0000,1.0000
7377.874,1.0000,1.0000
7379.573,1.0000,1.0000
7381.272,1.0000,1.0000
7382.973,1.0000,1.0000
7384.672,1.0000,1.0000
7386.373,1.0000,1.0000
7388.074,1.0000,1.0000
7389.775,1.0000,1.0000
7391.477,1.0000,1.0000
7393.180,1.0000,1.0000
7394.882,1.0000,1.0000
7396.585,1.0000,1.0000
7398.288,1.0000,1.0000
7399.992,1.0000,1.0000
7401.696,1.0000,1.0000
7403.400,1.0000,1.0000
7405.105,1.0000,1.0000
7406.811,1.0000,1.0000
7408.517,1.0000,1.0000
7410.223,1.0000,1.0000
7411.929,1.0000,1.0000
7413.636,1.0000,1.0000
7415.343,1.0000,1.0000
7417.050,1.0000,1.0000
7418.759,1.0000,1.0000
7420.467,1.0000,1.0000
7422.176,1.0000,1.0000
7423.885,1.0000,1.0000
7425.595,1.0000,1.0000
7427.305,1.0000,1.0000
7429.015,1.0000,1.0000
7430.726,1.0000,1.0000
7432.437,1.0000,1.0000
7434.148,1.0000,1.0000
7435.861,1.0000,1.0000
7437.573,1.0000,1.0000
7439.286,1.0000,1.0000
7440.999,1.0000,1.0000
7442.712,1.0000,1.0000
7444.426,1.0000,1.0000
7446.140,1.0000,1.0000
7447.855,1.0000,1.0000
7449.570,1.0000,1.0000
7451.286,1.0000,1.0000
7453.002,1.0000,1.0000
7454.718,1.0000,1.0000
7456.435,1.0000,1.0000
7458.152,1.0000,1.0000
7459.870,1.0000,1.0000
7461.587,1.0000,1.0000
7463.306,1.0000,1.0000
7465.024,1.0000,1.0000
7466.744,1.0000,1.0000
7468.463,1.0000,1.0000
7470.183,1.0000,1.0000
7471.903,1.0000,1.0000
7473.624,1.0000,1.0000
7475.345,1.0000,1.0000
7477.066,1.0000,1.0000
7478.788,1.0000,1.0000
7480.511,1.0000,1.0000
7482.233,1.0000,1.0000
7483.957,1.0000,1.0000
7485.679,1.0000,1.0000
7487.403,1.0000,1.0000
7489.127,1.0000,1.0000
7490.853,1.0000,1.0000
7492.578,1.0000,1.0000
7494.303,1.0000,1.0000
7496.028,1.0000,1.0000
7497.755,1.0000,1.0000
7499.481,1.0000,1.0000
7501.208,1.0000,1.0000
7502.936,1.0000,1.0000
7504.664,1.0000,1.0000
7506.392,1.0000,1.0000
7508.121,1.0000,1.0000
7509.850,1.0000,1.0000
7511.579,1.0000,1.0000
7513.309,1.0000,1.0000
7515.039,1.0000,1.0000
7516.769,1.0000,1.0000
7518.501,1.0000,1.0000
7520.232,1.0000,1.0000
7521.964,1.0000,1.0000
7523.695,1.0000,1.0000
7525.429,1.0000,1.0000
7527.162,1.0000,1.0000
7528.896,1.0000,1.0000
7530.629,1.0000,1.0000
7532.363,1.0000,1.0000
7534.098,1.0000,1.0000
7535.833,1.0000,1.0000
7537.568,1.0000,1.0000
7539.303,1.0000,1.0000
7541.041,1.0000,1.0000
7542.777,1.0000,1.0000
7544.514,1.0000,1.0000
7546.251,1.0000,1.0000
7547.988,1.0000,1.0000
7549.727,1.0000,1.0000
7551.465,1.0000,1.0000
7553.204,1.0000,1.0000
7554.943,1.0000,1.0000
7556.684,1.0000,1.0000
7558.424,1.0000,1.0000
7560.165,1.0000,1.0000
7561.905,1.0000,1.0000
7563.646,1.0000,1.0000
7565.389,1.0000,1.0000
7567.130,1.0000,1.0000
7568.874,1.0000,1.0000
7570.616,1.0000,1.0000
7572.360,1.0000,1.0000
7574.103,1.0000,1.0000
7575.849,1.0000,1.0000
7577.593,1.0000,1.0000
7579.337,1.0000,1.0000
7581.083,1.0000,1.0000
7582.829,1.0000,1.0000
7584.575,1.0000,1.0000
7586.321,1.0000,1.0000
7588.068,1.0000,1.0000
7589.815,1.0000,1.0000
7591.563,1.0000,1.0000
7593.312,1.0000,1.0000
7595.060,1.0000,1.0000
7596.810,1.0000,1.0000
7598.559,1.0000,1.0000
7600.309,1.0000,1.0000
7602.059,1.0000,1.0000
7603.810,1.0000,1.0000
7605.561,1.0000,1.0000
7607.312,1.0000,1.0000
7609.064,1.0000,1.0000
7610.816,1.0000,1.0000
7612.569,1.0000,1.0000
7614.322,1.0000,1.0000
7616.075,1.0000,1.0000
7617.830,1.0000,1.0000
7619.583,1.0000,1.0000
7621.339,1.0000,1.0000
7623.093,1.0000,1.0000
7624.849,1.0000,1.0000
7626.604,1.0000,1.0000
7628.361,1.0000,1.0000
7630.118,1.0000,1.0000
7631.875,1.0000,1.0000
7633.632,1.0000,1.0000
7635.391,1.0000,1.0000
7637.148,1.0000,1.0000
7638.907,1.0000,1.0000
7640.667,1.0000,1.0000
7642.425,1.0000,1.0000
7644.186,1.0000,1.0000
7645.946,1.0000,1.0000
7647.708,1.0000,1.0000
7649.468,1.0000,1.0000
7651.230,1.0000,1.0000
7652.991,1.0000,1.0000
7654.753,1.0000,1.0000
7656.517,1.0000,1.0000
7658.280,1.0000,1.0000
7660.044,1.0000,1.0000
7661.808,1.0000,1.0000
7663.572,1.0000,1.0000
7665.337,1.0000,1.0000
7667.103,1.0000,1.0000
7668.867,1.0000,1.0000
7670.633,1.0000,1.0000
7672.400,1.0000,1.0000
7674.167,1.0000,1.0000
7675.934,1.0000,1.0000
7677.702,1.0000,1.0000
7679.470,1.0000,1.0000
7681.239,1.0000,1.0000
7683.007,1.0000,1.0000
7684.776,1.0000,1.0000
7686.546,1.0000,1.0000
7688.316,1.0000,1.0000
7690.086,1.0000,1.0000
7691.857,1.0000,1.0000
7693.629,1.0000,1.0000
7695.401,1.0000,1.0000
7697.173,1.0000,1.0000
7698.946,1.0000,1.0000
7700.719,1.0000,1.0000
7702.492,1.0000,1.0000
7704.266,1.0000,1.0000
7706.039,1.0000,1.0000
7707.814,1.0000,1.0000
7709.589,1.0000,1.0000
7711.365,1.0000,1.0000
7713.140,1.0000,1.0000
7714.917,1.0000,1.0000
7716.693,1.0000,1.0000
7718.470,1.0000,1.0000
7720.248,1.0000,1.0000
7722.025,1.0000,1.0000
7723.804,1.0000,1.0000
7725.583,1.0000,1.0000
7727.362,1.0000,1.0000
7729.141,1.0000,1.0000
7730.921,1.0000,1.0000
7732.701,1.0000,1.0000
7734.482,1.0000,1.0000
7736.263,1.0000,1.0000
7738.044,1.0000,1.0000
7739.827,1.0000,1.0000
7741.609,1.0000,1.0000
7743.392,1.0000,1.0000
7745.175,1.0000,1.0000
7746.958,1.0000,1.0000
7748.743,1.0000,1.0000
7750.527,1.0000,1.0000
7752.312,1.0000,1.0000
7754.097,1.0000,1.0000
7755.883,1.0000,1.0000
7757.669,1.0000,1.0000
7759.456,1.0000,1.0000
7761.242,1.0000,1.0000
7763.029,1.0000,1.0000
7764.817,1.0000,1.0000
7766.605,1.0000,1.0000
7768.395,1.0000,1.0000
7770.183,1.0000,1.0000
7771.973,1.0000,1.0000
7773.761,1.0000,1.0000
7775.552,1.0000,1.0000
7777.343,1.0000,1.0000
7779.134,1.0000,1.0000
7780.926,1.0000,1.0000
7782.716,1.0000,1.0000
7784.509,1.0000,1.0000
7786.302,1.0000,1.0000
7788.095,1.0000,1.0000
7789.889,1.0000,1.0000
7791.682,1.0000,1.0000
7793.477,1.0000,1.0000
7795.271,1.0000,1.0000
7797.066,1.0000,1.0000
7798.861,1.0000,1.0000
7800.658,1.0000,1.0000
7802.454,1.0000,1.0000
7804.251,1.0000,1.0000
7806.048,1.0000,1.0000
7807.846,1.0000,1.0000
7809.644,1.0000,1.0000
7811.442,1.0000,1.0000
7813.242,1.0000,1.0000
7815.041,1.0000,1.0000
7816.840,1.0000,1.0000
7818.640,1.0000,1.0000
7820.441,1.0000,1.0000
7822.242,1.0000,1.0000
7824.043,1.0000,1.0000
7825.845,1.0000,1.0000
7827.647,1.0000,1.0000
7829.450,1.0000,1.0000
7831.253,1.0000,1.0000
7833.056,1.0000,1.0000
7834.859,1.0000,1.0000
7836.665,1.0000,1.0000
7838.469,1.0000,1.0000
7840.274,1.0000,1.0000
7842.079,1.0000,1.0000
7843.885,1.0000,1.0000
7845.692,1.0000,1.0000
7847.498,1.0000,1.0000
7849.306,1.0000,1.0000
7851.113,1.0000,1.0000
7852.921,1.0000,1.0000
7854.729,1.0000,1.0000
7856.539,1.0000,1.0000
7858.348,1.0000,1.0000
7860.157,1.0000,1.0000
7861.968,1.0000,1.0000
7863.777,1.0000,1.0000
7865.589,1.0000,1.0000
7867.400,1.0000,1.0000
7869.212,1.0000,1.0000
7871.024,1.0000,1.0000
7872.836,1.0000,1.0000
7874.649,1.0000,1.0000
7876.462,1.0000,1.0000
7878.277,1.0000,1.0000
7880.090,1.0000,1.0000
7881.906,1.0000,1.0000
7883.720,1.0000,1.0000
7885.536,1.0000,1.0000
7887.352,1.0000,1.0000
7889.168,1.0000,1.0000
7890.986,1.0000,1.0000
7892.802,1.0000,1.0000
7894.620,1.0000,1.0000
7896.438,1.0000,1.0000
7898.257,1.0000,1.0000
7900.076,1.0000,1.0000
7901.895,1.0000,1.0000
7903.714,1.0000,1.0000
7905.534,1.0000,1.0000
7907.355,1.0000,1.0000
7909.175,1.0000,1.0000
7910.998,1.0000,1.0000
7912.819,1.0000,1.0000
7914.642,1.0000,1.0000
7916.464,1.0000,1.0000
7918.287,1.0000,1.0000
7920.111,1.0000,1.0000
7921.934,1.0000,1.0000
7923.759,1.0000,1.0000
7925.583,1.0000,1.0000
7927.408,1.0000,1.0000
7929.234,1.0000,1.0000
7931.061,1.0000,1.0000
7932.886,1.0000,1.0000
7934.714,1.0000,1.0000
7936.540,1.0000,1.0000
7938.368,1.0000,1.0000
7940.196,1.0000,1.0000
7942.024,1.0000,1.0000
7943.854,1.0000,1.0000
7945.683,1.0000,1.0000
7947.513,1.0000,1.0000
7949.343,1.0000,1.0000
7951.173,1.0000,1.0000
7953.004,1.0000,1.0000
7954.835,1.0000,1.0000
7956.668,1.0000,1.0000
7958.500,1.0000,1.0000
7960.333,1.0000,1.0000
7962.166,1.0000,1.0000
7964.000,1.0000,1.0000
7965.833,1.0000,1.0000
7967.668,1.0000,1.0000
7969.503,1.0000,1.0000
7971.338,1.0000,1.0000
7973.174,1.0000,1.0000
7975.010,1.0000,1.0000
7976.847,1.0000,1.0000
7978.683,1.0000,1.0000
7980.521,1.0000,1.0000
7982.358,1.0000,1.0000
7984.197,1.0000,1.0000
7986.036,1.0000,1.0000
7987.874,1.0000,1.0000
7989.714,1.0000,1.0000
7991.554,1.0000,1.0000
7993.394,1.0000,1.0000
7995.235,1.0000,1.0000
7997.077,1.0000,1.0000
7998.917,1.0000,1.0000
8000.759,1.0000,1.0000
8002.602,1.0000,1.0000
8004.445,1.0000,1.0000
8006.289,1.0000,1.0000
8008.132,1.0000,1.0000
8009.977,1.0000,1.0000
8011.821,1.0000,1.0000
8013.667,1.0000,1.0000
8015.512,1.0000,1.0000
8017.357,1.0000,1.0000
8019.203,1.0000,1.0000
8021.050,1.0000,1.0000
8022.897,1.0000,1.0000
8024.745,1.0000,1.0000
8026.593,1.0000,1.0000
8028.441,1.0000,1.0000
8030.291,1.0000,1.0000
8032.140,1.0000,1.0000
8033.988,1.0000,1.0000
8035.839,1.0000,1.0000
8037.690,1.0000,1.0000
8039.541,1.0000,1.0000
8041.392,1.0000,1.0000
8043.244,1.0000,1.0000
8045.096,1.0000,1.0000
8046.949,1.0000,1.0000
8048.801,1.0000,1.0000
8050.655,1.0000,1.0000
8052.509,1.0000,1.0000
8054.363,1.0000,1.0000
8056.219,1.0000,1.0000
8058.074,1.0000,1.0000
8059.930,1.0000,1.0000
8061.785,1.0000,1.0000
8063.642,1.0000,1.0000
8065.499,1.0000,1.0000
8067.356,1.0000,1.0000
8069.214,1.0000,1.0000
8071.072,1.0000,1.0000
8072.932,1.0000,1.0000
8074.790,1.0000,1.0000
8076.650,1.0000,1.0000
8078.510,1.0000,1.0000
8080.370,1.0000,1.0000
8082.230,1.0000,1.0000
8084.091,1.0000,1.0000
8085.954,1.0000,1.0000
8087.815,1.0000,1.0000
8089.678,1.0000,1.0000
8091.541,1.0000,1.0000
8093.405,1.0000,1.0000
8095.268,1.0000,1.0000
8097.132,1.0000,1.0000
8098.997,1.0000,1.0000
8100.862,1.0000,1.0000
8102.727,1.0000,1.0000
8104.593,1.0000,1.0000
8106.460,1.0000,1.0000
8108.327,1.0000,1.0000
8110.194,1.0000,1.0000
8112.062,1.0000,1.0000
8113.930,1.0000,1.0000
8115.798,1.0000,1.0000
8117.667,1.0000,1.0000
8119.537,1.0000,1.0000
8121.406,1.0000,1.0000
8123.276,1.0000,1.0000
8125.147,1.0000,1.0000
8127.018,1.0000,1.0000
8128.890,1.0000,1.0000
8130.762,1.0000,1.0000
8132.634,1.0000,1.0000
8134.507,1.0000,1.0000
8136.380,1.0000,1.0000
8138.254,1.0000,1.0000
8140.128,1.0000,1.0000
8142.003,1.0000,1.0000
8143.877,1.0000,1.0000
8145.752,1.0000,1.0000
8147.628,1.0000,1.0000
8149.505,1.0000,1.0000
8151.382,1.0000,1.0000
8153.259,1.0000,1.0000
8155.137,1.0000,1.0000
8157.014,1.0000,1.0000
8158.893,1.0000,1.0000
8160.772,1.0000,1.0000
8162.651,1.0000,1.0000
8164.531,1.0000,1.0000
8166.411,1.0000,1.0000
8168.291,1.0000,1.0000
8170.173,1.0000,1.0000
8172.054,1.0000,1.0000
8173.937,1.0000,1.0000
8175.818,1.0000,1.0000
8177.701,1.0000,1.0000
8179.584,1.0000,1.0000
8181.468,1.0000,1.0000
8183.352,1.0000,1.0000
8185.236,1.0000,1.0000
8187.122,1.0000,1.0000
8189.007,1.0000,1.0000
8190.893,1.0000,1.0000
8192.779,1.0000,1.0000
8194.666,1.0000,1.0000
8196.553,1.0000,1.0000
8198.440,1.0000,1.0000
8200.328,1.0000,1.0000
8202.217,1.0000,1.0000
8204.105,1.0000,1.0000
8205.995,1.0000,1.0000
8207.885,1.0000,1.0000
8209.774,1.0000,1.0000
8211.665,1.0000,1.0000
8213.556,1.0000,1.0000
8215.447,1.0000,1.0000
8217.340,1.0000,1.0000
8219.231,1.0000,1.0000
8221.124,1.0000,1.0000
8223.018,1.0000,1.0000
8224.912,1.0000,1.0000
8226.806,1.0000,1.0000
8228.701,1.0000,1.0000
8230.596,1.0000,1.0000
8232.490,1.0000,1.0000
8234.386,1.0000,1.0000
8236.282,1.0000,1.0000
8238.180,1.0000,1.0000
8240.076,1.0000,1.0000
8241.974,1.0000,1.0000
8243.872,1.0000,1.0000
8245.771,1.0000,1.0000
8247.669,1.0000,1.0000
8249.568,1.0000,1.0000
8251.468,1.0000,1.0000
8253.368,1.0000,1.0000
8255.269,1.0000,1.0000
8257.170,1.0000,1.0000
8259.072,1.0000,1.0000
8260.974,1.0000,1.0000
8262.876,1.0000,1.0000
8264.779,1.0000,1.0000
8266.682,1.0000,1.0000
8268.586,1.0000,1.0000
8270.489,1.0000,1.0000
8272.395,1.0000,1.0000
8274.299,1.0000,1.0000
8276.205,1.0000,1.0000
8278.110,1.0000,1.0000
8280.017,1.0000,1.0000
8281.924,1.0000,1.0000
8283.831,1.0000,1.0000
8285.739,1.0000,1.0000
8287.646,1.0000,1.0000
8289.556,1.0000,1.0000
8291.465,1.0000,1.0000
8293.374,1.0000,1.0000
8295.284,1.0000,1.0000
8297.193,1.0000,1.0000
8299.104,1.0000,1.0000
8301.016,1.0000,1.0000
8302.928,1.0000,1.0000
8304.839,1.0000,1.0000
8306.752,1.0000,1.0000
8308.665,1.0000,1.0000
8310.579,1.0000,1.0000
8312.492,1.0000,1.0000
8314.406,1.0000,1.0000
8316.320,1.0000,1.0000
8318.235,1.0000,1.0000
8320.151,1.0000,1.0000
8322.067,1.0000,1.0000
8323.984,1.0000,1.0000
8325.900,1.0000,1.0000
8327.818,1.0000,1.0000
8329.736,1.0000,1.0000
8331.653,1.0000,1.0000
8333.572,1.0000,1.0000
8335.492,1.0000,1.0000
8337.411,1.0000,1.0000
8339.331,1.0000,1.0000
8341.252,1.0000,1.0000
8343.173,1.0000,1.0000
8345.095,1.0000,1.0000
8347.016,1.0000,1.0000
8348.938,1.0000,1.0000
8350.861,1.0000,1.0000
8352.783,1.0000,1.0000
8354.707,1.0000,1.0000
8356.632,1.0000,1.0000
8358.556,1.0000,1.0000
8360.480,1.0000,1.0000
8362.406,1.0000,1.0000
8364.331,1.0000,1.0000
8366.257,1.0000,1.0000
8368.185,1.0000,1.0000
8370.111,1.0000,1.0000
8372.039,1.0000,1.0000
8373.967,1.0000,1.0000
8375.896,1.0000,1.0000
8377.824,1.0000,1.0000
8379.754,1.0000,1.0000
8381.684,1.0000,1.0000
8383.612,1.0000,1.0000
8385.544,1.0000,1.0000
8387.475,1.0000,1.0000
8389.406,1.0000,1.0000
8391.338,1.0000,1.0000
8393.271,1.0000,1.0000
8395.203,1.0000,1.0000
8397.137,1.0000,1.0000
8399.071,1.0000,1.0000
8401.005,1.0000,1.0000
8402.939,1.0000,1.0000
8404.874,1.0000,1.0000
8406.811,1.0000,1.0000
8408.746,1.0000,1.0000
8410.683,1.0000,1.0000
8412.619,1.0000,1.0000
8414.557,1.0000,1.0000
8416.495,1.0000,1.0000
8418.433,1.0000,1.0000
8420.371,1.0000,1.0000
8422.310,1.0000,1.0000
8424.250,1.0000,1.0000
8426.190,1.0000,1.0000
8428.130,1.0000,1.0000
8430.071,1.0000,1.0000
8432.012,1.0000,1.0000
8433.954,1.0000,1.0000
8435.896,1.0000,1.0000
8437.839,1.0000,1.0000
8439.781,1.0000,1.0000
8441.727,1.0000,1.0000
8443.670,1.0000,1.0000
8445.614,1.0000,1.0000
8447.560,1.0000,1.0000
8449.504,1.0000,1.0000
8451.450,1.0000,1.0000
8453.396,1.0000,1.0000
8455.343,1.0000,1.0000
8457.290,1.0000,1.0000
8459.238,1.0000,1.0000
8461.186,1.0000,1.0000
8463.135,1.0000,1.0000
8465.083,1.0000,1.0000
8467.032,1.0000,1.0000
8468.982,1.0000,1.0000
8470.933,1.0000,1.0000
8472.884,1.0000,1.0000
8474.835,1.0000,1.0000
8476.786,1.0000,1.0000
8478.738,1.0000,1.0000
8480.690,1.0000,1.0000
8482.645,1.0000,1.0000
8484.597,1.0000,1.0000
8486.552,1.0000,1.0000
8488.505,1.0000,1.0000
8490.460,1.0000,1.0000
8492.416,1.0000,1.0000
8494.372,1.0000,1.0000
8496.327,1.0000,1.0000
8498.284,1.0000,1.0000
8500.241,1.0000,1.0000
8502.198,1.0000,1.0000
8504.156,1.0000,1.0000
8506.114,1.0000,1.0000
8508.073,1.0000,1.0000
8510.032,1.0000,1.0000
8511.993,1.0000,1.0000
8513.953,1.0000,1.0000
8515.913,1.0000,1.0000
8517.874,1.0000,1.0000
8519.836,1.0000,1.0000
8521.798,1.0000,1.0000
8523.760,1.0000,1.0000
8525.724,1.0000,1.0000
8527.687,1.0000,1.0000
8529.650,1.0000,1.0000
8531.614,1.0000,1.0000
8533.579,1.0000,1.0000
8535.545,1.0000,1.0000
8537.510,1.0000,1.0000
8539.477,1.0000,1.0000
8541.442,1.0000,1.0000
8543.410,1.0000,1.0000
8545.377,1.0000,1.0000
8547.346,1.0000,1.0000
8549.313,1.0000,1.0000
8551.282,1.0000,1.0000
8553.252,1.0000,1.0000
8555.221,1.0000,1.0000
8557.190,1.0000,1.0000
8559.161,1.0000,1.0000
8561.133,1.0000,1.0000
8563.104,1.0000,1.0000
8565.076,1.0000,1.0000
8567.049,1.0000,1.0000
8569.021,1.0000,1.0000
8570.994,1.0000,1.0000
8572.969,1.0000,1.0000
8574.942,1.0000,1.0000
8576.918,1.0000,1.0000
8578.893,1.0000,1.0000
8580.868,1.0000,1.0000
8582.845,1.0000,1.0000
8584.820,1.0000,1.0000
8586.797,1.0000,1.0000
8588.774,1.0000,1.0000
8590.753,1.0000,1.0000
8592.731,1.0000,1.0000
8594.710,1.0000,1.0000
8596.689,1.0000,1.0000
8598.669,1.0000,1.0000
8600.649,1.0000,1.0000
8602.630,1.0000,1.0000
8604.610,1.0000,1.0000
8606.593,1.0000,1.0000
8608.574,1.0000,1.0000
8610.557,1.0000,1.0000
8612.539,1.0000,1.0000
8614.523,1.0000,1.0000
8616.507,1.0000,1.0000
8618.491,1.0000,1.0000
8620.476,1.0000,1.0000
8622.461,1.0000,1.0000
8624.446,1.0000,1.0000
8626.432,1.0000,1.0000
8628.420,1.0000,1.0000
8630.406,1.0000,1.0000
8632.394,1.0000,1.0000
8634.381,1.0000,1.0000
8636.370,1.0000,1.0000
8638.359,1.0000,1.0000
8640.348,1.0000,1.0000
8642.338,1.0000,1.0000
8644.328,1.0000,1.0000
8646.319,1.0000,1.0000
8648.310,1.0000,1.0000
8650.301,1.0000,1.0000
8652.293,1.0000,1.0000
8654.286,1.0000,1.0000
8656.279,1.0000,1.0000
8658.271,1.0000,1.0000
8660.267,1.0000,1.0000
8662.260,1.0000,1.0000
8664.256,1.0000,1.0000
8666.250,1.0000,1.0000
8668.246,1.0000,1.0000
8670.242,1.0000,1.0000
8672.239,1.0000,1.0000
8674.236,1.0000,1.0000
8676.233,1.0000,1.0000
8678.231,1.0000,1.0000
8680.230,1.0000,1.0000
8682.229,1.0000,1.0000
8684.229,1.0000,1.0000
8686.229,1.0000,1.0000
8688.229,1.0000,1.0000
8690.229,1.0000,1.0000
8692.230,1.0000,1.0000
8694.232,1.0000,1.0000
8696.234,1.0000,1.0000
8698.236,1.0000,1.0000
8700.240,1.0000,1.0000
8702.244,1.0000,1.0000
8704.247,1.0000,1.0000
8706.252,1.0000,1.0000
8708.257,1.0000,1.0000
8710.262,1.0000,1.0000
8712.269,1.0000,1.0000
8714.274,1.0000,1.0000
8716.280,1.0000,1.0000
8718.289,1.0000,1.0000
8720.296,1.0000,1.0000
8722.304,1.0000,1.0000
8724.313,1.0000,1.0000
8726.322,1.0000,1.0000
8728.332,1.0000,1.0000
8730.341,1.0000,1.0000
8732.352,1.0000,1.0000
8734.362,1.0000,1.0000
8736.374,1.0000,1.0000
8738.386,1.0000,1.0000
8740.398,1.0000,1.0000
8742.411,1.0000,1.0000
8744.424,1.0000,1.0000
8746.438,1.0000,1.0000
8748.452,1.0000,1.0000
8750.468,1.0000,1.0000
8752.481,1.0000,1.0000
8754.498,1.0000,1.0000
8756.514,1.0000,1.0000
8758.531,1.0000,1.0000
8760.547,1.0000,1.0000
8762.564,1.0000,1.0000
8764.583,1.0000,1.0000
8766.601,1.0000,1.0000
8768.619,1.0000,1.0000
8770.639,1.0000,1.0000
8772.659,1.0000,1.0000
8774.679,1.0000,1.0000
8776.700,1.0000,1.0000
8778.721,1.0000,1.0000
8780.742,1.0000,1.0000
8782.765,1.0000,1.0000
8784.787,1.0000,1.0000
8786.811,1.0000,1.0000
8788.834,1.0000,1.0000
8790.857,1.0000,1.0000
8792.882,1.0000,1.0000
8794.907,1.0000,1.0000
8796.932,1.0000,1.0000
8798.957,1.0000,1.0000
8800.984,1.0000,1.0000
8803.011,1.0000,1.0000
8805.038,1.0000,1.0000
8807.065,1.0000,1.0000
8809.094,1.0000,1.0000
8811.122,1.0000,1.0000
8813.151,1.0000,1.0000
8815.181,1.0000,1.0000
8817.211,1.0000,1.0000
8819.242,1.0000,1.0000
8821.272,1.0000,1.0000
8823.304,1.0000,1.0000
8825.336,1.0000,1.0000
8827.368,1.0000,1.0000
8829.401,1.0000,1.0000
8831.434,1.0000,1.0000
8833.468,1.0000,1.0000
8835.501,1.0000,1.0000
8837.537,1.0000,1.0000
8839.572,1.0000,1.0000
8841.607,1.0000,1.0000
8843.644,1.0000,1.0000
8845.681,1.0000,1.0000
8847.717,1.0000,1.0000
8849.755,1.0000,1.0000
8851.793,1.0000,1.0000
8853.831,1.0000,1.0000
8855.870,1.0000,1.0000
8857.909,1.0000,1.0000
8859.950,1.0000,1.0000
8861.989,1.0000,1.0000
8864.030,1.0000,1.0000
8866.071,1.0000,1.0000
8868.112,1.0000,1.0000
8870.155,1.0000,1.0000
8872.197,1.0000,1.0000
8874.241,1.0000,1.0000
8876.284,1.0000,1.0000
8878.329,1.0000,1.0000
8880.374,1.0000,1.0000
8882.419,1.0000,1.0000
8884.464,1.0000,1.0000
8886.510,1.0000,1.0000
8888.557,1.0000,1.0000
8890.603,1.0000,1.0000
8892.651,1.0000,1.0000
8894.698,1.0000,1.0000
8896.747,1.0000,1.0000
8898.795,1.0000,1.0000
8900.846,1.0000,1.0000
8902.895,1.0000,1.0000
8904.944,1.0000,1.0000
8906.996,1.0000,1.0000
8909.047,1.0000,1.0000
8911.099,1.0000,1.0000
8913.150,1.0000,1.0000
8915.203,1.0000,1.0000
8917.256,1.0000,1.0000
8919.310,1.0000,1.0000
8921.363,1.0000,1.0000
8923.418,1.0000,1.0000
8925.473,1.0000,1.0000
8927.528,1.0000,1.0000
8929.584,1.0000,1.0000
8931.641,1.0000,1.0000
8933.697,1.0000,1.0000
8935.754,1.0000,1.0000
8937.812,1.0000,1.0000
8939.870,1.0000,1.0000
8941.929,1.0000,1.0000
8943.988,1.0000,1.0000
8946.048,1.0000,1.0000
8948.108,1.0000,1.0000
8950.169,1.0000,1.0000
8952.230,1.0000,1.0000
8954.292,1.0000,1.0000
8956.354,1.0000,1.0000
8958.416,1.0000,1.0000
8960.479,1.0000,1.0000
8962.542,1.0000,1.0000
8964.605,1.0000,1.0000
8966.671,1.0000,1.0000
8968.735,1.0000,1.0000
8970.802,1.0000,1.0000
8972.867,1.0000,1.0000
8974.934,1.0000,1.0000
8977.000,1.0000,1.0000
8979.067,1.0000,1.0000
8981.136,1.0000,1.0000
8983.203,1.0000,1.0000
8985.272,1.0000,1.0000
8987.341,1.0000,1.0000
8989.411,1.0000,1.0000
8991.480,1.0000,1.0000
8993.552,1.0000,1.0000
8995.623,1.0000,1.0000
8997.693,1.0000,1.0000
8999.766,1.0000,1.0000
9001.839,1.0000,1.0000
9003.912,1.0000,1.0000
9005.985,1.0000,1.0000
9008.060,1.0000,1.0000
9010.134,1.0000,1.0000
9012.208,1.0000,1.0000
9014.284,1.0000,1.0000
9016.359,1.0000,1.0000
9018.437,1.0000,1.0000
9020.513,1.0000,1.0000
9022.590,1.0000,1.0000
9024.668,1.0000,1.0000
9026.746,1.0000,1.0000
9028.825,1.0000,1.0000
9030.904,1.0000,1.0000
9032.983,1.0000,1.0000
9035.064,1.0000,1.0000
9037.145,1.0000,1.0000
9039.226,1.0000,1.0000
9041.308,1.0000,1.0000
9043.390,1.0000,1.0000
9045.472,1.0000,1.0000
9047.555,1.0000,1.0000
9049.639,1.0000,1.0000
9051.723,1.0000,1.0000
9053.807,1.0000,1.0000
9055.893,1.0000,1.0000
9057.978,1.0000,1.0000
9060.063,1.0000,1.0000
9062.149,1.0000,1.0000
9064.236,1.0000,1.0000
9066.324,1.0000,1.0000
9068.412,1.0000,1.0000
9070.500,1.0000,1.0000
9072.589,1.0000,1.0000
9074.679,1.0000,1.0000
9076.768,1.0000,1.0000
9078.858,1.0000,1.0000
9080.948,1.0000,1.0000
9083.041,1.0000,1.0000
9085.132,1.0000,1.0000
9087.224,1.0000,1.0000
9089.317,1.0000,1.0000
9091.409,1.0000,1.0000
9093.503,1.0000,1.0000
9095.597,1.0000,1.0000
9097.692,1.0000,1.0000
9099.787,1.0000,1.0000
9101.882,1.0000,1.0000
9103.979,1.0000,1.0000
9106.074,1.0000,1.0000
9108.172,1.0000,1.0000
9110.270,1.0000,1.0000
9112.368,1.0000,1.0000
9114.467,1.0000,1.0000
9116.565,1.0000,1.0000
9118.664,1.0000,1.0000
9120.764,1.0000,1.0000
9122.864,1.0000,1.0000
9124.966,1.0000,1.0000
9127.067,1.0000,1.0000
9129.168,1.0000,1.0000
9131.271,1.0000,1.0000
9133.374,1.0000,1.0000
9135.477,1.0000,1.0000
9137.581,1.0000,1.0000
9139.685,1.0000,1.0000
9141.790,1.0000,1.0000
9143.895,1.0000,1.0000
9146.001,1.0000,1.0000
9148.106,1.0000,1.0000
9150.214,1.0000,1.0000
9152.320,1.0000,1.0000
9154.429,1.0000,1.0000
9156.537,1.0000,1.0000
9158.645,1.0000,1.0000
9160.754,1.0000,1.0000
9162.863,1.0000,1.0000
9164.974,1.0000,1.0000
9167.084,1.0000,1.0000
9169.196,1.0000,1.0000
9171.307,1.0000,1.0000
9173.420,1.0000,1.0000
9175.531,1.0000,1.0000
9177.644,1.0000,1.0000
9179.759,1.0000,1.0000
9181.872,1.0000,1.0000
9183.986,1.0000,1.0000
9186.101,1.0000,1.0000
9188.217,1.0000,1.0000
9190.333,1.0000,1.0000
9192.449,1.0000,1.0000
9194.566,1.0000,1.0000
9196.684,1.0000,1.0000
9198.801,1.0000,1.0000
9200.919,1.0000,1.0000
9203.038,1.0000,1.0000
9205.157,1.0000,1.0000
9207.278,1.0000,1.0000
9209.397,1.0000,1.0000
9211.519,1.0000,1.0000
9213.640,1.0000,1.0000
9215.762,1.0000,1.0000
9217.884,1.0000,1.0000
9220.007,1.0000,1.0000
9222.130,1.0000,1.0000
9224.254,1.0000,1.0000
9226.378,1.0000,1.0000
9228.502,1.0000,1.0000
9230.628,1.0000,1.0000
9232.754,1.0000,1.0000
9234.880,1.0000,1.0000
9237.007,1.0000,1.0000
9239.133,1.0000,1.0000
9241.261,1.0000,1.0000
9243.389,1.0000,1.0000
9245.519,1.0000,1.0000
9247.646,1.0000,1.0000
9249.775,1.0000,1.0000
9251.906,1.0000,1.0000
9254.037,1.0000,1.0000
9256.168,1.0000,1.0000
9258.300,1.0000,1.0000
9260.432,1.0000,1.0000
9262.564,1.0000,1.0000
9264.697,1.0000,1.0000
9266.831,1.0000,1.0000
9268.964,1.0000,1.0000
9271.100,1.0000,1.0000
9273.234,1.0000,1.0000
9275.370,1.0000,1.0000
9277.505,1.0000,1.0000
9279.643,1.0000,1.0000
9281.779,1.0000,1.0000
9283.917,1.0000,1.0000
9286.055,1.0000,1.0000
9288.193,1.0000,1.0000
9290.332,1.0000,1.0000
9292.471,1.0000,1.0000
9294.611,1.0000,1.0000
9296.752,1.0000,1.0000
9298.893,1.0000,1.0000
9301.033,1.0000,1.0000
9303.176,1.0000,1.0000
9305.318,1.0000,1.0000
9307.461,1.0000,1.0000
9309.604,1.0000,1.0000
9311.748,1.0000,1.0000
9313.893,1.0000,1.0000
9316.037,1.0000,1.0000
9318.183,1.0000,1.0000
9320.328,1.0000,1.0000
9322.476,1.0000,1.0000
9324.622,1.0000,1.0000
9326.769,1.0000,1.0000
9328.917,1.0000,1.0000
9331.065,1.0000,1.0000
9333.214,1.0000,1.0000
9335.363,1.0000,1.0000
9337.514,1.0000,1.0000
9339.664,1.0000,1.0000
9341.814,1.0000,1.0000
9343.966,1.0000,1.0000
9346.117,1.0000,1.0000
9348.270,1.0000,1.0000
9350.422,1.0000,1.0000
9352.576,1.0000,1.0000
9354.729,1.0000,1.0000
9356.884,1.0000,1.0000
9359.038,1.0000,1.0000
9361.193,1.0000,1.0000
9363.350,1.0000,1.0000
9365.505,1.0000,1.0000
9367.662,1.0000,1.0000
9369.819,1.0000,1.0000
9371.978,1.0000,1.0000
9374.136,1.0000,1.0000
9376.295,1.0000,1.0000
9378.454,1.0000,1.0000
9380.614,1.0000,1.0000
9382.773,1.0000,1.0000
9384.934,1.0000,1.0000
9387.096,1.0000,1.0000
9389.257,1.0000,1.0000
9391.420,1.0000,1.0000
9393.581,1.0000,1.0000
9395.745,1.0000,1.0000
9397.909,1.0000,1.0000
9400.072,1.0000,1.0000
9402.238,1.0000,1.0000
9404.402,1.0000,1.0000
9406.568,1.0000,1.0000
9408.735,1.0000,1.0000
9410.901,1.0000,1.0000
9413.068,1.0000,1.0000
9415.236,1.0000,1.0000
9417.405,1.0000,1.0000
9419.573,1.0000,1.0000