WAVELENGTH,FLUX,ERROR
698.283,1.0000,1.0000
698.444,1.0000,1.0000
698.604,1.0000,1.0000
698.765,1.0000,1.0000
698.926,1.0000,1.0000
699.087,1.0000,1.0000
699.248,1.0000,1.0000
699.409,1.0000,1.0000
699.570,1.0000,1.0000
699.731,1.0000,1.0000
699.893,1.0000,1.0000
700.054,1.0000,1.0000
700.215,1.0000,1.0000
700.376,1.0000,1.0000
700.537,1.0000,1.0000
700.699,1.0000,1.0000
700.860,1.0000,1.0000
701.022,1.0000,1.0000
701.183,1.0000,1.0000
701.344,1.0000,1.0000
701.506,1.0000,1.0000
701.667,1.0000,1.0000
701.829,1.0000,1.0000
701.991,1.0000,1.0000
702.152,1.0000,1.0000
702.314,1.0000,1.0000
702.476,1.0000,1.0000
702.638,1.0000,1.0000
702.799,1.0000,1.0000
702.961,1.0000,1.0000
703.123,1.0000,1.0000
703.285,1.0000,1.0000
703.447,1.0000,1.0000
703.609,1.0000,1.0000
703.771,1.0000,1.0000
703.933,1.0000,1.0000
704.095,1.0000,1.0000
704.257,1.0000,1.0000
704.419,1.0000,1.0000
704.582,1.0000,1.0000
704.744,1.0000,1.0000
704.906,1.0000,1.0000
705.069,1.0000,1.0000
705.231,1.0000,1.0000
705.393,1.0000,1.0000
705.556,1.0000,1.0000
705.718,1.0000,1.0000
705.881,1.0000,1.0000
706.043,1.0000,1.0000
706.206,1.0000,1.0000
706.369,1.0000,1.0000
706.531,1.0000,1.0000
706.694,1.0000,1.0000
706.857,1.0000,1.0000
707.019,1.0000,1.0000
707.182,1.1376,0.8007
707.345,1.0000,1.0000
707.508,1.0000,1.0000
707.671,1.0000,1.0000
707.834,1.0000,1.0000
707.997,1.1885,0.8010
708.160,1.0000,1.0000
708.323,1.0000,1.0000
708.486,1.2674,0.8020
708.649,1.0000,1.0000
708.812,1.0000,1.0000
708.976,1.0000,1.0000
709.139,1.0000,1.0000
709.302,1.0000,1.0000
709.466,1.0000,1.0000
709.629,1.0000,1.0000
709.792,0.8634,0.7759
709.956,1.0000,1.0000
710.119,1.0000,1.0000
710.283,1.0000,1.0000
710.446,0.9255,0.7820
710.610,1.0000,1.0000
710.774,1.0000,1.0000
710.937,1.0000,1.0000
711.101,0.8751,0.7738
711.265,1.0000,1.0000
711.429,1.0000,1.0000
711.593,1.0000,1.0000
711.756,0.9982,0.7384
711.920,1.0000,1.0000
712.084,1.0000,1.0000
712.248,0.9837,0.7223
712.412,1.0000,1.0000
712.576,0.9027,0.7610
712.740,0.9147,0.7618
712.904,1.0000,1.0000
713.069,1.3438,0.7553
713.233,1.0000,1.0000
713.397,1.0000,1.0000
713.561,1.0000,1.0000
713.726,1.0000,1.0000
713.890,1.0000,1.0000
714.054,1.0000,1.0000
714.219,1.0000,1.0000
714.383,1.0000,1.0000
714.548,0.8382,0.7213
714.712,0.8971,0.7269
714.877,1.0000,1.0000
715.042,1.0000,1.0000
715.206,1.0000,1.0000
715.371,1.0000,1.0000
715.536,1.0000,1.0000
715.701,1.0000,1.0000
715.865,1.0000,1.0000
716.030,1.0000,1.0000
716.195,1.0000,1.0000
716.360,1.0000,1.0000
716.525,1.0000,1.0000
716.690,1.0000,1.0000
716.855,1.8096,0.7419
717.020,1.0000,1.0000
717.185,1.0000,1.0000
717.350,1.0000,1.0000
717.516,1.0000,1.0000
717.681,1.0000,1.0000
717.846,1.0016,0.7304
718.011,1.0686,0.7395
718.177,1.3300,0.7329
718.342,1.0000,1.0000
718.508,1.0000,1.0000
718.673,1.0000,1.0000
718.839,1.0000,1.0000
719.004,1.3809,0.7832
719.170,1.6764,0.7874
719.335,1.0000,1.0000
719.501,1.0000,1.0000
719.667,1.1349,0.7245
719.832,1.0000,1.0000
719.998,1.0000,1.0000
720.164,1.0000,1.0000
720.330,1.1377,0.7515
720.496,0.8477,0.7431
720.661,1.0000,1.0000
720.827,1.3998,0.7069
720.993,1.0000,1.0000
721.160,1.0000,1.0000
721.326,0.8996,0.7000
721.492,1.4899,0.7037
721.658,1.0000,1.0000
721.824,1.0000,1.0000
721.990,1.0000,1.0000
722.157,1.0000,1.0000
722.323,1.0000,1.0000
722.489,1.0000,1.0000
722.656,1.0486,0.7231
722.822,1.0000,1.0000
722.988,1.0000,1.0000
723.155,0.8911,0.7237
723.321,1.0000,1.0000
723.488,1.0000,1.0000
723.655,1.0000,1.0000
723.821,1.0000,1.0000
723.988,1.0000,1.0000
724.155,1.0000,1.0000
724.321,1.0000,1.0000
724.488,1.0000,1.0000
724.655,1.0000,1.0000
724.822,1.0000,1.0000
724.989,1.0000,1.0000
725.156,0.7863,0.6897
725.323,1.0000,1.0000
725.490,1.0000,1.0000
725.657,1.0000,1.0000
725.824,1.0000,1.0000
725.991,1.0000,1.0000
726.158,1.0000,1.0000
726.326,1.0000,1.0000
726.493,1.0000,1.0000
726.660,1.0000,1.0000
726.827,1.4574,0.6287
726.995,1.0000,1.0000
727.162,1.0000,1.0000
727.330,1.0000,1.0000
727.497,0.7968,0.6380
727.665,1.0000,1.0000
727.832,1.0000,1.0000
728.000,1.0000,1.0000
728.168,1.0000,1.0000
728.335,1.0000,1.0000
728.503,0.8400,0.6560
728.671,1.2115,0.7052
728.839,1.0000,1.0000
729.006,1.0000,1.0000
729.174,1.0000,1.0000
729.342,1.0000,1.0000
729.510,1.0000,1.0000
729.678,1.0000,1.0000
729.846,1.0000,1.0000
730.014,1.0000,1.0000
730.182,1.0000,1.0000
730.350,1.0000,1.0000
730.519,1.0000,1.0000
730.687,1.0000,1.0000
730.855,1.0000,1.0000
731.023,1.0000,1.0000
731.192,1.0000,1.0000
731.360,1.0000,1.0000
731.529,1.0000,1.0000
731.697,0.7279,0.6070
731.866,1.0000,1.0000
732.034,1.0000,1.0000
732.203,0.6597,0.6410
732.371,1.0000,1.0000
732.540,1.0000,1.0000
732.709,0.8597,0.6229
732.877,1.4553,0.6476
733.046,1.0000,1.0000
733.215,0.6944,0.5871
733.384,0.5817,0.5861
733.553,1.0000,1.0000
733.722,1.0000,1.0000
733.891,1.0000,1.0000
734.060,0.6725,0.5996
734.229,1.0000,1.0000
734.398,1.0000,1.0000
734.567,1.0000,1.0000
734.736,1.0000,1.0000
734.905,1.0000,1.0000
735.074,0.7745,0.6147
735.244,1.0000,1.0000
735.413,1.0000,1.0000
735.582,1.0000,1.0000
735.752,0.6468,0.6014
735.921,1.0000,1.0000
736.091,1.0000,1.0000
736.260,1.0000,1.0000
736.430,1.0000,1.0000
736.599,1.0000,1.0000
736.769,1.0000,1.0000
736.939,1.0000,1.0000
737.108,1.0000,1.0000
737.278,0.8252,0.5937
737.448,1.0000,1.0000
737.618,1.0000,1.0000
737.788,0.6206,0.5828
737.958,0.7955,0.5737
738.127,1.1949,0.5755
738.297,1.0000,1.0000
738.467,1.0000,1.0000
738.638,0.8691,0.6403
738.808,1.0000,1.0000
738.978,0.6785,0.5884
739.148,0.8302,0.5788
739.318,1.0000,1.0000
739.488,1.0000,1.0000
739.659,1.0000,1.0000
739.829,1.0000,1.0000
739.999,1.0000,1.0000
740.170,1.0000,1.0000
740.340,0.8831,0.6164
740.511,1.0000,1.0000
740.681,1.0000,1.0000
740.852,1.0000,1.0000
741.022,1.1266,0.6144
741.193,0.9181,0.6427
741.364,1.0000,1.0000
741.534,1.0000,1.0000
741.705,1.0000,1.0000
741.876,1.0000,1.0000
742.047,1.0000,1.0000
742.218,1.0000,1.0000
742.389,0.6298,0.6064
742.560,0.7128,0.5686
742.731,1.0000,1.0000
742.902,1.0000,1.0000
743.073,1.0000,1.0000
743.244,1.0000,1.0000
743.415,1.0000,1.0000
743.586,1.4033,0.5902
743.757,1.0000,1.0000
743.929,1.1397,0.9168
744.100,1.6022,0.5872
744.271,1.0000,1.0000
744.443,0.8970,0.5759
744.614,1.0000,1.0000
744.786,1.0000,1.0000
744.957,1.0000,1.0000
745.129,1.7000,0.7730
745.300,0.6395,0.5034
745.472,0.6160,0.5702
745.644,1.5535,0.8032
745.815,1.0000,1.0000
745.987,1.0000,1.0000
746.159,0.8854,0.7428
746.331,1.0000,1.0000
746.503,1.0000,1.0000
746.674,1.0000,1.0000
746.846,0.7137,0.5719
747.018,1.4418,0.7426
747.190,1.3618,0.7467
747.362,1.0000,1.0000
747.535,1.0000,1.0000
747.707,1.0000,1.0000
747.879,1.0000,1.0000
748.051,1.0000,1.0000
748.224,1.0000,1.0000
748.396,1.4642,0.9403
748.568,1.5621,0.6912
748.740,1.0613,0.9194
748.913,1.0000,1.0000
749.085,1.0000,1.0000
749.258,1.0000,1.0000
749.430,1.0220,0.6658
749.603,1.3109,0.6814
749.776,1.7498,0.5050
749.948,1.8014,0.5357
750.121,1.0763,0.9199
750.294,0.7194,0.6730
750.466,0.7626,0.6744
750.639,0.9235,0.6753
750.812,1.0000,1.0000
750.985,0.6682,0.5589
751.158,0.7618,0.4762
751.331,1.0000,1.0000
751.504,1.2457,0.9206
751.677,1.5147,0.6563
751.850,0.7445,0.5465
752.023,0.8385,0.5842
752.197,1.1163,0.6185
752.370,1.1988,0.9316
752.543,0.5849,0.4712
752.716,1.6253,0.7162
752.890,1.0000,1.0000
753.063,1.0000,1.0000
753.237,0.6611,0.6208
753.410,1.2091,0.6245
753.583,0.7713,0.6197
753.757,1.2168,0.9317
753.931,1.0000,1.0000
754.104,0.7880,0.5774
754.278,0.7144,0.5735
754.452,1.0000,1.0000
754.625,1.0000,1.0000
754.799,1.0000,1.0000
754.973,0.9645,0.6084
755.147,0.7790,0.6600
755.321,0.8052,0.6618
755.495,1.0000,1.0000
755.669,1.1781,0.9409
755.843,0.6994,0.4302
756.017,0.8823,0.5905
756.191,1.0000,1.0000
756.365,1.2185,0.5417
756.539,1.2373,0.9308
756.713,0.5711,0.5547
756.887,1.0518,0.5290
757.062,1.1456,0.4327
757.236,0.4823,0.5093
757.411,0.9865,0.6009
757.585,0.6712,0.6117
757.759,0.9259,0.5686
757.934,0.9437,0.5392
758.108,0.9564,0.5260
758.283,1.7793,0.5860
758.458,0.7931,0.6069
758.632,0.5593,0.4893
758.807,1.0000,1.0000
758.982,0.7187,0.5527
759.156,0.8908,0.5958
759.331,0.9114,0.5135
759.506,1.5929,0.5331
759.681,1.0000,1.0000
759.856,1.2003,0.5291
760.031,1.0000,1.0000
760.206,1.0000,1.0000
760.381,1.4905,0.9038
760.556,1.3224,0.6857
760.731,0.5377,0.4457
760.907,1.0000,1.0000
761.082,1.0478,0.4456
761.257,0.7661,0.6777
761.432,0.7738,0.6635
761.608,0.6966,0.6241
761.783,1.1073,0.6217
761.959,0.5854,0.4216
762.134,0.6203,0.5133
762.309,1.1048,0.6297
762.485,1.0000,1.0000
762.661,0.9673,0.4696
762.836,0.9239,0.4324
763.012,1.3710,0.4461
763.188,0.9399,0.6509
763.363,0.8308,0.6424
763.539,0.9774,0.4424
763.715,0.5266,0.5253
763.891,0.7824,0.6105
764.067,0.9783,0.6041
764.243,1.0000,1.0000
764.419,1.0000,1.0000
764.595,1.1875,0.6141
764.771,1.0000,1.0000
764.947,1.0899,0.8909
765.123,0.6202,0.4139
765.299,1.4216,0.5623
765.476,0.4861,0.5038
765.652,0.7390,0.4031
765.828,1.0000,1.0000
766.005,1.0000,1.0000
766.181,1.6004,0.5572
766.357,1.0000,1.0000
766.534,1.0000,1.0000
766.710,0.7115,0.6149
766.887,1.0000,1.0000
767.064,1.0000,1.0000
767.240,1.1995,0.8963
767.417,1.3645,0.5775
767.594,0.5880,0.5011
767.770,0.6978,0.5355
767.947,1.0000,1.0000
768.124,1.0000,1.0000
768.301,1.0000,1.0000
768.478,1.0408,0.8874
768.655,0.6041,0.5517
768.832,1.0812,0.5399
769.009,0.8846,0.4007
769.186,1.0000,1.0000
769.363,1.0000,1.0000
769.540,1.0195,0.8859
769.717,1.0323,0.5001
769.895,0.9837,0.4121
770.072,0.7437,0.4124
770.249,1.1733,0.5154
770.427,0.5487,0.5084
770.604,0.7151,0.5024
770.782,1.0000,1.0000
770.959,1.7102,0.5575
771.137,0.5592,0.5117
771.314,1.1607,0.4723
771.492,1.3094,0.5358
771.669,0.9260,0.4617
771.847,0.7748,0.4312
772.025,0.4111,0.4356
772.203,0.7542,0.3780
772.381,0.8815,0.5248
772.558,1.0000,1.0000
772.736,0.9889,0.3353
772.914,1.0151,0.3943
773.092,1.0000,1.0000
773.270,1.0000,1.0000
773.448,0.7877,0.3881
773.627,0.9389,0.3159
773.805,1.1337,0.3645
773.983,0.6496,0.4472
774.161,1.0000,1.0000
774.339,0.7457,0.3792
774.518,0.5421,0.4389
774.696,1.0000,1.0000
774.875,0.6615,0.5635
775.053,1.0000,1.0000
775.231,0.5730,0.4560
775.410,1.0000,1.0000
775.588,0.6827,0.5468
775.767,0.5983,0.3710
775.946,1.0000,1.0000
776.124,0.5486,0.4532
776.303,1.0647,0.3743
776.482,0.5411,0.4357
776.661,0.6172,0.4489
776.840,1.4856,0.4027
777.018,1.4508,0.5553
777.197,1.2816,0.3931
777.376,0.7240,0.3785
777.555,1.1732,0.5150
777.734,0.9718,0.5271
777.914,0.9041,0.5550
778.093,1.0554,0.3969
778.272,0.4233,0.3473
778.451,0.8195,0.4159
778.630,1.4009,0.5871
778.810,1.2523,0.4308
778.989,0.5417,0.5477
779.168,0.5391,0.5353
779.348,0.7851,0.4099
779.527,1.0703,0.3676
779.707,0.9474,0.4458
779.886,0.6714,0.3505
780.066,0.4928,0.3646
780.246,1.2597,0.3976
780.425,1.4706,0.4209
780.605,0.8478,0.3407
780.785,1.0463,0.8440
780.965,1.5708,0.4355
781.144,1.1242,0.4559
781.324,0.7621,0.3546
781.504,0.7795,0.5572
781.684,0.7654,0.3008
781.864,1.0827,0.3762
782.044,0.8607,0.5153
782.224,0.8035,0.4339
782.404,0.8879,0.3171
782.585,1.0396,0.3582
782.765,1.0306,0.5087
782.945,0.6735,0.3822
783.125,0.9333,0.3530
783.306,0.5074,0.5220
783.486,1.0000,1.0000
783.667,1.0000,1.0000
783.847,0.5045,0.3447
784.028,0.7890,0.3652
784.208,1.1276,0.3359
784.389,0.9590,0.3668
784.569,0.8386,0.4040
784.750,0.6857,0.4172
784.931,0.6619,0.3985
785.112,1.1647,0.4405
785.292,1.4806,0.3808
785.473,0.7074,0.2920
785.654,1.8645,0.8423
785.835,1.0000,1.0000
786.016,0.9027,0.3781
786.197,1.2526,0.3772
786.378,0.9725,0.3571
786.559,0.4638,0.3523
786.740,1.0000,1.0000
786.921,0.9899,0.3974
787.103,1.2110,0.6099
787.284,0.5618,0.3408
787.465,0.5541,0.4105
787.646,1.0000,1.0000
787.828,0.6001,0.3875
788.009,1.0000,1.0000
788.191,1.5994,0.5053
788.372,0.5119,0.3991
788.554,0.4339,0.2857
788.735,1.4147,0.4803
788.917,0.8041,0.4794
789.099,1.3177,0.6780
789.280,1.0000,1.0000
789.462,0.7088,0.5013
789.644,0.5966,0.3233
789.826,0.7454,0.3405
790.008,0.3666,0.3301
790.190,0.8961,0.3417
790.372,0.7023,0.3621
790.554,1.2017,0.3904
790.736,1.8867,0.5208
790.918,0.6924,0.3338
791.100,0.7431,0.4601
791.282,0.7076,0.3928
791.464,0.9859,0.4792
791.647,0.7025,0.3752
791.829,0.4916,0.3459
792.011,0.9759,0.5572
792.194,0.6469,0.3174
792.376,0.7859,0.3242
792.558,1.1175,0.8374
792.741,0.7039,0.4734
792.924,0.7193,0.2712
793.106,0.8893,0.2866
793.289,0.7405,0.2788
793.471,1.0808,0.3831
793.654,0.9072,0.5449
793.837,0.5156,0.3209
794.020,1.1800,0.5680
794.203,1.0498,0.5410
794.386,1.0000,1.0000
794.568,1.0673,0.3310
794.751,0.6963,0.3391
794.935,1.0033,0.4791
795.117,0.7127,0.3147
795.301,1.2227,0.3082
795.484,0.4892,0.3416
795.667,0.5366,0.4378
795.850,0.8622,0.4160
796.034,0.6005,0.3707
796.217,0.9416,0.3364
796.400,0.6101,0.2590
796.584,0.5418,0.3658
796.767,0.6801,0.3021
796.951,0.4902,0.3379
797.134,0.9783,0.4486
797.318,0.7518,0.2555
797.501,0.9361,0.3007
797.685,1.0539,0.4351
797.869,1.3269,0.4250
798.052,0.9155,0.4811
798.236,1.0000,1.0000
798.420,0.5184,0.3264
798.604,0.8273,0.5119
798.788,0.7745,0.2889
798.972,1.0521,0.3374
799.156,1.0000,1.0000
799.340,1.0091,0.4482
799.524,0.9264,0.2374
799.708,1.5706,0.5938
799.892,0.8935,0.3174
800.076,0.9943,0.2940
800.260,1.0279,0.3034
800.445,0.7483,0.3028
800.629,1.1963,0.5038
800.813,0.4366,0.2849
800.998,0.9319,0.4787
801.182,0.7130,0.5014
801.367,1.0201,0.5241
801.551,0.8000,0.2740
801.736,0.9597,0.4072
801.921,0.7308,0.3352
802.105,0.7583,0.2710
802.290,0.6678,0.2668
802.475,0.5998,0.4363
802.659,0.5989,0.4763
802.844,0.9933,0.7272
803.029,0.6352,0.4293
803.214,0.4748,0.2674
803.399,0.8476,0.7313
803.584,0.6878,0.3492
803.769,0.8175,0.3429
803.954,0.4206,0.3350
804.139,0.4817,0.4259
804.325,1.0000,1.0000
804.510,0.6862,0.4444
804.695,0.5491,0.2596
804.880,0.6012,0.3006
805.066,0.6271,0.2953
805.251,1.0215,0.3483
805.437,0.8200,0.2686
805.622,1.1168,0.2570
805.807,0.8759,0.4152
805.993,0.9616,0.6251
806.179,0.8934,0.4220
806.364,1.3005,0.4154
806.550,1.6562,0.7740
806.736,0.6006,0.4473
806.922,0.5387,0.2936
807.107,0.6147,0.2809
807.293,1.2544,0.8049
807.479,0.5164,0.2572
807.665,0.5702,0.2487
807.851,0.7903,0.3001
808.037,0.6980,0.3145
808.223,1.2382,0.4122
808.409,0.9628,0.2421
808.596,0.4009,0.3002
808.782,0.2325,0.2957
808.968,0.6176,0.4574
809.154,0.7067,0.4456
809.341,0.6412,0.2816
809.527,0.7666,0.4605
809.713,0.3685,0.2392
809.900,0.7627,0.2911
810.086,0.6606,0.2952
810.273,0.5921,0.4768
810.460,0.4991,0.2819
810.646,0.8418,0.2821
810.833,0.7306,0.2493
811.020,0.8946,0.3216
811.206,0.6183,0.3561
811.393,0.5684,0.2757
811.580,0.7543,0.3698
811.767,0.6078,0.2558
811.954,0.8909,0.2826
812.141,0.7182,0.2704
812.328,1.0114,0.3258
812.515,0.9417,0.4188
812.702,0.6145,0.2570
812.889,1.1373,0.3047
813.076,0.7039,0.2391
813.264,0.9603,0.3175
813.451,1.6087,0.4030
813.638,1.2953,0.5336
813.826,0.4091,0.2143
814.013,0.9615,0.3834
814.201,0.9798,0.2765
814.388,0.7991,0.3039
814.576,1.0635,0.3203
814.763,0.8982,0.3020
814.951,0.6777,0.2415
815.138,1.0448,0.3006
815.326,0.7241,0.2748
815.514,1.2236,0.4621
815.702,0.5349,0.4579
815.889,0.5457,0.3719
816.077,0.7761,0.2253
816.265,0.4376,0.2309
816.453,0.7980,0.2789
816.641,1.0055,0.4948
816.829,0.6437,0.3000
817.018,0.8377,0.2542
817.206,1.1600,0.3302
817.394,0.7487,0.2475
817.582,0.5112,0.2004
817.770,0.5199,0.2023
817.959,0.5242,0.2524
818.147,0.7889,0.2918
818.335,0.6491,0.3200
818.524,0.7067,0.2252
818.712,0.4721,0.2418
818.901,0.5867,0.3557
819.089,0.7503,0.2935
819.278,1.0941,0.8191
819.467,0.6791,0.2500
819.655,1.0255,0.2586
819.844,0.5908,0.2133
820.033,0.6112,0.2623
820.222,0.8025,0.2323
820.411,0.8349,0.2340
820.600,1.2732,0.3818
820.789,0.6028,0.1925
820.978,0.5952,0.1907
821.167,1.0673,0.2574
821.356,0.4839,0.2760
821.545,0.5928,0.2494
821.734,1.2749,0.2724
821.923,0.4101,0.2420
822.113,0.9789,0.1999
822.302,1.1737,0.3625
822.491,0.7881,0.2968
822.681,1.0453,0.3406
822.870,0.7309,0.2029
823.060,1.1021,0.2937
823.249,0.3334,0.2364
823.439,0.5225,0.2319
823.628,0.8189,0.2190
823.818,0.7004,0.2138
824.008,1.4319,0.4011
824.198,0.9111,0.3711
824.387,1.0116,0.3142
824.577,0.5397,0.2306
824.767,0.6304,0.1915
824.957,0.5414,0.2140
825.147,0.5611,0.2240
825.337,0.5412,0.2112
825.527,0.8620,0.2443
825.717,0.4506,0.2034
825.907,0.5527,0.1900
826.098,0.4118,0.2094
826.288,0.6360,0.2534
826.478,0.9753,0.2358
826.668,0.9975,0.2378
826.859,0.5154,0.2046
827.049,0.7270,0.2684
827.240,0.6657,0.1903
827.430,0.6461,0.1930
827.621,0.4257,0.1939
827.811,1.1201,0.2810
828.002,0.5425,0.2334
828.193,0.4219,0.1910
828.383,1.0432,0.2512
828.574,0.6964,0.1893
828.765,0.6596,0.2846
828.956,1.1380,0.6896
829.147,1.0690,0.3558
829.338,0.8963,0.3003
829.529,0.8639,0.2801
829.720,0.8856,0.2033
829.911,0.7923,0.1768
830.102,0.7497,0.2885
830.293,0.8946,0.2305
830.484,0.9871,0.1922
830.675,0.8176,0.2192
830.867,0.4067,0.2178
831.058,0.3075,0.2278
831.249,0.5284,0.2033
831.441,0.8947,0.2839
831.632,0.8499,0.2760
831.824,0.7852,0.1994
832.015,0.7975,0.1923
832.207,0.5287,0.1965
832.399,1.3321,0.2081
832.590,0.9121,0.1954
832.782,0.8860,0.2545
832.974,0.4823,0.1973
833.166,0.6070,0.2129
833.358,0.6528,0.1948
833.549,0.6470,0.1816
833.741,0.9830,0.2212
833.933,1.3869,0.3398
834.125,1.1538,0.4048
834.317,0.5614,0.2133
834.510,0.7351,0.2352
834.702,0.4615,0.2729
834.894,1.0688,0.2825
835.086,0.8548,0.1703
835.279,1.0968,0.2722
835.471,0.8422,0.2325
835.663,0.5659,0.1623
835.856,1.1763,0.1837
836.048,0.8984,0.2599
836.241,0.7076,0.2122
836.433,0.6419,0.1678
836.626,0.8481,0.2283
836.819,0.9932,0.2470
837.011,0.8183,0.2202
837.204,0.6774,0.2479
837.397,1.0626,0.3171
837.590,0.8555,0.2338
837.783,0.7075,0.2277
837.976,0.4507,0.1833
838.169,1.0245,0.2409
838.361,0.8540,0.2454
838.555,0.7909,0.2211
838.748,0.8529,0.2099
838.941,1.1716,0.2770
839.134,0.5391,0.1758
839.327,1.1312,0.2559
839.521,0.6771,0.1991
839.714,0.6581,0.1975
839.907,0.7695,0.2005
840.101,0.7741,0.1839
840.294,1.4291,0.3935
840.488,0.6234,0.2004
840.681,0.7507,0.1753
840.875,1.0000,1.0000
841.068,0.4139,0.2319
841.262,1.0051,0.1917
841.456,0.5127,0.1705
841.650,0.6809,0.1980
841.843,0.9731,0.2588
842.037,0.6235,0.2178
842.231,1.0732,0.2372
842.425,0.5158,0.1556
842.619,0.7131,0.1957
842.813,0.6436,0.1603
843.007,0.8111,0.1931
843.201,0.6697,0.2548
843.396,0.7319,0.2396
843.590,0.8271,0.2466
843.784,1.1296,0.2407
843.978,0.8527,0.2034
844.173,0.9216,0.2375
844.367,0.6648,0.1587
844.562,0.8966,0.2423
844.756,0.4786,0.1842
844.951,0.4684,0.2209
845.145,0.4912,0.1718
845.340,0.8196,0.2707
845.534,0.9315,0.2744
845.729,0.4714,0.2177
845.924,0.5462,0.2234
846.119,0.8013,0.2238
846.314,0.4050,0.1718
846.509,0.5003,0.2034
846.703,0.4262,0.1824
846.898,0.6130,0.1668
847.093,0.3952,0.1680
847.289,0.5811,0.1903
847.484,0.5352,0.1763
847.679,0.6053,0.1807
847.874,0.8637,0.2604
848.069,0.7946,0.2491
848.265,0.4395,0.2173
848.460,0.5408,0.2059
848.655,0.7126,0.1742
848.851,0.7476,0.1807
849.046,0.5743,0.2235
849.242,0.8576,0.3458
849.437,0.7942,0.3008
849.633,0.4015,0.1743
849.829,0.5554,0.1626
850.024,0.8183,0.2049
850.220,0.8669,0.2968
850.416,0.8100,0.1957
850.612,0.5240,0.1777
850.808,0.4606,0.1590
851.003,1.0506,0.1781
851.199,0.6666,0.1693
851.396,0.7261,0.2807
851.591,0.3946,0.1621
851.788,0.5919,0.1832
851.984,0.9320,0.2844
852.180,0.5460,0.2744
852.376,0.3143,0.2063
852.573,0.6801,0.1679
852.769,0.7344,0.1825
852.965,0.9333,0.2017
853.162,0.7229,0.2019
853.358,0.6342,0.2252
853.555,0.6231,0.1904
853.751,0.8612,0.2086
853.948,0.6398,0.1631
854.144,0.7666,0.1524
854.341,0.7492,0.1787
854.538,0.9680,0.2728
854.735,0.6731,0.2046
854.932,0.6806,0.1548
855.128,0.4882,0.1633
855.325,0.7282,0.1818
855.522,0.8260,0.1796
855.719,0.9015,0.1670
855.916,0.8411,0.1603
856.113,0.8836,0.1918
856.311,0.7014,0.1583
856.508,0.5219,0.1525
856.705,0.5447,0.2875
856.902,0.8415,0.2107
857.100,0.7919,0.2001
857.297,0.9329,0.2099
857.494,0.5355,0.1906
857.692,0.6580,0.2004
857.889,0.5554,0.2005
858.087,1.0357,0.2086
858.285,0.9671,0.2010
858.482,0.5708,0.1489
858.680,0.5437,0.1615
858.878,0.6073,0.1637
859.076,0.8877,0.1584
859.273,0.7478,0.1708
859.471,0.6454,0.1599
859.669,0.8387,0.3867
859.867,0.5070,0.1819
860.065,0.6397,0.1375
860.263,0.5799,0.1379
860.461,0.6049,0.1327
860.659,0.5247,0.1285
860.858,0.5493,0.1563
861.056,0.5246,0.1244
861.254,0.5800,0.1190
861.452,0.3676,0.1221
861.651,0.6232,0.1491
861.849,0.5787,0.1199
862.048,0.6470,0.1195
862.246,0.5051,0.1493
862.445,0.4958,0.1326
862.643,0.3913,0.1137
862.842,0.4881,0.1442
863.041,0.6346,0.2727
863.240,0.5281,0.2130
863.438,0.7572,0.2170
863.637,0.6559,0.1422
863.836,0.4749,0.1476
864.035,0.8605,0.1622
864.234,1.0196,0.1726
864.433,0.5801,0.1477
864.632,0.4735,0.1220
864.831,0.5429,0.2051
865.030,0.7843,0.2417
865.229,0.7970,0.1372
865.429,0.7007,0.1728
865.628,0.4740,0.1382
865.827,0.3593,0.1180
866.027,0.4878,0.1298
866.226,0.3357,0.1307
866.426,0.5214,0.1381
866.625,0.3051,0.1416
866.825,0.8379,0.1667
867.024,0.5211,0.1036
867.224,0.8053,0.1365
867.424,0.5330,0.1182
867.624,0.5617,0.1287
867.823,0.4543,0.1409
868.023,0.6565,0.2058
868.223,0.4399,0.1560
868.423,0.3405,0.1067
868.623,0.3739,0.1503
868.823,0.5212,0.1057
869.023,0.3347,0.1049
869.223,0.5018,0.1686
869.423,0.4175,0.1322
869.624,0.3824,0.1053
869.824,0.4147,0.1228
870.024,0.6334,0.1082
870.224,0.5500,0.1472
870.425,0.8064,0.1810
870.625,0.6154,0.1343
870.826,1.1653,0.2092
871.026,0.7641,0.1923
871.227,0.4846,0.1288
871.428,0.3698,0.1176
871.628,0.3551,0.1587
871.829,0.5886,0.2697
872.030,0.7001,0.1783
872.231,0.4657,0.1511
872.431,0.5385,0.1476
872.632,1.0315,0.2086
872.833,0.5686,0.1470
873.034,0.6140,0.1520
873.235,0.4071,0.1116
873.437,0.5309,0.1063
873.638,1.1410,0.2998
873.839,0.2819,0.1257
874.040,0.6557,0.1197
874.241,0.5636,0.1150
874.443,0.9087,0.2014
874.644,0.6187,0.2100
874.845,0.7033,0.1844
875.047,0.4259,0.0966
875.248,0.3416,0.1002
875.450,0.5042,0.1110
875.652,0.5599,0.1019
875.853,0.9892,0.2537
876.055,0.5221,0.1031
876.257,0.5791,0.1045
876.458,0.4051,0.1055
876.660,0.4982,0.1107
876.862,0.5574,0.1206
877.064,0.4548,0.1165
877.266,0.5120,0.1075
877.468,0.5771,0.1033
877.670,0.3924,0.1177
877.872,0.8958,0.1799
878.074,0.4361,0.1111
878.277,0.6352,0.1228
878.479,0.6112,0.1183
878.681,0.6810,0.1466
878.883,0.5493,0.1303
879.086,0.5495,0.1149
879.288,0.7298,0.1292
879.491,0.7898,0.1111
879.693,0.5362,0.1124
879.896,0.6517,0.1305
880.099,0.7997,0.1177
880.301,0.8897,0.1090
880.504,0.7743,0.1269
880.707,0.8510,0.1131
880.910,0.6412,0.1222
881.112,0.5630,0.1007
881.315,0.5036,0.0995
881.518,0.4777,0.1070
881.721,0.7964,0.1219
881.924,0.8571,0.1121
882.127,0.6590,0.1036
882.331,0.7077,0.1251
882.534,0.8758,0.1317
882.737,0.9916,0.1314
882.940,0.7973,0.1465
883.144,0.5793,0.1096
883.347,0.4452,0.1020
883.550,0.4489,0.0949
883.754,0.6265,0.1161
883.957,0.5366,0.1081
884.161,0.6768,0.1036
884.365,0.8098,0.1168
884.568,1.0065,0.1067
884.772,1.1385,0.1428
884.976,0.9120,0.1310
885.180,0.5882,0.1045
885.383,0.5902,0.1090
885.587,0.6505,0.0952
885.791,0.4922,0.0969
885.995,0.4940,0.1014
886.199,0.3599,0.1089
886.403,0.8507,0.2001
886.607,0.4987,0.0966
886.812,0.7693,0.1107
887.016,0.5794,0.1024
887.220,0.7520,0.1047
887.424,0.7108,0.0940
887.629,0.5760,0.0918
887.833,0.5864,0.0942
888.038,0.5802,0.0926
888.242,0.4414,0.1036
888.447,0.5462,0.1123
888.651,0.7488,0.1049
888.856,1.0717,0.1176
889.060,0.8089,0.0978
889.265,0.7750,0.0976
889.470,0.8284,0.0996
889.675,0.7405,0.1060
889.880,0.8939,0.1101
890.085,1.0549,0.1031
890.290,0.7256,0.0984
890.495,0.4858,0.0987
890.700,0.5371,0.1009
890.905,0.4628,0.1028
891.110,0.3560,0.0924
891.315,0.6806,0.0899
891.521,1.2284,0.1188
891.726,0.9063,0.0981
891.931,0.9626,0.0983
892.137,0.7628,0.0971
892.342,0.8648,0.0960
892.548,0.8493,0.0950
892.753,0.8223,0.1090
892.959,0.6731,0.1088
893.164,0.6240,0.1028
893.370,1.1708,0.1021
893.576,1.1572,0.1076
893.781,0.7982,0.1018
893.987,0.8962,0.0941
894.193,0.9229,0.0941
894.399,0.8918,0.0857
894.605,0.9201,0.0922
894.811,0.8305,0.0960
895.017,0.7693,0.1022
895.223,0.7564,0.0926
895.429,1.1206,0.1075
895.635,0.8723,0.0986
895.842,0.7350,0.0971
896.048,0.5845,0.1030
896.255,0.4549,0.0921
896.461,0.6031,0.0990
896.667,0.5770,0.1091
896.874,0.5739,0.1041
897.080,0.4838,0.0919
897.287,0.2163,0.1085
897.494,1.2292,0.2811
897.700,0.4334,0.0984
897.907,0.9742,0.1265
898.114,0.7835,0.0900
898.321,0.9550,0.1101
898.527,1.0889,0.1245
898.734,0.7665,0.0991
898.941,0.9021,0.1020
899.148,0.7042,0.0939
899.355,0.6071,0.0951
899.562,0.6871,0.0905
899.770,0.7133,0.0953
899.977,0.7860,0.0911
900.184,0.8152,0.1008
900.391,1.0246,0.1227
900.599,1.0945,0.1046
900.806,0.8704,0.0871
901.014,0.8860,0.0991
901.221,0.8805,0.1044
901.429,0.7100,0.0927
901.636,0.7215,0.0881
901.844,0.5893,0.0833
902.052,0.6962,0.0831
902.259,0.7503,0.0896
902.467,0.7952,0.0902
902.675,0.7687,0.1085
902.883,0.6210,0.1056
903.091,1.0356,0.0889
903.299,0.9578,0.0962
903.507,0.9975,0.1079
903.715,0.8627,0.0984
903.923,0.6781,0.0890
904.131,0.7145,0.0885
904.339,0.9247,0.0910
904.547,1.0006,0.0881
904.756,0.8630,0.0847
904.964,0.9364,0.0896
905.172,1.1650,0.0991
905.381,0.7729,0.0856
905.589,0.6314,0.0881
905.798,0.4591,0.0808
906.006,0.5828,0.0794
906.215,0.6804,0.0853
906.424,0.7366,0.0911
906.633,0.7631,0.0854
906.841,0.6139,0.0899
907.050,0.4389,0.0821
907.259,0.5163,0.0902
907.468,0.7435,0.0909
907.677,1.1155,0.0935
907.886,1.2019,0.0873
908.095,1.0358,0.0874
908.304,0.8030,0.0805
908.513,0.5752,0.0796
908.723,0.5000,0.0851
908.932,0.9589,0.1651
909.141,0.5072,0.0842
909.351,0.6093,0.0817
909.560,1.0256,0.0870
909.769,1.0987,0.0921
909.979,1.3368,0.0995
910.188,1.2837,0.0876
910.398,1.0350,0.0963
910.608,0.9933,0.0954
910.817,1.2811,0.1042
911.027,1.2101,0.1029
911.237,0.8323,0.0855
911.447,0.9870,0.0953
911.657,0.9833,0.0941
911.867,0.8331,0.0959
912.077,1.0729,0.0941
912.287,1.1553,0.0879
912.497,1.4864,0.0988
912.707,1.3410,0.0998
912.917,1.1493,0.0999
913.127,1.1181,0.0904
913.338,1.0353,0.0936
913.548,1.0858,0.1007
913.758,0.9139,0.0884
913.969,0.8336,0.0839
914.179,0.6644,0.0848
914.390,0.7515,0.0843
914.600,0.8040,0.0802
914.811,1.0889,0.0857
915.022,1.2112,0.0838
915.232,1.0790,0.0819
915.443,1.0754,0.0838
915.654,1.2074,0.0903
915.865,0.9362,0.0925
916.076,0.7654,0.0848
916.287,1.0107,0.0867
916.498,0.9320,0.0904
916.709,0.8689,0.0869
916.920,0.7674,0.0871
917.131,0.9481,0.0990
917.342,0.9619,0.0893
917.553,1.2895,0.0939
917.765,1.2350,0.0907
917.976,1.0966,0.0911
918.187,1.0087,0.0945
918.399,0.7495,0.0865
918.610,0.3894,0.0785
918.822,0.4325,0.0873
919.033,0.6676,0.0957
919.245,0.6089,0.1037
919.457,0.4438,0.0795
919.669,0.5481,0.1204
919.880,0.7773,0.1126
920.092,0.8773,0.1055
920.304,0.8720,0.1156
920.516,0.5286,0.1168
920.728,0.5609,0.1067
920.940,0.4474,0.0744
921.152,0.4201,0.0751
921.364,0.3623,0.0785
921.576,0.7803,0.1150
921.789,0.5218,0.0817
922.001,0.5166,0.0812
922.213,0.6046,0.0831
922.426,0.6287,0.0806
922.638,0.7748,0.0804
922.850,0.9315,0.0813
923.063,1.1426,0.0833
923.276,1.1755,0.0879
923.488,0.8134,0.0810
923.701,0.5417,0.0756
923.914,0.4626,0.0770
924.126,0.6283,0.0768
924.339,0.8823,0.0823
924.552,1.2829,0.0866
924.765,1.0099,0.0805
924.978,0.7613,0.0761
925.191,0.6891,0.0787
925.404,0.6889,0.0740
925.617,0.5642,0.0709
925.830,0.9012,0.0742
926.043,0.9046,0.0804
926.257,1.0317,0.0833
926.470,1.1422,0.0848
926.683,1.0823,0.0785
926.897,1.1851,0.0826
927.110,1.1292,0.0835
927.324,0.9279,0.0825
927.537,0.8568,0.0773
927.751,1.0815,0.0805
927.964,0.8708,0.0727
928.178,1.0039,0.0756
928.392,1.1751,0.0774
928.606,1.2128,0.0809
928.819,1.0856,0.0800
929.033,0.8846,0.0766
929.247,0.7068,0.0762
929.461,0.7369,0.0787
929.675,0.8455,0.0771
929.889,1.0231,0.0770
930.104,0.8971,0.0774
930.318,0.7841,0.0727
930.532,0.6220,0.0720
930.746,0.8023,0.1039
930.961,0.6685,0.0934
931.175,0.5620,0.0714
931.389,0.6972,0.0766
931.604,1.0714,0.0837
931.818,1.0594,0.0769
932.033,1.5179,0.0935
932.248,1.5322,0.0854
932.462,1.2290,0.0748
932.677,1.2314,0.0794
932.892,1.6839,0.0911
933.107,1.4323,0.0797
933.322,1.4098,0.0777
933.537,1.3533,0.0788
933.752,1.3116,0.0801
933.967,1.3198,0.0805
934.182,1.2799,0.0780
934.397,1.4588,0.0823
934.612,1.2260,0.0789
934.827,0.7399,0.0702
935.042,0.5212,0.0690
935.258,0.6944,0.0738
935.473,0.8901,0.0773
935.688,0.9889,0.0759
935.904,1.3789,0.0842
936.120,1.3383,0.0812
936.335,1.2299,0.0800
936.551,1.3199,0.0815
936.766,1.1883,0.0778
936.982,1.1812,0.0817
937.198,1.3212,0.0808
937.414,1.4091,0.0802
937.630,1.3524,0.0872
937.846,1.1897,0.0860
938.061,1.1298,0.0837
938.278,1.3004,0.0981
938.494,1.1664,0.0840
938.710,1.2953,0.0820
938.926,1.3497,0.0810
939.142,1.3493,0.0842
939.358,1.3077,0.0849
939.575,1.3784,0.0835
939.791,1.3917,0.0822
940.008,1.5319,0.0830
940.224,1.4076,0.0851
940.440,1.4746,0.0869
940.657,1.4943,0.0803
940.874,1.9364,0.0913
941.090,1.4643,0.0851
941.307,1.1957,0.0740
941.524,1.1869,0.0804
941.741,1.0543,0.0829
941.958,0.9346,0.0772
942.174,1.1678,0.0773
942.391,1.3988,0.0857
942.609,1.5150,0.0834
942.826,1.5708,0.0817
943.043,1.5153,0.0834
943.260,1.4043,0.0767
943.477,1.2496,0.0775
943.694,1.1287,0.0753
943.912,1.1035,0.0729
944.129,0.8069,0.0729
944.346,0.9565,0.0750
944.564,1.1801,0.0768
944.781,1.0966,0.0759
944.999,0.8022,0.0682
945.216,0.7828,0.0678
945.434,0.9673,0.0756
945.652,1.0692,0.0725
945.870,1.0013,0.0701
946.088,0.8330,0.0723
946.305,0.5745,0.0709
946.523,0.4730,0.0728
946.741,0.6158,0.0705
946.959,0.6896,0.0674
947.177,0.7467,0.0687
947.395,0.7148,0.0680
947.614,0.6311,0.0638
947.832,0.6221,0.0669
948.050,0.9083,0.0707
948.268,1.0339,0.0677
948.487,1.1100,0.0716
948.705,1.1068,0.0717
948.924,0.7910,0.0665
949.142,0.7778,0.0687
949.361,0.8294,0.0743
949.580,0.8520,0.0718
949.798,1.0996,0.0840
950.017,0.9082,0.0714
950.236,1.0820,0.0783
950.455,1.1533,0.0729
950.673,1.3041,0.0737
950.892,1.3109,0.0763
951.111,1.1238,0.0727
951.330,0.9744,0.0724
951.549,0.9742,0.0783
951.769,0.8283,0.0694
951.988,1.0169,0.0703
952.207,1.2946,0.0743
952.426,1.3351,0.0767
952.646,1.3318,0.0727
952.865,1.3192,0.0704
953.084,1.1072,0.0689
953.304,1.0748,0.0737
953.523,1.0873,0.0699
953.743,1.2601,0.0717
953.963,1.3618,0.0784
954.182,1.2302,0.0728
954.402,1.2634,0.0725
954.622,1.2746,0.0707
954.842,1.3403,0.0714
955.062,1.4174,0.0782
955.281,1.3761,0.0729
955.501,1.4311,0.0732
955.721,1.4264,0.0818
955.942,1.3364,0.0777
956.162,0.8405,0.0712
956.382,0.6364,0.0730
956.602,0.5499,0.0703
956.822,0.7589,0.0928
957.043,0.4327,0.0635
957.263,0.5847,0.0630
957.484,0.8309,0.0675
957.704,0.8664,0.0707
957.925,0.7963,0.0682
958.145,0.9492,0.0721
958.366,1.0127,0.0686
958.587,1.2685,0.0744
958.807,1.1657,0.0727
959.028,0.9606,0.0664
959.249,0.7390,0.0697
959.470,0.7901,0.0697
959.691,1.0978,0.0753
959.912,1.0815,0.0749
960.133,1.0554,0.0773
960.354,1.0056,0.0724
960.575,1.0622,0.0666
960.796,1.2381,0.0725
961.018,1.3663,0.0751
961.239,1.4884,0.0739
961.460,1.3853,0.0760
961.682,1.3879,0.0761
961.903,1.1572,0.0732
962.125,1.3880,0.0811
962.346,1.2791,0.0772
962.568,1.3260,0.0740
962.789,1.4283,0.0801
963.011,1.3250,0.0768
963.233,1.3810,0.0779
963.455,1.2758,0.0790
963.677,1.1727,0.0711
963.899,1.3506,0.0751
964.120,1.0711,0.0692
964.343,0.7696,0.0673
964.565,0.7104,0.0648
964.787,0.8873,0.0664
965.009,0.9922,0.0665
965.231,1.1557,0.0708
965.453,1.3476,0.0746
965.676,1.4849,0.0734
965.898,1.6870,0.0744
966.121,1.3693,0.0704
966.343,1.2390,0.0694
966.566,1.1316,0.0679
966.788,1.2607,0.0690
967.011,1.5030,0.0765
967.233,1.5982,0.0815
967.456,1.3608,0.0759
967.679,1.4379,0.0794
967.902,1.4272,0.0764
968.125,1.2248,0.0731
968.348,1.2345,0.0747
968.571,1.2920,0.0724
968.794,1.5711,0.0790
969.017,1.5631,0.0798
969.240,1.2640,0.0662
969.463,1.2433,0.0687
969.686,1.1841,0.0685
969.910,1.4899,0.0753
970.133,1.1592,0.0657
970.357,1.1712,0.0662
970.580,1.0530,0.0660
970.804,0.9352,0.0669
971.027,0.9460,0.0678
971.251,1.0302,0.0650
971.474,1.0000,0.0635
971.698,1.2137,0.0664
971.922,1.3173,0.0722
972.146,1.3113,0.0692
972.370,1.3865,0.0701
972.593,1.1440,0.0641
972.817,1.0960,0.0642
973.041,1.1549,0.0638
973.265,1.2764,0.0640
973.490,1.2546,0.0653
973.714,1.0623,0.0641
973.938,0.9857,0.0643
974.162,1.1885,0.0735
974.387,1.5723,0.0747
974.611,1.3453,0.0665
974.835,1.4209,0.0670
975.060,1.5557,0.0681
975.284,1.6996,0.0713
975.509,1.5448,0.0663
975.734,1.3135,0.0636
975.958,0.9985,0.0636
976.183,1.0996,0.0619
976.408,1.3368,0.0633
976.633,1.3281,0.0652
976.858,1.2410,0.0641
977.083,1.1112,0.0637
977.308,1.1575,0.0652
977.533,1.5024,0.0721
977.758,1.6169,0.0769
977.983,1.6209,0.0781
978.208,1.4503,0.0705
978.433,1.3196,0.0680
978.659,1.4434,0.0711
978.884,1.4545,0.0706
979.110,1.1648,0.0678
979.335,0.9596,0.0608
979.561,0.9521,0.0643
979.786,0.7691,0.0636
980.012,1.0256,0.0687
980.238,0.7862,0.0600
980.463,1.0264,0.0629
980.689,1.1784,0.0635
980.915,1.0693,0.0615
981.141,0.9729,0.0600
981.367,0.7372,0.0584
981.593,0.6823,0.0626
981.819,0.8336,0.0689
982.045,0.9311,0.0720
982.271,0.9871,0.0671
982.497,1.0358,0.0653
982.724,1.0459,0.0666
982.950,1.2033,0.0649
983.176,1.5826,0.0658
983.403,1.5462,0.0651
983.629,1.6551,0.0685
983.856,1.6168,0.0684
984.082,1.6097,0.0712
984.309,1.5866,0.0667
984.535,1.7707,0.0675
984.762,1.4081,0.0640
984.989,1.3807,0.0644
985.216,1.2066,0.0607
985.443,1.0749,0.0611
985.670,0.9210,0.0668
985.896,1.0139,0.0669
986.124,1.2959,0.0639
986.351,1.6171,0.0686
986.578,1.4693,0.0665
986.805,1.2882,0.0656
987.032,1.0430,0.0623
987.260,0.7676,0.0587
987.487,0.6780,0.0579
987.714,1.0796,0.0733
987.942,0.9006,0.0594
988.169,0.7488,0.0571
988.397,1.0847,0.0622
988.624,1.2582,0.0618
988.852,1.3618,0.0615
989.080,1.5084,0.0632
989.308,1.4297,0.0640
989.535,1.6058,0.0661
989.763,1.6734,0.0670
989.991,1.5631,0.0685
990.219,1.6698,0.0675
990.447,1.4420,0.0658
990.675,1.1472,0.0580
990.903,1.1585,0.0594
991.132,1.3834,0.0610
991.360,1.6434,0.0635
991.588,1.5030,0.0619
991.817,1.3391,0.0638
992.045,1.0977,0.0598
992.273,0.8758,0.0585
992.502,0.9485,0.0604
992.730,1.1043,0.0662
992.959,1.0106,0.0612
993.188,1.1851,0.0643
993.416,1.0978,0.0645
993.645,0.9517,0.0595
993.874,1.1785,0.0596
994.103,1.2460,0.0622
994.332,1.3264,0.0634
994.561,1.3939,0.0615
994.790,1.4627,0.0637
995.019,1.4582,0.0645
995.248,1.5706,0.0637
995.477,1.5208,0.0614
995.706,1.2459,0.0597
995.936,1.1051,0.0577
996.165,1.0366,0.0576
996.394,1.0889,0.0585
996.624,1.1013,0.0608
996.854,1.1329,0.0617
997.083,1.0956,0.0617
997.313,1.2948,0.0644
997.542,1.3365,0.0627
997.772,1.1650,0.0598
998.002,1.0428,0.0583
998.232,1.1411,0.0624
998.461,0.9044,0.0561
998.691,0.8648,0.0548
998.921,0.5648,0.0517
999.151,0.6132,0.0551
999.382,0.6936,0.0519
999.612,0.6445,0.0544
999.842,0.6063,0.0579
1000.072,0.5385,0.0534
1000.302,0.8707,0.0524
1000.533,0.9730,0.0583
1000.763,0.8732,0.0572
1000.994,0.8130,0.0566
1001.224,0.7026,0.0545
1001.455,0.6998,0.0553
1001.685,0.6182,0.0553
1001.916,0.7453,0.0535
1002.147,0.6556,0.0522
1002.378,0.6449,0.0532
1002.608,0.6068,0.0520
1002.839,0.5803,0.0544
1003.070,0.5766,0.0564
1003.301,0.4999,0.0511
1003.532,1.0101,0.0714
1003.763,1.0423,0.0719
1003.994,0.9268,0.0737
1004.226,1.1558,0.0785
1004.457,1.1196,0.0799
1004.688,0.5839,0.0555
1004.920,0.5699,0.0556
1005.151,0.5840,0.0555
1005.383,0.4971,0.0548
1005.614,0.4248,0.0538
1005.846,0.5621,0.0518
1006.077,0.6215,0.0524
1006.309,0.5928,0.0493
1006.541,0.6198,0.0524
1006.773,0.7352,0.0557
1007.004,0.7316,0.0534
1007.236,0.9418,0.0645
1007.468,0.6014,0.0473
1007.700,0.7738,0.0507
1007.932,0.9542,0.0558
1008.164,0.9967,0.0565
1008.396,0.9069,0.0527
1008.629,0.8937,0.0550
1008.861,0.9320,0.0570
1009.093,0.9795,0.0540
1009.326,0.9666,0.0570
1009.558,1.0076,0.0578
1009.791,0.8312,0.0564
1010.023,0.8295,0.0566
1010.256,0.8041,0.0590
1010.488,0.5910,0.0505
1010.721,0.6708,0.0517
1010.954,0.6747,0.0516
1011.187,0.5909,0.0509
1011.419,0.7175,0.0526
1011.652,0.8946,0.0560
1011.885,1.0983,0.0555
1012.118,1.2430,0.0589
1012.351,1.0716,0.0567
1012.585,1.1600,0.0568
1012.818,0.9505,0.0580
1013.051,0.7582,0.0594
1013.284,0.8556,0.0534
1013.518,1.0622,0.0538
1013.751,1.1949,0.0572
1013.985,1.4048,0.0557
1014.218,1.1914,0.0522
1014.452,1.1705,0.0534
1014.685,0.9093,0.0489
1014.919,0.7953,0.0496
1015.153,1.1033,0.0556
1015.386,1.2534,0.0558
1015.620,1.1971,0.0564
1015.854,1.0114,0.0532
1016.088,0.9265,0.0526
1016.322,0.9811,0.0512
1016.556,1.1948,0.0531
1016.790,1.1698,0.0539
1017.024,0.8407,0.0506
1017.258,0.8462,0.0497
1017.493,0.8723,0.0497
1017.727,1.1808,0.0527
1017.961,1.3353,0.0545
1018.196,1.3900,0.0546
1018.430,1.4629,0.0537
1018.665,1.4504,0.0582
1018.899,1.3631,0.0577
1019.134,1.1519,0.0517
1019.369,1.2095,0.0544
1019.604,1.4777,0.0553
1019.838,1.5574,0.0530
1020.073,1.4945,0.0542
1020.308,1.4392,0.0543
1020.543,1.4943,0.0535
1020.778,1.4771,0.0531
1021.013,1.5685,0.0543
1021.248,1.6012,0.0539
1021.483,1.4370,0.0521
1021.719,1.3537,0.0521
1021.954,1.1758,0.0492
1022.189,0.9250,0.0492
1022.425,0.9448,0.0509
1022.660,1.1975,0.0536
1022.896,1.6267,0.0656
1023.131,1.0692,0.0525
1023.367,1.0935,0.0519
1023.602,0.9432,0.0504
1023.838,0.8685,0.0475
1024.074,1.1409,0.0507
1024.310,1.3337,0.0515
1024.546,1.6516,0.0552
1024.781,1.7695,0.0578
1025.018,2.0569,0.0608
1025.254,1.7930,0.0560
1025.490,1.8194,0.0575
1025.726,1.9704,0.0599
1025.962,2.2143,0.0628
1026.198,2.3207,0.0631
1026.435,1.8531,0.0580
1026.671,2.0777,0.0606
1026.907,2.0843,0.0602
1027.144,1.8547,0.0551
1027.380,1.6675,0.0538
1027.617,1.5108,0.0525
1027.854,1.2851,0.0497
1028.090,1.0594,0.0478
1028.327,1.1935,0.0496
1028.564,1.2718,0.0501
1028.801,1.2468,0.0471
1029.038,1.3338,0.0509
1029.275,1.3266,0.0507
1029.512,1.6196,0.0532
1029.749,1.7476,0.0539
1029.986,2.0003,0.0535
1030.223,2.2217,0.0571
1030.460,1.9413,0.0523
1030.698,2.0763,0.0543
1030.935,2.3564,0.0555
1031.172,2.2777,0.0556
1031.410,2.2685,0.0565
1031.647,2.1717,0.0538
1031.885,2.0802,0.0529
1032.123,2.3163,0.0551
1032.360,2.5632,0.0553
1032.598,2.4510,0.0519
1032.836,2.5000,0.0520
1033.074,2.4049,0.0517
1033.312,2.4067,0.0517
1033.550,2.6665,0.0533
1033.788,2.5030,0.0516
1034.026,2.6005,0.0521
1034.264,2.6930,0.0517
1034.502,2.6432,0.0508
1034.740,2.5323,0.0502
1034.978,2.3876,0.0503
1035.217,2.2848,0.0496
1035.455,2.2258,0.0495
1035.694,2.3666,0.0507
1035.932,2.2932,0.0504
1036.171,2.1830,0.0493
1036.409,2.2813,0.0499
1036.648,2.3383,0.0502
1036.887,2.2231,0.0489
1037.125,2.0067,0.0469
1037.365,1.7660,0.0449
1037.603,1.9570,0.0465
1037.842,2.1730,0.0478
1038.081,2.1865,0.0488
1038.320,2.1356,0.0495
1038.559,2.0850,0.0490
1038.799,2.0741,0.0476
1039.038,1.8818,0.0464
1039.277,1.7984,0.0461
1039.516,1.7312,0.0452
1039.756,1.7110,0.0461
1039.995,1.7369,0.0461
1040.235,1.9493,0.0461
1040.474,1.9649,0.0459
1040.714,1.7720,0.0455
1040.953,1.7780,0.0460
1041.193,1.7394,0.0469
1041.433,1.8324,0.0455
1041.673,1.8109,0.0449
1041.913,1.7615,0.0444
1042.153,1.8811,0.0466
1042.393,1.7833,0.0451
1042.633,1.8629,0.0461
1042.873,1.8503,0.0462
1043.113,1.8351,0.0459
1043.353,1.8730,0.0463
1043.593,1.8490,0.0473
1043.834,1.8186,0.0467
1044.074,1.7811,0.0460
1044.315,1.7308,0.0454
1044.555,1.6939,0.0451
1044.796,1.6176,0.0441
1045.036,1.7545,0.0440
1045.277,1.8481,0.0450
1045.517,1.7079,0.0448
1045.758,1.6270,0.0456
1045.999,1.6562,0.0440
1046.240,1.6334,0.0443
1046.481,1.6815,0.0440
1046.722,1.9004,0.0452
1046.963,1.8013,0.0453
1047.204,1.6019,0.0441
1047.445,1.4657,0.0422
1047.687,1.1988,0.0406
1047.928,1.3092,0.0415
1048.169,1.5793,0.0445
1048.410,1.6339,0.0444
1048.652,1.8213,0.0444
1048.893,1.7923,0.0452
1049.135,1.6775,0.0447
1049.376,1.6464,0.0430
1049.618,1.5810,0.0428
1049.860,1.5443,0.0431
1050.102,1.5318,0.0418
1050.343,1.5660,0.0423
1050.585,1.5680,0.0420
1050.827,1.6012,0.0424
1051.069,1.7316,0.0433
1051.311,1.6479,0.0424
1051.553,1.6015,0.0422
1051.796,1.5562,0.0428
1052.038,1.4816,0.0419
1052.280,1.4675,0.0417
1052.522,1.3695,0.0416
1052.765,1.4135,0.0408
1053.007,1.4936,0.0414
1053.250,1.5123,0.0418
1053.492,1.5644,0.0432
1053.735,1.6566,0.0429
1053.977,1.8312,0.0436
1054.220,1.8249,0.0432
1054.463,1.8472,0.0444
1054.706,1.8648,0.0455
1054.949,1.7682,0.0448
1055.192,1.7199,0.0441
1055.435,1.7038,0.0432
1055.678,1.6522,0.0442
1055.921,1.7749,0.0435
1056.164,1.6658,0.0420
1056.407,1.4993,0.0414
1056.650,1.7307,0.0435
1056.894,1.8521,0.0438
1057.137,1.7914,0.0422
1057.381,1.8236,0.0427
1057.624,1.7281,0.0431
1057.868,1.5634,0.0432
1058.111,1.6261,0.0418
1058.355,1.6656,0.0422
1058.599,1.6707,0.0425
1058.842,1.6927,0.0426
1059.086,1.7863,0.0434
1059.330,1.7749,0.0429
1059.574,1.7047,0.0409
1059.818,1.6631,0.0410
1060.062,1.6549,0.0418
1060.306,1.7135,0.0419
1060.550,1.6888,0.0415
1060.795,1.7377,0.0421
1061.039,1.6325,0.0421
1061.283,1.5279,0.0421
1061.528,1.5520,0.0413
1061.772,1.6198,0.0409
1062.017,1.6094,0.0402
1062.261,1.3822,0.0387
1062.506,1.3098,0.0384
1062.750,1.1623,0.0382
1062.995,1.2295,0.0387
1063.240,1.2670,0.0390
1063.485,1.4831,0.0409
1063.730,1.5660,0.0418
1063.975,1.5272,0.0415
1064.220,1.4789,0.0405
1064.465,1.5738,0.0422
1064.710,1.3903,0.0398
1064.955,1.3288,0.0387
1065.200,1.4656,0.0392
1065.446,1.5720,0.0404
1065.691,1.5250,0.0399
1065.936,1.5898,0.0399
1066.182,1.6933,0.0408
1066.427,1.8210,0.0411
1066.673,1.8928,0.0415
1066.919,1.7215,0.0407
1067.164,1.6981,0.0400
1067.410,1.6614,0.0406
1067.656,1.5314,0.0403
1067.902,1.3963,0.0396
1068.148,1.2608,0.0389
1068.394,1.2784,0.0382
1068.640,1.4383,0.0396
1068.886,1.6966,0.0409
1069.132,1.6850,0.0413
1069.378,1.6490,0.0406
1069.625,1.5484,0.0400
1069.871,1.6247,0.0394
1070.117,1.6188,0.0394
1070.364,1.7311,0.0395
1070.610,1.6851,0.0388
1070.857,1.5535,0.0387
1071.103,1.6058,0.0388
1071.350,1.4932,0.0392
1071.596,1.4732,0.0391
1071.843,1.5609,0.0374
1072.090,1.5554,0.0378
1072.337,1.7073,0.0395
1072.584,1.8424,0.0402
1072.831,1.7462,0.0392
1073.078,1.6032,0.0386
1073.325,1.4486,0.0373
1073.572,1.1669,0.0353
1073.820,1.1432,0.0363
1074.067,1.2941,0.0374
1074.314,1.1823,0.0362
1074.562,1.2200,0.0359
1074.809,1.3924,0.0378
1075.057,1.5552,0.0391
1075.304,1.7091,0.0394
1075.552,1.5799,0.0392
1075.800,1.5967,0.0390
1076.047,1.6299,0.0388
1076.295,1.6585,0.0394
1076.543,1.6279,0.0394
1076.791,1.4215,0.0377
1077.039,1.4494,0.0381
1077.287,1.5404,0.0379
1077.535,1.4798,0.0385
1077.783,1.3398,0.0373
1078.031,1.3508,0.0374
1078.279,1.4905,0.0379
1078.528,1.4605,0.0383
1078.776,1.2981,0.0371
1079.025,1.3850,0.0370
1079.273,1.4434,0.0378
1079.521,1.6004,0.0386
1079.770,1.6507,0.0385
1080.019,1.5252,0.0387
1080.268,1.3754,0.0391
1080.516,1.2434,0.0370
1080.765,1.4071,0.0382
1081.014,1.5191,0.0383
1081.263,1.4766,0.0379
1081.512,1.4981,0.0387
1081.761,1.3620,0.0390
1082.010,1.4084,0.0389
1082.259,1.4114,0.0381
1082.509,1.4079,0.0386
1082.758,1.2949,0.0362
1083.007,1.3059,0.0368
1083.256,1.3878,0.0371
1083.506,1.2879,0.0366
1083.756,1.0927,0.0359
1084.005,1.0770,0.0347
1084.255,1.2394,0.0360
1084.504,1.3307,0.0380
1084.754,1.3194,0.0385
1085.004,1.2369,0.0376
1085.254,1.4454,0.0393
1085.504,1.4112,0.0385
1085.754,1.4379,0.0384
1086.004,1.3209,0.0371
1086.254,1.2646,0.0385
1086.504,1.1613,0.0371
1086.754,1.0419,0.0358
1087.004,1.0337,0.0358
1087.255,1.3401,0.0390
1087.505,1.4956,0.0394
1087.756,1.3373,0.0379
1088.006,1.3892,0.0377
1088.257,1.3116,0.0368
1088.507,1.1197,0.0347
1088.758,1.0640,0.0350
1089.009,0.9552,0.0341
1089.260,0.9899,0.0344
1089.510,0.9809,0.0337
1089.761,0.9941,0.0342
1090.012,1.3028,0.0392
1090.263,0.9908,0.0351
1090.514,0.9889,0.0344
1090.765,0.8787,0.0333
1091.017,0.9312,0.0339
1091.268,1.2894,0.0397
1091.519,0.9397,0.0347
1091.771,0.9198,0.0337
1092.022,0.9392,0.0339
1092.273,1.0009,0.0339
1092.525,1.1199,0.0346
1092.776,1.1378,0.0348
1093.028,1.0634,0.0337
1093.280,0.9230,0.0335
1093.532,0.9359,0.0333
1093.783,1.1266,0.0351
1094.035,1.1962,0.0347
1094.287,1.0656,0.0333
1094.539,0.8735,0.0325
1094.791,0.8248,0.0315
1095.043,0.7723,0.0327
1095.296,0.8333,0.0331
1095.548,1.0536,0.0335
1095.800,1.2383,0.0354
1096.052,1.3505,0.0355
1096.305,1.4064,0.0359
1096.557,1.3472,0.0360
1096.810,1.2575,0.0351
1097.062,1.1982,0.0354
1097.315,1.1853,0.0363
1097.568,1.2900,0.0356
1097.820,1.2905,0.0349
1098.073,1.1605,0.0341
1098.326,1.1331,0.0338
1098.579,1.2328,0.0350
1098.832,1.2171,0.0348
1099.085,1.1665,0.0349
1099.338,1.1088,0.0340
1099.591,1.0499,0.0331
1099.845,1.1254,0.0340
1100.098,1.1914,0.0345
1100.351,1.2425,0.0340
1100.605,1.2330,0.0347
1100.858,1.3521,0.0370
1101.112,1.2782,0.0351
1101.365,1.3202,0.0357
1101.619,1.3340,0.0355
1101.872,1.3403,0.0357
1102.126,1.3744,0.0354
1102.380,1.3586,0.0349
1102.634,1.2197,0.0338
1102.888,1.1267,0.0343
1103.142,1.1908,0.0349
1103.396,1.1587,0.0340
1103.650,1.1441,0.0333
1103.904,0.9478,0.0328
1104.158,1.0229,0.0340
1104.412,1.1022,0.0340
1104.667,1.1605,0.0336
1104.921,1.0647,0.0337
1105.176,1.1484,0.0338
1105.430,1.1856,0.0342
1105.685,1.3653,0.0360
1105.939,1.4065,0.0359
1106.194,1.2362,0.0348
1106.449,1.1612,0.0346
1106.704,1.1039,0.0335
1106.958,1.0700,0.0330
1107.213,1.1122,0.0336
1107.469,1.1793,0.0340
1107.723,1.2234,0.0338
1107.978,1.2709,0.0346
1108.234,1.1835,0.0343
1108.489,1.1747,0.0330
1108.744,1.2790,0.0328
1108.999,1.3007,0.0334
1109.255,1.2537,0.0341
1109.510,1.2744,0.0338
1109.766,1.5050,0.0355
1110.021,1.5060,0.0357
1110.277,1.3736,0.0346
1110.533,1.3869,0.0353
1110.788,1.3043,0.0347
1111.044,1.2784,0.0338
1111.300,1.3415,0.0341
1111.556,1.5427,0.0359
1111.812,1.5380,0.0359
1112.068,1.4365,0.0343
1112.324,1.4769,0.0348
1112.580,1.4614,0.0347
1112.836,1.4969,0.0342
1113.093,1.4794,0.0347
1113.349,1.4636,0.0350
1113.605,1.4640,0.0346
1113.862,1.4016,0.0341
1114.118,1.4716,0.0350
1114.375,1.5607,0.0359
1114.631,1.6016,0.0355
1114.888,1.5597,0.0346
1115.145,1.5767,0.0347
1115.402,1.5671,0.0339
1115.659,1.6201,0.0347
1115.916,1.6036,0.0350
1116.172,1.4578,0.0345
1116.430,1.4492,0.0341
1116.687,1.5389,0.0348
1116.944,1.5087,0.0345
1117.201,1.4535,0.0340
1117.458,1.3905,0.0330
1117.715,1.3161,0.0325
1117.973,1.3858,0.0327
1118.230,1.3357,0.0326
1118.488,1.3052,0.0327
1118.745,1.2137,0.0329
1119.003,1.2401,0.0321
1119.261,1.3168,0.0329
1119.519,1.3485,0.0345
1119.776,1.3188,0.0333
1120.034,1.2444,0.0325
1120.292,1.2736,0.0325
1120.550,1.3243,0.0335
1120.808,1.3721,0.0341
1121.066,1.4530,0.0342
1121.325,1.2893,0.0329
1121.583,1.4257,0.0333
1121.841,1.3904,0.0330
1122.099,1.4141,0.0335
1122.358,1.4784,0.0344
1122.616,1.5373,0.0351
1122.875,1.3625,0.0345
1123.133,1.3944,0.0348
1123.392,1.2550,0.0345
1123.651,1.2521,0.0339
1123.910,1.2686,0.0334
1124.168,1.2406,0.0330
1124.427,1.1282,0.0320
1124.686,1.2776,0.0317
1124.945,1.2912,0.0319
1125.204,1.2321,0.0321
1125.463,1.1598,0.0320
1125.722,1.1630,0.0333
1125.982,1.1305,0.0317
1126.241,1.0595,0.0315
1126.500,1.1459,0.0316
1126.760,1.3545,0.0333
1127.019,1.3135,0.0322
1127.279,1.3171,0.0321
1127.538,1.2133,0.0327
1127.798,1.0971,0.0324
1128.058,1.1890,0.0323
1128.318,1.2846,0.0338
1128.577,1.2746,0.0330
1128.837,1.3345,0.0323
1129.097,1.3137,0.0323
1129.357,1.3122,0.0321
1129.617,1.4811,0.0321
1129.877,1.2952,0.0322
1130.138,1.1756,0.0320
1130.398,1.2281,0.0322
1130.658,1.1253,0.0309
1130.918,1.0979,0.0312
1131.179,1.1348,0.0320
1131.439,1.1365,0.0313
1131.700,1.2082,0.0329
1131.961,1.2607,0.0329
1132.221,1.1331,0.0307
1132.482,1.0808,0.0298
1132.743,1.0455,0.0313
1133.004,1.1617,0.0318
1133.265,1.1837,0.0318
1133.525,1.1134,0.0314
1133.787,1.0221,0.0303
1134.048,0.9271,0.0297
1134.309,0.8638,0.0303
1134.570,0.8737,0.0298
1134.831,0.8979,0.0295
1135.093,0.9423,0.0290
1135.354,1.0166,0.0300
1135.615,1.1805,0.0311
1135.877,1.2377,0.0316
1136.139,1.2782,0.0315
1136.400,1.2275,0.0312
1136.662,1.2047,0.0315
1136.924,1.2515,0.0317
1137.186,1.2912,0.0317
1137.447,1.1764,0.0314
1137.709,1.2468,0.0322
1137.971,1.2868,0.0312
1138.233,1.2852,0.0318
1138.495,1.2720,0.0326
1138.758,1.1564,0.0306
1139.020,1.1869,0.0310
1139.282,1.1434,0.0304
1139.545,1.1181,0.0306
1139.807,1.2327,0.0314
1140.069,1.3031,0.0313
1140.332,1.3127,0.0311
1140.595,1.3314,0.0313
1140.857,1.3133,0.0309
1141.120,1.2894,0.0309
1141.383,1.0966,0.0302
1141.646,1.0219,0.0300
1141.909,1.1562,0.0315
1142.171,1.2783,0.0312
1142.435,1.2299,0.0312
1142.698,1.2696,0.0325
1142.961,1.2526,0.0317
1143.224,1.2290,0.0313
1143.487,1.0998,0.0303
1143.751,1.1395,0.0304
1144.014,1.2113,0.0313
1144.277,1.1899,0.0301
1144.541,1.2361,0.0307
1144.804,1.3086,0.0321
1145.068,1.2141,0.0314
1145.332,1.2514,0.0316
1145.596,1.2633,0.0322
1145.859,1.3174,0.0327
1146.123,1.2951,0.0329
1146.387,1.1486,0.0309
1146.651,1.0711,0.0308
1146.915,1.0619,0.0308
1147.179,1.1194,0.0307
1147.443,1.2357,0.0309
1147.708,1.2662,0.0314
1147.972,1.2081,0.0312
1148.236,1.1704,0.0306
1148.501,1.3314,0.0325
1148.765,1.2590,0.0312
1149.030,1.1896,0.0301
1149.294,1.1459,0.0296
1149.559,1.0623,0.0294
1149.824,1.0455,0.0304
1150.089,1.1646,0.0309
1150.354,1.1885,0.0299
1150.618,1.0647,0.0283
1150.883,1.0724,0.0288
1151.148,0.9984,0.0289
1151.413,0.9995,0.0291
1151.679,0.9916,0.0288
1151.944,0.9858,0.0284
1152.209,0.9888,0.0293
1152.474,0.7703,0.0275
1152.740,0.7853,0.0278
1153.005,0.8672,0.0278
1153.271,1.0456,0.0285
1153.536,1.0902,0.0290
1153.802,1.1031,0.0291
1154.068,1.0851,0.0289
1154.333,0.9240,0.0280
1154.599,0.7820,0.0274
1154.865,0.6867,0.0264
1155.131,0.7547,0.0267
1155.397,1.0152,0.0288
1155.663,1.2073,0.0292
1155.929,1.1857,0.0291
1156.196,1.0692,0.0287
1156.462,0.9345,0.0284
1156.728,0.8353,0.0275
1156.995,0.9191,0.0278
1157.261,1.0709,0.0292
1157.528,1.2468,0.0299
1157.794,1.1459,0.0292
1158.061,0.9909,0.0280
1158.327,0.9595,0.0273
1158.594,1.1395,0.0293
1158.861,1.2813,0.0301
1159.128,1.2479,0.0306
1159.395,1.1435,0.0293
1159.662,1.1470,0.0289
1159.929,1.1715,0.0298
1160.196,1.2185,0.0292
1160.463,1.2905,0.0292
1160.730,1.2283,0.0287
1160.998,1.1331,0.0288
1161.265,1.2053,0.0299
1161.532,1.1696,0.0294
1161.800,1.1800,0.0295
1162.067,1.2025,0.0292
1162.335,1.1844,0.0290
1162.603,1.0252,0.0283
1162.870,1.0733,0.0292
1163.138,0.9682,0.0283
1163.406,0.8886,0.0283
1163.674,0.9666,0.0303
1163.942,0.8274,0.0267
1164.210,0.8792,0.0269
1164.478,0.9759,0.0273
1164.746,1.0158,0.0284
1165.015,1.1441,0.0290
1165.283,1.2399,0.0291
1165.551,1.1683,0.0284
1165.819,1.1383,0.0291
1166.088,1.0093,0.0276
1166.357,1.0512,0.0273
1166.625,1.1995,0.0285
1166.894,1.3208,0.0292
1167.162,1.2755,0.0289
1167.431,1.3300,0.0296
1167.700,1.2896,0.0291
1167.969,1.2451,0.0288
1168.238,1.2292,0.0287
1168.507,1.1338,0.0287
1168.776,1.1875,0.0293
1169.045,1.3155,0.0289
1169.314,1.2279,0.0286
1169.584,1.0525,0.0277
1169.853,0.8933,0.0262
1170.123,0.9041,0.0266
1170.392,1.0944,0.0282
1170.661,1.1753,0.0285
1170.931,1.1791,0.0288
1171.201,1.2111,0.0296
1171.470,1.2114,0.0292
1171.740,1.1651,0.0283
1172.010,1.2225,0.0282
1172.280,1.2239,0.0288
1172.550,1.1708,0.0280
1172.820,1.1792,0.0280
1173.090,1.0850,0.0280
1173.360,0.9719,0.0265
1173.630,1.0712,0.0279
1173.901,1.2195,0.0300
1174.171,1.2197,0.0303
1174.441,1.1309,0.0288
1174.712,1.0607,0.0278
1174.982,0.9196,0.0269
1175.253,0.8784,0.0264
1175.523,1.1319,0.0304
1175.794,0.8742,0.0263
1176.065,0.9822,0.0269
1176.336,1.0910,0.0277
1176.607,1.1822,0.0287
1176.878,1.1929,0.0279
1177.149,1.0998,0.0279
1177.420,1.0470,0.0272
1177.691,1.1165,0.0272
1177.962,1.1950,0.0274
1178.233,1.2424,0.0276
1178.505,1.2550,0.0272
1178.776,1.2254,0.0274
1179.048,1.1784,0.0271
1179.319,1.2060,0.0277
1179.591,1.3195,0.0282
1179.862,1.2825,0.0277
1180.134,1.2958,0.0282
1180.406,1.0839,0.0269
1180.678,1.1314,0.0269
1180.949,1.2457,0.0281
1181.221,1.2166,0.0276
1181.493,1.2184,0.0279
1181.766,1.3087,0.0280
1182.038,1.3621,0.0279
1182.310,1.4117,0.0284
1182.582,1.3747,0.0280
1182.854,1.3909,0.0281
1183.127,1.4425,0.0288
1183.399,1.5130,0.0289
1183.672,1.3696,0.0278
1183.944,1.2536,0.0282
1184.217,1.2351,0.0278
1184.490,1.1880,0.0270
1184.763,1.6804,0.0317
1185.036,1.2168,0.0271
1185.308,1.2553,0.0269
1185.581,1.4446,0.0287
1185.854,1.5919,0.0288
1186.127,1.5968,0.0293
1186.401,1.6287,0.0291
1186.674,1.6467,0.0287
1186.947,1.6902,0.0284
1187.220,1.6752,0.0279
1187.494,1.4260,0.0268
1187.767,1.5539,0.0270
1188.041,1.6840,0.0280
1188.314,1.6462,0.0288
1188.588,1.6418,0.0287
1188.862,1.5653,0.0280
1189.135,1.7315,0.0282
1189.409,1.7617,0.0287
1189.683,1.6530,0.0281
1189.957,1.7191,0.0282
1190.231,1.8259,0.0286
1190.505,1.9380,0.0290
1190.779,1.8272,0.0286
1191.054,1.8578,0.0284
1191.328,1.8735,0.0278
1191.602,1.7986,0.0277
1191.877,1.8654,0.0281
1192.151,1.8930,0.0286
1192.426,1.9127,0.0289
1192.700,1.8694,0.0292
1192.975,1.8484,0.0292
1193.250,1.9804,0.0300
1193.524,1.9330,0.0300
1193.799,1.8899,0.0298
1194.074,1.8942,0.0293
1194.349,1.9524,0.0292
1194.624,1.8762,0.0287
1194.899,1.8063,0.0284
1195.175,1.8180,0.0286
1195.450,1.8756,0.0288
1195.725,2.1270,0.0301
1196.000,1.9479,0.0292
1196.276,2.0373,0.0290
1196.551,2.1313,0.0273
1196.827,2.1632,0.0266
1197.102,2.1436,0.0272
1197.378,2.0957,0.0269
1197.654,2.1055,0.0276
1197.930,2.0354,0.0282
1198.206,2.0634,0.0292
1198.481,2.1409,0.0299
1198.757,2.2116,0.0289
1199.033,2.2474,0.0278
1199.310,2.3213,0.0278
1199.586,2.2577,0.0290
1199.862,2.3688,0.0293
1200.138,2.2865,0.0283
1200.415,2.2746,0.0279
1200.691,2.4781,0.0287
1200.968,2.4049,0.0286
1201.244,2.4545,0.0300
1201.521,2.5180,0.0303
1201.797,2.5701,0.0303
1202.074,2.7217,0.0306
1202.351,2.7949,0.0306
1202.628,2.6784,0.0303
1202.905,2.7457,0.0306
1203.182,2.6988,0.0303
1203.459,2.7096,0.0301
1203.736,2.7965,0.0304
1204.013,2.9074,0.0314
1204.291,2.8471,0.0303
1204.568,2.8517,0.0297
1204.845,2.9138,0.0288
1205.123,3.1686,0.0294
1205.400,3.2194,0.0297
1205.678,3.3841,0.0289
1205.956,3.3692,0.0295
1206.233,3.4602,0.0314
1206.511,3.3699,0.0326
1206.789,3.5565,0.0337
1207.067,3.4230,0.0327
1207.345,3.5725,0.0332
1207.623,3.5529,0.0319
1207.901,3.6649,0.0314
1208.179,3.7245,0.0320
1208.457,3.8807,0.0337
1208.736,3.8999,0.0342
1209.014,4.1617,0.0355
1209.292,3.9228,0.0342
1209.571,4.0347,0.0346
1209.849,4.1286,0.0349
1210.128,3.9838,0.0343
1210.407,3.9154,0.0330
1210.685,4.1573,0.0321
1210.964,4.2573,0.0315
1211.243,4.3165,0.0318
1211.522,4.4065,0.0334
1211.801,4.4805,0.0346
1212.080,4.6623,0.0355
1212.359,4.5481,0.0346
1212.638,4.4225,0.0343
1212.918,4.6588,0.0358
1213.197,4.5884,0.0351
1213.476,4.6408,0.0352
1213.756,4.5825,0.0352
1214.035,4.2987,0.0342
1214.315,4.1559,0.0335
1214.594,4.1722,0.0333
1214.874,4.3539,0.0338
1215.154,4.2615,0.0332
1215.434,4.2318,0.0326
1215.714,4.2448,0.0327
1215.994,4.1892,0.0327
1216.274,4.2587,0.0328
1216.554,4.2655,0.0328
1216.834,4.2216,0.0329
1217.114,4.0796,0.0324
1217.394,4.0729,0.0319
1217.675,4.0322,0.0319
1217.955,3.9016,0.0320
1218.236,3.8697,0.0320
1218.516,3.9657,0.0323
1218.797,3.9498,0.0322
1219.078,4.0405,0.0328
1219.358,3.8695,0.0325
1219.639,3.7430,0.0320
1219.920,3.7342,0.0318
1220.201,3.7420,0.0319
1220.482,3.7646,0.0316
1220.763,3.7204,0.0313
1221.044,3.7669,0.0317
1221.325,3.6113,0.0312
1221.607,3.6351,0.0313
1221.888,3.7155,0.0317
1222.169,3.7446,0.0314
1222.451,3.6984,0.0312
1222.732,3.6307,0.0311
1223.014,3.5832,0.0310
1223.295,3.6063,0.0312
1223.577,3.6288,0.0312
1223.859,3.6372,0.0312
1224.141,3.5885,0.0312
1224.422,3.5015,0.0305
1224.705,3.5146,0.0305
1224.987,3.4943,0.0307
1225.269,3.5038,0.0311
1225.551,3.7143,0.0325
1225.833,3.5167,0.0316
1226.115,3.5342,0.0314
1226.398,3.4515,0.0311
1226.680,3.5421,0.0314
1226.963,3.4839,0.0315
1227.245,3.5206,0.0305
1227.528,3.5950,0.0305
1227.810,3.5569,0.0310
1228.093,3.4877,0.0306
1228.376,3.5814,0.0306
1228.659,3.4580,0.0299
1228.942,3.4170,0.0299
1229.225,3.5478,0.0307
1229.508,3.5580,0.0308
1229.791,3.3673,0.0307
1230.074,3.3804,0.0305
1230.358,3.3906,0.0305
1230.641,3.3840,0.0307
1230.924,3.4289,0.0307
1231.208,3.4707,0.0305
1231.491,3.4482,0.0305
1231.775,3.5378,0.0313
1232.058,3.5994,0.0311
1232.342,3.4877,0.0305
1232.626,3.5127,0.0304
1232.910,3.7218,0.0302
1233.194,3.7191,0.0301
1233.478,3.7160,0.0303
1233.762,3.7202,0.0307
1234.046,3.7487,0.0307
1234.330,3.7703,0.0305
1234.614,3.7347,0.0302
1234.899,3.7597,0.0302
1235.183,3.8138,0.0304
1235.467,3.8386,0.0305
1235.752,3.8935,0.0307
1236.037,4.0658,0.0314
1236.321,4.0744,0.0309
1236.606,4.0022,0.0305
1236.891,4.0111,0.0306
1237.176,3.9449,0.0309
1237.460,3.9745,0.0312
1237.745,3.9852,0.0309
1238.030,3.9785,0.0307
1238.316,3.9884,0.0305
1238.601,3.9898,0.0302
1238.886,3.9539,0.0303
1239.171,3.9540,0.0303
1239.457,3.9281,0.0303
1239.742,3.8959,0.0305
1240.028,3.9064,0.0303
1240.313,3.7929,0.0301
1240.599,3.8410,0.0301
1240.884,3.8365,0.0296
1241.170,3.8032,0.0294
1241.456,3.7958,0.0295
1241.742,3.7383,0.0294
1242.028,3.7256,0.0292
1242.314,3.6648,0.0292
1242.600,3.6368,0.0291
1242.886,3.6061,0.0289
1243.172,3.5259,0.0288
1243.459,3.5523,0.0288
1243.745,3.5209,0.0288
1244.031,3.4423,0.0285
1244.318,3.4287,0.0281
1244.604,3.3453,0.0280
1244.891,3.2910,0.0279
1245.178,3.2933,0.0275
1245.464,3.2829,0.0274
1245.751,3.3020,0.0276
1246.038,3.2427,0.0275
1246.325,3.1923,0.0276
1246.612,3.1397,0.0275
1246.899,3.0819,0.0271
1247.186,3.0519,0.0268
1247.474,3.0558,0.0267
1247.761,3.0173,0.0268
1248.048,3.0174,0.0267
1248.335,2.9862,0.0266
1248.623,2.9283,0.0269
1248.911,2.9711,0.0267
1249.198,2.9146,0.0264
1249.486,2.9034,0.0265
1249.774,2.9127,0.0265
1250.061,2.8623,0.0264
1250.349,2.8300,0.0260
1250.637,2.8055,0.0261
1250.925,2.8524,0.0260
1251.213,2.7376,0.0256
1251.501,2.7320,0.0257
1251.790,2.7068,0.0258
1252.078,2.6902,0.0257
1252.366,2.7290,0.0259
1252.655,2.6856,0.0257
1252.943,2.6648,0.0257
1253.232,2.6375,0.0255
1253.520,2.6248,0.0253
1253.809,2.6290,0.0255
1254.098,2.6419,0.0255
1254.386,2.6449,0.0257
1254.675,2.6274,0.0256
1254.964,2.6011,0.0255
1255.253,2.6222,0.0255
1255.542,2.6515,0.0254
1255.831,2.6355,0.0254
1256.120,2.5605,0.0254
1256.410,2.5412,0.0251
1256.699,2.5422,0.0250
1256.989,2.5176,0.0249
1257.278,2.5221,0.0250
1257.568,2.4925,0.0252
1257.857,2.5261,0.0252
1258.147,2.4957,0.0252
1258.437,2.5133,0.0253
1258.726,2.4413,0.0251
1259.016,2.4665,0.0248
1259.306,2.4651,0.0247
1259.596,2.4416,0.0248
1259.886,2.4464,0.0247
1260.176,2.4386,0.0245
1260.466,2.4385,0.0244
1260.757,2.4131,0.0244
1261.047,2.3916,0.0244
1261.338,2.3841,0.0245
1261.628,2.3664,0.0249
1261.919,2.3568,0.0248
1262.209,2.3679,0.0244
1262.500,2.3195,0.0243
1262.791,2.3695,0.0244
1263.081,2.3605,0.0246
1263.372,2.3279,0.0245
1263.663,2.2865,0.0242
1263.954,2.2646,0.0243
1264.245,2.2732,0.0241
1264.536,2.2930,0.0236
1264.828,2.2479,0.0236
1265.119,2.2451,0.0235
1265.410,2.2404,0.0235
1265.702,2.2110,0.0238
1265.993,2.1835,0.0237
1266.285,2.1623,0.0234
1266.576,2.2218,0.0234
1266.868,2.1330,0.0229
1267.160,2.0914,0.0230
1267.451,2.1433,0.0233
1267.743,2.0914,0.0232
1268.035,2.0912,0.0232
1268.327,2.0824,0.0231
1268.619,2.0456,0.0229
1268.911,2.0470,0.0228
1269.204,2.0131,0.0226
1269.496,2.0257,0.0225
1269.788,2.0099,0.0226
1270.081,1.9838,0.0224
1270.373,1.9874,0.0225
1270.666,2.0475,0.0227
1270.958,2.0139,0.0226
1271.251,1.9632,0.0223
1271.544,1.9596,0.0223
1271.837,1.9319,0.0220
1272.130,1.9425,0.0223
1272.422,1.9431,0.0226
1272.715,1.9039,0.0223
1273.008,1.9123,0.0223
1273.302,1.9209,0.0221
1273.595,1.9341,0.0222
1273.888,1.9171,0.0220
1274.182,1.8893,0.0218
1274.475,1.8398,0.0219
1274.768,1.8639,0.0219
1275.062,1.8595,0.0220
1275.356,1.8669,0.0217
1275.649,1.8274,0.0215
1275.943,1.8209,0.0216
1276.237,1.8367,0.0215
1276.531,1.8103,0.0215
1276.825,1.7870,0.0211
1277.119,1.8111,0.0209
1277.413,1.7850,0.0209
1277.707,1.7782,0.0210
1278.001,1.7612,0.0211
1278.296,1.7485,0.0209
1278.590,1.7421,0.0208
1278.885,1.7215,0.0209
1279.179,1.7390,0.0210
1279.474,1.7728,0.0212
1279.768,1.7755,0.0211
1280.063,1.7592,0.0209
1280.358,1.7504,0.0207
1280.653,1.7173,0.0207
1280.948,1.7275,0.0209
1281.242,1.7635,0.0210
1281.537,1.7527,0.0210
1281.833,1.7142,0.0210
1282.128,1.7250,0.0209
1282.423,1.7285,0.0209
1282.718,1.7501,0.0208
1283.014,1.7477,0.0209
1283.309,1.7787,0.0211
1283.605,1.7581,0.0210
1283.900,1.7403,0.0209
1284.196,1.7362,0.0205
1284.492,1.6953,0.0205
1284.787,1.7710,0.0209
1285.083,1.7751,0.0208
1285.379,1.7734,0.0206
1285.675,1.7248,0.0205
1285.971,1.7137,0.0204
1286.268,1.7422,0.0206
1286.564,1.7259,0.0205
1286.860,1.7553,0.0207
1287.156,1.7238,0.0207
1287.453,1.7237,0.0205
1287.749,1.7294,0.0205
1288.046,1.7627,0.0205
1288.342,1.7817,0.0206
1288.639,1.7526,0.0205
1288.936,1.7656,0.0203
1289.233,1.7409,0.0203
1289.530,1.7358,0.0202
1289.827,1.6976,0.0201
1290.124,1.7479,0.0202
1290.421,1.7358,0.0201
1290.718,1.7401,0.0203
1291.015,1.7607,0.0203
1291.312,1.7775,0.0203
1291.610,1.7218,0.0201
1291.907,1.7309,0.0202
1292.205,1.7377,0.0202
1292.502,1.7182,0.0202
1292.800,1.7544,0.0201
1293.098,1.7466,0.0199
1293.395,1.7770,0.0202
1293.693,1.7813,0.0204
1293.991,1.7673,0.0203
1294.289,1.8073,0.0205
1294.587,1.7696,0.0204
1294.885,1.7547,0.0201
1295.183,1.7795,0.0203
1295.482,1.7862,0.0202
1295.780,1.7971,0.0199
1296.079,1.7661,0.0200
1296.377,1.7647,0.0200
1296.676,1.8207,0.0202
1296.974,1.8194,0.0202
1297.273,1.8373,0.0204
1297.572,1.8477,0.0202
1297.870,1.8353,0.0200
1298.169,1.7978,0.0199
1298.468,1.8723,0.0200
1298.767,1.8704,0.0202
1299.066,1.8459,0.0199
1299.365,1.8694,0.0200
1299.665,1.8547,0.0200
1299.964,1.8519,0.0199
1300.263,1.8941,0.0200
1300.563,1.8639,0.0201
1300.862,1.8530,0.0199
1301.162,1.8754,0.0199
1301.461,1.9022,0.0199
1301.761,1.8738,0.0201
1302.061,1.8319,0.0200
1302.361,1.8680,0.0199
1302.661,1.8654,0.0200
1302.961,1.8620,0.0201
1303.261,1.9075,0.0202
1303.561,1.8856,0.0202
1303.861,1.8638,0.0200
1304.161,1.8818,0.0200
1304.462,1.8675,0.0199
1304.762,1.8756,0.0202
1305.062,1.8914,0.0202
1305.363,1.8429,0.0200
1305.664,1.8222,0.0198
1305.964,1.8331,0.0199
1306.265,1.8429,0.0198
1306.566,1.8407,0.0198
1306.867,1.8298,0.0199
1307.168,1.7944,0.0197
1307.469,1.8209,0.0196
1307.770,1.8200,0.0197
1308.071,1.7912,0.0196
1308.372,1.7535,0.0197
1308.673,1.8157,0.0199
1308.975,1.7858,0.0196
1309.276,1.7383,0.0196
1309.578,1.7481,0.0195
1309.880,1.7590,0.0193
1310.181,1.7550,0.0195
1310.483,1.7033,0.0194
1310.784,1.7273,0.0193
1311.086,1.7227,0.0192
1311.388,1.6898,0.0192
1311.690,1.7042,0.0189
1311.992,1.7007,0.0190
1312.295,1.6821,0.0190
1312.597,1.6668,0.0189
1312.899,1.6497,0.0188
1313.201,1.6291,0.0188
1313.504,1.6329,0.0187
1313.806,1.6662,0.0188
1314.109,1.6795,0.0188
1314.411,1.6258,0.0187
1314.714,1.5919,0.0187
1315.017,1.6272,0.0189
1315.320,1.6387,0.0189
1315.623,1.6229,0.0188
1315.926,1.6118,0.0188
1316.229,1.6082,0.0186
1316.532,1.6273,0.0185
1316.835,1.5976,0.0185
1317.138,1.6220,0.0187
1317.441,1.6235,0.0186
1317.745,1.6103,0.0186
1318.048,1.6266,0.0188
1318.352,1.6045,0.0188
1318.655,1.5897,0.0186
1318.959,1.5772,0.0186
1319.263,1.5658,0.0184
1319.567,1.5706,0.0184
1319.870,1.5476,0.0183
1320.174,1.5922,0.0184
1320.478,1.5944,0.0184
1320.782,1.5720,0.0182
1321.087,1.5468,0.0181
1321.391,1.5840,0.0183
1321.695,1.5633,0.0184
1322.000,1.5854,0.0185
1322.304,1.5663,0.0183
1322.609,1.5761,0.0181
1322.913,1.5811,0.0183
1323.218,1.5850,0.0182
1323.522,1.5488,0.0181
1323.827,1.5270,0.0180
1324.132,1.5653,0.0180
1324.437,1.5503,0.0180
1324.742,1.5626,0.0180
1325.047,1.5976,0.0180
1325.352,1.5670,0.0180
1325.657,1.5993,0.0180
1325.963,1.6091,0.0181
1326.268,1.5984,0.0181
1326.573,1.6142,0.0180
1326.879,1.5806,0.0181
1327.185,1.5960,0.0180
1327.490,1.6193,0.0178
1327.796,1.6155,0.0180
1328.102,1.6018,0.0180
1328.407,1.5810,0.0178
1328.713,1.6094,0.0178
1329.019,1.6419,0.0181
1329.325,1.6170,0.0180
1329.632,1.6420,0.0181
1329.938,1.6131,0.0181
1330.244,1.6089,0.0180
1330.550,1.6472,0.0179
1330.857,1.6256,0.0179
1331.163,1.6409,0.0180
1331.470,1.6725,0.0179
1331.776,1.6456,0.0177
1332.083,1.6650,0.0179
1332.390,1.7086,0.0180
1332.697,1.6837,0.0179
1333.004,1.6546,0.0179
1333.311,1.6724,0.0179
1333.618,1.6146,0.0177
1333.925,1.5825,0.0173
1334.232,1.6023,0.0175
1334.539,1.6295,0.0176
1334.846,1.6268,0.0176
1335.154,1.6614,0.0178
1335.461,1.6182,0.0177
1335.769,1.6182,0.0178
1336.077,1.6520,0.0178
1336.384,1.6595,0.0178
1336.692,1.6482,0.0177
1337.000,1.6465,0.0178
1337.308,1.6581,0.0178
1337.615,1.6427,0.0176
1337.924,1.6292,0.0175
1338.232,1.6384,0.0174
1338.540,1.6187,0.0173
1338.848,1.6846,0.0174
1339.156,1.6492,0.0175
1339.465,1.6717,0.0177
1339.773,1.6594,0.0175
1340.082,1.6005,0.0174
1340.390,1.6152,0.0174
1340.699,1.6557,0.0175
1341.008,1.6425,0.0175
1341.317,1.6033,0.0174
1341.625,1.6253,0.0175
1341.934,1.5917,0.0174
1342.244,1.5691,0.0172
1342.553,1.5468,0.0171
1342.862,1.5534,0.0171
1343.171,1.5834,0.0174
1343.480,1.5810,0.0175
1343.790,1.5888,0.0174
1344.099,1.5640,0.0175
1344.409,1.5711,0.0173
1344.718,1.5385,0.0171
1345.028,1.5775,0.0172
1345.338,1.5803,0.0172
1345.647,1.6208,0.0173
1345.957,1.5901,0.0173
1346.267,1.5808,0.0173
1346.577,1.5526,0.0173
1346.887,1.5457,0.0172
1347.198,1.5330,0.0172
1347.508,1.5136,0.0172
1347.818,1.5403,0.0171
1348.129,1.5431,0.0170
1348.439,1.5125,0.0169
1348.750,1.4992,0.0168
1349.060,1.5308,0.0167
1349.371,1.5144,0.0166
1349.682,1.5386,0.0167
1349.992,1.5281,0.0167
1350.303,1.5160,0.0168
1350.614,1.5271,0.0169
1350.925,1.4893,0.0168
1351.236,1.5024,0.0167
1351.547,1.4624,0.0167
1351.859,1.4534,0.0166
1352.170,1.4928,0.0167
1352.481,1.4923,0.0168
1352.793,1.5021,0.0167
1353.104,1.5353,0.0169
1353.416,1.4921,0.0168
1353.728,1.4617,0.0167
1354.039,1.4898,0.0168
1354.351,1.4942,0.0166
1354.663,1.4637,0.0165
1354.975,1.4738,0.0165
1355.287,1.4790,0.0164
1355.599,1.4906,0.0163
1355.911,1.4602,0.0162
1356.224,1.4554,0.0163
1356.536,1.4874,0.0163
1356.848,1.4559,0.0163
1357.161,1.4708,0.0164
1357.473,1.4916,0.0163
1357.786,1.4628,0.0163
1358.099,1.4679,0.0162
1358.411,1.4860,0.0162
1358.724,1.4809,0.0160
1359.037,1.5002,0.0161
1359.350,1.4764,0.0164
1359.663,1.4767,0.0163
1359.976,1.4908,0.0161
1360.289,1.4792,0.0159
1360.603,1.4697,0.0160
1360.916,1.4712,0.0162
1361.229,1.4867,0.0163
1361.543,1.4740,0.0160
1361.856,1.4583,0.0159
1362.170,1.4948,0.0161
1362.484,1.4971,0.0161
1362.797,1.4903,0.0161
1363.111,1.4700,0.0163
1363.425,1.4831,0.0160
1363.739,1.4690,0.0160
1364.053,1.4785,0.0161
1364.367,1.4714,0.0160
1364.682,1.4749,0.0160
1364.996,1.4526,0.0160
1365.310,1.4802,0.0160
1365.625,1.4643,0.0158
1365.939,1.4776,0.0160
1366.254,1.4620,0.0161
1366.568,1.4650,0.0159
1366.883,1.4576,0.0159
1367.198,1.4841,0.0159
1367.513,1.4790,0.0158
1367.828,1.4664,0.0157
1368.142,1.5003,0.0158
1368.457,1.5002,0.0159
1368.773,1.5120,0.0161
1369.088,1.5131,0.0159
1369.403,1.5364,0.0156
1369.718,1.5277,0.0158
1370.034,1.5250,0.0159
1370.349,1.5127,0.0157
1370.665,1.5275,0.0157
1370.981,1.5370,0.0159
1371.296,1.5277,0.0159
1371.612,1.5599,0.0157
1371.928,1.5071,0.0157
1372.244,1.5095,0.0159
1372.560,1.5528,0.0159
1372.876,1.5453,0.0159
1373.192,1.5253,0.0156
1373.508,1.5588,0.0155
1373.825,1.5499,0.0158
1374.141,1.5151,0.0156
1374.458,1.5474,0.0157
1374.774,1.5674,0.0159
1375.091,1.5541,0.0157
1375.407,1.5685,0.0158
1375.724,1.5809,0.0156
1376.041,1.5562,0.0158
1376.358,1.5646,0.0156
1376.675,1.5531,0.0155
1376.992,1.5940,0.0156
1377.309,1.5661,0.0158
1377.626,1.5727,0.0159
1377.943,1.6126,0.0158
1378.260,1.5830,0.0158
1378.578,1.5901,0.0157
1378.895,1.6117,0.0155
1379.213,1.5887,0.0156
1379.531,1.5790,0.0156
1379.848,1.5452,0.0155
1380.166,1.5812,0.0155
1380.484,1.6512,0.0156
1380.802,1.6618,0.0157
1381.120,1.6585,0.0157
1381.438,1.6628,0.0156
1381.756,1.6208,0.0155
1382.074,1.5996,0.0155
1382.392,1.6082,0.0155
1382.711,1.6434,0.0157
1383.029,1.6335,0.0157
1383.348,1.6840,0.0158
1383.666,1.6989,0.0157
1383.985,1.6745,0.0158
1384.303,1.6755,0.0157
1384.622,1.6815,0.0156
1384.941,1.6766,0.0154
1385.260,1.7201,0.0157
1385.579,1.7159,0.0158
1385.898,1.7018,0.0157
1386.217,1.7119,0.0153
1386.536,1.7660,0.0154
1386.856,1.7751,0.0156
1387.175,1.7496,0.0156
1387.495,1.7600,0.0156
1387.814,1.7682,0.0156
1388.134,1.7602,0.0156
1388.453,1.7215,0.0154
1388.773,1.7329,0.0152
1389.093,1.7706,0.0153
1389.413,1.7845,0.0154
1389.733,1.8177,0.0154
1390.053,1.8417,0.0156
1390.373,1.8535,0.0156
1390.693,1.8326,0.0155
1391.013,1.8571,0.0154
1391.334,1.8468,0.0155
1391.654,1.8275,0.0156
1391.975,1.8964,0.0156
1392.295,1.8891,0.0156
1392.616,1.8767,0.0156
1392.936,1.8981,0.0156
1393.257,1.9057,0.0155
1393.578,1.8875,0.0153
1393.899,1.8762,0.0155
1394.220,1.9198,0.0156
1394.541,1.9636,0.0156
1394.862,1.9389,0.0154
1395.183,1.9849,0.0156
1395.505,1.9759,0.0158
1395.826,1.9889,0.0157
1396.148,1.9520,0.0156
1396.469,1.9587,0.0157
1396.791,1.9403,0.0153
1397.112,1.9289,0.0152
1397.434,1.9365,0.0154
1397.756,1.9716,0.0156
1398.078,1.9879,0.0156
1398.400,1.9718,0.0154
1398.722,1.9748,0.0153
1399.044,1.9902,0.0155
1399.366,1.9858,0.0155
1399.688,1.9598,0.0156
1400.010,1.9505,0.0155
1400.333,2.0057,0.0155
1400.656,1.9954,0.0154
1400.978,1.9722,0.0154
1401.301,1.9696,0.0155
1401.623,1.9637,0.0153
1401.946,1.9455,0.0152
1402.269,1.9390,0.0152
1402.592,1.9250,0.0151
1402.915,1.9023,0.0151
1403.238,1.8819,0.0151
1403.561,1.8913,0.0151
1403.884,1.8914,0.0150
1404.208,1.8325,0.0149
1404.531,1.8373,0.0151
1404.854,1.8691,0.0151
1405.178,1.8221,0.0151
1405.501,1.8150,0.0151
1405.825,1.8112,0.0149
1406.149,1.7645,0.0148
1406.473,1.7786,0.0149
1406.797,1.7790,0.0149
1407.121,1.7714,0.0147
1407.445,1.7446,0.0147
1407.769,1.7399,0.0146
1408.093,1.7650,0.0146
1408.417,1.7244,0.0145
1408.742,1.7152,0.0146
1409.066,1.7230,0.0147
1409.390,1.7023,0.0145
1409.715,1.6765,0.0145
1410.040,1.6846,0.0146
1410.364,1.6755,0.0145
1410.689,1.6594,0.0143
1411.014,1.6220,0.0142
1411.339,1.6210,0.0143
1411.664,1.6294,0.0142
1411.989,1.6225,0.0142
1412.314,1.6254,0.0142
1412.639,1.6204,0.0141
1412.965,1.6112,0.0141
1413.290,1.6070,0.0142
1413.616,1.6336,0.0142
1413.941,1.5895,0.0141
1414.267,1.5858,0.0141
1414.592,1.5681,0.0140
1414.918,1.5686,0.0139
1415.244,1.5741,0.0138
1415.570,1.5585,0.0139
1415.896,1.5518,0.0139
1416.222,1.5569,0.0139
1416.548,1.5564,0.0140
1416.874,1.5575,0.0140
1417.200,1.5664,0.0139
1417.527,1.5176,0.0136
1417.853,1.5094,0.0136
1418.180,1.5113,0.0135
1418.506,1.5015,0.0134
1418.833,1.5079,0.0135
1419.160,1.5037,0.0135
1419.487,1.5155,0.0136
1419.813,1.5011,0.0136
1420.141,1.4975,0.0135
1420.468,1.5032,0.0134
1420.795,1.4798,0.0135
1421.122,1.4845,0.0135
1421.449,1.4786,0.0135
1421.776,1.4859,0.0137
1422.104,1.4969,0.0135
1422.431,1.5013,0.0134
1422.759,1.4682,0.0134
1423.086,1.4798,0.0133
1423.414,1.4842,0.0133
1423.742,1.4865,0.0134
1424.070,1.4629,0.0135
1424.398,1.4878,0.0135
1424.726,1.4676,0.0134
1425.054,1.4405,0.0132
1425.382,1.4940,0.0133
1425.710,1.4908,0.0135
1426.039,1.4603,0.0135
1426.367,1.4630,0.0134
1426.696,1.4698,0.0134
1427.024,1.4691,0.0134
1427.353,1.4498,0.0133
1427.681,1.4568,0.0132
1428.010,1.4776,0.0132
1428.339,1.4561,0.0133
1428.668,1.4606,0.0131
1428.997,1.4430,0.0131
1429.326,1.4454,0.0131
1429.655,1.4411,0.0131
1429.984,1.4307,0.0131
1430.314,1.4251,0.0131
1430.643,1.4328,0.0131
1430.973,1.4136,0.0130
1431.302,1.4374,0.0129
1431.632,1.4279,0.0130
1431.961,1.4121,0.0130
1432.291,1.4128,0.0130
1432.621,1.4206,0.0130
1432.951,1.4305,0.0129
1433.281,1.4246,0.0129
1433.611,1.3836,0.0129
1433.941,1.3809,0.0130
1434.271,1.3973,0.0130
1434.602,1.4031,0.0130
1434.932,1.3978,0.0129
1435.262,1.3789,0.0128
1435.593,1.3619,0.0128
1435.923,1.3658,0.0128
1436.254,1.3610,0.0127
1436.585,1.3559,0.0127
1436.916,1.3584,0.0127
1437.247,1.3641,0.0127
1437.578,1.3701,0.0129
1437.909,1.3425,0.0128
1438.240,1.3613,0.0126
1438.571,1.3676,0.0126
1438.902,1.3456,0.0126
1439.234,1.3365,0.0125
1439.565,1.3309,0.0124
1439.897,1.3053,0.0124
1440.228,1.3309,0.0124
1440.560,1.3654,0.0125
1440.891,1.3426,0.0125
1441.223,1.3258,0.0125
1441.555,1.3272,0.0125
1441.887,1.3116,0.0124
1442.219,1.3338,0.0125
1442.552,1.3067,0.0124
1442.884,1.2972,0.0123
1443.216,1.3296,0.0124
1443.548,1.3067,0.0124
1443.881,1.2932,0.0123
1444.213,1.2732,0.0122
1444.546,1.2864,0.0123
1444.879,1.3006,0.0122
1445.211,1.2647,0.0120
1445.544,1.2766,0.0120
1445.877,1.2717,0.0120
1446.210,1.2643,0.0121
1446.543,1.2973,0.0122
1446.876,1.2646,0.0121
1447.209,1.3025,0.0121
1447.542,1.2650,0.0119
1447.876,1.2648,0.0119
1448.209,1.2922,0.0121
1448.543,1.2900,0.0122
1448.876,1.3095,0.0122
1449.210,1.2928,0.0121
1449.544,1.2800,0.0120
1449.877,1.2835,0.0121
1450.211,1.2670,0.0121
1450.545,1.2629,0.0121
1450.879,1.2682,0.0121
1451.214,1.2800,0.0122
1451.548,1.2781,0.0122
1451.882,1.2429,0.0121
1452.216,1.2471,0.0120
1452.551,1.2457,0.0121
1452.885,1.2566,0.0122
1453.220,1.2622,0.0122
1453.554,1.2373,0.0120
1453.889,1.2247,0.0120
1454.224,1.2624,0.0120
1454.559,1.2545,0.0119
1454.894,1.2311,0.0119
1455.229,1.2492,0.0119
1455.564,1.2413,0.0119
1455.899,1.2483,0.0120
1456.234,1.2540,0.0119
1456.570,1.2284,0.0120
1456.905,1.2282,0.0120
1457.241,1.2473,0.0120
1457.576,1.2395,0.0121
1457.912,1.2216,0.0121
1458.248,1.2350,0.0121
1458.584,1.2363,0.0120
1458.919,1.2155,0.0118
1459.255,1.2180,0.0119
1459.591,1.2307,0.0120
1459.928,1.2675,0.0120
1460.264,1.2543,0.0119
1460.600,1.2283,0.0118
1460.936,1.2212,0.0118
1461.273,1.2479,0.0119
1461.609,1.2082,0.0117
1461.946,1.1916,0.0116
1462.283,1.2017,0.0118
1462.619,1.2220,0.0118
1462.956,1.1942,0.0116
1463.293,1.1914,0.0116
1463.630,1.1987,0.0116
1463.967,1.1886,0.0117
1464.304,1.1904,0.0118
1464.641,1.2046,0.0118
1464.979,1.1916,0.0117
1465.316,1.1929,0.0117
1465.653,1.2169,0.0117
1465.991,1.1748,0.0117
1466.329,1.1625,0.0116
1466.666,1.1994,0.0116
1467.004,1.2057,0.0116
1467.342,1.2293,0.0116
1467.680,1.2259,0.0115
1468.018,1.1904,0.0115
1468.356,1.1987,0.0115
1468.694,1.2028,0.0115
1469.032,1.1959,0.0116
1469.370,1.2300,0.0117
1469.709,1.2375,0.0118
1470.047,1.2122,0.0117
1470.386,1.1958,0.0115
1470.724,1.2084,0.0115
1471.063,1.1973,0.0115
1471.402,1.2111,0.0115
1471.741,1.2172,0.0117
1472.080,1.1936,0.0116
1472.419,1.2072,0.0116
1472.758,1.2226,0.0116
1473.097,1.2223,0.0116
1473.436,1.2003,0.0115
1473.775,1.2205,0.0115
1474.115,1.2576,0.0116
1474.454,1.2690,0.0117
1474.794,1.2370,0.0116
1475.133,1.2339,0.0115
1475.473,1.2446,0.0116
1475.813,1.2111,0.0117
1476.153,1.2282,0.0117
1476.493,1.2556,0.0116
1476.833,1.2392,0.0116
1477.173,1.2209,0.0115
1477.513,1.2143,0.0115
1477.853,1.2266,0.0115
1478.194,1.2244,0.0116
1478.534,1.2320,0.0117
1478.874,1.2649,0.0117
1479.215,1.2553,0.0116
1479.556,1.2716,0.0116
1479.896,1.2416,0.0116
1480.237,1.2126,0.0116
1480.578,1.2436,0.0115
1480.919,1.2379,0.0114
1481.260,1.2380,0.0113
1481.601,1.2946,0.0116
1481.942,1.2257,0.0114
1482.284,1.2313,0.0115
1482.625,1.2130,0.0115
1482.966,1.2291,0.0114
1483.308,1.2260,0.0114
1483.650,1.1899,0.0114
1483.991,1.2081,0.0113
1484.333,1.2210,0.0113
1484.675,1.2131,0.0113
1485.016,1.2052,0.0112
1485.359,1.2015,0.0112
1485.701,1.2242,0.0113
1486.043,1.2083,0.0112
1486.385,1.2180,0.0112
1486.727,1.2346,0.0113
1487.070,1.2057,0.0112
1487.412,1.2209,0.0112
1487.755,1.2263,0.0112
1488.097,1.2428,0.0112
1488.440,1.2388,0.0113
1488.783,1.2646,0.0113
1489.126,1.2723,0.0114
1489.468,1.2654,0.0113
1489.812,1.2372,0.0113
1490.155,1.2298,0.0112
1490.498,1.2869,0.0112
1490.841,1.2562,0.0113
1491.184,1.2371,0.0112
1491.528,1.2627,0.0110
1491.871,1.2548,0.0110
1492.215,1.2511,0.0110
1492.558,1.2287,0.0110
1492.902,1.2349,0.0111
1493.246,1.2564,0.0112
1493.590,1.2536,0.0113
1493.934,1.2547,0.0112
1494.278,1.3085,0.0112
1494.622,1.2827,0.0113
1494.966,1.2708,0.0113
1495.310,1.2624,0.0112
1495.655,1.2591,0.0112
1495.999,1.2531,0.0112
1496.344,1.2164,0.0110
1496.688,1.2392,0.0111
1497.033,1.2434,0.0111
1497.377,1.2554,0.0111
1497.722,1.2481,0.0110
1498.067,1.2354,0.0109
1498.412,1.2427,0.0109
1498.757,1.2432,0.0109
1499.102,1.2281,0.0109
1499.448,1.2396,0.0110
1499.793,1.2249,0.0110
1500.138,1.2384,0.0110
1500.484,1.2190,0.0110
1500.829,1.2069,0.0109
1501.175,1.2043,0.0109
1501.521,1.1990,0.0109
1501.866,1.2296,0.0109
1502.212,1.2518,0.0110
1502.558,1.2360,0.0109
1502.904,1.2110,0.0109
1503.250,1.1968,0.0109
1503.597,1.2291,0.0109
1503.943,1.2046,0.0108
1504.289,1.2095,0.0109
1504.635,1.2396,0.0109
1504.982,1.2320,0.0109
1505.329,1.2362,0.0108
1505.675,1.2030,0.0108
1506.022,1.1763,0.0107
1506.369,1.1971,0.0108
1506.716,1.1968,0.0109
1507.063,1.1859,0.0108
1507.410,1.1886,0.0108
1507.757,1.1859,0.0108
1508.104,1.1833,0.0107
1508.451,1.1799,0.0108
1508.799,1.1816,0.0107
1509.146,1.2041,0.0108
1509.494,1.2303,0.0109
1509.841,1.2089,0.0109
1510.189,1.1917,0.0108
1510.537,1.1546,0.0107
1510.885,1.1667,0.0107
1511.233,1.1594,0.0107
1511.581,1.1558,0.0106
1511.929,1.1653,0.0108
1512.277,1.1693,0.0108
1512.625,1.1672,0.0108
1512.973,1.1588,0.0107
1513.322,1.2003,0.0107
1513.670,1.1996,0.0108
1514.019,1.2324,0.0108
1514.368,1.2352,0.0108
1514.716,1.2538,0.0108
1515.065,1.2319,0.0108
1515.414,1.2408,0.0109
1515.763,1.2483,0.0108
1516.112,1.2311,0.0107
1516.461,1.2328,0.0109
1516.810,1.2152,0.0109
1517.160,1.1863,0.0108
1517.509,1.2024,0.0108
1517.859,1.2310,0.0108
1518.208,1.2371,0.0109
1518.558,1.2249,0.0108
1518.907,1.2354,0.0109
1519.257,1.2115,0.0107
1519.607,1.1992,0.0108
1519.957,1.1959,0.0108
1520.307,1.2177,0.0109
1520.657,1.2350,0.0109
1521.007,1.2831,0.0109
1521.358,1.2840,0.0110
1521.708,1.2607,0.0110
1522.058,1.2706,0.0110
1522.409,1.2503,0.0110
1522.759,1.2795,0.0110
1523.110,1.3360,0.0111
1523.461,1.3340,0.0111
1523.812,1.3549,0.0112
1524.163,1.3259,0.0110
1524.514,1.2851,0.0110
1524.865,1.2941,0.0110
1525.216,1.3178,0.0111
1525.567,1.2647,0.0109
1525.918,1.2826,0.0109
1526.270,1.3365,0.0110
1526.621,1.3551,0.0111
1526.973,1.4070,0.0113
1527.324,1.3783,0.0112
1527.676,1.3985,0.0113
1528.028,1.3827,0.0113
1528.380,1.3491,0.0110
1528.732,1.3834,0.0112
1529.084,1.3802,0.0111
1529.436,1.3986,0.0111
1529.788,1.4394,0.0112
1530.141,1.4788,0.0114
1530.493,1.4106,0.0111
1530.845,1.3838,0.0111
1531.198,1.5344,0.0109
1531.551,1.6332,0.0109
1531.903,1.6551,0.0109
1532.256,1.6728,0.0111
1532.609,1.6781,0.0111
1532.962,1.6917,0.0110
1533.315,1.7262,0.0110
1533.668,1.7437,0.0110
1534.021,1.7354,0.0109
1534.374,1.7361,0.0110
1534.728,1.7446,0.0111
1535.081,1.7466,0.0111
1535.435,1.7932,0.0111
1535.788,1.8257,0.0112
1536.142,1.8159,0.0112
1536.496,1.8373,0.0112
1536.849,1.8700,0.0112
1537.203,1.8668,0.0112
1537.557,1.8895,0.0113
1537.911,1.9225,0.0113
1538.266,1.9488,0.0114
1538.620,1.9953,0.0116
1538.974,2.0125,0.0116
1539.328,2.0372,0.0116
1539.683,2.0770,0.0118
1540.037,2.0950,0.0119
1540.392,2.1014,0.0119
1540.747,2.1093,0.0118
1541.102,2.1550,0.0118
1541.457,2.1660,0.0118
1541.812,2.1907,0.0118
1542.167,2.2338,0.0119
1542.522,2.2591,0.0119
1542.877,2.2963,0.0120
1543.232,2.3394,0.0121
1543.588,2.3389,0.0121
1543.943,2.3635,0.0121
1544.299,2.3530,0.0121
1544.654,2.3964,0.0121
1545.010,2.4131,0.0121
1545.366,2.4235,0.0121
1545.722,2.4440,0.0122
1546.078,2.4670,0.0122
1546.434,2.4454,0.0123
1546.790,2.4553,0.0123
1547.146,2.4670,0.0124
1547.502,2.4490,0.0123
1547.859,2.4353,0.0121
1548.215,2.4296,0.0122
1548.572,2.4218,0.0122
1548.928,2.4024,0.0122
1549.285,2.4029,0.0122
1549.642,2.3727,0.0121
1549.999,2.3704,0.0120
1550.355,2.3216,0.0120
1550.713,2.3147,0.0119
1551.070,2.2920,0.0119
1551.427,2.2652,0.0118
1551.784,2.2511,0.0118
1552.141,2.2150,0.0116
1552.499,2.2262,0.0117
1552.856,2.2092,0.0117
1553.214,2.1485,0.0116
1553.572,2.1466,0.0116
1553.930,2.1345,0.0115
1554.287,2.1128,0.0114
1554.645,2.1038,0.0114
1555.003,2.0882,0.0115
1555.361,2.0691,0.0115
1555.720,2.0352,0.0114
1556.078,2.0078,0.0113
1556.436,2.0052,0.0113
1556.795,1.9999,0.0113
1557.153,1.9932,0.0113
1557.512,1.9742,0.0113
1557.870,1.9654,0.0112
1558.229,1.9519,0.0112
1558.588,1.9540,0.0112
1558.947,1.9239,0.0111
1559.306,1.9035,0.0111
1559.665,1.8874,0.0111
1560.024,1.8872,0.0111
1560.383,1.8684,0.0110
1560.743,1.8847,0.0111
1561.102,1.8575,0.0110
1561.462,1.8235,0.0109
1561.821,1.8314,0.0109
1562.181,1.8122,0.0109
1562.541,1.7800,0.0108
1562.900,1.7802,0.0109
1563.260,1.7802,0.0109
1563.620,1.7599,0.0108
1563.980,1.7681,0.0108
1564.341,1.7719,0.0108
1564.701,1.7498,0.0108
1565.061,1.7227,0.0108
1565.422,1.7094,0.0108
1565.782,1.6937,0.0108
1566.143,1.7229,0.0109
1566.503,1.7236,0.0108
1566.864,1.6963,0.0108
1567.225,1.6775,0.0107
1567.586,1.6775,0.0106
1567.947,1.6751,0.0106
1568.308,1.6671,0.0106
1568.669,1.6389,0.0105
1569.030,1.6297,0.0105
1569.392,1.6375,0.0105
1569.753,1.6206,0.0105
1570.115,1.6235,0.0105
1570.476,1.6254,0.0105
1570.838,1.5999,0.0105
1571.199,1.6080,0.0106
1571.561,1.5927,0.0105
1571.923,1.5911,0.0105
1572.285,1.5907,0.0106
1572.647,1.5734,0.0105
1573.009,1.5803,0.0105
1573.371,1.5906,0.0104
1573.734,1.5725,0.0103
1574.096,1.5808,0.0104
1574.459,1.5620,0.0103
1574.821,1.5574,0.0103
1575.184,1.5652,0.0104
1575.547,1.5535,0.0103
1575.910,1.5478,0.0102
1576.273,1.5503,0.0103
1576.635,1.5572,0.0103
1576.999,1.5600,0.0103
1577.362,1.5421,0.0103
1577.725,1.5383,0.0103
1578.088,1.5316,0.0102
1578.452,1.5167,0.0102
1578.815,1.5307,0.0102
1579.179,1.5192,0.0102
1579.542,1.5128,0.0103
1579.906,1.5145,0.0103
1580.270,1.5147,0.0102
1580.634,1.5023,0.0101
1580.998,1.5037,0.0101
1581.362,1.5072,0.0102
1581.726,1.4868,0.0101
1582.090,1.5134,0.0101
1582.455,1.4824,0.0101
1582.819,1.4805,0.0102
1583.184,1.4986,0.0102
1583.548,1.4870,0.0101
1583.913,1.4803,0.0101
1584.278,1.4942,0.0101
1584.642,1.5036,0.0100
1585.007,1.4868,0.0100
1585.372,1.4719,0.0101
1585.738,1.4882,0.0101
1586.103,1.4873,0.0101
1586.468,1.4812,0.0101
1586.833,1.4915,0.0101
1587.199,1.4864,0.0100
1587.564,1.4562,0.0099
1587.930,1.4781,0.0100
1588.296,1.4791,0.0100
1588.661,1.4786,0.0100
1589.027,1.4632,0.0099
1589.393,1.4700,0.0099
1589.759,1.4680,0.0099
1590.125,1.4710,0.0100
1590.491,1.4734,0.0099
1590.858,1.4770,0.0100
1591.224,1.4701,0.0100
1591.590,1.4640,0.0099
1591.957,1.4652,0.0099
1592.324,1.4719,0.0100
1592.690,1.4747,0.0099
1593.057,1.4471,0.0098
1593.424,1.4659,0.0098
1593.791,1.4641,0.0098
1594.158,1.4381,0.0098
1594.525,1.4535,0.0098
1594.892,1.4810,0.0098
1595.259,1.4598,0.0099
1595.627,1.4681,0.0098
1595.994,1.4578,0.0098
1596.362,1.4533,0.0097
1596.729,1.4428,0.0097
1597.097,1.4415,0.0098
1597.465,1.4648,0.0098
1597.833,1.4549,0.0098
1598.201,1.4643,0.0098
1598.569,1.4598,0.0097
1598.937,1.4488,0.0098
1599.305,1.4407,0.0097
1599.673,1.4479,0.0098
1600.042,1.4535,0.0098
1600.410,1.4409,0.0098
1600.779,1.4484,0.0098
1601.147,1.4661,0.0098
1601.516,1.4591,0.0096
1601.885,1.4499,0.0097
1602.254,1.4443,0.0097
1602.623,1.4420,0.0096
1602.992,1.4488,0.0096
1603.361,1.4568,0.0096
1603.730,1.4697,0.0096
1604.100,1.4620,0.0096
1604.469,1.4460,0.0096
1604.838,1.4536,0.0097
1605.208,1.4672,0.0097
1605.578,1.4631,0.0097
1605.947,1.4602,0.0097
1606.317,1.4529,0.0096
1606.687,1.4365,0.0096
1607.057,1.4337,0.0096
1607.427,1.4463,0.0096
1607.797,1.4507,0.0096
1608.168,1.4543,0.0096
1608.538,1.4487,0.0096
1608.908,1.4562,0.0097
1609.279,1.4422,0.0097
1609.649,1.4415,0.0097
1610.020,1.4501,0.0096
1610.391,1.4621,0.0096
1610.762,1.4457,0.0096
1611.133,1.4579,0.0096
1611.504,1.4515,0.0096
1611.875,1.4458,0.0096
1612.246,1.4612,0.0096
1612.617,1.4553,0.0095
1612.989,1.4487,0.0095
1613.360,1.4462,0.0097
1613.732,1.4299,0.0097
1614.103,1.4525,0.0096
1614.475,1.4514,0.0095
1614.847,1.4338,0.0095
1615.219,1.4418,0.0096
1615.590,1.4458,0.0095
1615.963,1.4311,0.0095
1616.335,1.4305,0.0095
1616.707,1.4359,0.0096
1617.079,1.4523,0.0095
1617.452,1.4451,0.0096
1617.824,1.4435,0.0095
1618.197,1.4582,0.0095
1618.569,1.4352,0.0096
1618.942,1.4341,0.0096
1619.315,1.4278,0.0094
1619.688,1.4348,0.0093
1620.061,1.4412,0.0094
1620.434,1.4258,0.0094
1620.807,1.4384,0.0094
1621.180,1.4514,0.0094
1621.554,1.4338,0.0094
1621.927,1.4391,0.0094
1622.301,1.4503,0.0094
1622.674,1.4318,0.0094
1623.048,1.4522,0.0094
1623.422,1.4570,0.0094
1623.795,1.4415,0.0094
1624.169,1.4327,0.0094
1624.543,1.4445,0.0094
1624.917,1.4439,0.0093
1625.292,1.4463,0.0095
1625.666,1.4623,0.0095
1626.040,1.4408,0.0094
1626.415,1.4377,0.0094
1626.789,1.4502,0.0093
1627.164,1.4092,0.0092
1627.539,1.4271,0.0093
1627.913,1.4345,0.0093
1628.288,1.4265,0.0092
1628.663,1.4317,0.0092
1629.038,1.4254,0.0092
1629.413,1.4508,0.0092
1629.789,1.4508,0.0092
1630.164,1.4587,0.0093
1630.539,1.4624,0.0093
1630.915,1.4554,0.0094
1631.290,1.4582,0.0094
1631.666,1.4406,0.0093
1632.042,1.4627,0.0093
1632.418,1.4413,0.0093
1632.794,1.4417,0.0094
1633.170,1.4464,0.0093
1633.546,1.4509,0.0093
1633.922,1.4335,0.0092
1634.298,1.4450,0.0092
1634.675,1.4601,0.0093
1635.051,1.4566,0.0092
1635.427,1.4357,0.0092
1635.804,1.4525,0.0092
1636.181,1.4529,0.0091
1636.558,1.4353,0.0091
1636.934,1.4449,0.0091
1637.312,1.4386,0.0091
1637.689,1.4333,0.0092
1638.066,1.4597,0.0092
1638.443,1.4492,0.0091
1638.820,1.4406,0.0092
1639.198,1.4496,0.0092
1639.575,1.4373,0.0092
1639.953,1.4222,0.0092
1640.330,1.4340,0.0092
1640.708,1.4514,0.0093
1641.086,1.4236,0.0093
1641.464,1.4247,0.0092
1641.842,1.4225,0.0091
1642.220,1.3964,0.0090
1642.598,1.4031,0.0089
1642.976,1.3955,0.0089
1643.355,1.4130,0.0090
1643.733,1.4138,0.0091
1644.112,1.4102,0.0091
1644.490,1.4261,0.0091
1644.869,1.4258,0.0090
1645.248,1.4089,0.0090
1645.627,1.3976,0.0090
1646.005,1.4037,0.0090
1646.385,1.4033,0.0090
1646.764,1.4129,0.0090
1647.143,1.4006,0.0089
1647.522,1.3920,0.0090
1647.902,1.3916,0.0090
1648.281,1.3956,0.0091
1648.661,1.3974,0.0091
1649.040,1.3917,0.0091
1649.420,1.4053,0.0090
1649.800,1.4029,0.0089
1650.180,1.3848,0.0089
1650.560,1.3848,0.0089
1650.940,1.3742,0.0089
1651.320,1.3847,0.0090
1651.701,1.3875,0.0090
1652.081,1.3710,0.0089
1652.461,1.3842,0.0089
1652.842,1.3876,0.0089
1653.223,1.3760,0.0089
1653.603,1.3785,0.0090
1653.984,1.3749,0.0090
1654.365,1.3785,0.0090
1654.746,1.3801,0.0089
1655.127,1.3860,0.0089
1655.508,1.3722,0.0089
1655.889,1.3779,0.0088
1656.271,1.3874,0.0088
1656.652,1.3719,0.0088
1657.034,1.3697,0.0088
1657.415,1.3773,0.0089
1657.797,1.3777,0.0089
1658.178,1.3614,0.0089
1658.560,1.3824,0.0089
1658.942,1.3813,0.0089
1659.324,1.3755,0.0088
1659.706,1.3775,0.0089
1660.089,1.3743,0.0089
1660.471,1.3918,0.0089
1660.853,1.3888,0.0089
1661.236,1.3664,0.0088
1661.618,1.3590,0.0088
1662.001,1.3932,0.0088
1662.384,1.3786,0.0088
1662.767,1.3604,0.0087
1663.150,1.3527,0.0088
1663.533,1.3723,0.0089
1663.916,1.3866,0.0089
1664.299,1.3662,0.0088
1664.682,1.3724,0.0087
1665.065,1.3780,0.0088
1665.449,1.3743,0.0089
1665.832,1.3638,0.0088
1666.216,1.3642,0.0087
1666.600,1.3672,0.0087
1666.984,1.3677,0.0088
1667.367,1.3599,0.0088
1667.751,1.3507,0.0088
1668.135,1.3626,0.0088
1668.520,1.3476,0.0088
1668.904,1.3529,0.0087
1669.288,1.3515,0.0087
1669.672,1.3254,0.0087
1670.057,1.3448,0.0087
1670.442,1.3446,0.0087
1670.826,1.3306,0.0087
1671.211,1.3306,0.0087
1671.596,1.3198,0.0087
1671.981,1.3300,0.0087
1672.366,1.3217,0.0086
1672.751,1.3251,0.0086
1673.136,1.3365,0.0086
1673.521,1.3031,0.0086
1673.907,1.3137,0.0087
1674.292,1.3346,0.0087
1674.678,1.2968,0.0085
1675.064,1.3002,0.0085
1675.449,1.3087,0.0085
1675.835,1.2924,0.0085
1676.221,1.2893,0.0086
1676.607,1.2827,0.0085
1676.993,1.2850,0.0085
1677.379,1.2945,0.0086
1677.766,1.2948,0.0086
1678.152,1.2769,0.0085
1678.538,1.2810,0.0085
1678.925,1.2776,0.0084
1679.312,1.2961,0.0085
1679.698,1.2873,0.0085
1680.085,1.2769,0.0085
1680.472,1.2723,0.0084
1680.859,1.2599,0.0084
1681.246,1.2778,0.0084
1681.633,1.2685,0.0084
1682.021,1.2571,0.0085
1682.408,1.2523,0.0085
1682.795,1.2501,0.0084
1683.183,1.2594,0.0084
1683.571,1.2602,0.0085
1683.958,1.2514,0.0084
1684.346,1.2412,0.0085
1684.734,1.2511,0.0085
1685.122,1.2507,0.0084
1685.510,1.2564,0.0084
1685.898,1.2470,0.0085
1686.286,1.2339,0.0084
1686.675,1.2587,0.0084
1687.063,1.2528,0.0084
1687.451,1.2325,0.0083
1687.840,1.2262,0.0083
1688.229,1.2518,0.0084
1688.618,1.2419,0.0084
1689.006,1.2274,0.0084
1689.395,1.2300,0.0083
1689.784,1.2415,0.0083
1690.174,1.2577,0.0083
1690.563,1.2357,0.0083
1690.952,1.2340,0.0083
1691.342,1.2426,0.0082
1691.731,1.2350,0.0083
1692.120,1.2451,0.0083
1692.510,1.2451,0.0083
1692.900,1.2167,0.0082
1693.290,1.2382,0.0083
1693.680,1.2211,0.0082
1694.070,1.2233,0.0083
1694.460,1.2471,0.0084
1694.850,1.2410,0.0084
1695.240,1.2371,0.0084
1695.631,1.2325,0.0084
1696.021,1.2304,0.0083
1696.412,1.2219,0.0083
1696.802,1.2318,0.0083
1697.193,1.2506,0.0083
1697.584,1.2349,0.0083
1697.975,1.2336,0.0083
1698.366,1.2463,0.0083
1698.757,1.2239,0.0083
1699.148,1.2295,0.0082
1699.540,1.2278,0.0082
1699.931,1.2314,0.0083
1700.323,1.2333,0.0083
1700.714,1.2474,0.0083
1701.106,1.2431,0.0083
1701.497,1.2544,0.0083
1701.889,1.2448,0.0083
1702.281,1.2253,0.0083
1702.673,1.2553,0.0082
1703.065,1.2582,0.0082
1703.457,1.2389,0.0082
1703.850,1.2376,0.0082
1704.242,1.2488,0.0082
1704.635,1.2485,0.0082
1705.027,1.2358,0.0082
1705.420,1.2457,0.0082
1705.812,1.2499,0.0083
1706.205,1.2478,0.0083
1706.598,1.2405,0.0083
1706.991,1.2381,0.0083
1707.384,1.2336,0.0082
1707.778,1.2330,0.0082
1708.171,1.2561,0.0082
1708.564,1.2468,0.0081
1708.958,1.2502,0.0082
1709.351,1.2393,0.0082
1709.745,1.2379,0.0082
1710.139,1.2448,0.0081
1710.532,1.2497,0.0081
1710.926,1.2495,0.0082
1711.320,1.2308,0.0081
1711.714,1.2411,0.0082
1712.109,1.2564,0.0082
1712.503,1.2630,0.0082
1712.897,1.2648,0.0082
1713.292,1.2511,0.0083
1713.686,1.2660,0.0083
1714.081,1.2638,0.0083
1714.476,1.2424,0.0082
1714.870,1.2534,0.0082
1715.265,1.2501,0.0082
1715.660,1.2482,0.0082
1716.055,1.2661,0.0082
1716.451,1.2651,0.0082
1716.846,1.2487,0.0082
1717.241,1.2511,0.0082
1717.637,1.2656,0.0082
1718.032,1.2589,0.0082
1718.428,1.2630,0.0082
1718.824,1.2580,0.0082
1719.219,1.2518,0.0082
1719.615,1.2662,0.0082
1720.011,1.2621,0.0081
1720.407,1.2488,0.0081
1720.804,1.2609,0.0082
1721.200,1.2760,0.0082
1721.596,1.2522,0.0081
1721.993,1.2558,0.0081
1722.389,1.2611,0.0081
1722.786,1.2543,0.0081
1723.182,1.2693,0.0081
1723.579,1.2643,0.0081
1723.976,1.2627,0.0081
1724.373,1.2611,0.0081
1724.770,1.2593,0.0081
1725.168,1.2463,0.0080
1725.565,1.2681,0.0080
1725.962,1.2517,0.0080
1726.360,1.2571,0.0080
1726.757,1.2452,0.0079
1727.155,1.2461,0.0079
1727.553,1.2497,0.0079
1727.951,1.2441,0.0079
1728.348,1.2607,0.0079
1728.746,1.2666,0.0079
1729.145,1.2451,0.0080
1729.543,1.2456,0.0080
1729.941,1.2385,0.0081
1730.339,1.2540,0.0081
1730.738,1.2444,0.0080
1731.136,1.2210,0.0079
1731.535,1.2397,0.0079
1731.934,1.2402,0.0079
1732.333,1.2269,0.0079
1732.732,1.2339,0.0079
1733.131,1.2443,0.0080
1733.530,1.2452,0.0080
1733.929,1.2398,0.0079
1734.328,1.2475,0.0078
1734.728,1.2451,0.0078
1735.127,1.2484,0.0079
1735.527,1.2484,0.0079
1735.927,1.2328,0.0078
1736.326,1.2364,0.0078
1736.726,1.2422,0.0078
1737.126,1.2460,0.0079
1737.526,1.2486,0.0079
1737.926,1.2465,0.0079
1738.326,1.2457,0.0079
1738.727,1.2607,0.0079
1739.127,1.2512,0.0079
1739.528,1.2389,0.0079
1739.928,1.2505,0.0079
1740.329,1.2450,0.0079
1740.729,1.2608,0.0079
1741.130,1.2507,0.0078
1741.531,1.2364,0.0078
1741.932,1.2489,0.0079
1742.334,1.2445,0.0078
1742.735,1.2368,0.0078
1743.136,1.2428,0.0079
1743.538,1.2495,0.0079
1743.939,1.2422,0.0079
1744.341,1.2335,0.0079
1744.742,1.2486,0.0078
1745.144,1.2435,0.0078
1745.546,1.2509,0.0078
1745.948,1.2541,0.0079
1746.350,1.2662,0.0080
1746.752,1.2525,0.0079
1747.154,1.2364,0.0079
1747.557,1.2434,0.0078
1747.959,1.2487,0.0078
1748.362,1.2446,0.0079
1748.764,1.2509,0.0079
1749.167,1.2442,0.0078
1749.570,1.2385,0.0077
1749.973,1.2171,0.0077
1750.376,1.2097,0.0075
1750.779,1.2115,0.0074
1751.182,1.1987,0.0074
1751.585,1.1876,0.0075
1751.989,1.2037,0.0077
1752.392,1.2176,0.0077
1752.796,1.2328,0.0078
1753.199,1.2267,0.0078
1753.603,1.2129,0.0078
1754.007,1.2130,0.0077
1754.411,1.2090,0.0076
1754.815,1.2043,0.0075
1755.219,1.1917,0.0075
1755.623,1.1891,0.0075
1756.027,1.1836,0.0076
1756.432,1.1879,0.0076
1756.836,1.1976,0.0077
1757.241,1.1854,0.0076
1757.646,1.1951,0.0076
1758.050,1.2046,0.0077
1758.455,1.1984,0.0076
1758.860,1.1870,0.0077
1759.265,1.1867,0.0078
1759.670,1.2103,0.0078
1760.076,1.1896,0.0078
1760.481,1.1744,0.0077
1760.886,1.1961,0.0077
1761.292,1.2047,0.0077
1761.697,1.1943,0.0077
1762.103,1.1956,0.0078
1762.509,1.1950,0.0079
1762.915,1.1916,0.0078
1763.321,1.1801,0.0077
1763.727,1.1802,0.0077
1764.133,1.1904,0.0077
1764.539,1.1700,0.0076
1764.945,1.1774,0.0076
1765.352,1.1888,0.0076
1765.758,1.1725,0.0076
1766.165,1.1728,0.0076
1766.572,1.1903,0.0077
1766.979,1.1866,0.0077
1767.385,1.1704,0.0077
1767.793,1.1805,0.0076
1768.200,1.1734,0.0076
1768.607,1.1781,0.0076
1769.014,1.1886,0.0077
1769.421,1.1801,0.0078
1769.829,1.1853,0.0078
1770.236,1.1798,0.0078
1770.644,1.1762,0.0078
1771.052,1.1737,0.0078
1771.460,1.1828,0.0078
1771.868,1.1834,0.0077
1772.276,1.1711,0.0077
1772.684,1.1889,0.0077
1773.092,1.1943,0.0077
1773.500,1.1813,0.0077
1773.909,1.1926,0.0076
1774.317,1.1812,0.0077
1774.726,1.1888,0.0076
1775.135,1.1873,0.0076
1775.543,1.1780,0.0076
1775.952,1.1842,0.0076
1776.361,1.1944,0.0076
1776.770,1.1787,0.0076
1777.179,1.1885,0.0077
1777.589,1.1864,0.0077
1777.998,1.1838,0.0078
1778.408,1.1940,0.0077
1778.817,1.1923,0.0076
1779.227,1.1848,0.0076
1779.636,1.1904,0.0076
1780.046,1.2028,0.0076
1780.456,1.1973,0.0076
1780.866,1.1903,0.0076
1781.276,1.1982,0.0076
1781.687,1.1988,0.0075
1782.097,1.1977,0.0076
1782.507,1.1956,0.0076
1782.918,1.1963,0.0076
1783.328,1.1911,0.0076
1783.739,1.1926,0.0075
1784.150,1.2033,0.0076
1784.561,1.2096,0.0076
1784.972,1.2007,0.0076
1785.383,1.1984,0.0076
1785.794,1.1943,0.0075
1786.205,1.1870,0.0075
1786.616,1.1929,0.0075
1787.028,1.1943,0.0075
1787.439,1.1823,0.0075
1787.851,1.1974,0.0075
1788.263,1.1881,0.0075
1788.674,1.1937,0.0075
1789.086,1.1813,0.0075
1789.498,1.1795,0.0075
1789.910,1.1754,0.0075
1790.323,1.1789,0.0075
1790.735,1.1944,0.0075
1791.147,1.1723,0.0075
1791.560,1.1606,0.0075
1791.972,1.1685,0.0074
1792.385,1.1668,0.0074
1792.798,1.1502,0.0073
1793.211,1.1633,0.0074
1793.623,1.1660,0.0075
1794.037,1.1616,0.0076
1794.450,1.1740,0.0076
1794.863,1.1682,0.0076
1795.276,1.1747,0.0076
1795.690,1.1514,0.0075
1796.103,1.1560,0.0074
1796.517,1.1685,0.0074
1796.931,1.1637,0.0075
1797.344,1.1600,0.0075
1797.758,1.1473,0.0076
1798.172,1.1566,0.0076
1798.586,1.1600,0.0075
1799.000,1.1602,0.0074
1799.415,1.1480,0.0075
1799.829,1.1622,0.0075
1800.244,1.1694,0.0075
1800.658,1.1379,0.0075
1801.073,1.1559,0.0075
1801.488,1.1572,0.0075
1801.903,1.1478,0.0074
1802.318,1.1480,0.0074
1802.732,1.1578,0.0074
1803.148,1.1490,0.0075
1803.563,1.1511,0.0075
1803.978,1.1626,0.0074
1804.394,1.1518,0.0074
1804.809,1.1495,0.0075
1805.225,1.1589,0.0075
1805.641,1.1571,0.0076
1806.056,1.1582,0.0076
1806.472,1.1445,0.0075
1806.888,1.1512,0.0075
1807.304,1.1479,0.0074
1807.721,1.1403,0.0074
1808.137,1.1348,0.0074
1808.553,1.1600,0.0075
1808.970,1.1605,0.0075
1809.386,1.1540,0.0074
1809.803,1.1484,0.0074
1810.220,1.1409,0.0074
1810.637,1.1345,0.0073
1811.054,1.1562,0.0073
1811.471,1.1386,0.0073
1811.888,1.1422,0.0073
1812.305,1.1482,0.0073
1812.722,1.1460,0.0074
1813.140,1.1534,0.0074
1813.557,1.1575,0.0073
1813.975,1.1522,0.0073
1814.393,1.1603,0.0073
1814.811,1.1489,0.0073
1815.229,1.1440,0.0073
1815.646,1.1602,0.0073
1816.065,1.1403,0.0073
1816.483,1.1385,0.0073
1816.901,1.1419,0.0073
1817.320,1.1396,0.0073
1817.738,1.1278,0.0072
1818.157,1.1552,0.0072
1818.575,1.1432,0.0072
1818.994,1.1325,0.0073
1819.413,1.1446,0.0073
1819.832,1.1432,0.0073
1820.251,1.1441,0.0073
1820.670,1.1268,0.0072
1821.090,1.1303,0.0072
1821.509,1.1313,0.0072
1821.928,1.1281,0.0072
1822.348,1.1302,0.0073
1822.768,1.1412,0.0073
1823.187,1.1455,0.0073
1823.607,1.1480,0.0073
1824.027,1.1315,0.0072
1824.447,1.1416,0.0072
1824.867,1.1258,0.0072
1825.288,1.1419,0.0073
1825.708,1.1437,0.0073
1826.128,1.1363,0.0073
1826.549,1.1276,0.0073
1826.970,1.1426,0.0073
1827.390,1.1524,0.0072
1827.811,1.1363,0.0072
1828.232,1.1293,0.0072
1828.653,1.1322,0.0072
1829.074,1.1244,0.0072
1829.495,1.1378,0.0072
1829.917,1.1318,0.0072
1830.338,1.1440,0.0072
1830.760,1.1433,0.0072
1831.181,1.1437,0.0073
1831.603,1.1405,0.0072
1832.025,1.1388,0.0072
1832.447,1.1494,0.0072
1832.868,1.1407,0.0073
1833.291,1.1459,0.0072
1833.713,1.1548,0.0073
1834.135,1.1558,0.0073
1834.557,1.1536,0.0072
1834.980,1.1496,0.0073
1835.402,1.1579,0.0072
1835.825,1.1465,0.0073
1836.248,1.1368,0.0072
1836.671,1.1482,0.0072
1837.094,1.1494,0.0072
1837.517,1.1546,0.0072
1837.940,1.1605,0.0072
1838.363,1.1607,0.0072
1838.786,1.1646,0.0072
1839.210,1.1607,0.0073
1839.633,1.1759,0.0073
1840.057,1.1694,0.0073
1840.481,1.1731,0.0073
1840.905,1.1728,0.0072
1841.329,1.1736,0.0072
1841.753,1.1723,0.0072
1842.177,1.1725,0.0073
1842.601,1.1635,0.0072
1843.025,1.1823,0.0073
1843.450,1.1808,0.0073
1843.874,1.1751,0.0073
1844.299,1.1870,0.0073
1844.724,1.1907,0.0073
1845.148,1.2011,0.0073
1845.573,1.2163,0.0073
1845.998,1.2011,0.0073
1846.423,1.2000,0.0073
1846.849,1.2033,0.0073
1847.274,1.1972,0.0073
1847.699,1.2056,0.0073
1848.125,1.2135,0.0073
1848.551,1.2200,0.0074
1848.976,1.2259,0.0074
1849.402,1.2223,0.0074
1849.828,1.2155,0.0073
1850.254,1.2216,0.0074
1850.680,1.2215,0.0074
1851.106,1.2373,0.0074
1851.532,1.2467,0.0074
1851.959,1.2312,0.0063
1852.385,1.2483,0.0070
1852.812,1.2349,0.0072
1853.238,1.2341,0.0074
1853.665,1.2535,0.0074
1854.092,1.2535,0.0074
1854.519,1.2499,0.0074
1854.946,1.2587,0.0074
1855.373,1.2555,0.0074
1855.801,1.2565,0.0075
1856.228,1.2749,0.0075
1856.655,1.2754,0.0075
1857.083,1.2719,0.0074
1857.511,1.2573,0.0074
1857.938,1.2605,0.0074
1858.366,1.2712,0.0074
1858.794,1.2794,0.0074
1859.222,1.2822,0.0074
1859.650,1.2625,0.0074
1860.078,1.2776,0.0075
1860.507,1.2853,0.0074
1860.935,1.2657,0.0074
1861.364,1.2637,0.0074
1861.793,1.2728,0.0074
1862.221,1.2839,0.0074
1862.650,1.2814,0.0074
1863.079,1.2819,0.0074
1863.508,1.2846,0.0074
1863.937,1.2757,0.0073
1864.366,1.2650,0.0074
1864.796,1.2799,0.0074
1865.225,1.2792,0.0074
1865.655,1.2719,0.0074
1866.085,1.2685,0.0074
1866.514,1.2691,0.0074
1866.944,1.2780,0.0074
1867.374,1.2855,0.0074
1867.804,1.2826,0.0074
1868.234,1.2747,0.0074
1868.664,1.2622,0.0074
1869.095,1.2672,0.0074
1869.525,1.2735,0.0074
1869.956,1.2774,0.0074
1870.386,1.2799,0.0074
1870.817,1.2594,0.0073
1871.248,1.2635,0.0073
1871.679,1.2584,0.0073
1872.110,1.2448,0.0073
1872.541,1.2631,0.0073
1872.972,1.2667,0.0075
1873.403,1.2695,0.0074
1873.835,1.2788,0.0073
1874.266,1.2779,0.0073
1874.698,1.2814,0.0073
1875.130,1.3042,0.0074
1875.562,1.2946,0.0074
1875.993,1.2848,0.0074
1876.425,1.2889,0.0074
1876.857,1.2759,0.0073
1877.290,1.2838,0.0073
1877.722,1.3037,0.0074
1878.155,1.3172,0.0074
1878.587,1.3117,0.0076
1879.020,1.3191,0.0075
1879.452,1.3409,0.0075
1879.885,1.3380,0.0075
1880.318,1.3205,0.0075
1880.751,1.3360,0.0075
1881.184,1.3392,0.0075
1881.617,1.3339,0.0075
1882.051,1.3497,0.0075
1882.484,1.3507,0.0075
1882.917,1.3493,0.0075
1883.351,1.3527,0.0075
1883.785,1.3627,0.0075
1884.219,1.3672,0.0075
1884.653,1.3857,0.0075
1885.086,1.3907,0.0075
1885.521,1.3817,0.0075
1885.955,1.3871,0.0075
1886.389,1.3924,0.0075
1886.824,1.3817,0.0075
1887.258,1.3927,0.0075
1887.693,1.4097,0.0075
1888.127,1.3992,0.0076
1888.562,1.4274,0.0076
1888.997,1.4348,0.0077
1889.432,1.4303,0.0077
1889.867,1.4367,0.0076
1890.302,1.4255,0.0076
1890.738,1.4446,0.0076
1891.173,1.4579,0.0076
1891.609,1.4497,0.0076
1892.044,1.4708,0.0076
1892.480,1.4739,0.0076
1892.916,1.4553,0.0076
1893.352,1.4561,0.0076
1893.788,1.4690,0.0076
1894.224,1.4780,0.0077
1894.660,1.4827,0.0076
1895.096,1.4826,0.0076
1895.533,1.4856,0.0076
1895.969,1.4901,0.0076
1896.406,1.4808,0.0077
1896.843,1.4907,0.0077
1897.280,1.5090,0.0077
1897.716,1.5040,0.0077
1898.153,1.4994,0.0077
1898.590,1.5124,0.0076
1899.028,1.5212,0.0077
1899.465,1.5114,0.0077
1899.902,1.5082,0.0077
1900.340,1.5147,0.0077
1900.778,1.5187,0.0076
1901.215,1.5196,0.0076
1901.653,1.5158,0.0076
1902.091,1.5278,0.0076
1902.529,1.5284,0.0076
1902.967,1.5397,0.0077
1903.406,1.5454,0.0077
1903.844,1.5436,0.0077
1904.282,1.5449,0.0077
1904.721,1.5340,0.0077
1905.159,1.5284,0.0076
1905.598,1.5202,0.0075
1906.037,1.5327,0.0076
1906.476,1.5445,0.0076
1906.915,1.5466,0.0076
1907.354,1.5334,0.0076
1907.793,1.5271,0.0077
1908.233,1.5291,0.0076
1908.672,1.5237,0.0076
1909.112,1.5185,0.0076
1909.551,1.5130,0.0076
1909.991,1.5042,0.0075
1910.431,1.5155,0.0076
1910.871,1.5119,0.0075
1911.311,1.4810,0.0075
1911.751,1.4803,0.0075
1912.191,1.4856,0.0075
1912.631,1.4725,0.0074
1913.072,1.4604,0.0074
1913.512,1.4640,0.0074
1913.953,1.4457,0.0074
1914.394,1.4433,0.0075
1914.835,1.4277,0.0075
1915.276,1.4145,0.0074
1915.717,1.4301,0.0074
1916.158,1.4016,0.0073
1916.599,1.3871,0.0073
1917.041,1.3865,0.0073
1917.482,1.3774,0.0073
1917.924,1.3691,0.0073
1918.365,1.3623,0.0073
1918.807,1.3550,0.0073
1919.249,1.3423,0.0072
1919.691,1.3462,0.0072
1920.133,1.3488,0.0072
1920.575,1.3409,0.0072
1921.017,1.3285,0.0072
1921.460,1.3156,0.0072
1921.902,1.3120,0.0072
1922.345,1.3037,0.0072
1922.788,1.2928,0.0072
1923.230,1.2958,0.0071
1923.673,1.2940,0.0071
1924.116,1.2964,0.0071
1924.559,1.2841,0.0071
1925.002,1.2841,0.0071
1925.446,1.2747,0.0071
1925.889,1.2565,0.0071
1926.333,1.2593,0.0070
1926.776,1.2493,0.0070
1927.220,1.2485,0.0069
1927.664,1.2268,0.0068
1928.108,1.2278,0.0069
1928.552,1.2403,0.0070
1928.996,1.2324,0.0071
1929.440,1.2188,0.0071
1929.884,1.2229,0.0071
1930.329,1.2173,0.0071
1930.773,1.2121,0.0070
1931.218,1.2028,0.0069
1931.663,1.2020,0.0069
1932.108,1.1859,0.0068
1932.552,1.1846,0.0068
1932.997,1.1811,0.0067
1933.443,1.1700,0.0068
1933.888,1.1817,0.0069
1934.333,1.1727,0.0069
1934.779,1.1645,0.0069
1935.224,1.1653,0.0069
1935.670,1.1653,0.0069
1936.116,1.1536,0.0068
1936.562,1.1562,0.0069
1937.007,1.1661,0.0070
1937.453,1.1480,0.0069
1937.900,1.1361,0.0068
1938.346,1.1353,0.0068
1938.792,1.1349,0.0068
1939.239,1.1296,0.0068
1939.686,1.1341,0.0069
1940.132,1.1194,0.0069
1940.579,1.1185,0.0069
1941.026,1.1168,0.0069
1941.473,1.1154,0.0069
1941.920,1.1187,0.0069
1942.367,1.1126,0.0069
1942.814,1.1307,0.0068
1943.262,1.1186,0.0068
1943.709,1.1027,0.0067
1944.157,1.1133,0.0068
1944.604,1.1002,0.0068
1945.052,1.1043,0.0068
1945.500,1.0930,0.0068
1945.948,1.1043,0.0068
1946.396,1.0954,0.0067
1946.844,1.0867,0.0067
1947.293,1.0995,0.0067
1947.741,1.0879,0.0067
1948.190,1.0833,0.0068
1948.638,1.0843,0.0068
1949.087,1.0807,0.0067
1949.536,1.0824,0.0067
1949.985,1.0723,0.0067
1950.434,1.0671,0.0067
1950.883,1.0570,0.0067
1951.333,1.0679,0.0068
1951.782,1.0710,0.0068
1952.231,1.0634,0.0068
1952.681,1.0736,0.0068
1953.130,1.0643,0.0068
1953.580,1.0558,0.0068
1954.030,1.0557,0.0068
1954.480,1.0581,0.0068
1954.930,1.0518,0.0068
1955.381,1.0651,0.0068
1955.831,1.0523,0.0068
1956.281,1.0515,0.0068
1956.732,1.0415,0.0067
1957.182,1.0500,0.0066
1957.633,1.0440,0.0067
1958.084,1.0487,0.0067
1958.535,1.0367,0.0066
1958.986,1.0248,0.0066
1959.437,1.0456,0.0067
1959.888,1.0452,0.0067
1960.339,1.0446,0.0067
1960.791,1.0345,0.0067
1961.242,1.0276,0.0067
1961.694,1.0386,0.0067
1962.146,1.0294,0.0068
1962.598,1.0308,0.0068
1963.050,1.0328,0.0067
1963.502,1.0452,0.0067
1963.954,1.0296,0.0068
1964.406,1.0189,0.0067
1964.859,1.0261,0.0067
1965.311,1.0168,0.0067
1965.764,1.0335,0.0067
1966.216,1.0292,0.0067
1966.669,1.0101,0.0067
1967.122,1.0164,0.0067
1967.575,1.0122,0.0066
1968.028,1.0001,0.0065
1968.481,1.0108,0.0065
1968.935,1.0129,0.0066
1969.388,1.0125,0.0066
1969.842,1.0026,0.0066
1970.295,1.0001,0.0066
1970.749,1.0150,0.0066
1971.203,1.0048,0.0066
1971.657,1.0032,0.0066
1972.111,1.0055,0.0066
1972.565,1.0137,0.0066
1973.019,1.0068,0.0066
1973.474,0.9990,0.0066
1973.928,1.0100,0.0066
1974.383,0.9983,0.0066
1974.837,1.0034,0.0066
1975.292,1.0065,0.0066
1975.747,1.0068,0.0065
1976.202,1.0066,0.0066
1976.657,0.9928,0.0066
1977.112,1.0000,0.0066
1977.568,0.9964,0.0066
1978.023,1.0000,0.0065
1978.478,0.9857,0.0066
1978.934,0.9838,0.0065
1979.390,0.9937,0.0065
1979.845,0.9987,0.0066
1980.302,1.0008,0.0065
1980.757,1.0030,0.0065
1981.214,0.9922,0.0066
1981.670,0.9923,0.0066
1982.126,0.9929,0.0066
1982.583,0.9996,0.0065
1983.039,0.9962,0.0065
1983.496,0.9870,0.0065
1983.952,0.9858,0.0064
1984.410,0.9808,0.0064
1984.866,0.9863,0.0065
1985.323,0.9920,0.0065
1985.781,0.9886,0.0065
1986.238,0.9931,0.0065
1986.695,0.9904,0.0065
1987.153,0.9865,0.0064
1987.610,0.9878,0.0064
1988.068,0.9907,0.0064
1988.526,0.9937,0.0065
1988.984,0.9827,0.0065
1989.442,0.9873,0.0065
1989.900,0.9914,0.0065
1990.358,0.9889,0.0065
1990.817,0.9854,0.0064
1991.275,0.9838,0.0065
1991.734,0.9883,0.0065
1992.192,0.9883,0.0065
1992.651,0.9869,0.0064
1993.110,0.9818,0.0064
1993.569,0.9881,0.0064
1994.028,0.9963,0.0065
1994.488,0.9910,0.0064
1994.947,0.9766,0.0064
1995.406,0.9906,0.0065
1995.866,0.9875,0.0065
1996.325,0.9708,0.0064
1996.785,0.9846,0.0064
1997.245,0.9945,0.0065
1997.705,0.9943,0.0065
1998.165,0.9909,0.0065
1998.625,0.9859,0.0065
1999.085,0.9941,0.0065
1999.546,0.9847,0.0064
2000.006,0.9774,0.0064
2000.467,0.9826,0.0064
2000.927,0.9847,0.0064
2001.388,0.9770,0.0064
2001.849,0.9804,0.0064
2002.310,0.9843,0.0064
2002.771,0.9783,0.0064
2003.232,0.9913,0.0064
2003.693,0.9870,0.0064
2004.155,0.9797,0.0064
2004.616,0.9818,0.0064
2005.078,0.9719,0.0064
2005.540,0.9700,0.0064
2006.002,0.9783,0.0064
2006.464,0.9866,0.0065
2006.926,0.9747,0.0064
2007.388,0.9679,0.0063
2007.850,0.9754,0.0064
2008.312,0.9631,0.0064
2008.775,0.9761,0.0065
2009.238,0.9835,0.0064
2009.700,0.9727,0.0064
2010.163,0.9785,0.0064
2010.626,0.9735,0.0064
2011.089,0.9716,0.0064
2011.552,0.9658,0.0063
2012.015,0.9692,0.0064
2012.479,0.9761,0.0064
2012.942,0.9769,0.0063
2013.406,0.9760,0.0063
2013.869,0.9639,0.0063
2014.333,0.9717,0.0063
2014.797,0.9681,0.0063
2015.261,0.9648,0.0063
2015.725,0.9668,0.0063
2016.189,0.9584,0.0063
2016.653,0.9650,0.0064
2017.118,0.9621,0.0064
2017.582,0.9667,0.0064
2018.047,0.9642,0.0063
2018.512,0.9566,0.0063
2018.977,0.9648,0.0063
2019.442,0.9709,0.0064
2019.907,0.9639,0.0063
2020.372,0.9633,0.0063
2020.837,0.9563,0.0063
2021.302,0.9534,0.0063
2021.768,0.9634,0.0063
2022.233,0.9608,0.0063
2022.699,0.9618,0.0063
2023.165,0.9610,0.0062
2023.631,0.9573,0.0062
2024.097,0.9566,0.0062
2024.563,0.9569,0.0062
2025.029,0.9554,0.0062
2025.496,0.9577,0.0062
2025.962,0.9597,0.0063
2026.429,0.9650,0.0063
2026.895,0.9623,0.0063
2027.362,0.9390,0.0062
2027.829,0.9471,0.0062
2028.296,0.9648,0.0062
2028.763,0.9648,0.0062
2029.230,0.9588,0.0062
2029.697,0.9688,0.0062
2030.165,0.9591,0.0062
2030.632,0.9446,0.0062
2031.100,0.9503,0.0062
2031.568,0.9540,0.0062
2032.036,0.9497,0.0062
2032.504,0.9551,0.0063
2032.971,0.9562,0.0062
2033.440,0.9530,0.0062
2033.908,0.9548,0.0062
2034.376,0.9578,0.0062
2034.845,0.9561,0.0061
2035.313,0.9591,0.0062
2035.782,0.9556,0.0062
2036.251,0.9430,0.0062
2036.720,0.9498,0.0063
2037.189,0.9579,0.0063
2037.658,0.9645,0.0063
2038.127,0.9517,0.0062
2038.597,0.9601,0.0062
2039.066,0.9542,0.0062
2039.536,0.9444,0.0062
2040.005,0.9565,0.0062
2040.475,0.9427,0.0062
2040.945,0.9492,0.0062
2041.415,0.9566,0.0061
2041.885,0.9448,0.0061
2042.355,0.9530,0.0062
2042.826,0.9571,0.0063
2043.296,0.9594,0.0063
2043.767,0.9581,0.0063
2044.237,0.9542,0.0062
2044.708,0.9471,0.0062
2045.179,0.9473,0.0062
2045.650,0.9598,0.0062
2046.121,0.9523,0.0062
2046.592,0.9423,0.0062
2047.063,0.9554,0.0062
2047.535,0.9580,0.0063
2048.006,0.9546,0.0063
2048.478,0.9522,0.0063
2048.949,0.9714,0.0062
2049.422,0.9619,0.0062
2049.894,0.9478,0.0062
2050.365,0.9582,0.0062
2050.838,0.9682,0.0064
2051.310,0.9518,0.0065
2051.782,0.9517,0.0064
2052.255,0.9586,0.0063
2052.727,0.9550,0.0063
2053.200,0.9604,0.0064
2053.673,0.9766,0.0065
2054.146,0.9761,0.0064
2054.619,0.9664,0.0064
2055.092,0.9652,0.0064
2055.565,0.9467,0.0063
2056.039,0.9558,0.0063
2056.512,0.9567,0.0063
2056.986,0.9688,0.0063
2057.459,0.9726,0.0063
2057.933,0.9640,0.0063
2058.407,0.9688,0.0063
2058.881,0.9669,0.0063
2059.355,0.9723,0.0063
2059.830,0.9694,0.0063
2060.304,0.9669,0.0063
2060.779,0.9856,0.0064
2061.253,0.9769,0.0064
2061.728,0.9676,0.0063
2062.203,0.9755,0.0063
2062.677,0.9770,0.0063
2063.152,0.9742,0.0063
2063.627,0.9862,0.0064
2064.103,0.9774,0.0063
2064.578,0.9661,0.0063
2065.053,0.9772,0.0063
2065.529,0.9716,0.0063
2066.005,0.9836,0.0063
2066.480,0.9793,0.0063
2066.956,0.9773,0.0063
2067.432,0.9787,0.0063
2067.908,0.9703,0.0063
2068.385,0.9645,0.0063
2068.861,0.9804,0.0063
2069.337,0.9821,0.0063
2069.814,0.9743,0.0063
2070.291,0.9704,0.0062
2070.767,0.9680,0.0062
2071.244,0.9687,0.0062
2071.721,0.9643,0.0062
2072.198,0.9664,0.0063
2072.676,0.9706,0.0063
2073.153,0.9631,0.0063
2073.630,0.9725,0.0062
2074.108,0.9845,0.0062
2074.585,0.9638,0.0062
2075.063,0.9604,0.0062
2075.541,0.9683,0.0062
2076.019,0.9593,0.0062
2076.497,0.9710,0.0062
2076.975,0.9590,0.0062
2077.453,0.9652,0.0062
2077.932,0.9734,0.0062
2078.410,0.9708,0.0062
2078.889,0.9668,0.0062
2079.368,0.9672,0.0063
2079.847,0.9640,0.0063
2080.325,0.9562,0.0062
2080.804,0.9507,0.0063
2081.284,0.9533,0.0062
2081.763,0.9617,0.0063
2082.242,0.9691,0.0063
2082.722,0.9695,0.0062
2083.202,0.9449,0.0062
2083.681,0.9485,0.0062
2084.161,0.9465,0.0062
2084.641,0.9450,0.0062
2085.121,0.9510,0.0062
2085.602,0.9519,0.0062
2086.082,0.9475,0.0061
2086.562,0.9363,0.0061
2087.042,0.9574,0.0061
2087.523,0.9586,0.0061
2088.004,0.9502,0.0061
2088.485,0.9508,0.0061
2088.966,0.9466,0.0061
2089.447,0.9548,0.0061
2089.928,0.9430,0.0061
2090.409,0.9409,0.0060
2090.891,0.9449,0.0060
2091.372,0.9427,0.0060
2091.854,0.9551,0.0061
2092.335,0.9396,0.0062
2092.817,0.9493,0.0062
2093.299,0.9453,0.0061
2093.781,0.9339,0.0060
2094.263,0.9326,0.0060
2094.746,0.9247,0.0061
2095.228,0.9301,0.0061
2095.710,0.9308,0.0061
2096.193,0.9279,0.0061
2096.676,0.9361,0.0061
2097.159,0.9406,0.0061
2097.642,0.9339,0.0060
2098.125,0.9243,0.0060
2098.608,0.9350,0.0061
2099.091,0.9335,0.0060
2099.574,0.9205,0.0060
2100.058,0.9284,0.0060
2100.542,0.9244,0.0060
2101.025,0.9212,0.0061
2101.509,0.9200,0.0060
2101.993,0.9223,0.0060
2102.477,0.9226,0.0061
2102.961,0.9143,0.0061
2103.446,0.9100,0.0060
2103.930,0.9162,0.0060
2104.415,0.9172,0.0060
2104.899,0.9265,0.0061
2105.384,0.9214,0.0060
2105.869,0.9222,0.0060
2106.354,0.9139,0.0060
2106.839,0.9043,0.0059
2107.324,0.9079,0.0059
2107.809,0.9067,0.0059
2108.294,0.9015,0.0060
2108.780,0.9055,0.0060
2109.266,0.9035,0.0060
2109.751,0.9036,0.0059
2110.237,0.9053,0.0059
2110.723,0.9046,0.0059
2111.209,0.9079,0.0059
2111.696,0.8991,0.0059
2112.182,0.9033,0.0060
2112.668,0.9018,0.0059
2113.155,0.9011,0.0059
2113.641,0.9088,0.0059
2114.128,0.8928,0.0059
2114.615,0.9007,0.0059
2115.102,0.9059,0.0059
2115.589,0.9066,0.0059
2116.076,0.9025,0.0059
2116.563,0.8876,0.0059
2117.051,0.9030,0.0060
2117.539,0.9084,0.0060
2118.026,0.9038,0.0060
2118.514,0.9066,0.0059
2119.002,0.8853,0.0059
2119.490,0.8848,0.0059
2119.978,0.8881,0.0060
2120.466,0.8890,0.0060
2120.954,0.8937,0.0059
2121.443,0.8862,0.0060
2121.931,0.8974,0.0060
2122.420,0.8835,0.0060
2122.908,0.8904,0.0059
2123.397,0.8883,0.0059
2123.886,0.8793,0.0059
2124.375,0.8797,0.0059
2124.865,0.8964,0.0059
2125.354,0.8954,0.0059
2125.844,0.8710,0.0058
2126.333,0.8785,0.0058
2126.823,0.8823,0.0059
2127.312,0.8935,0.0059
2127.802,0.8838,0.0059
2128.292,0.8813,0.0059
2128.782,0.8895,0.0059
2129.273,0.8820,0.0059
2129.763,0.8716,0.0059
2130.253,0.8783,0.0059
2130.744,0.8809,0.0058
2131.235,0.8811,0.0057
2131.726,0.8853,0.0057
2132.217,0.8805,0.0057
2132.708,0.8655,0.0057
2133.198,0.8720,0.0058
2133.690,0.8775,0.0058
2134.181,0.8714,0.0058
2134.673,0.8824,0.0058
2135.164,0.8797,0.0057
2135.656,0.8783,0.0058
2136.148,0.8782,0.0058
2136.640,0.8785,0.0058
2137.132,0.8754,0.0058
2137.624,0.8649,0.0058
2138.116,0.8678,0.0058
2138.609,0.8830,0.0058
2139.101,0.8658,0.0057
2139.594,0.8675,0.0057
2140.086,0.8535,0.0057
2140.579,0.8620,0.0057
2141.072,0.8742,0.0057
2141.565,0.8670,0.0057
2142.058,0.8692,0.0057
2142.552,0.8617,0.0056
2143.045,0.8632,0.0056
2143.539,0.8743,0.0057
2144.032,0.8587,0.0057
2144.526,0.8646,0.0057
2145.020,0.8593,0.0056
2145.514,0.8562,0.0056
2146.008,0.8569,0.0057
2146.502,0.8644,0.0057
2146.996,0.8662,0.0056
2147.491,0.8579,0.0056
2147.985,0.8574,0.0056
2148.480,0.8539,0.0057
2148.975,0.8553,0.0057
2149.469,0.8525,0.0057
2149.964,0.8579,0.0057
2150.459,0.8686,0.0057
2150.955,0.8499,0.0057
2151.450,0.8529,0.0057
2151.946,0.8621,0.0057
2152.441,0.8599,0.0056
2152.937,0.8603,0.0057
2153.433,0.8446,0.0056
2153.928,0.8521,0.0056
2154.425,0.8630,0.0057
2154.921,0.8570,0.0057
2155.417,0.8482,0.0056
2155.913,0.8506,0.0056
2156.410,0.8483,0.0056
2156.906,0.8491,0.0056
2157.403,0.8572,0.0056
2157.900,0.8469,0.0056
2158.397,0.8477,0.0056
2158.894,0.8574,0.0056
2159.391,0.8465,0.0056
2159.888,0.8423,0.0056
2160.386,0.8543,0.0056
2160.883,0.8522,0.0056
2161.381,0.8545,0.0056
2161.879,0.8481,0.0056
2162.376,0.8459,0.0056
2162.874,0.8556,0.0056
2163.372,0.8566,0.0056
2163.871,0.8603,0.0057
2164.369,0.8416,0.0056
2164.867,0.8434,0.0055
2165.366,0.8549,0.0056
2165.865,0.8437,0.0056
2166.363,0.8489,0.0056
2166.862,0.8505,0.0057
2167.361,0.8485,0.0056
2167.860,0.8448,0.0056
2168.359,0.8419,0.0055
2168.859,0.8423,0.0055
2169.358,0.8421,0.0055
2169.858,0.8467,0.0055
2170.357,0.8529,0.0055
2170.857,0.8528,0.0056
2171.357,0.8508,0.0055
2171.857,0.8429,0.0055
2172.357,0.8455,0.0055
2172.858,0.8462,0.0056
2173.358,0.8518,0.0056
2173.859,0.8423,0.0056
2174.359,0.8419,0.0056
2174.860,0.8582,0.0055
2175.361,0.8522,0.0055
2175.862,0.8299,0.0055
2176.363,0.8418,0.0056
2176.864,0.8490,0.0056
2177.365,0.8477,0.0056
2177.867,0.8506,0.0056
2178.368,0.8476,0.0056
2178.870,0.8520,0.0055
2179.372,0.8485,0.0055
2179.874,0.8443,0.0056
2180.375,0.8341,0.0056
2180.877,0.8371,0.0055
2181.380,0.8405,0.0055
2181.882,0.8290,0.0055
2182.385,0.8413,0.0055
2182.887,0.8311,0.0055
2183.390,0.8371,0.0055
2183.893,0.8435,0.0055
2184.396,0.8234,0.0055
2184.899,0.8295,0.0055
2185.402,0.8338,0.0055
2185.905,0.8395,0.0055
2186.408,0.8347,0.0054
2186.912,0.8269,0.0055
2187.416,0.8389,0.0056
2187.919,0.8379,0.0056
2188.423,0.8311,0.0055
2188.927,0.8282,0.0055
2189.431,0.8214,0.0055
2189.935,0.8236,0.0055
2190.440,0.8295,0.0055
2190.944,0.8387,0.0055
2191.448,0.8252,0.0055
2191.953,0.8226,0.0055
2192.458,0.8225,0.0055
2192.963,0.8258,0.0055
2193.468,0.8371,0.0055
2193.973,0.8301,0.0055
2194.478,0.8247,0.0054
2194.984,0.8246,0.0055
2195.489,0.8224,0.0055
2195.995,0.8252,0.0055
2196.500,0.8087,0.0055
2197.006,0.8124,0.0055
2197.512,0.8192,0.0055
2198.018,0.8209,0.0055
2198.524,0.8180,0.0054
2199.031,0.8184,0.0054
2199.537,0.8181,0.0054
2200.044,0.8122,0.0054
2200.550,0.8117,0.0054
2201.057,0.8195,0.0054
2201.564,0.8273,0.0054
2202.071,0.8121,0.0054
2202.578,0.8177,0.0054
2203.085,0.8266,0.0054
2203.593,0.8134,0.0054
2204.100,0.8223,0.0055
2204.607,0.8266,0.0055
2205.115,0.8280,0.0055
2205.623,0.8160,0.0054
2206.131,0.8287,0.0054
2206.639,0.8355,0.0054
2207.147,0.8102,0.0053
2207.655,0.8198,0.0053
2208.164,0.8151,0.0053
2208.672,0.8190,0.0053
2209.181,0.8246,0.0053
2209.690,0.8182,0.0053
2210.198,0.8261,0.0053
2210.708,0.8231,0.0053
2211.217,0.8225,0.0053
2211.726,0.8308,0.0053
2212.235,0.8207,0.0053
2212.745,0.8227,0.0053
2213.254,0.8200,0.0053
2213.764,0.8207,0.0053
2214.273,0.8157,0.0053
2214.784,0.8218,0.0053
2215.294,0.8264,0.0053
2215.804,0.8250,0.0053
2216.314,0.8280,0.0053
2216.824,0.8223,0.0053
2217.335,0.8224,0.0053
2217.845,0.8180,0.0053
2218.356,0.8131,0.0053
2218.867,0.8222,0.0052
2219.378,0.8122,0.0052
2219.889,0.8316,0.0053
2220.400,0.8319,0.0053
2220.912,0.8184,0.0053
2221.423,0.8193,0.0052
2221.935,0.8237,0.0052
2222.447,0.8220,0.0052
2222.958,0.8269,0.0052
2223.470,0.8157,0.0052
2223.982,0.8112,0.0052
2224.494,0.8235,0.0052
2225.007,0.8147,0.0052
2225.519,0.8106,0.0052
2226.031,0.8175,0.0052
2226.544,0.8259,0.0052
2227.057,0.8189,0.0052
2227.570,0.8150,0.0051
2228.083,0.8174,0.0052
2228.596,0.8233,0.0051
2229.109,0.8166,0.0051
2229.622,0.8155,0.0051
2230.136,0.8112,0.0052
2230.649,0.8162,0.0052
2231.163,0.8134,0.0052
2231.677,0.8132,0.0052
2232.191,0.8169,0.0051
2232.705,0.8210,0.0052
2233.219,0.8091,0.0052
2233.733,0.8123,0.0052
2234.248,0.8110,0.0052
2234.762,0.8160,0.0052
2235.277,0.8156,0.0052
2235.792,0.8077,0.0052
2236.306,0.8020,0.0051
2236.821,0.8014,0.0051
2237.336,0.8026,0.0051
2237.852,0.8063,0.0051
2238.367,0.7996,0.0051
2238.882,0.8010,0.0051
2239.398,0.8037,0.0052
2239.914,0.7971,0.0052
2240.429,0.8057,0.0052
2240.945,0.8079,0.0051
2241.461,0.8110,0.0051
2241.978,0.8009,0.0051
2242.494,0.8094,0.0051
2243.010,0.8042,0.0051
2243.527,0.8059,0.0051
2244.043,0.8111,0.0051
2244.560,0.8088,0.0051
2245.077,0.8040,0.0051
2245.594,0.8120,0.0051
2246.111,0.8115,0.0051
2246.629,0.7970,0.0051
2247.146,0.8137,0.0052
2247.663,0.8107,0.0052
2248.181,0.8053,0.0052
2248.699,0.8099,0.0052
2249.217,0.8023,0.0052
2249.735,0.7978,0.0052
2250.253,0.8111,0.0052
2250.771,0.8058,0.0051
2251.289,0.8104,0.0051
2251.808,0.8191,0.0052
2252.326,0.8146,0.0052
2252.845,0.8152,0.0052
2253.364,0.8120,0.0051
2253.883,0.8066,0.0051
2254.402,0.8033,0.0051
2254.921,0.7977,0.0051
2255.440,0.8079,0.0051
2255.959,0.8083,0.0051
2256.479,0.7980,0.0050
2256.999,0.8088,0.0051
2257.518,0.8100,0.0051
2258.038,0.8173,0.0051
2258.558,0.8166,0.0052
2259.078,0.8133,0.0052
2259.599,0.8199,0.0051
2260.119,0.8230,0.0051
2260.639,0.8089,0.0052
2261.160,0.8120,0.0052
2261.681,0.8130,0.0052
2262.201,0.8145,0.0051
2262.722,0.8130,0.0051
2263.243,0.8100,0.0052
2263.765,0.8053,0.0051
2264.286,0.8101,0.0051
2264.807,0.8127,0.0051
2265.329,0.8111,0.0051
2265.851,0.8119,0.0051
2266.373,0.8195,0.0051
2266.895,0.8157,0.0051
2267.417,0.8173,0.0051
2267.939,0.8196,0.0051
2268.461,0.8167,0.0051
2268.983,0.8147,0.0051
2269.506,0.8132,0.0051
2270.028,0.8164,0.0051
2270.551,0.8232,0.0051
2271.074,0.8171,0.0051
2271.597,0.8182,0.0051
2272.120,0.8229,0.0051
2272.643,0.8239,0.0051
2273.167,0.8191,0.0051
2273.690,0.8174,0.0051
2274.214,0.8214,0.0051
2274.738,0.8170,0.0051
2275.261,0.8089,0.0051
2275.785,0.8187,0.0052
2276.309,0.8193,0.0052
2276.833,0.8263,0.0052
2277.358,0.8200,0.0052
2277.882,0.8209,0.0051
2278.407,0.8279,0.0051
2278.931,0.8164,0.0050
2279.456,0.8292,0.0050
2279.981,0.8274,0.0050
2280.506,0.8210,0.0050
2281.031,0.8283,0.0050
2281.557,0.8294,0.0051
2282.082,0.8226,0.0050
2282.608,0.8270,0.0050
2283.133,0.8345,0.0051
2283.659,0.8258,0.0051
2284.185,0.8257,0.0051
2284.711,0.8249,0.0052
2285.237,0.8240,0.0052
2285.763,0.8368,0.0051
2286.290,0.8277,0.0051
2286.816,0.8290,0.0051
2287.343,0.8344,0.0051
2287.870,0.8289,0.0051
2288.396,0.8274,0.0050
2288.924,0.8205,0.0050
2289.451,0.8415,0.0050
2289.978,0.8313,0.0050
2290.505,0.8309,0.0050
2291.033,0.8385,0.0050
2291.560,0.8341,0.0050
2292.088,0.8312,0.0050
2292.616,0.8344,0.0050
2293.144,0.8339,0.0050
2293.672,0.8361,0.0050
2294.200,0.8358,0.0050
2294.728,0.8340,0.0051
2295.257,0.8341,0.0051
2295.785,0.8377,0.0051
2296.314,0.8331,0.0051
2296.843,0.8369,0.0051
2297.372,0.8368,0.0051
2297.901,0.8411,0.0051
2298.430,0.8403,0.0050
2298.959,0.8355,0.0050
2299.489,0.8374,0.0050
2300.018,0.8392,0.0050
2300.548,0.8370,0.0050
2301.078,0.8389,0.0050
2301.608,0.8425,0.0050
2302.137,0.8526,0.0050
2302.668,0.8447,0.0050
2303.198,0.8413,0.0050
2303.729,0.8344,0.0050
2304.259,0.8403,0.0049
2304.790,0.8378,0.0049
2305.320,0.8317,0.0049
2305.851,0.8394,0.0049
2306.382,0.8453,0.0049
2306.913,0.8470,0.0050
2307.445,0.8440,0.0050
2307.976,0.8454,0.0050
2308.508,0.8447,0.0050
2309.039,0.8436,0.0050
2309.571,0.8417,0.0050
2310.103,0.8462,0.0050
2310.635,0.8438,0.0050
2311.167,0.8526,0.0050
2311.699,0.8502,0.0050
2312.231,0.8388,0.0049
2312.764,0.8438,0.0049
2313.296,0.8528,0.0050
2313.829,0.8405,0.0049
2314.362,0.8384,0.0049
2314.895,0.8487,0.0050
2315.428,0.8454,0.0050
2315.961,0.8465,0.0050
2316.495,0.8441,0.0050
2317.028,0.8490,0.0050
2317.562,0.8494,0.0050
2318.095,0.8482,0.0050
2318.629,0.8560,0.0050
2319.163,0.8554,0.0050
2319.697,0.8600,0.0050
2320.231,0.8546,0.0050
2320.766,0.8616,0.0050
2321.300,0.8546,0.0050
2321.834,0.8572,0.0050
2322.369,0.8599,0.0050
2322.904,0.8604,0.0050
2323.439,0.8533,0.0050
2323.974,0.8539,0.0050
2324.509,0.8532,0.0050
2325.044,0.8497,0.0050
2325.580,0.8492,0.0050
2326.115,0.8533,0.0050
2326.651,0.8452,0.0050
2327.187,0.8473,0.0049
2327.723,0.8549,0.0049
2328.259,0.8574,0.0049
2328.795,0.8558,0.0049
2329.331,0.8510,0.0049
2329.868,0.8508,0.0049
2330.405,0.8681,0.0050
2330.941,0.8591,0.0049
2331.478,0.8532,0.0049
2332.015,0.8517,0.0049
2332.552,0.8412,0.0049
2333.089,0.8456,0.0049
2333.626,0.8579,0.0049
2334.164,0.8429,0.0050
2334.701,0.8431,0.0050
2335.239,0.8566,0.0050
2335.776,0.8483,0.0049
2336.314,0.8432,0.0049
2336.853,0.8522,0.0050
2337.391,0.8572,0.0051
2337.929,0.8382,0.0050
2338.467,0.8427,0.0050
2339.006,0.8421,0.0049
2339.544,0.8432,0.0049
2340.083,0.8463,0.0049
2340.622,0.8486,0.0049
2341.161,0.8473,0.0049
2341.700,0.8440,0.0049
2342.240,0.8438,0.0049
2342.779,0.8294,0.0049
2343.318,0.8321,0.0049
2343.858,0.8293,0.0049
2344.398,0.8286,0.0049
2344.938,0.8338,0.0049
2345.478,0.8321,0.0049
2346.018,0.8368,0.0048
2346.558,0.8314,0.0048
2347.098,0.8349,0.0048
2347.639,0.8409,0.0049
2348.179,0.8489,0.0049
2348.720,0.8396,0.0049
2349.261,0.8328,0.0049
2349.802,0.8342,0.0049
2350.343,0.8369,0.0049
2350.885,0.8266,0.0049
2351.426,0.8385,0.0048
2351.967,0.8337,0.0048
2352.509,0.8192,0.0048
2353.051,0.8179,0.0048
2353.593,0.8191,0.0048
2354.135,0.8273,0.0048
2354.677,0.8273,0.0048
2355.219,0.8342,0.0048
2355.761,0.8290,0.0048
2356.304,0.8201,0.0048
2356.846,0.8380,0.0049
2357.389,0.8230,0.0049
2357.932,0.8176,0.0049
2358.475,0.8232,0.0049
2359.018,0.8282,0.0049
2359.561,0.8143,0.0049
2360.105,0.8174,0.0049
2360.648,0.8245,0.0049
2361.192,0.8252,0.0049
2361.736,0.8254,0.0048
2362.280,0.8244,0.0048
2362.823,0.8243,0.0048
2363.368,0.8220,0.0048
2363.912,0.8209,0.0048
2364.456,0.8182,0.0048
2365.001,0.8220,0.0048
2365.545,0.8215,0.0048
2366.090,0.8192,0.0048
2366.635,0.8042,0.0047
2367.180,0.8079,0.0047
2367.725,0.8140,0.0048
2368.270,0.8184,0.0048
2368.816,0.8230,0.0049
2369.361,0.8290,0.0049
2369.907,0.8224,0.0049
2370.453,0.8107,0.0049
2370.999,0.8177,0.0048
2371.545,0.8193,0.0048
2372.091,0.8153,0.0048
2372.637,0.8133,0.0048
2373.183,0.8118,0.0049
2373.730,0.8090,0.0048
2374.276,0.8156,0.0048
2374.823,0.8310,0.0048
2375.370,0.8236,0.0048
2375.917,0.8220,0.0048
2376.464,0.8189,0.0048
2377.011,0.8180,0.0048
2377.559,0.8245,0.0048
2378.106,0.8218,0.0048
2378.654,0.8167,0.0048
2379.202,0.8123,0.0048
2379.750,0.8144,0.0047
2380.298,0.8104,0.0047
2380.846,0.8141,0.0048
2381.394,0.8201,0.0048
2381.943,0.8105,0.0048
2382.491,0.8167,0.0048
2383.040,0.8211,0.0048
2383.589,0.8196,0.0048
2384.137,0.8253,0.0048
2384.687,0.8169,0.0047
2385.236,0.8106,0.0048
2385.785,0.8148,0.0048
2386.334,0.8269,0.0048
2386.884,0.8232,0.0047
2387.434,0.8142,0.0047
2387.983,0.8216,0.0047
2388.533,0.8262,0.0048
2389.083,0.8182,0.0048
2389.634,0.8141,0.0047
2390.184,0.8160,0.0047
2390.734,0.8086,0.0048
2391.285,0.8051,0.0047
2391.835,0.8074,0.0047
2392.386,0.8129,0.0047
2392.937,0.8059,0.0047
2393.488,0.8126,0.0048
2394.039,0.8220,0.0048
2394.591,0.8172,0.0048
2395.142,0.8067,0.0048
2395.694,0.8128,0.0048
2396.245,0.8137,0.0047
2396.797,0.8098,0.0047
2397.349,0.8201,0.0047
2397.901,0.8215,0.0047
2398.453,0.8245,0.0047
2399.006,0.8188,0.0047
2399.558,0.8228,0.0048
2400.111,0.8201,0.0048
2400.664,0.8198,0.0048
2401.216,0.8085,0.0048
2401.769,0.8114,0.0047
2402.322,0.8257,0.0047
2402.875,0.8271,0.0047
2403.429,0.8244,0.0047
2403.982,0.8111,0.0047
2404.536,0.8136,0.0047
2405.090,0.8220,0.0047
2405.644,0.8169,0.0048
2406.198,0.8247,0.0048
2406.752,0.8262,0.0048
2407.306,0.8233,0.0048
2407.860,0.8231,0.0048
2408.415,0.8188,0.0048
2408.969,0.8249,0.0048
2409.524,0.8255,0.0048
2410.079,0.8213,0.0048
2410.634,0.8343,0.0049
2411.189,0.8376,0.0049
2411.744,0.8110,0.0049
2412.300,0.8251,0.0048
2412.855,0.8401,0.0049
2413.411,0.8303,0.0049
2413.967,0.8197,0.0049
2414.522,0.8187,0.0048
2415.079,0.8246,0.0049
2415.635,0.8280,0.0049
2416.191,0.8213,0.0048
2416.747,0.8264,0.0048
2417.304,0.8275,0.0048
2417.861,0.8309,0.0048
2418.417,0.8297,0.0049
2418.975,0.8326,0.0048
2419.531,0.8391,0.0048
2420.089,0.8249,0.0048
2420.646,0.8379,0.0049
2421.203,0.8305,0.0048
2421.761,0.8284,0.0048
2422.319,0.8414,0.0048
2422.876,0.8346,0.0048
2423.435,0.8433,0.0049
2423.992,0.8437,0.0049
2424.551,0.8298,0.0048
2425.109,0.8473,0.0048
2425.667,0.8358,0.0048
2426.226,0.8319,0.0049
2426.785,0.8429,0.0049
2427.344,0.8345,0.0048
2427.903,0.8248,0.0049
2428.462,0.8433,0.0049
2429.021,0.8365,0.0048
2429.581,0.8314,0.0048
2430.140,0.8375,0.0048
2430.700,0.8267,0.0048
2431.259,0.8245,0.0047
2431.819,0.8343,0.0047
2432.379,0.8268,0.0047
2432.939,0.8307,0.0048
2433.500,0.8277,0.0048
2434.060,0.8272,0.0048
2434.621,0.8371,0.0048
2435.181,0.8348,0.0047
2435.742,0.8236,0.0047
2436.303,0.8184,0.0047
2436.864,0.8188,0.0047
2437.425,0.8180,0.0047
2437.987,0.8166,0.0047
2438.548,0.8275,0.0047
2439.109,0.8281,0.0048
2439.671,0.8216,0.0048
2440.233,0.8157,0.0048
2440.795,0.8230,0.0047
2441.357,0.8109,0.0047
2441.919,0.8176,0.0047
2442.481,0.8245,0.0047
2443.044,0.8208,0.0048
2443.607,0.8209,0.0049
2444.169,0.8136,0.0049
2444.732,0.8141,0.0048
2445.295,0.8157,0.0048
2445.858,0.8084,0.0047
2446.422,0.8151,0.0047
2446.985,0.8213,0.0048
2447.548,0.8159,0.0048
2448.112,0.8123,0.0048
2448.676,0.8108,0.0048
2449.240,0.8059,0.0047
2449.804,0.8086,0.0047
2450.368,0.8165,0.0047
2450.932,0.8108,0.0047
2451.497,0.8081,0.0048
2452.061,0.8122,0.0048
2452.626,0.8147,0.0048
2453.191,0.8132,0.0048
2453.755,0.8100,0.0048
2454.321,0.8097,0.0049
2454.886,0.8060,0.0049
2455.451,0.8032,0.0049
2456.017,0.8027,0.0049
2456.582,0.8038,0.0049
2457.148,0.8078,0.0048
2457.714,0.8064,0.0047
2458.280,0.8169,0.0048
2458.846,0.8086,0.0048
2459.412,0.8063,0.0048
2459.978,0.8094,0.0049
2460.545,0.8100,0.0049
2461.111,0.8090,0.0048
2461.678,0.8087,0.0048
2462.245,0.8121,0.0048
2462.812,0.8059,0.0047
2463.379,0.8117,0.0047
2463.947,0.8068,0.0048
2464.514,0.8121,0.0049
2465.082,0.8104,0.0049
2465.649,0.8162,0.0049
2466.217,0.8200,0.0049
2466.785,0.8234,0.0048
2467.353,0.8120,0.0048
2467.921,0.8072,0.0048
2468.490,0.8128,0.0048
2469.058,0.8119,0.0048
2469.626,0.8139,0.0048
2470.195,0.8166,0.0048
2470.764,0.8169,0.0048
2471.333,0.8196,0.0048
2471.902,0.8152,0.0048
2472.471,0.8166,0.0048
2473.041,0.8145,0.0048
2473.610,0.8083,0.0047
2474.180,0.8180,0.0048
2474.750,0.8101,0.0048
2475.320,0.8089,0.0047
2475.890,0.8093,0.0048
2476.460,0.8123,0.0048
2477.030,0.8059,0.0048
2477.601,0.7977,0.0048
2478.171,0.8062,0.0048
2478.742,0.8011,0.0048
2479.313,0.8054,0.0048
2479.884,0.8008,0.0047
2480.455,0.7994,0.0047
2481.026,0.8125,0.0047
2481.597,0.8081,0.0047
2482.169,0.8064,0.0047
2482.740,0.8036,0.0047
2483.312,0.8079,0.0047
2483.884,0.8123,0.0047
2484.456,0.8036,0.0047
2485.028,0.7984,0.0047
2485.600,0.8001,0.0047
2486.173,0.8007,0.0047
2486.745,0.8014,0.0047
2487.318,0.8043,0.0047
2487.891,0.8093,0.0048
2488.463,0.8104,0.0048
2489.037,0.8034,0.0048
2489.610,0.8070,0.0049
2490.183,0.8139,0.0049
2490.757,0.8144,0.0049
2491.330,0.7981,0.0049
2491.904,0.8014,0.0048
2492.478,0.7984,0.0048
2493.052,0.7999,0.0049
2493.626,0.7933,0.0049
2494.200,0.7918,0.0048
2494.774,0.8070,0.0048
2495.349,0.8053,0.0048
2495.924,0.7862,0.0048
2496.499,0.7990,0.0048
2497.073,0.7915,0.0047
2497.648,0.7892,0.0047
2498.224,0.7920,0.0047
2498.799,0.7916,0.0047
2499.374,0.7958,0.0047
2499.950,0.7947,0.0046
2500.526,0.7978,0.0047
2501.101,0.7940,0.0047
2501.677,0.7974,0.0047
2502.253,0.7898,0.0047
2502.830,0.7915,0.0047
2503.406,0.8058,0.0048
2503.982,0.8032,0.0048
2504.559,0.8067,0.0048
2505.136,0.7943,0.0048
2505.713,0.7870,0.0048
2506.290,0.7896,0.0048
2506.867,0.7987,0.0048
2507.444,0.7911,0.0049
2508.022,0.8041,0.0049
2508.599,0.7902,0.0048
2509.177,0.7845,0.0047
2509.755,0.7954,0.0048
2510.333,0.8017,0.0048
2510.911,0.7981,0.0048
2511.489,0.7889,0.0048
2512.067,0.7872,0.0048
2512.646,0.7995,0.0048
2513.224,0.7830,0.0047
2513.803,0.7803,0.0047
2514.382,0.7864,0.0048
2514.961,0.7987,0.0048
2515.540,0.7990,0.0048
2516.120,0.7960,0.0048
2516.699,0.7999,0.0048
2517.279,0.7891,0.0048
2517.858,0.7791,0.0048
2518.438,0.7804,0.0047
2519.018,0.7816,0.0048
2519.598,0.7884,0.0048
2520.178,0.7926,0.0048
2520.759,0.7827,0.0048
2521.339,0.7858,0.0048
2521.920,0.7840,0.0048
2522.501,0.7813,0.0048
2523.082,0.7855,0.0048
2523.663,0.7912,0.0049
2524.244,0.7768,0.0049
2524.825,0.7778,0.0049
2525.406,0.7815,0.0048
2525.988,0.7843,0.0048
2526.570,0.7766,0.0048
2527.152,0.7867,0.0048
2527.733,0.7771,0.0048
2528.316,0.7811,0.0048
2528.898,0.7811,0.0048
2529.480,0.7711,0.0048
2530.063,0.7786,0.0048
2530.646,0.7805,0.0048
2531.228,0.7657,0.0049
2531.811,0.7613,0.0049
2532.394,0.7770,0.0049
2532.977,0.7762,0.0050
2533.561,0.7890,0.0050
2534.144,0.7814,0.0050
2534.728,0.7784,0.0050
2535.311,0.7724,0.0049
2535.895,0.7713,0.0049
2536.479,0.7681,0.0049
2537.063,0.7690,0.0049
2537.647,0.7758,0.0049
2538.232,0.7776,0.0049
2538.816,0.7694,0.0049
2539.401,0.7702,0.0048
2539.986,0.7778,0.0049
2540.571,0.7637,0.0049
2541.156,0.7678,0.0049
2541.741,0.7756,0.0048
2542.326,0.7661,0.0048
2542.912,0.7752,0.0049
2543.498,0.7753,0.0049
2544.083,0.7603,0.0049
2544.669,0.7717,0.0048
2545.255,0.7693,0.0048
2545.841,0.7758,0.0049
2546.427,0.7795,0.0049
2547.014,0.7662,0.0049
2547.600,0.7598,0.0048
2548.187,0.7601,0.0048
2548.774,0.7574,0.0048
2549.361,0.7663,0.0048
2549.948,0.7504,0.0048
2550.535,0.7556,0.0048
2551.122,0.7615,0.0048
2551.710,0.7609,0.0048
2552.297,0.7670,0.0048
2552.885,0.7668,0.0048
2553.473,0.7658,0.0048
2554.061,0.7718,0.0048
2554.649,0.7648,0.0048
2555.238,0.7594,0.0048
2555.826,0.7614,0.0048
2556.415,0.7601,0.0048
2557.003,0.7628,0.0048
2557.592,0.7551,0.0048
2558.181,0.7590,0.0048
2558.770,0.7616,0.0048
2559.360,0.7583,0.0048
2559.949,0.7703,0.0049
2560.538,0.7592,0.0049
2561.128,0.7577,0.0048
2561.718,0.7603,0.0047
2562.308,0.7603,0.0048
2562.898,0.7611,0.0048
2563.488,0.7577,0.0048
2564.078,0.7554,0.0047
2564.669,0.7477,0.0047
2565.259,0.7507,0.0047
2565.850,0.7602,0.0048
2566.441,0.7625,0.0048
2567.032,0.7528,0.0048
2567.623,0.7485,0.0048
2568.214,0.7509,0.0048
2568.806,0.7505,0.0048
2569.397,0.7488,0.0048
2569.989,0.7564,0.0049
2570.581,0.7542,0.0050
2571.173,0.7508,0.0050
2571.765,0.7513,0.0049
2572.357,0.7486,0.0049
2572.950,0.7551,0.0050
2573.542,0.7551,0.0049
2574.135,0.7458,0.0049
2574.728,0.7446,0.0049
2575.321,0.7458,0.0048
2575.914,0.7512,0.0048
2576.507,0.7462,0.0048
2577.100,0.7503,0.0048
2577.694,0.7469,0.0048
2578.287,0.7463,0.0048
2578.881,0.7486,0.0048
2579.475,0.7561,0.0049
2580.069,0.7508,0.0049
2580.663,0.7382,0.0048
2581.257,0.7427,0.0048
2581.852,0.7459,0.0049
2582.446,0.7418,0.0049
2583.041,0.7376,0.0049
2583.636,0.7394,0.0048
2584.231,0.7400,0.0048
2584.826,0.7373,0.0048
2585.421,0.7449,0.0049
2586.017,0.7472,0.0049
2586.612,0.7526,0.0049
2587.208,0.7332,0.0048
2587.803,0.7363,0.0049
2588.399,0.7409,0.0049
2588.996,0.7300,0.0049
2589.592,0.7369,0.0049
2590.188,0.7341,0.0049
2590.784,0.7367,0.0049
2591.381,0.7378,0.0050
2591.978,0.7311,0.0050
2592.575,0.7324,0.0050
2593.172,0.7467,0.0049
2593.769,0.7402,0.0048
2594.366,0.7336,0.0048
2594.964,0.7355,0.0048
2595.561,0.7276,0.0048
2596.159,0.7313,0.0049
2596.757,0.7292,0.0048
2597.355,0.7308,0.0048
2597.953,0.7447,0.0049
2598.551,0.7370,0.0049
2599.150,0.7347,0.0049
2599.748,0.7300,0.0049
2600.347,0.7202,0.0049
2600.946,0.7356,0.0049
2601.545,0.7469,0.0050
2602.144,0.7276,0.0050
2602.743,0.7255,0.0051
2603.342,0.7250,0.0051
2603.942,0.7205,0.0050
2604.542,0.7257,0.0050
2605.141,0.7229,0.0049
2605.741,0.7310,0.0049
2606.341,0.7397,0.0050
2606.942,0.7336,0.0050
2607.542,0.7323,0.0050
2608.142,0.7318,0.0051
2608.743,0.7296,0.0050
2609.344,0.7332,0.0049
2609.945,0.7237,0.0048
2610.545,0.7324,0.0048
2611.147,0.7348,0.0049
2611.748,0.7255,0.0049
2612.350,0.7243,0.0049
2612.951,0.7276,0.0049
2613.553,0.7364,0.0050
2614.155,0.7296,0.0050
2614.757,0.7225,0.0050
2615.359,0.7260,0.0050
2615.961,0.7331,0.0049
2616.563,0.7341,0.0050
2617.166,0.7293,0.0050
2617.769,0.7232,0.0050
2618.372,0.7280,0.0050
2618.975,0.7189,0.0050
2619.578,0.7260,0.0049
2620.181,0.7218,0.0049
2620.784,0.7308,0.0049
2621.388,0.7195,0.0049
2621.992,0.7157,0.0049
2622.595,0.7296,0.0050
2623.199,0.7416,0.0050
2623.803,0.7339,0.0050
2624.408,0.7274,0.0050
2625.012,0.7222,0.0049
2625.616,0.7191,0.0050
2626.221,0.7332,0.0051
2626.826,0.7333,0.0051
2627.431,0.7164,0.0051
2628.036,0.7288,0.0051
2628.641,0.7251,0.0050
2629.246,0.7258,0.0051
2629.852,0.7225,0.0051
2630.457,0.7242,0.0051
2631.063,0.7297,0.0050
2631.669,0.7143,0.0049
2632.275,0.7200,0.0050
2632.881,0.7254,0.0050
2633.488,0.7213,0.0050
2634.094,0.7097,0.0049
2634.701,0.7101,0.0050
2635.307,0.7205,0.0051
2635.914,0.7168,0.0051
2636.521,0.7216,0.0051
2637.128,0.7119,0.0050
2637.736,0.7098,0.0050
2638.343,0.7186,0.0050
2638.951,0.7101,0.0050
2639.558,0.7086,0.0051
2640.166,0.7147,0.0051
2640.774,0.7078,0.0051
2641.382,0.7097,0.0050
2641.991,0.7077,0.0050
2642.599,0.7059,0.0050
2643.208,0.7081,0.0051
2643.816,0.7027,0.0052
2644.425,0.7011,0.0052
2645.034,0.6966,0.0051
2645.643,0.7028,0.0050
2646.252,0.6992,0.0050
2646.862,0.7058,0.0050
2647.471,0.6995,0.0051
2648.081,0.6967,0.0051
2648.691,0.6991,0.0051
2649.301,0.6894,0.0050
2649.911,0.6927,0.0050
2650.521,0.7011,0.0050
2651.132,0.6910,0.0049
2651.742,0.6902,0.0049
2652.353,0.6942,0.0049
2652.964,0.6937,0.0050
2653.574,0.6930,0.0051
2654.186,0.6927,0.0051
2654.797,0.6905,0.0050
2655.408,0.6947,0.0051
2656.020,0.6927,0.0051
2656.631,0.6850,0.0050
2657.243,0.6897,0.0050
2657.855,0.6842,0.0050
2658.467,0.6921,0.0051
2659.079,0.6949,0.0051
2659.692,0.6905,0.0051
2660.304,0.6875,0.0050
2660.917,0.6872,0.0050
2661.529,0.6794,0.0050
2662.142,0.6869,0.0050
2662.755,0.6900,0.0051
2663.369,0.6866,0.0050
2663.982,0.6825,0.0050
2664.595,0.6877,0.0049
2665.209,0.6935,0.0049
2665.823,0.6772,0.0049
2666.437,0.6870,0.0049
2667.051,0.7010,0.0050
2667.665,0.6957,0.0050
2668.279,0.6958,0.0050
2668.894,0.6917,0.0049
2669.508,0.6925,0.0049
2670.123,0.6845,0.0049
2670.738,0.6881,0.0050
2671.353,0.6916,0.0051
2671.968,0.6915,0.0051
2672.583,0.7030,0.0052
2673.199,0.7103,0.0053
2673.815,0.7028,0.0053
2674.430,0.6912,0.0052
2675.046,0.6964,0.0052
2675.662,0.6888,0.0052
2676.278,0.6880,0.0052
2676.895,0.6833,0.0050
2677.511,0.6861,0.0050
2678.128,0.6989,0.0050
2678.744,0.6943,0.0051
2679.361,0.6951,0.0050
2679.978,0.6955,0.0050
2680.595,0.6927,0.0049
2681.213,0.6928,0.0049
2681.830,0.6970,0.0050
2682.448,0.6957,0.0050
2683.065,0.7005,0.0050
2683.683,0.7062,0.0051
2684.301,0.6999,0.0051
2684.920,0.7050,0.0052
2685.538,0.7010,0.0051
2686.156,0.6946,0.0051
2686.775,0.6864,0.0052
2687.394,0.7022,0.0052
2688.012,0.6993,0.0052
2688.632,0.6849,0.0051
2689.251,0.6906,0.0051
2689.870,0.6955,0.0051
2690.490,0.6903,0.0052
2691.109,0.6904,0.0052
2691.729,0.6921,0.0052
2692.348,0.6983,0.0052
2692.969,0.6914,0.0051
2693.589,0.7060,0.0051
2694.209,0.7043,0.0051
2694.830,0.6901,0.0051
2695.450,0.7067,0.0052
2696.071,0.6969,0.0052
2696.692,0.6875,0.0051
2697.313,0.7010,0.0051
2697.934,0.6974,0.0051
2698.555,0.6913,0.0052
2699.177,0.7066,0.0053
2699.798,0.7024,0.0054
2700.420,0.6916,0.0054
2701.042,0.6838,0.0054
2701.664,0.6798,0.0054
2702.286,0.6946,0.0054
2702.908,0.6946,0.0054
2703.531,0.6946,0.0053
2704.153,0.6935,0.0052
2704.776,0.6925,0.0053
2705.399,0.7105,0.0053
2706.022,0.7019,0.0052
2706.645,0.7004,0.0052
2707.268,0.7001,0.0051
2707.892,0.6935,0.0051
2708.515,0.6995,0.0052
2709.139,0.7008,0.0052
2709.763,0.7070,0.0053
2710.387,0.7095,0.0054
2711.011,0.7006,0.0053
2711.635,0.7051,0.0053
2712.260,0.7029,0.0052
2712.884,0.7114,0.0052
2713.509,0.7006,0.0052
2714.134,0.6940,0.0052
2714.759,0.6985,0.0053
2715.384,0.7094,0.0052
2716.010,0.7155,0.0053
2716.635,0.7078,0.0053
2717.260,0.7071,0.0052
2717.886,0.7030,0.0052
2718.512,0.6939,0.0052
2719.138,0.7058,0.0051
2719.764,0.7139,0.0053
2720.391,0.7243,0.0054
2721.017,0.7238,0.0055
2721.644,0.7133,0.0054
2722.271,0.7128,0.0053
2722.897,0.7165,0.0053
2723.524,0.7035,0.0053
2724.152,0.7074,0.0053
2724.779,0.7176,0.0052
2725.406,0.7118,0.0052
2726.034,0.7147,0.0053
2726.662,0.7296,0.0054
2727.290,0.7163,0.0053
2727.918,0.7194,0.0054
2728.546,0.7227,0.0055
2729.174,0.7230,0.0055
2729.803,0.7353,0.0055
2730.431,0.7259,0.0055
2731.060,0.7294,0.0055
2731.689,0.7367,0.0056
2732.318,0.7312,0.0056
2732.948,0.7277,0.0056
2733.577,0.7280,0.0056
2734.206,0.7349,0.0055
2734.836,0.7382,0.0054
2735.466,0.7246,0.0054
2736.096,0.7208,0.0053
2736.726,0.7349,0.0054
2737.356,0.7470,0.0055
2737.986,0.7353,0.0056
2738.617,0.7413,0.0056
2739.248,0.7400,0.0056
2739.878,0.7474,0.0057
2740.509,0.7559,0.0057
2741.140,0.7364,0.0057
2741.772,0.7473,0.0057
2742.403,0.7382,0.0056
2743.035,0.7455,0.0055
2743.666,0.7566,0.0056
2744.298,0.7460,0.0057
2744.930,0.7423,0.0057
2745.562,0.7492,0.0057
2746.194,0.7418,0.0057
2746.827,0.7447,0.0057
2747.459,0.7563,0.0056
2748.092,0.7420,0.0057
2748.725,0.7460,0.0056
2749.358,0.7395,0.0055
2749.991,0.7432,0.0055
2750.624,0.7690,0.0054
2751.258,0.7575,0.0055
2751.891,0.7464,0.0054
2752.525,0.7554,0.0055
2753.159,0.7455,0.0055
2753.793,0.7662,0.0055
2754.427,0.7584,0.0054
2755.061,0.7504,0.0054
2755.696,0.7582,0.0054
2756.331,0.7621,0.0055
2756.965,0.7658,0.0056
2757.600,0.7678,0.0056
2758.235,0.7559,0.0056
2758.870,0.7609,0.0057
2759.506,0.7704,0.0057
2760.141,0.7577,0.0058
2760.777,0.7669,0.0058
2761.412,0.7624,0.0057
2762.048,0.7730,0.0056
2762.685,0.7844,0.0056
2763.321,0.7741,0.0056
2763.957,0.7779,0.0056
2764.594,0.7757,0.0057
2765.230,0.7704,0.0056
2765.867,0.7762,0.0055
2766.504,0.7822,0.0055
2767.141,0.7842,0.0055
2767.778,0.7910,0.0055
2768.416,0.7920,0.0055
2769.053,0.7949,0.0056
2769.691,0.7819,0.0057
2770.329,0.7942,0.0057
2770.967,0.8011,0.0058
2771.604,0.7910,0.0058
2772.243,0.7946,0.0058
2772.881,0.7972,0.0058
2773.520,0.7923,0.0058
2774.159,0.7992,0.0058
2774.797,0.8189,0.0059
2775.436,0.8005,0.0059
2776.076,0.7974,0.0058
2776.715,0.8196,0.0058
2777.354,0.8204,0.0057
2777.994,0.8189,0.0058
2778.634,0.8173,0.0059
2779.273,0.8220,0.0060
2779.914,0.8337,0.0060
2780.553,0.8371,0.0059
2781.194,0.8332,0.0058
2781.834,0.8404,0.0058
2782.475,0.8378,0.0058
2783.116,0.8472,0.0059
2783.757,0.8626,0.0061
2784.398,0.8751,0.0061
2785.039,0.8833,0.0061
2785.680,0.8794,0.0060
2786.322,0.8693,0.0059
2786.963,0.8684,0.0058
2787.605,0.8804,0.0059
2788.247,0.8912,0.0060
2788.889,0.8927,0.0059
2789.531,0.8953,0.0059
2790.174,0.9040,0.0060
2790.817,0.9114,0.0061
2791.459,0.9163,0.0061
2792.102,0.9218,0.0060
2792.745,0.9318,0.0060
2793.388,0.9260,0.0060
2794.031,0.9386,0.0060
2794.675,0.9463,0.0061
2795.318,0.9447,0.0061
2795.962,0.9598,0.0061
2796.606,0.9386,0.0062
2797.250,0.9452,0.0062
2797.894,0.9497,0.0063
2798.538,0.9335,0.0062
2799.183,0.9601,0.0062
2799.827,0.9641,0.0063
2800.472,0.9454,0.0062
2801.117,0.9435,0.0062
2801.762,0.9412,0.0062
2802.407,0.9407,0.0061
2803.053,0.9470,0.0062
2803.698,0.9458,0.0062
2804.344,0.9390,0.0061
2804.990,0.9270,0.0061
2805.636,0.9213,0.0062
2806.282,0.9201,0.0063
2806.928,0.9221,0.0063
2807.574,0.9158,0.0063
2808.221,0.9288,0.0063
2808.868,0.9305,0.0063
2809.514,0.9125,0.0064
2810.162,0.9110,0.0065
2810.809,0.8886,0.0065
2811.456,0.8682,0.0065
2812.104,0.8792,0.0064
2812.751,0.8703,0.0064
2813.399,0.8499,0.0062
2814.047,0.8554,0.0062
2814.695,0.8498,0.0063
2815.343,0.8470,0.0063
2815.991,0.8465,0.0063
2816.640,0.8454,0.0062
2817.288,0.8513,0.0063
2817.937,0.8395,0.0063
2818.586,0.8207,0.0062
2819.235,0.8234,0.0061
2819.884,0.8246,0.0060
2820.534,0.8113,0.0061
2821.183,0.8057,0.0061
2821.833,0.7951,0.0062
2822.483,0.7925,0.0061
2823.133,0.7875,0.0060
2823.783,0.7891,0.0061
2824.433,0.8030,0.0061
2825.083,0.7862,0.0058
2825.734,0.7869,0.0058
2826.385,0.7834,0.0060
2827.036,0.7817,0.0060
2827.687,0.7736,0.0060
2828.338,0.7749,0.0061
2828.989,0.7645,0.0061
2829.641,0.7606,0.0062
2830.292,0.7635,0.0062
2830.944,0.7593,0.0061
2831.596,0.7713,0.0061
2832.248,0.7617,0.0061
2832.900,0.7465,0.0061
2833.553,0.7384,0.0062
2834.205,0.7469,0.0064
2834.858,0.7439,0.0064
2835.511,0.7610,0.0063
2836.164,0.7458,0.0062
2836.817,0.7310,0.0061
2837.470,0.7457,0.0061
2838.123,0.7362,0.0062
2838.777,0.7287,0.0061
2839.431,0.7338,0.0061
2840.085,0.7333,0.0060
2840.739,0.7246,0.0059
2841.393,0.7239,0.0060
2842.047,0.7310,0.0060
2842.702,0.7235,0.0061
2843.356,0.7329,0.0062
2844.011,0.7306,0.0063
2844.666,0.7125,0.0062
2845.321,0.7272,0.0061
2845.976,0.7310,0.0061
2846.632,0.7379,0.0062
2847.287,0.7211,0.0062
2847.943,0.7071,0.0063
2848.599,0.7100,0.0063
2849.255,0.7269,0.0065
2849.911,0.7130,0.0064
2850.567,0.7062,0.0064
2851.224,0.6924,0.0063
2851.880,0.6978,0.0063
2852.537,0.7210,0.0062
2853.194,0.7084,0.0063
2853.851,0.6940,0.0063
2854.508,0.6958,0.0062
2855.166,0.7082,0.0062
2855.823,0.7062,0.0064
2856.481,0.7005,0.0062
2857.138,0.6999,0.0061
2857.796,0.6957,0.0061
2858.455,0.7000,0.0060
2859.113,0.6867,0.0059
2859.771,0.6873,0.0059
2860.430,0.6994,0.0060
2861.088,0.7064,0.0061
2861.747,0.6820,0.0061
2862.406,0.6808,0.0061
2863.065,0.6815,0.0060
2863.725,0.6775,0.0060
2864.384,0.6747,0.0060
2865.044,0.6790,0.0060
2865.704,0.6879,0.0060
2866.364,0.6879,0.0061
2867.024,0.6947,0.0061
2867.684,0.7013,0.0061
2868.344,0.7016,0.0062
2869.005,0.6817,0.0061
2869.666,0.6820,0.0060
2870.326,0.6834,0.0060
2870.987,0.6887,0.0062
2871.648,0.6880,0.0062
2872.310,0.6916,0.0063
2872.971,0.6715,0.0062
2873.633,0.6637,0.0062
2874.294,0.6812,0.0061
2874.957,0.6806,0.0060
2875.619,0.6663,0.0060
2876.281,0.6643,0.0061
2876.943,0.6604,0.0061
2877.606,0.6665,0.0061
2878.269,0.6713,0.0062
2878.931,0.6747,0.0062
2879.594,0.6752,0.0061
2880.257,0.6633,0.0060
2880.920,0.6492,0.0060
2881.584,0.6634,0.0061
2882.248,0.6742,0.0060
2882.911,0.6660,0.0060
2883.575,0.6591,0.0061
2884.239,0.6444,0.0061
2884.903,0.6341,0.0060
2885.568,0.6523,0.0061
2886.232,0.6629,0.0062
2886.897,0.6716,0.0061
2887.562,0.6639,0.0061
2888.227,0.6617,0.0062
2888.892,0.6539,0.0063
2889.557,0.6503,0.0063
2890.223,0.6369,0.0062
2890.888,0.6328,0.0062
2891.554,0.6573,0.0062
2892.220,0.6590,0.0061
2892.886,0.6442,0.0061
2893.552,0.6540,0.0061
2894.218,0.6555,0.0061
2894.885,0.6418,0.0062
2895.552,0.6377,0.0060
2896.218,0.6405,0.0060
2896.885,0.6386,0.0060
2897.552,0.6401,0.0059
2898.219,0.6524,0.0060
2898.887,0.6449,0.0061
2899.554,0.6457,0.0062
2900.222,0.6524,0.0062
2900.890,0.6436,0.0061
2901.558,0.6384,0.0061
2902.226,0.6322,0.0060
2902.895,0.6343,0.0061
2903.563,0.6444,0.0060
2904.232,0.6464,0.0060
2904.901,0.6539,0.0060
2905.570,0.6408,0.0060
2906.239,0.6467,0.0063
2906.908,0.6340,0.0063
2907.577,0.6404,0.0062
2908.247,0.6293,0.0061
2908.917,0.6269,0.0061
2909.587,0.6394,0.0062
2910.257,0.6434,0.0063
2910.927,0.6294,0.0061
2911.597,0.6317,0.0061
2912.268,0.6234,0.0061
2912.938,0.6205,0.0060
2913.609,0.6150,0.0060
2914.280,0.6252,0.0060
2914.951,0.6232,0.0060
2915.623,0.6280,0.0060
2916.294,0.6375,0.0061
2916.965,0.6404,0.0062
2917.637,0.6469,0.0062
2918.309,0.6419,0.0060
2918.981,0.6465,0.0059
2919.653,0.6553,0.0059
2920.326,0.6492,0.0060
2920.998,0.6461,0.0061
2921.671,0.6308,0.0062
2922.344,0.6428,0.0062
2923.017,0.6331,0.0060
2923.690,0.6343,0.0061
2924.363,0.6484,0.0063
2925.037,0.6442,0.0064
2925.710,0.6218,0.0063
2926.384,0.6179,0.0064
2927.058,0.6334,0.0065
2927.732,0.6417,0.0066
2928.406,0.6466,0.0066
2929.080,0.6461,0.0065
2929.755,0.6486,0.0065
2930.430,0.6374,0.0064
2931.104,0.6325,0.0064
2931.779,0.6375,0.0065
2932.454,0.6489,0.0064
2933.130,0.6314,0.0063
2933.805,0.6312,0.0062
2934.481,0.6422,0.0064
2935.156,0.6390,0.0065
2935.833,0.6214,0.0064
2936.509,0.6261,0.0063
2937.185,0.6385,0.0063
2937.861,0.6518,0.0064
2938.538,0.6274,0.0065
2939.215,0.6297,0.0066
2939.891,0.6340,0.0067
2940.568,0.6389,0.0067
2941.246,0.6460,0.0067
2941.923,0.6518,0.0068
2942.600,0.6349,0.0067
2943.278,0.6324,0.0066
2943.956,0.6336,0.0066
2944.634,0.6346,0.0065
2945.312,0.6348,0.0065
2945.990,0.6481,0.0066
2946.668,0.6538,0.0066
2947.347,0.6469,0.0065
2948.026,0.6305,0.0066
2948.705,0.6234,0.0065
2949.384,0.6225,0.0064
2950.063,0.6345,0.0063
2950.742,0.6490,0.0065
2951.422,0.6328,0.0067
2952.101,0.6318,0.0068
2952.781,0.6360,0.0066
2953.461,0.6233,0.0066
2954.141,0.6341,0.0065
2954.822,0.6324,0.0064
2955.502,0.6333,0.0064
2956.183,0.6348,0.0064
2956.864,0.6303,0.0064
2957.544,0.6380,0.0064
2958.226,0.6315,0.0064
2958.907,0.6319,0.0063
2959.588,0.6425,0.0062
2960.270,0.6512,0.0064
2960.951,0.6373,0.0064
2961.633,0.6362,0.0064
2962.315,0.6399,0.0065
2962.997,0.6312,0.0065
2963.680,0.6416,0.0067
2964.362,0.6433,0.0068
2965.045,0.6366,0.0067
2965.728,0.6474,0.0066
2966.411,0.6393,0.0066
2967.094,0.6249,0.0065
2967.777,0.6284,0.0067
2968.461,0.6354,0.0067
2969.144,0.6351,0.0067
2969.828,0.6366,0.0068
2970.512,0.6401,0.0068
2971.196,0.6479,0.0068
2971.880,0.6359,0.0067
2972.564,0.6280,0.0065
2973.249,0.6375,0.0066
2973.934,0.6484,0.0066
2974.618,0.6292,0.0067
2975.304,0.6281,0.0068
2975.989,0.6327,0.0068
2976.674,0.6378,0.0068
2977.360,0.6458,0.0067
2978.045,0.6428,0.0069
2978.731,0.6454,0.0070
2979.417,0.6262,0.0069
2980.103,0.6129,0.0072
2980.789,0.6417,0.0074
2981.476,0.6484,0.0074
2982.162,0.6309,0.0073
2982.849,0.6269,0.0072
2983.536,0.6095,0.0070
2984.223,0.6161,0.0071
2984.910,0.6313,0.0074
2985.598,0.6237,0.0075
2986.285,0.6122,0.0073
2986.973,0.6116,0.0069
2987.661,0.5956,0.0068
2988.349,0.6111,0.0069
2989.037,0.6192,0.0070
2989.725,0.6082,0.0070
2990.414,0.6199,0.0068
2991.102,0.6198,0.0068
2991.791,0.6132,0.0069
2992.480,0.6244,0.0071
2993.169,0.6121,0.0071
2993.858,0.6210,0.0071
2994.548,0.6213,0.0070
2995.238,0.6115,0.0070
2995.927,0.5949,0.0070
2996.617,0.6172,0.0070
2997.307,0.6026,0.0069
2997.998,0.5914,0.0069
2998.688,0.6043,0.0070
2999.378,0.5922,0.0069
3000.069,0.5904,0.0068
3000.760,0.5972,0.0070
3001.451,0.5939,0.0070
3002.142,0.6048,0.0069
3002.834,0.5936,0.0071
3003.525,0.5885,0.0072
3004.217,0.5956,0.0071
3004.909,0.5848,0.0070
3005.601,0.5928,0.0069
3006.293,0.5999,0.0070
3006.985,0.6005,0.0072
3007.678,0.5928,0.0072
3008.370,0.5926,0.0069
3009.063,0.5801,0.0068
3009.756,0.5826,0.0067
3010.449,0.5867,0.0067
3011.142,0.5846,0.0069
3011.836,0.5743,0.0070
3012.529,0.5849,0.0070
3013.223,0.5804,0.0070
3013.917,0.5836,0.0068
3014.611,0.5898,0.0067
3015.305,0.5862,0.0067
3016.000,0.5935,0.0068
3016.694,0.5756,0.0068
3017.389,0.5747,0.0069
3018.084,0.5751,0.0072
3018.779,0.5583,0.0070
3019.474,0.5511,0.0069
3020.169,0.5567,0.0070
3020.865,0.5813,0.0070
3021.560,0.5553,0.0071
3022.256,0.5577,0.0073
3022.952,0.5763,0.0074
3023.648,0.5517,0.0075
3024.345,0.5598,0.0073
3025.041,0.5695,0.0071
3025.738,0.5749,0.0073
3026.435,0.5674,0.0072
3027.132,0.5540,0.0070
3027.828,0.5700,0.0071
3028.526,0.5696,0.0072
3029.223,0.5610,0.0071
3029.921,0.5525,0.0069
3030.619,0.5631,0.0070
3031.316,0.5707,0.0071
3032.014,0.5581,0.0070
3032.713,0.5605,0.0068
3033.411,0.5565,0.0067
3034.110,0.5551,0.0068
3034.808,0.5446,0.0068
3035.507,0.5507,0.0069
3036.206,0.5672,0.0070
3036.906,0.5630,0.0070
3037.605,0.5613,0.0071
3038.304,0.5579,0.0072
3039.004,0.5711,0.0071
3039.704,0.5633,0.0071
3040.404,0.5654,0.0071
3041.104,0.5511,0.0070
3041.804,0.5465,0.0070
3042.505,0.5482,0.0072
3043.206,0.5443,0.0072
3043.906,0.5434,0.0073
3044.607,0.5664,0.0073
3045.308,0.5611,0.0071
3046.010,0.5694,0.0070
3046.711,0.5611,0.0070
3047.413,0.5551,0.0071
3048.115,0.5530,0.0071
3048.816,0.5466,0.0072
3049.519,0.5506,0.0073
3050.221,0.5515,0.0073
3050.923,0.5396,0.0074
3051.626,0.5631,0.0074
3052.329,0.5570,0.0073
3053.031,0.5634,0.0073
3053.735,0.5522,0.0073
3054.438,0.5467,0.0075
3055.141,0.5618,0.0076
3055.845,0.5559,0.0076
3056.548,0.5598,0.0076
3057.252,0.5653,0.0077
3057.956,0.5584,0.0078
3058.660,0.5726,0.0079
3059.365,0.5511,0.0075
3060.069,0.5512,0.0076
3060.774,0.5489,0.0078
3061.479,0.5287,0.0078
3062.184,0.5410,0.0076
3062.889,0.5615,0.0076
3063.594,0.5599,0.0075
3064.300,0.5551,0.0076
3065.006,0.5449,0.0076
3065.711,0.5684,0.0076
3066.417,0.5530,0.0076
3067.124,0.5665,0.0078
3067.830,0.5548,0.0077
3068.536,0.5608,0.0076
3069.243,0.5658,0.0077
3069.950,0.5489,0.0077
3070.657,0.5577,0.0075
3071.364,0.5565,0.0075
3072.071,0.5510,0.0076
3072.779,0.5355,0.0076
3073.486,0.5287,0.0076
3074.194,0.5403,0.0077
3074.902,0.5594,0.0077
3075.610,0.5495,0.0076
3076.318,0.5450,0.0074
3077.027,0.5581,0.0074
3077.735,0.5480,0.0075
3078.444,0.5493,0.0079
3079.153,0.5466,0.0079
3079.862,0.5440,0.0077
3080.571,0.5597,0.0076
3081.281,0.5487,0.0076
3081.990,0.5556,0.0075
3082.700,0.5656,0.0076
3083.410,0.5628,0.0076
3084.120,0.5507,0.0075
3084.830,0.5458,0.0076
3085.541,0.5540,0.0077
3086.251,0.5492,0.0078
3086.962,0.5536,0.0079
3087.673,0.5548,0.0080
3088.384,0.5568,0.0081
3089.095,0.5574,0.0081
3089.806,0.5671,0.0081
3090.518,0.5492,0.0079
3091.230,0.5264,0.0079
3091.941,0.5472,0.0077
3092.654,0.5648,0.0077
3093.366,0.5627,0.0078
3094.078,0.5682,0.0079
3094.791,0.5696,0.0078
3095.503,0.5543,0.0080
3096.216,0.5383,0.0080
3096.929,0.5490,0.0080
3097.642,0.5434,0.0079
3098.356,0.5664,0.0080
3099.069,0.5694,0.0082
3099.783,0.5660,0.0085
3100.497,0.5620,0.0086
3101.211,0.5518,0.0087
3101.925,0.5739,0.0088
3102.639,0.5708,0.0086
3103.354,0.5636,0.0083
3104.068,0.5523,0.0083
3104.783,0.5615,0.0082
3105.498,0.5718,0.0083
3106.213,0.5627,0.0082
3106.928,0.5689,0.0079
3107.644,0.5710,0.0080
3108.360,0.5680,0.0080
3109.076,0.5653,0.0081
3109.792,0.5571,0.0081
3110.508,0.5533,0.0081
3111.224,0.5516,0.0083
3111.940,0.5528,0.0085
3112.657,0.5510,0.0086
3113.374,0.5665,0.0086
3114.091,0.5601,0.0086
3114.808,0.5603,0.0087
3115.525,0.5727,0.0087
3116.243,0.5406,0.0087
3116.960,0.5408,0.0086
3117.678,0.5382,0.0085
3118.396,0.5708,0.0085
3119.114,0.5656,0.0085
3119.833,0.5576,0.0085
3120.551,0.5529,0.0085
3121.270,0.5596,0.0086
3121.988,0.5639,0.0084
3122.707,0.5649,0.0083
3123.426,0.5517,0.0081
3124.146,0.5463,0.0080
3124.865,0.5580,0.0080
3125.585,0.5753,0.0083
3126.305,0.5605,0.0083
3127.024,0.5556,0.0080
3127.744,0.5473,0.0078
3128.465,0.5492,0.0081
3129.185,0.5496,0.0080
3129.906,0.5581,0.0081
3130.626,0.5446,0.0079
3131.348,0.5457,0.0079
3132.069,0.5486,0.0081
3132.790,0.5529,0.0080
3133.511,0.5589,0.0081
3134.233,0.5368,0.0080
3134.955,0.5469,0.0081
3135.677,0.5568,0.0083
3136.399,0.5539,0.0084
3137.121,0.5359,0.0084
3137.844,0.5332,0.0084
3138.566,0.5685,0.0084
3139.289,0.5483,0.0082
3140.012,0.5457,0.0083
3140.735,0.5624,0.0086
3141.458,0.5595,0.0086
3142.181,0.5560,0.0084
3142.905,0.5622,0.0086
3143.629,0.5812,0.0089
3144.353,0.5786,0.0089
3145.077,0.5516,0.0086
3145.801,0.5611,0.0085
3146.526,0.5471,0.0086
3147.250,0.5529,0.0086
3147.975,0.5616,0.0088
3148.700,0.5553,0.0087
3149.425,0.5604,0.0088
3150.150,0.5558,0.0089
3150.876,0.5527,0.0088
3151.601,0.5643,0.0088
3152.327,0.5638,0.0090
3153.053,0.5683,0.0090
3153.779,0.5651,0.0091
3154.505,0.5594,0.0093
3155.232,0.5570,0.0089
3155.958,0.5657,0.0090
3156.685,0.5554,0.0092
3157.412,0.5588,0.0095
3158.139,0.5629,0.0094
3158.867,0.5636,0.0090
3159.594,0.5540,0.0087
3160.322,0.5320,0.0086
3161.049,0.5516,0.0087
3161.777,0.5374,0.0088
3162.505,0.5355,0.0088
3163.234,0.5490,0.0088
3163.962,0.5579,0.0085
3164.691,0.5449,0.0084
3165.419,0.5408,0.0086
3166.148,0.5506,0.0087
3166.878,0.5721,0.0090
3167.607,0.5608,0.0092
3168.336,0.5844,0.0091
3169.066,0.5742,0.0090
3169.796,0.5576,0.0088
3170.526,0.5725,0.0088
3171.256,0.5629,0.0088
3171.986,0.5555,0.0091
3172.717,0.5501,0.0092
3173.447,0.5542,0.0089
3174.178,0.5613,0.0088
3174.909,0.5568,0.0087
3175.640,0.5695,0.0085
3176.371,0.5712,0.0086
3177.103,0.5549,0.0087
3177.834,0.5406,0.0089
3178.566,0.5554,0.0091
3179.298,0.5713,0.0094
3180.030,0.5641,0.0091
3180.763,0.5541,0.0088
3181.495,0.5655,0.0091
3182.228,0.5791,0.0094
3182.961,0.5681,0.0094
3183.694,0.5745,0.0094
3184.427,0.5633,0.0094
3185.160,0.5596,0.0094
3185.894,0.5738,0.0090
3186.627,0.5601,0.0089
3187.361,0.5837,0.0090
3188.095,0.5894,0.0094
3188.829,0.5719,0.0094
3189.564,0.5776,0.0091
3190.298,0.5577,0.0091
3191.033,0.5773,0.0092
3191.768,0.5867,0.0095
3192.503,0.5716,0.0095
3193.238,0.5529,0.0097
3193.973,0.5397,0.0096
3194.709,0.5466,0.0097
3195.445,0.5629,0.0097
3196.180,0.5708,0.0098
3196.917,0.5617,0.0098
3197.653,0.5858,0.0099
3198.389,0.5937,0.0103
3199.125,0.5761,0.0105
3199.862,0.5989,0.0104
3200.599,0.5730,0.0103
3201.336,0.5875,0.0105
3202.073,0.5931,0.0102
3202.811,0.5586,0.0100
3203.548,0.5653,0.0103
3204.286,0.5726,0.0103
3205.024,0.5766,0.0103
3205.762,0.5671,0.0104
3206.500,0.5601,0.0102
3207.239,0.5546,0.0097
3207.977,0.5360,0.0095
3208.716,0.5504,0.0092
3209.455,0.5611,0.0092
3210.194,0.5815,0.0093
3210.933,0.5675,0.0094
3211.673,0.5566,0.0092
3212.412,0.5624,0.0093
3213.152,0.5721,0.0095
3213.892,0.5647,0.0096
3214.632,0.5649,0.0099
3215.373,0.5724,0.0100
3216.113,0.5478,0.0100
3216.854,0.5398,0.0099
3217.594,0.5661,0.0101
3218.335,0.5591,0.0101
3219.076,0.5785,0.0102
3219.818,0.5637,0.0102
3220.559,0.5556,0.0101
3221.301,0.5927,0.0106
3222.043,0.5877,0.0104
3222.785,0.5506,0.0101
3223.527,0.5439,0.0097
3224.269,0.5101,0.0095
3225.012,0.5248,0.0097
3225.754,0.5364,0.0100
3226.497,0.5414,0.0102
3227.240,0.5380,0.0101
3227.983,0.5466,0.0100
3228.727,0.5600,0.0103
3229.470,0.5386,0.0103
3230.214,0.5313,0.0103
3230.958,0.5500,0.0100
3231.702,0.5650,0.0100
3232.446,0.5304,0.0099
3233.190,0.5365,0.0100
3233.935,0.5357,0.0103
3234.680,0.5341,0.0106
3235.425,0.5400,0.0103
3236.170,0.5442,0.0101
3236.915,0.5374,0.0101
3237.660,0.5572,0.0104
3238.406,0.5466,0.0106
3239.152,0.5150,0.0102
3239.897,0.5397,0.0100
3240.644,0.5467,0.0101
3241.390,0.5369,0.0103
3242.136,0.5536,0.0104
3242.883,0.5700,0.0106
3243.630,0.5436,0.0106
3244.377,0.5519,0.0104
3245.124,0.5407,0.0105
3245.871,0.5111,0.0105
3246.619,0.5399,0.0110
3247.366,0.5361,0.0112
3248.114,0.5724,0.0109
3248.862,0.5734,0.0105
3249.610,0.5585,0.0106
3250.359,0.5640,0.0108
3251.107,0.5700,0.0106
3251.856,0.5415,0.0107
3252.605,0.5250,0.0107
3253.354,0.5226,0.0106
3254.103,0.5273,0.0106
3254.852,0.5319,0.0107
3255.602,0.5271,0.0109
3256.352,0.5295,0.0110
3257.101,0.5271,0.0109
3257.851,0.5096,0.0109
3258.602,0.5357,0.0107
3259.352,0.5373,0.0111
3260.103,0.5223,0.0113
3260.853,0.5382,0.0113
3261.604,0.5518,0.0109
3262.355,0.5686,0.0106
3263.107,0.5729,0.0105
3263.858,0.5502,0.0109
3264.610,0.5329,0.0111
3265.362,0.5460,0.0115
3266.113,0.5406,0.0115
3266.866,0.5162,0.0116
3267.618,0.5315,0.0118
3268.370,0.5235,0.0117
3269.123,0.5184,0.0117
3269.876,0.5226,0.0117
3270.629,0.5118,0.0119
3271.382,0.5076,0.0119
3272.135,0.5090,0.0116
3272.889,0.4992,0.0115
3273.643,0.5265,0.0113
3274.396,0.5406,0.0114
3275.151,0.5306,0.0116
3275.905,0.5014,0.0112
3276.659,0.5079,0.0109
3277.414,0.5052,0.0111
3278.169,0.5265,0.0113
3278.923,0.5423,0.0113
3279.678,0.5514,0.0114
3280.434,0.5418,0.0114
3281.189,0.5537,0.0117
3281.945,0.5267,0.0115
3282.701,0.5245,0.0115
3283.457,0.5657,0.0115
3284.213,0.5505,0.0122
3284.969,0.5636,0.0119
3285.726,0.5379,0.0121
3286.482,0.5151,0.0122
3287.239,0.5240,0.0121
3287.996,0.5025,0.0120
3288.753,0.5012,0.0118
3289.510,0.5157,0.0120
3290.268,0.5130,0.0119
3291.026,0.5206,0.0116
3291.783,0.5463,0.0116
3292.542,0.5361,0.0118
3293.300,0.5076,0.0117
3294.058,0.5133,0.0117
3294.817,0.5195,0.0117
3295.575,0.5193,0.0119
3296.334,0.5126,0.0117
3297.094,0.5143,0.0118
3297.853,0.5251,0.0119
3298.612,0.5324,0.0122
3299.372,0.5139,0.0121
3300.132,0.5268,0.0130
3300.892,0.5302,0.0136
3301.652,0.5312,0.0143
3302.412,0.5189,0.0138
3303.173,0.5360,0.0137
3303.933,0.5134,0.0137
3304.694,0.5166,0.0133
3305.455,0.5275,0.0131
3306.217,0.5451,0.0131
3306.978,0.5351,0.0133
3307.739,0.5100,0.0135
3308.501,0.4958,0.0134
3309.263,0.5023,0.0125
3310.025,0.5119,0.0126
3310.787,0.5113,0.0126
3311.550,0.5127,0.0125
3312.312,0.4832,0.0126
3313.075,0.5318,0.0128
3313.838,0.5065,0.0130
3314.601,0.5015,0.0128
3315.364,0.5002,0.0129
3316.128,0.4942,0.0135
3316.892,0.5334,0.0136
3317.656,0.5181,0.0138
3318.419,0.5097,0.0142
3319.184,0.5098,0.0148
3319.948,0.5232,0.0148
3320.712,0.5200,0.0141
3321.477,0.5109,0.0145
3322.242,0.5068,0.0150
3323.007,0.5080,0.0156
3323.772,0.4935,0.0155
3324.538,0.4845,0.0149
3325.303,0.5002,0.0151
3326.069,0.5418,0.0158
3326.835,0.5415,0.0153
3327.601,0.5535,0.0148
3328.367,0.5443,0.0149
3329.134,0.5144,0.0149
3329.901,0.5339,0.0151
3330.667,0.4976,0.0155
3331.434,0.4969,0.0157
3332.202,0.5230,0.0152
3332.969,0.5129,0.0149
3333.737,0.5186,0.0149
3334.504,0.5254,0.0160
3335.272,0.4845,0.0162
3336.040,0.5003,0.0155
3336.808,0.5071,0.0153
3337.577,0.4859,0.0158
3338.345,0.5079,0.0158
3339.114,0.5346,0.0150
3339.883,0.5270,0.0149
3340.652,0.5345,0.0154
3341.422,0.5219,0.0160
3342.191,0.4925,0.0155
3342.961,0.4813,0.0152
3343.730,0.5101,0.0150
3344.500,0.5144,0.0151
3345.271,0.5672,0.0162
3346.041,0.5426,0.0157
3346.812,0.5378,0.0157
3347.582,0.5399,0.0159
3348.353,0.5142,0.0160
3349.125,0.4834,0.0158
3349.896,0.4716,0.0156
3350.667,0.4953,0.0151
3351.439,0.5068,0.0165
3352.210,0.5221,0.0173
3352.982,0.5331,0.0174
3353.755,0.5043,0.0159
3354.527,0.4177,0.0147
3355.299,0.4344,0.0145
3356.072,0.5212,0.0147
3356.845,0.5451,0.0155
3357.618,0.5349,0.0157
3358.391,0.5094,0.0145
3359.165,0.5090,0.0144
3359.938,0.4853,0.0140
3360.712,0.4902,0.0141
3361.486,0.4928,0.0146
3362.260,0.4999,0.0149
3363.034,0.5259,0.0148
3363.809,0.5188,0.0154
3364.583,0.4953,0.0152
3365.358,0.4823,0.0147
3366.133,0.5138,0.0149
3366.908,0.4851,0.0147
3367.684,0.4737,0.0148
3368.459,0.5070,0.0150
3369.235,0.5154,0.0153
3370.010,0.5082,0.0155
3370.787,0.4846,0.0158
3371.563,0.4870,0.0157
3372.339,0.4824,0.0156
3373.116,0.5015,0.0157
3373.893,0.5157,0.0151
3374.670,0.4969,0.0161
3375.447,0.5006,0.0165
3376.224,0.5045,0.0161
3377.002,0.4721,0.0158
3377.779,0.4957,0.0160
3378.557,0.5039,0.0165
3379.335,0.5097,0.0163
3380.113,0.5064,0.0167
3380.892,0.4881,0.0172
3381.670,0.5085,0.0173
3382.449,0.5184,0.0172
3383.228,0.5182,0.0185
3384.007,0.5402,0.0183
3384.786,0.5495,0.0184
3385.566,0.5120,0.0188
3386.345,0.4803,0.0197
3387.125,0.5343,0.0193
3387.905,0.4873,0.0177
3388.686,0.4911,0.0181
3389.466,0.5189,0.0177
3390.247,0.5306,0.0182
3391.027,0.4831,0.0191
3391.808,0.5091,0.0188
3392.589,0.5368,0.0194
3393.370,0.5066,0.0193
3394.152,0.5092,0.0190
3394.933,0.5328,0.0193
3395.715,0.5136,0.0192
3396.497,0.5273,0.0187
3397.280,0.4785,0.0181
3398.062,0.4917,0.0190
3398.844,0.5161,0.0183
3399.627,0.4868,0.0179
3400.410,0.4917,0.0184
3401.193,0.5022,0.0182
3401.976,0.4988,0.0186
3402.760,0.4904,0.0180
3403.543,0.4870,0.0183
3404.327,0.5113,0.0181
3405.111,0.5395,0.0180
3405.895,0.5137,0.0175
3406.679,0.5657,0.0176
3407.464,0.5318,0.0184
3408.249,0.4986,0.0189
3409.033,0.5182,0.0198
3409.819,0.5247,0.0198
3410.604,0.5458,0.0195
3411.389,0.5488,0.0194
3412.175,0.5308,0.0184
3412.960,0.4979,0.0191
3413.746,0.5407,0.0208
3414.533,0.5350,0.0207
3415.319,0.5048,0.0204
3416.105,0.5311,0.0204
3416.892,0.4868,0.0196
3417.679,0.5065,0.0181
3418.466,0.5303,0.0186
3419.253,0.5087,0.0180
3420.041,0.4854,0.0184
3420.828,0.4843,0.0181
3421.616,0.5001,0.0185
3422.404,0.5472,0.0187
3423.192,0.5113,0.0181
3423.980,0.5224,0.0203
3424.769,0.4985,0.0208
3425.558,0.4996,0.0205
3426.346,0.4973,0.0216
3427.135,0.5019,0.0226
3427.925,0.5329,0.0268
3428.714,0.5763,0.0272
3429.504,0.5225,0.0271
3430.293,0.5147,0.0278
3431.083,0.4629,0.0262
3431.874,0.5540,0.0295
3432.664,0.6347,0.0304
3433.454,0.5596,0.0306
3434.245,0.5798,0.0319
3435.036,0.5129,0.0340
3435.827,0.5866,0.0318
3436.618,0.5507,0.0308
3437.410,0.5122,0.0291
3438.201,0.5508,0.0293
3438.993,0.6244,0.0267
3439.785,0.5425,0.0274
3440.577,0.5246,0.0287
3441.369,0.5480,0.0281
3442.162,0.5160,0.0271
3442.954,0.4760,0.0268
3443.747,0.5505,0.0289
3444.541,0.4908,0.0294
3445.333,0.5139,0.0297
3446.127,0.4793,0.0295
3446.920,0.4145,0.0317
3447.714,0.4411,0.0328
3448.508,0.5366,0.0314
3449.302,0.4808,0.0306
3450.097,0.4668,0.0319
3450.891,0.4563,0.0313
3451.686,0.5146,0.0297
3452.481,0.5306,0.0278
3453.276,0.5052,0.0273
3454.071,0.4801,0.0269
3454.866,0.5101,0.0283
3455.662,0.5363,0.0296
3456.458,0.4584,0.0317
3457.254,0.4570,0.0292
3458.050,0.4995,0.0294
3458.846,0.4418,0.0305
3459.643,0.4813,0.0304
3460.440,0.4762,0.0314
3461.237,0.5146,0.0343
3462.034,0.4472,0.0353
3462.831,0.4437,0.0325
3463.628,0.4708,0.0299
3464.426,0.4806,0.0282
3465.224,0.5121,0.0286
3466.021,0.5068,0.0298
3466.820,0.5018,0.0307
3467.618,0.4002,0.0280
3468.417,0.4598,0.0264
3469.215,0.5314,0.0256
3470.014,0.5621,0.0258
3470.813,0.5595,0.0274
3471.613,0.5293,0.0290
3472.412,0.4851,0.0276
3473.212,0.4452,0.0285
3474.012,0.4463,0.0284
3474.812,0.4371,0.0281
3475.612,0.4497,0.0277
3476.412,0.4404,0.0301
3477.213,0.5349,0.0294
3478.013,0.5245,0.0308
3478.815,0.4446,0.0305
3479.616,0.4800,0.0330
3480.417,0.4478,0.0306
3481.219,0.4502,0.0288
3482.020,0.4736,0.0296
3482.822,0.4994,0.0263
3483.624,0.4970,0.0285
3484.426,0.4866,0.0293
3485.229,0.4395,0.0313
3486.031,0.4042,0.0316
3486.834,0.4858,0.0302
3487.637,0.4606,0.0288
3488.440,0.4689,0.0276
3489.243,0.4953,0.0279
3490.047,0.4628,0.0290
3490.851,0.5257,0.0309
3491.655,0.5690,0.0316
3492.458,0.5280,0.0337
3493.263,0.4352,0.0314
3494.067,0.4471,0.0308
3494.872,0.4996,0.0306
3495.677,0.5049,0.0305
3496.482,0.5037,0.0292
3497.287,0.4301,0.0307
3498.092,0.4679,0.0322
3498.898,0.4819,0.0314
3499.704,0.4539,0.0302
3500.510,0.4974,0.0288
3501.316,0.4421,0.0284
3502.122,0.4581,0.0313
3502.928,0.4632,0.0306
3503.735,0.4763,0.0283
3504.542,0.4836,0.0278
3505.349,0.4562,0.0299
3506.156,0.4568,0.0345
3506.964,0.4358,0.0328
3507.771,0.4341,0.0306
3508.579,0.4799,0.0297
3509.387,0.4889,0.0297
3510.195,0.4580,0.0302
3511.004,0.4801,0.0292
3511.812,0.4763,0.0303
3512.621,0.4639,0.0301
3513.430,0.4756,0.0296
3514.239,0.4709,0.0288
3515.048,0.4346,0.0296
3515.857,0.4452,0.0308
3516.667,0.4360,0.0306
3517.477,0.4687,0.0313
3518.287,0.4649,0.0314
3519.097,0.4642,0.0290
3519.908,0.4293,0.0298
3520.718,0.4549,0.0300
3521.529,0.5226,0.0296
3522.340,0.4850,0.0293
3523.151,0.4574,0.0314
3523.962,0.4308,0.0336
3524.774,0.4773,0.0357
3525.586,0.4719,0.0348
3526.398,0.5192,0.0330
3527.210,0.4969,0.0331
3528.022,0.4201,0.0329
3528.834,0.4225,0.0350
3529.647,0.5012,0.0347
3530.460,0.4538,0.0322
3531.273,0.4668,0.0312
3532.086,0.4886,0.0311
3532.899,0.4893,0.0311
3533.713,0.4808,0.0312
3534.527,0.4736,0.0299
3535.341,0.4885,0.0293
3536.155,0.4698,0.0303
3536.969,0.4544,0.0304
3537.784,0.4641,0.0307
3538.598,0.5442,0.0323
3539.413,0.5686,0.0398
3540.228,0.4907,0.0473
3541.044,0.5198,0.0496
3541.859,0.4533,0.0479
3542.675,0.4625,0.0683
3543.490,0.5499,0.0746
3544.307,0.8049,0.0824
3545.123,0.7104,0.0659
3545.939,0.6308,0.0639
3546.756,0.4822,0.0572
3547.572,0.4770,0.0627
3548.389,0.5390,0.0678
3549.207,0.5944,0.0618
3550.024,0.5877,0.0506
3550.841,0.4347,0.0535
3551.659,0.4446,0.0521
3552.477,0.4846,0.0513
3553.295,0.4803,0.0467
3554.113,0.6224,0.0466
3554.932,0.4743,0.0491
3555.750,0.5749,0.0477
3556.569,0.5479,0.0491
3557.388,0.4729,0.0480
3558.208,0.6360,0.0525
3559.027,0.5815,0.0617
3559.847,0.4202,0.0631
3560.666,0.4740,0.0570
3561.486,0.4947,0.0555
3562.306,0.5878,0.0550
3563.127,0.5890,0.0571
3563.947,0.4892,0.0653
3564.768,0.5361,0.0633
3565.589,0.5955,0.0626
3566.410,0.6981,0.0652
3567.231,0.5806,0.0558
3568.053,0.6593,0.0544
3568.875,0.5489,0.0583
3569.696,0.7355,0.0552
3570.518,0.6040,0.0512
3571.341,0.4751,0.0494
3572.163,0.4900,0.0491
3572.986,0.5941,0.0539
3573.808,0.5431,0.0554
3574.631,0.6111,0.0508
3575.455,0.5721,0.0506
3576.278,0.6199,0.0542
3577.102,0.6585,0.0523
3577.925,0.4873,0.0533
3578.749,0.6022,0.0512
3579.573,0.6152,0.0556
3580.398,0.5514,0.0621
3581.222,0.4341,0.0581
3582.047,0.5018,0.0517
3582.872,0.4790,0.0536
3583.697,0.6322,0.0551
3584.522,0.6609,0.0578
3585.348,0.4271,0.0607
3586.173,0.4795,0.0538
3586.999,0.5239,0.0581
3587.825,0.6750,0.0600
3588.651,0.6240,0.0554
3589.478,0.4248,0.0590
3590.304,0.5698,0.0521
3591.131,0.4938,0.0742
3591.958,0.5564,0.0736
3592.785,0.5806,0.0815
3593.613,0.4931,0.0812
3594.440,0.5999,0.0787
3595.268,0.4478,0.0927
3596.096,0.3301,0.0909
3596.924,0.5317,0.0840
3597.752,0.4815,0.0761
3598.581,0.6383,0.0803
3599.410,0.5189,0.0782
3600.239,0.4207,0.0777
3601.068,0.4808,0.0742
3601.897,0.3221,0.0691
3602.726,0.5366,0.0780
3603.556,0.5974,0.0772
3604.386,0.4354,0.1020
3605.216,0.5637,0.1153
3606.046,0.4805,0.1314
3606.876,0.3488,0.1568
3607.707,0.4028,0.1319
3608.538,0.3898,0.1246
3609.369,0.2669,0.1179
3610.200,0.3124,0.1066
3611.031,0.4824,0.1222
3611.863,0.3558,0.1601
3612.695,1.0000,1.0000
3613.527,1.0000,1.0000
3614.359,0.4441,0.1451
3615.191,0.5902,0.1151
3616.024,0.5556,0.1118
3616.856,0.5296,0.1037
3617.689,0.4509,0.1091
3618.522,0.2464,0.1096
3619.356,0.5669,0.1150
3620.189,0.4913,0.1142
3621.023,0.3365,0.1184
3621.857,0.4248,0.1067
3622.691,0.5342,0.1127
3623.525,0.3107,0.1215
3624.360,0.4443,0.1322
3625.194,0.6045,0.1289
3626.029,0.6158,0.1205
3626.864,0.4804,0.1327
3627.699,0.3209,0.1415
3628.535,0.3358,0.1234
3629.370,0.5839,0.1160
3630.206,0.3295,0.1294
3631.042,0.4894,0.1360
3631.878,0.4249,0.1690
3632.715,1.0000,1.0000
3633.551,0.6511,0.1443
3634.388,0.4477,0.1157
3635.225,0.5015,0.1218
3636.062,0.4557,0.1232
3636.899,0.3511,0.1227
3637.737,0.3607,0.1188
3638.574,0.3869,0.1164
3639.412,0.5528,0.1226
3640.250,0.5578,0.1275
3641.089,0.4399,0.1275
3641.927,0.3784,0.1147
3642.766,0.4240,0.1230
3643.605,0.4645,0.1178
3644.444,0.5367,0.1169
3645.283,0.3583,0.1244
3646.123,0.4123,0.1320
3646.962,0.5218,0.1172
3647.802,0.5157,0.1378
3648.642,0.5722,0.1265
3649.482,0.3287,0.1253
3650.323,0.2536,0.1443
3651.164,0.4408,0.1497
3652.004,0.4949,0.1303
3652.845,0.3552,0.1311
3653.686,0.4159,0.1638
3654.528,0.3572,0.1604
3655.369,0.4005,0.1418
3656.211,0.5307,0.1333
3657.053,0.5049,0.1318
3657.895,0.2780,0.1187
3658.738,0.2098,0.1209
3659.580,0.5626,0.1215
3660.423,0.5428,0.1244
3661.266,0.5058,0.1236
3662.109,0.3663,0.1198
3662.952,0.1478,0.1317
3663.796,0.2749,0.1436
3664.640,0.3929,0.1315
3665.484,0.4908,0.1270
3666.328,0.5152,0.1423
3667.172,0.3409,0.1402
3668.017,0.1604,0.1520
3668.861,0.3095,0.1455
3669.706,0.3126,0.1395
3670.551,0.4139,0.1430
3671.396,0.5603,0.1356
3672.242,0.4725,0.1287
3673.087,0.2254,0.1354
3673.933,0.2721,0.1347
3674.780,0.4185,0.1420
3675.626,0.3738,0.1442
3676.472,0.4445,0.1407
3677.319,0.6491,0.1618
3678.166,0.7002,0.1503
3679.013,0.4966,0.1401
3679.860,0.6157,0.1635
3680.707,1.0000,1.0000
3681.555,1.0000,1.0000
3682.403,1.0000,1.0000
3683.250,1.0000,1.0000
3684.099,1.0000,1.0000
3684.947,1.0000,1.0000
3685.796,1.0000,1.0000
3686.645,1.0000,1.0000
3687.494,1.0000,1.0000
3688.343,1.0000,1.0000
3689.192,1.0000,1.0000
3690.042,1.0000,1.0000
3690.892,1.0000,1.0000
3691.741,1.0000,1.0000
3692.592,1.0000,1.0000
3693.442,1.0000,1.0000
3694.292,1.0000,1.0000
3695.143,1.0000,1.0000
3695.994,1.0000,1.0000
3696.845,1.0000,1.0000
3697.697,1.0000,1.0000
3698.548,1.0000,1.0000
3699.400,1.0000,1.0000
3700.252,1.0000,1.0000
3701.104,1.0000,1.0000
3701.956,1.0000,1.0000
3702.809,1.0000,1.0000
3703.661,1.0000,1.0000
3704.514,1.0000,1.0000
3705.367,1.0000,1.0000
3706.220,1.0000,1.0000
3707.074,1.0000,1.0000
3707.928,1.0000,1.0000
3708.781,1.0000,1.0000
3709.636,1.0000,1.0000
3710.490,1.0000,1.0000
3711.344,1.0000,1.0000
3712.199,1.0000,1.0000
3713.054,1.0000,1.0000
3713.909,1.0000,1.0000
3714.764,1.0000,1.0000
3715.620,1.0000,1.0000
3716.476,1.0000,1.0000
3717.331,1.0000,1.0000
3718.188,1.0000,1.0000
3719.043,1.0000,1.0000
3719.900,1.0000,1.0000
3720.757,1.0000,1.0000
3721.614,1.0000,1.0000
3722.470,1.0000,1.0000
3723.328,1.0000,1.0000
3724.185,1.0000,1.0000
3725.043,1.0000,1.0000
3725.901,1.0000,1.0000
3726.759,1.0000,1.0000
3727.617,1.0000,1.0000
3728.475,1.0000,1.0000
3729.334,1.0000,1.0000
3730.193,1.0000,1.0000
3731.052,1.0000,1.0000
3731.911,1.0000,1.0000
3732.770,1.0000,1.0000
3733.630,1.0000,1.0000
3734.490,1.0000,1.0000
3735.350,1.0000,1.0000
3736.210,1.0000,1.0000
3737.070,1.0000,1.0000
3737.931,1.0000,1.0000
3738.792,1.0000,1.0000
3739.653,1.0000,1.0000
3740.514,1.0000,1.0000
3741.375,1.0000,1.0000
3742.237,1.0000,1.0000
3743.099,1.0000,1.0000
3743.960,1.0000,1.0000
3744.823,1.0000,1.0000
3745.685,1.0000,1.0000
3746.548,1.0000,1.0000
3747.411,1.0000,1.0000
3748.273,1.0000,1.0000
3749.136,1.0000,1.0000
3750.000,1.0000,1.0000
3750.864,1.0000,1.0000
3751.727,1.0000,1.0000
3752.592,1.0000,1.0000
3753.456,1.0000,1.0000
3754.320,1.0000,1.0000
3755.184,1.0000,1.0000
3756.049,1.0000,1.0000
3756.914,1.0000,1.0000
3757.779,1.0000,1.0000
3758.645,1.0000,1.0000
3759.510,1.0000,1.0000
3760.376,1.0000,1.0000
3761.242,1.0000,1.0000
3762.108,1.0000,1.0000
3762.974,1.0000,1.0000
3763.841,1.0000,1.0000
3764.708,1.0000,1.0000
3765.575,1.0000,1.0000
3766.442,1.0000,1.0000
3767.309,1.0000,1.0000
3768.177,1.0000,1.0000
3769.045,1.0000,1.0000
3769.912,1.0000,1.0000
3770.781,1.0000,1.0000
3771.649,1.0000,1.0000
3772.518,1.0000,1.0000
3773.386,1.0000,1.0000
3774.255,1.0000,1.0000
3775.124,1.0000,1.0000
3775.994,1.0000,1.0000
3776.863,1.0000,1.0000
3777.733,1.0000,1.0000
3778.603,1.0000,1.0000
3779.473,1.0000,1.0000
3780.343,1.0000,1.0000
3781.214,1.0000,1.0000
3782.085,1.0000,1.0000
3782.956,1.0000,1.0000
3783.827,1.0000,1.0000
3784.698,1.0000,1.0000
3785.570,1.0000,1.0000
3786.442,1.0000,1.0000
3787.313,1.0000,1.0000
3788.186,1.0000,1.0000
3789.058,1.0000,1.0000
3789.930,1.0000,1.0000
3790.803,1.0000,1.0000
3791.677,1.0000,1.0000
3792.550,1.0000,1.0000
3793.423,1.0000,1.0000
3794.297,1.0000,1.0000
3795.170,1.0000,1.0000
3796.044,1.0000,1.0000
3796.918,1.0000,1.0000
3797.793,1.0000,1.0000
3798.667,1.0000,1.0000
3799.542,1.0000,1.0000
3800.417,1.0000,1.0000
3801.292,1.0000,1.0000
3802.168,1.0000,1.0000
3803.043,1.0000,1.0000
3803.919,1.0000,1.0000
3804.795,1.0000,1.0000
3805.671,1.0000,1.0000
3806.548,1.0000,1.0000
3807.424,1.0000,1.0000
3808.301,1.0000,1.0000
3809.178,1.0000,1.0000
3810.055,1.0000,1.0000
3810.933,1.0000,1.0000
3811.810,1.0000,1.0000
3812.688,1.0000,1.0000
3813.566,1.0000,1.0000
3814.444,1.0000,1.0000
3815.323,1.0000,1.0000
3816.201,1.0000,1.0000
3817.080,1.0000,1.0000
3817.959,1.0000,1.0000
3818.838,1.0000,1.0000
3819.718,1.0000,1.0000
3820.597,1.0000,1.0000
3821.477,1.0000,1.0000
3822.357,1.0000,1.0000
3823.237,1.0000,1.0000
3824.118,1.0000,1.0000
3824.999,1.0000,1.0000
3825.879,1.0000,1.0000
3826.760,1.0000,1.0000
3827.641,1.0000,1.0000
3828.523,1.0000,1.0000
3829.405,1.0000,1.0000
3830.287,1.0000,1.0000
3831.168,1.0000,1.0000
3832.051,1.0000,1.0000
3832.933,1.0000,1.0000
3833.816,1.0000,1.0000
3834.699,1.0000,1.0000
3835.582,1.0000,1.0000
3836.465,1.0000,1.0000
3837.349,1.0000,1.0000
3838.233,1.0000,1.0000
3839.116,1.0000,1.0000
3840.000,1.0000,1.0000
3840.885,1.0000,1.0000
3841.769,1.0000,1.0000
3842.654,1.0000,1.0000
3843.539,1.0000,1.0000
3844.424,1.0000,1.0000
3845.309,1.0000,1.0000
3846.195,1.0000,1.0000
3847.080,1.0000,1.0000
3847.966,1.0000,1.0000
3848.852,1.0000,1.0000
3849.739,1.0000,1.0000
3850.625,1.0000,1.0000
3851.512,1.0000,1.0000
3852.399,1.0000,1.0000
3853.286,1.0000,1.0000
3854.173,1.0000,1.0000
3855.061,1.0000,1.0000
3855.949,1.0000,1.0000
3856.837,1.0000,1.0000
3857.725,1.0000,1.0000
3858.613,1.0000,1.0000
3859.502,1.0000,1.0000
3860.391,1.0000,1.0000
3861.280,1.0000,1.0000
3862.169,1.0000,1.0000
3863.058,1.0000,1.0000
3863.948,1.0000,1.0000
3864.838,1.0000,1.0000
3865.728,1.0000,1.0000
3866.618,1.0000,1.0000
3867.509,1.0000,1.0000
3868.399,1.0000,1.0000
3869.290,1.0000,1.0000
3870.181,1.0000,1.0000
3871.072,1.0000,1.0000
3871.964,1.0000,1.0000
3872.855,1.0000,1.0000
3873.747,1.0000,1.0000
3874.639,1.0000,1.0000
3875.531,1.0000,1.0000
3876.424,1.0000,1.0000
3877.316,1.0000,1.0000
3878.209,1.0000,1.0000
3879.103,1.0000,1.0000
3879.996,1.0000,1.0000
3880.890,1.0000,1.0000
3881.783,1.0000,1.0000
3882.677,1.0000,1.0000
3883.571,1.0000,1.0000
3884.465,1.0000,1.0000
3885.360,1.0000,1.0000
3886.255,1.0000,1.0000
3887.150,1.0000,1.0000
3888.045,1.0000,1.0000
3888.940,1.0000,1.0000
3889.836,1.0000,1.0000
3890.731,1.0000,1.0000
3891.627,1.0000,1.0000
3892.524,1.0000,1.0000
3893.420,1.0000,1.0000
3894.317,1.0000,1.0000
3895.213,1.0000,1.0000
3896.111,1.0000,1.0000
3897.008,1.0000,1.0000
3897.905,1.0000,1.0000
3898.803,1.0000,1.0000
3899.701,1.0000,1.0000
3900.598,1.0000,1.0000
3901.497,1.0000,1.0000
3902.396,1.0000,1.0000
3903.294,1.0000,1.0000
3904.193,1.0000,1.0000
3905.092,1.0000,1.0000
3905.991,1.0000,1.0000
3906.891,1.0000,1.0000
3907.790,1.0000,1.0000
3908.690,1.0000,1.0000
3909.591,1.0000,1.0000
3910.491,1.0000,1.0000
3911.391,1.0000,1.0000
3912.292,1.0000,1.0000
3913.193,1.0000,1.0000
3914.094,1.0000,1.0000
3914.996,1.0000,1.0000
3915.897,1.0000,1.0000
3916.799,1.0000,1.0000
3917.701,1.0000,1.0000
3918.603,1.0000,1.0000
3919.505,1.0000,1.0000
3920.408,1.0000,1.0000
3921.311,1.0000,1.0000
3922.214,1.0000,1.0000
3923.117,1.0000,1.0000
3924.020,1.0000,1.0000
3924.924,1.0000,1.0000
3925.828,1.0000,1.0000
3926.732,1.0000,1.0000
3927.636,1.0000,1.0000
3928.541,1.0000,1.0000
3929.446,1.0000,1.0000
3930.350,1.0000,1.0000
3931.256,1.0000,1.0000
3932.161,1.0000,1.0000
3933.066,1.0000,1.0000
3933.972,1.0000,1.0000
3934.878,1.0000,1.0000
3935.784,1.0000,1.0000
3936.690,1.0000,1.0000
3937.597,1.0000,1.0000
3938.504,1.0000,1.0000
3939.411,1.0000,1.0000
3940.318,1.0000,1.0000
3941.225,1.0000,1.0000
3942.133,1.0000,1.0000
3943.041,1.0000,1.0000
3943.949,1.0000,1.0000
3944.857,1.0000,1.0000
3945.765,1.0000,1.0000
3946.674,1.0000,1.0000
3947.583,1.0000,1.0000
3948.492,1.0000,1.0000
3949.401,1.0000,1.0000
3950.311,1.0000,1.0000
3951.221,1.0000,1.0000
3952.130,1.0000,1.0000
3953.041,1.0000,1.0000
3953.951,1.0000,1.0000
3954.861,1.0000,1.0000
3955.772,1.0000,1.0000
3956.683,1.0000,1.0000
3957.594,1.0000,1.0000
3958.506,1.0000,1.0000
3959.417,1.0000,1.0000
3960.329,1.0000,1.0000
3961.241,1.0000,1.0000
3962.153,1.0000,1.0000
3963.066,1.0000,1.0000
3963.978,1.0000,1.0000
3964.891,1.0000,1.0000
3965.804,1.0000,1.0000
3966.718,1.0000,1.0000
3967.631,1.0000,1.0000
3968.545,1.0000,1.0000
3969.458,1.0000,1.0000
3970.373,1.0000,1.0000
3971.287,1.0000,1.0000
3972.201,1.0000,1.0000
3973.116,1.0000,1.0000
3974.031,1.0000,1.0000
3974.946,1.0000,1.0000
3975.862,1.0000,1.0000
3976.777,1.0000,1.0000
3977.693,1.0000,1.0000
3978.609,1.0000,1.0000
3979.525,1.0000,1.0000
3980.442,1.0000,1.0000
3981.358,1.0000,1.0000
3982.275,1.0000,1.0000
3983.192,1.0000,1.0000
3984.109,1.0000,1.0000
3985.027,1.0000,1.0000
3985.945,1.0000,1.0000
3986.863,1.0000,1.0000
3987.781,1.0000,1.0000
3988.699,1.0000,1.0000
3989.617,1.0000,1.0000
3990.536,1.0000,1.0000
3991.455,1.0000,1.0000
3992.374,1.0000,1.0000
3993.294,1.0000,1.0000
3994.213,1.0000,1.0000
3995.133,1.0000,1.0000
3996.053,1.0000,1.0000
3996.973,1.0000,1.0000
3997.894,1.0000,1.0000
3998.815,1.0000,1.0000
3999.736,1.0000,1.0000
4000.656,1.0000,1.0000
4001.578,1.0000,1.0000
4002.499,1.0000,1.0000
4003.421,1.0000,1.0000
4004.343,1.0000,1.0000
4005.265,1.0000,1.0000
4006.188,1.0000,1.0000
4007.110,1.0000,1.0000
4008.033,1.0000,1.0000
4008.956,1.0000,1.0000
4009.879,1.0000,1.0000
4010.802,1.0000,1.0000
4011.726,1.0000,1.0000
4012.650,1.0000,1.0000
4013.574,1.0000,1.0000
4014.498,1.0000,1.0000
4015.422,1.0000,1.0000
4016.347,1.0000,1.0000
4017.272,1.0000,1.0000
4018.197,1.0000,1.0000
4019.123,1.0000,1.0000
4020.048,1.0000,1.0000
4020.974,1.0000,1.0000
4021.900,1.0000,1.0000
4022.826,1.0000,1.0000
4023.752,1.0000,1.0000
4024.679,1.0000,1.0000
4025.606,1.0000,1.0000
4026.533,1.0000,1.0000
4027.460,1.0000,1.0000
4028.388,1.0000,1.0000
4029.315,1.0000,1.0000
4030.243,1.0000,1.0000
4031.171,1.0000,1.0000
4032.100,1.0000,1.0000
4033.029,1.0000,1.0000
4033.957,1.0000,1.0000
4034.886,1.0000,1.0000
4035.815,1.0000,1.0000
4036.745,1.0000,1.0000
4037.674,1.0000,1.0000
4038.604,1.0000,1.0000
4039.534,1.0000,1.0000
4040.464,1.0000,1.0000
4041.395,1.0000,1.0000
4042.325,1.0000,1.0000
4043.256,1.0000,1.0000
4044.187,1.0000,1.0000
4045.119,1.0000,1.0000
4046.050,1.0000,1.0000
4046.982,1.0000,1.0000
4047.914,1.0000,1.0000
4048.846,1.0000,1.0000
4049.778,1.0000,1.0000
4050.711,1.0000,1.0000
4051.644,1.0000,1.0000
4052.577,1.0000,1.0000
4053.510,1.0000,1.0000
4054.444,1.0000,1.0000
4055.377,1.0000,1.0000
4056.311,1.0000,1.0000
4057.245,1.0000,1.0000
4058.179,1.0000,1.0000
4059.114,1.0000,1.0000
4060.049,1.0000,1.0000
4060.984,1.0000,1.0000
4061.919,1.0000,1.0000
4062.855,1.0000,1.0000
4063.790,1.0000,1.0000
4064.726,1.0000,1.0000
4065.662,1.0000,1.0000
4066.598,1.0000,1.0000
4067.535,1.0000,1.0000
4068.471,1.0000,1.0000
4069.408,1.0000,1.0000
4070.346,1.0000,1.0000
4071.283,1.0000,1.0000
4072.220,1.0000,1.0000
4073.158,1.0000,1.0000
4074.096,1.0000,1.0000
4075.034,1.0000,1.0000
4075.973,1.0000,1.0000
4076.911,1.0000,1.0000
4077.850,1.0000,1.0000
4078.789,1.0000,1.0000
4079.729,1.0000,1.0000
4080.668,1.0000,1.0000
4081.608,1.0000,1.0000
4082.548,1.0000,1.0000
4083.488,1.0000,1.0000
4084.428,1.0000,1.0000
4085.369,1.0000,1.0000
4086.310,1.0000,1.0000
4087.251,1.0000,1.0000
4088.192,1.0000,1.0000
4089.133,1.0000,1.0000
4090.075,1.0000,1.0000
4091.017,1.0000,1.0000
4091.959,1.0000,1.0000
4092.901,1.0000,1.0000
4093.844,1.0000,1.0000
4094.786,1.0000,1.0000
4095.729,1.0000,1.0000
4096.673,1.0000,1.0000
4097.616,1.0000,1.0000
4098.560,1.0000,1.0000
4099.503,1.0000,1.0000
4100.448,1.0000,1.0000
4101.392,1.0000,1.0000
4102.336,1.0000,1.0000
4103.281,1.0000,1.0000
4104.226,1.0000,1.0000
4105.171,1.0000,1.0000
4106.116,1.0000,1.0000
4107.062,1.0000,1.0000
4108.008,1.0000,1.0000
4108.954,1.0000,1.0000
4109.900,1.0000,1.0000
4110.847,1.0000,1.0000
4111.793,1.0000,1.0000
4112.740,1.0000,1.0000
4113.687,1.0000,1.0000
4114.635,1.0000,1.0000
4115.582,1.0000,1.0000
4116.530,1.0000,1.0000
4117.478,1.0000,1.0000
4118.426,1.0000,1.0000
4119.375,1.0000,1.0000
4120.323,1.0000,1.0000
4121.272,1.0000,1.0000
4122.221,1.0000,1.0000
4123.170,1.0000,1.0000
4124.120,1.0000,1.0000
4125.069,1.0000,1.0000
4126.020,1.0000,1.0000
4126.970,1.0000,1.0000
4127.920,1.0000,1.0000
4128.871,1.0000,1.0000
4129.821,1.0000,1.0000
4130.772,1.0000,1.0000
4131.724,1.0000,1.0000
4132.675,1.0000,1.0000
4133.627,1.0000,1.0000
4134.579,1.0000,1.0000
4135.531,1.0000,1.0000
4136.483,1.0000,1.0000
4137.436,1.0000,1.0000
4138.388,1.0000,1.0000
4139.341,1.0000,1.0000
4140.295,1.0000,1.0000
4141.248,1.0000,1.0000
4142.202,1.0000,1.0000
4143.156,1.0000,1.0000
4144.110,1.0000,1.0000
4145.064,1.0000,1.0000
4146.019,1.0000,1.0000
4146.974,1.0000,1.0000
4147.929,1.0000,1.0000
4148.884,1.0000,1.0000
4149.839,1.0000,1.0000
4150.795,1.0000,1.0000
4151.750,1.0000,1.0000
4152.707,1.0000,1.0000
4153.663,1.0000,1.0000
4154.620,1.0000,1.0000
4155.576,1.0000,1.0000
4156.534,1.0000,1.0000
4157.491,1.0000,1.0000
4158.448,1.0000,1.0000
4159.406,1.0000,1.0000
4160.363,1.0000,1.0000
4161.321,1.0000,1.0000
4162.280,1.0000,1.0000
4163.238,1.0000,1.0000
4164.197,1.0000,1.0000
4165.156,1.0000,1.0000
4166.115,1.0000,1.0000
4167.075,1.0000,1.0000
4168.034,1.0000,1.0000
4168.994,1.0000,1.0000
4169.954,1.0000,1.0000
4170.914,1.0000,1.0000
4171.875,1.0000,1.0000
4172.835,1.0000,1.0000
4173.796,1.0000,1.0000
4174.758,1.0000,1.0000
4175.719,1.0000,1.0000
4176.681,1.0000,1.0000
4177.643,1.0000,1.0000
4178.604,1.0000,1.0000
4179.567,1.0000,1.0000
4180.529,1.0000,1.0000
4181.492,1.0000,1.0000
4182.455,1.0000,1.0000
4183.418,1.0000,1.0000
4184.381,1.0000,1.0000
4185.345,1.0000,1.0000
4186.309,1.0000,1.0000
4187.273,1.0000,1.0000
4188.237,1.0000,1.0000
4189.202,1.0000,1.0000
4190.166,1.0000,1.0000
4191.131,1.0000,1.0000
4192.097,1.0000,1.0000
4193.062,1.0000,1.0000
4194.027,1.0000,1.0000
4194.993,1.0000,1.0000
4195.959,1.0000,1.0000
4196.926,1.0000,1.0000
4197.892,1.0000,1.0000
4198.859,1.0000,1.0000
4199.826,1.0000,1.0000
4200.792,1.0000,1.0000
4201.760,1.0000,1.0000
4202.728,1.0000,1.0000
4203.696,1.0000,1.0000
4204.664,1.0000,1.0000
4205.632,1.0000,1.0000
4206.601,1.0000,1.0000
4207.569,1.0000,1.0000
4208.538,1.0000,1.0000
4209.507,1.0000,1.0000
4210.477,1.0000,1.0000
4211.446,1.0000,1.0000
4212.416,1.0000,1.0000
4213.386,1.0000,1.0000
4214.356,1.0000,1.0000
4215.327,1.0000,1.0000
4216.297,1.0000,1.0000
4217.269,1.0000,1.0000
4218.240,1.0000,1.0000
4219.211,1.0000,1.0000
4220.183,1.0000,1.0000
4221.155,1.0000,1.0000
4222.127,1.0000,1.0000
4223.099,1.0000,1.0000
4224.071,1.0000,1.0000
4225.044,1.0000,1.0000
4226.018,1.0000,1.0000
4226.990,1.0000,1.0000
4227.964,1.0000,1.0000
4228.938,1.0000,1.0000
4229.911,1.0000,1.0000
4230.885,1.0000,1.0000
4231.860,1.0000,1.0000
4232.834,1.0000,1.0000
4233.809,1.0000,1.0000
4234.784,1.0000,1.0000
4235.759,1.0000,1.0000
4236.735,1.0000,1.0000
4237.710,1.0000,1.0000
4238.686,1.0000,1.0000
4239.662,1.0000,1.0000
4240.639,1.0000,1.0000
4241.615,1.0000,1.0000
4242.592,1.0000,1.0000
4243.569,1.0000,1.0000
4244.546,1.0000,1.0000
4245.524,1.0000,1.0000
4246.501,1.0000,1.0000
4247.479,1.0000,1.0000
4248.457,1.0000,1.0000
4249.436,1.0000,1.0000
4250.415,1.0000,1.0000
4251.393,1.0000,1.0000
4252.372,1.0000,1.0000
4253.352,1.0000,1.0000
4254.331,1.0000,1.0000
4255.311,1.0000,1.0000
4256.291,1.0000,1.0000
4257.271,1.0000,1.0000
4258.251,1.0000,1.0000
4259.231,1.0000,1.0000
4260.212,1.0000,1.0000
4261.194,1.0000,1.0000
4262.175,1.0000,1.0000
4263.156,1.0000,1.0000
4264.138,1.0000,1.0000
4265.120,1.0000,1.0000
4266.102,1.0000,1.0000
4267.085,1.0000,1.0000
4268.067,1.0000,1.0000
4269.050,1.0000,1.0000
4270.033,1.0000,1.0000
4271.017,1.0000,1.0000
4272.000,1.0000,1.0000
4272.984,1.0000,1.0000
4273.968,1.0000,1.0000
4274.952,1.0000,1.0000
4275.937,1.0000,1.0000
4276.921,1.0000,1.0000
4277.906,1.0000,1.0000
4278.892,1.0000,1.0000
4279.876,1.0000,1.0000
4280.862,1.0000,1.0000
4281.848,1.0000,1.0000
4282.834,1.0000,1.0000
4283.820,1.0000,1.0000
4284.807,1.0000,1.0000
4285.793,1.0000,1.0000
4286.781,1.0000,1.0000
4287.768,1.0000,1.0000
4288.755,1.0000,1.0000
4289.743,1.0000,1.0000
4290.730,1.0000,1.0000
4291.719,1.0000,1.0000
4292.707,1.0000,1.0000
4293.696,1.0000,1.0000
4294.685,1.0000,1.0000
4295.673,1.0000,1.0000
4296.663,1.0000,1.0000
4297.652,1.0000,1.0000
4298.642,1.0000,1.0000
4299.631,1.0000,1.0000
4300.622,1.0000,1.0000
4301.612,1.0000,1.0000
4302.603,1.0000,1.0000
4303.594,1.0000,1.0000
4304.584,1.0000,1.0000
4305.576,1.0000,1.0000
4306.567,1.0000,1.0000
4307.559,1.0000,1.0000
4308.551,1.0000,1.0000
4309.543,1.0000,1.0000
4310.536,1.0000,1.0000
4311.528,1.0000,1.0000
4312.521,1.0000,1.0000
4313.515,1.0000,1.0000
4314.508,1.0000,1.0000
4315.501,1.0000,1.0000
4316.495,1.0000,1.0000
4317.489,1.0000,1.0000
4318.483,1.0000,1.0000
4319.478,1.0000,1.0000
4320.473,1.0000,1.0000
4321.467,1.0000,1.0000
4322.463,1.0000,1.0000
4323.458,1.0000,1.0000
4324.454,1.0000,1.0000
4325.450,1.0000,1.0000
4326.446,1.0000,1.0000
4327.442,1.0000,1.0000
4328.438,1.0000,1.0000
4329.436,1.0000,1.0000
4330.432,1.0000,1.0000
4331.430,1.0000,1.0000
4332.427,1.0000,1.0000
4333.425,1.0000,1.0000
4334.422,1.0000,1.0000
4335.421,1.0000,1.0000
4336.419,1.0000,1.0000
4337.418,1.0000,1.0000
4338.417,1.0000,1.0000
4339.416,1.0000,1.0000
4340.415,1.0000,1.0000
4341.415,1.0000,1.0000
4342.414,1.0000,1.0000
4343.414,1.0000,1.0000
4344.415,1.0000,1.0000
4345.415,1.0000,1.0000
4346.416,1.0000,1.0000
4347.417,1.0000,1.0000
4348.418,1.0000,1.0000
4349.419,1.0000,1.0000
4350.421,1.0000,1.0000
4351.422,1.0000,1.0000
4352.425,1.0000,1.0000
4353.427,1.0000,1.0000
4354.430,1.0000,1.0000
4355.432,1.0000,1.0000
4356.436,1.0000,1.0000
4357.438,1.0000,1.0000
4358.442,1.0000,1.0000
4359.446,1.0000,1.0000
4360.449,1.0000,1.0000
4361.454,1.0000,1.0000
4362.458,1.0000,1.0000
4363.463,1.0000,1.0000
4364.467,1.0000,1.0000
4365.473,1.0000,1.0000
4366.478,1.0000,1.0000
4367.483,1.0000,1.0000
4368.489,1.0000,1.0000
4369.495,1.0000,1.0000
4370.501,1.0000,1.0000
4371.508,1.0000,1.0000
4372.514,1.0000,1.0000
4373.521,1.0000,1.0000
4374.529,1.0000,1.0000
4375.536,1.0000,1.0000
4376.543,1.0000,1.0000
4377.552,1.0000,1.0000
4378.560,1.0000,1.0000
4379.568,1.0000,1.0000
4380.577,1.0000,1.0000
4381.585,1.0000,1.0000
4382.594,1.0000,1.0000
4383.604,1.0000,1.0000
4384.613,1.0000,1.0000
4385.623,1.0000,1.0000
4386.633,1.0000,1.0000
4387.643,1.0000,1.0000
4388.653,1.0000,1.0000
4389.664,1.0000,1.0000
4390.675,1.0000,1.0000
4391.686,1.0000,1.0000
4392.697,1.0000,1.0000
4393.708,1.0000,1.0000
4394.720,1.0000,1.0000
4395.732,1.0000,1.0000
4396.745,1.0000,1.0000
4397.757,1.0000,1.0000
4398.770,1.0000,1.0000
4399.783,1.0000,1.0000
4400.796,1.0000,1.0000
4401.810,1.0000,1.0000
4402.823,1.0000,1.0000
4403.837,1.0000,1.0000
4404.852,1.0000,1.0000
4405.866,1.0000,1.0000
4406.880,1.0000,1.0000
4407.896,1.0000,1.0000
4408.910,1.0000,1.0000
4409.926,1.0000,1.0000
4410.941,1.0000,1.0000
4411.957,1.0000,1.0000
4412.973,1.0000,1.0000
4413.989,1.0000,1.0000
4415.005,1.0000,1.0000
4416.022,1.0000,1.0000
4417.040,1.0000,1.0000
4418.057,1.0000,1.0000
4419.074,1.0000,1.0000
4420.091,1.0000,1.0000
4421.109,1.0000,1.0000
4422.127,1.0000,1.0000
4423.146,1.0000,1.0000
4424.164,1.0000,1.0000
4425.183,1.0000,1.0000
4426.202,1.0000,1.0000
4427.222,1.0000,1.0000
4428.241,1.0000,1.0000
4429.261,1.0000,1.0000
4430.281,1.0000,1.0000
4431.301,1.0000,1.0000
4432.321,1.0000,1.0000
4433.342,1.0000,1.0000
4434.363,1.0000,1.0000
4435.384,1.0000,1.0000
4436.406,1.0000,1.0000
4437.427,1.0000,1.0000
4438.449,1.0000,1.0000
4439.471,1.0000,1.0000
4440.494,1.0000,1.0000
4441.517,1.0000,1.0000
4442.539,1.0000,1.0000
4443.562,1.0000,1.0000
4444.585,1.0000,1.0000
4445.609,1.0000,1.0000
4446.633,1.0000,1.0000
4447.657,1.0000,1.0000
4448.681,1.0000,1.0000
4449.705,1.0000,1.0000
4450.730,1.0000,1.0000
4451.755,1.0000,1.0000
4452.780,1.0000,1.0000
4453.806,1.0000,1.0000
4454.832,1.0000,1.0000
4455.857,1.0000,1.0000
4456.883,1.0000,1.0000
4457.910,1.0000,1.0000
4458.936,1.0000,1.0000
4459.963,1.0000,1.0000
4460.990,1.0000,1.0000
4462.018,1.0000,1.0000
4463.045,1.0000,1.0000
4464.073,1.0000,1.0000
4465.101,1.0000,1.0000
4466.129,1.0000,1.0000
4467.157,1.0000,1.0000
4468.186,1.0000,1.0000
4469.215,1.0000,1.0000
4470.244,1.0000,1.0000
4471.274,1.0000,1.0000
4472.303,1.0000,1.0000
4473.333,1.0000,1.0000
4474.364,1.0000,1.0000
4475.394,1.0000,1.0000
4476.424,1.0000,1.0000
4477.455,1.0000,1.0000
4478.487,1.0000,1.0000
4479.518,1.0000,1.0000
4480.549,1.0000,1.0000
4481.581,1.0000,1.0000
4482.613,1.0000,1.0000
4483.646,1.0000,1.0000
4484.678,1.0000,1.0000
4485.711,1.0000,1.0000
4486.744,1.0000,1.0000
4487.777,1.0000,1.0000
4488.811,1.0000,1.0000
4489.844,1.0000,1.0000
4490.878,1.0000,1.0000
4491.913,1.0000,1.0000
4492.947,1.0000,1.0000
4493.981,1.0000,1.0000
4495.016,1.0000,1.0000
4496.052,1.0000,1.0000
4497.087,1.0000,1.0000
4498.122,1.0000,1.0000
4499.158,1.0000,1.0000
4500.194,1.0000,1.0000
4501.230,1.0000,1.0000
4502.267,1.0000,1.0000
4503.304,1.0000,1.0000
4504.341,1.0000,1.0000
4505.378,1.0000,1.0000
4506.416,1.0000,1.0000
4507.454,1.0000,1.0000
4508.492,1.0000,1.0000
4509.530,1.0000,1.0000
4510.568,1.0000,1.0000
4511.607,1.0000,1.0000
4512.646,1.0000,1.0000
4513.685,1.0000,1.0000
4514.725,1.0000,1.0000
4515.765,1.0000,1.0000
4516.804,1.0000,1.0000
4517.844,1.0000,1.0000
4518.885,1.0000,1.0000
4519.925,1.0000,1.0000
4520.966,1.0000,1.0000
4522.007,1.0000,1.0000
4523.049,1.0000,1.0000
4524.090,1.0000,1.0000
4525.132,1.0000,1.0000
4526.174,1.0000,1.0000
4527.217,1.0000,1.0000
4528.259,1.0000,1.0000
4529.302,1.0000,1.0000
4530.345,1.0000,1.0000
4531.388,1.0000,1.0000
4532.432,1.0000,1.0000
4533.476,1.0000,1.0000
4534.520,1.0000,1.0000
4535.563,1.0000,1.0000
4536.608,1.0000,1.0000
4537.652,1.0000,1.0000
4538.698,1.0000,1.0000
4539.743,1.0000,1.0000
4540.789,1.0000,1.0000
4541.834,1.0000,1.0000
4542.880,1.0000,1.0000
4543.926,1.0000,1.0000
4544.972,1.0000,1.0000
4546.019,1.0000,1.0000
4547.066,1.0000,1.0000
4548.113,1.0000,1.0000
4549.161,1.0000,1.0000
4550.208,1.0000,1.0000
4551.256,1.0000,1.0000
4552.304,1.0000,1.0000
4553.353,1.0000,1.0000
4554.401,1.0000,1.0000
4555.450,1.0000,1.0000
4556.499,1.0000,1.0000
4557.548,1.0000,1.0000
4558.598,1.0000,1.0000
4559.647,1.0000,1.0000
4560.697,1.0000,1.0000
4561.748,1.0000,1.0000
4562.798,1.0000,1.0000
4563.849,1.0000,1.0000
4564.900,1.0000,1.0000
4565.951,1.0000,1.0000
4567.002,1.0000,1.0000
4568.055,1.0000,1.0000
4569.106,1.0000,1.0000
4570.158,1.0000,1.0000
4571.211,1.0000,1.0000
4572.263,1.0000,1.0000
4573.316,1.0000,1.0000
4574.370,1.0000,1.0000
4575.423,1.0000,1.0000
4576.477,1.0000,1.0000
4577.531,1.0000,1.0000
4578.585,1.0000,1.0000
4579.639,1.0000,1.0000
4580.693,1.0000,1.0000
4581.749,1.0000,1.0000
4582.804,1.0000,1.0000
4583.859,1.0000,1.0000
4584.915,1.0000,1.0000
4585.970,1.0000,1.0000
4587.027,1.0000,1.0000
4588.083,1.0000,1.0000
4589.139,1.0000,1.0000
4590.196,1.0000,1.0000
4591.253,1.0000,1.0000
4592.311,1.0000,1.0000
4593.368,1.0000,1.0000
4594.426,1.0000,1.0000
4595.484,1.0000,1.0000
4596.542,1.0000,1.0000
4597.601,1.0000,1.0000
4598.660,1.0000,1.0000
4599.718,1.0000,1.0000
4600.778,1.0000,1.0000
4601.837,1.0000,1.0000
4602.897,1.0000,1.0000
4603.957,1.0000,1.0000
4605.017,1.0000,1.0000
4606.078,1.0000,1.0000
4607.138,1.0000,1.0000
4608.199,1.0000,1.0000
4609.260,1.0000,1.0000
4610.322,1.0000,1.0000
4611.384,1.0000,1.0000
4612.445,1.0000,1.0000
4613.508,1.0000,1.0000
4614.570,1.0000,1.0000
4615.633,1.0000,1.0000
4616.696,1.0000,1.0000
4617.759,1.0000,1.0000
4618.822,1.0000,1.0000
4619.886,1.0000,1.0000
4620.950,1.0000,1.0000
4622.014,1.0000,1.0000
4623.078,1.0000,1.0000
4624.143,1.0000,1.0000
4625.208,1.0000,1.0000
4626.273,1.0000,1.0000
4627.338,1.0000,1.0000
4628.404,1.0000,1.0000
4629.470,1.0000,1.0000
4630.536,1.0000,1.0000
4631.603,1.0000,1.0000
4632.669,1.0000,1.0000
4633.735,1.0000,1.0000
4634.803,1.0000,1.0000
4635.870,1.0000,1.0000
4636.938,1.0000,1.0000
4638.006,1.0000,1.0000
4639.074,1.0000,1.0000
4640.142,1.0000,1.0000
4641.210,1.0000,1.0000
4642.279,1.0000,1.0000
4643.348,1.0000,1.0000
4644.417,1.0000,1.0000
4645.487,1.0000,1.0000
4646.557,1.0000,1.0000
4647.627,1.0000,1.0000
4648.697,1.0000,1.0000
4649.768,1.0000,1.0000
4650.839,1.0000,1.0000
4651.909,1.0000,1.0000
4652.981,1.0000,1.0000
4654.052,1.0000,1.0000
4655.124,1.0000,1.0000
4656.196,1.0000,1.0000
4657.269,1.0000,1.0000
4658.341,1.0000,1.0000
4659.414,1.0000,1.0000
4660.487,1.0000,1.0000
4661.560,1.0000,1.0000
4662.633,1.0000,1.0000
4663.707,1.0000,1.0000
4664.781,1.0000,1.0000
4665.855,1.0000,1.0000
4666.930,1.0000,1.0000
4668.004,1.0000,1.0000
4669.080,1.0000,1.0000
4670.155,1.0000,1.0000
4671.230,1.0000,1.0000
4672.306,1.0000,1.0000
4673.382,1.0000,1.0000
4674.458,1.0000,1.0000
4675.534,1.0000,1.0000
4676.611,1.0000,1.0000
4677.688,1.0000,1.0000
4678.766,1.0000,1.0000
4679.843,1.0000,1.0000
4680.920,1.0000,1.0000
4681.999,1.0000,1.0000
4683.077,1.0000,1.0000
4684.155,1.0000,1.0000
4685.233,1.0000,1.0000
4686.312,1.0000,1.0000
4687.392,1.0000,1.0000
4688.471,1.0000,1.0000
4689.551,1.0000,1.0000
4690.631,1.0000,1.0000
4691.711,1.0000,1.0000
4692.792,1.0000,1.0000
4693.872,1.0000,1.0000
4694.953,1.0000,1.0000
4696.034,1.0000,1.0000
4697.116,1.0000,1.0000
4698.198,1.0000,1.0000
4699.279,1.0000,1.0000
4700.362,1.0000,1.0000
4701.444,1.0000,1.0000
4702.527,1.0000,1.0000
4703.609,1.0000,1.0000
4704.692,1.0000,1.0000
4705.776,1.0000,1.0000
4706.860,1.0000,1.0000
4707.944,1.0000,1.0000
4709.028,1.0000,1.0000
4710.112,1.0000,1.0000
4711.197,1.0000,1.0000
4712.282,1.0000,1.0000
4713.367,1.0000,1.0000
4714.453,1.0000,1.0000
4715.538,1.0000,1.0000
4716.624,1.0000,1.0000
4717.710,1.0000,1.0000
4718.796,1.0000,1.0000
4719.883,1.0000,1.0000
4720.970,1.0000,1.0000
4722.057,1.0000,1.0000
4723.145,1.0000,1.0000
4724.232,1.0000,1.0000
4725.320,1.0000,1.0000
4726.409,1.0000,1.0000
4727.497,1.0000,1.0000
4728.585,1.0000,1.0000
4729.675,1.0000,1.0000
4730.764,1.0000,1.0000
4731.853,1.0000,1.0000
4732.943,1.0000,1.0000
4734.033,1.0000,1.0000
4735.123,1.0000,1.0000
4736.213,1.0000,1.0000
4737.304,1.0000,1.0000
4738.395,1.0000,1.0000
4739.486,1.0000,1.0000
4740.577,1.0000,1.0000
4741.669,1.0000,1.0000
4742.761,1.0000,1.0000
4743.853,1.0000,1.0000
4744.946,1.0000,1.0000
4746.038,1.0000,1.0000
4747.131,1.0000,1.0000
4748.225,1.0000,1.0000
4749.318,1.0000,1.0000
4750.412,1.0000,1.0000
4751.505,1.0000,1.0000
4752.600,1.0000,1.0000
4753.694,1.0000,1.0000
4754.789,1.0000,1.0000
4755.884,1.0000,1.0000
4756.979,1.0000,1.0000
4758.075,1.0000,1.0000
4759.170,1.0000,1.0000
4760.267,1.0000,1.0000
4761.363,1.0000,1.0000
4762.459,1.0000,1.0000
4763.556,1.0000,1.0000
4764.653,1.0000,1.0000
4765.750,1.0000,1.0000
4766.847,1.0000,1.0000
4767.945,1.0000,1.0000
4769.043,1.0000,1.0000
4770.142,1.0000,1.0000
4771.240,1.0000,1.0000
4772.339,1.0000,1.0000
4773.438,1.0000,1.0000
4774.537,1.0000,1.0000
4775.637,1.0000,1.0000
4776.736,1.0000,1.0000
4777.836,1.0000,1.0000
4778.937,1.0000,1.0000
4780.037,1.0000,1.0000
4781.138,1.0000,1.0000
4782.239,1.0000,1.0000
4783.340,1.0000,1.0000
4784.442,1.0000,1.0000
4785.543,1.0000,1.0000
4786.646,1.0000,1.0000
4787.748,1.0000,1.0000
4788.851,1.0000,1.0000
4789.953,1.0000,1.0000
4791.056,1.0000,1.0000
4792.159,1.0000,1.0000
4793.263,1.0000,1.0000
4794.367,1.0000,1.0000
4795.471,1.0000,1.0000
4796.575,1.0000,1.0000
4797.680,1.0000,1.0000
4798.784,1.0000,1.0000
4799.890,1.0000,1.0000
4800.995,1.0000,1.0000
4802.101,1.0000,1.0000
4803.207,1.0000,1.0000
4804.312,1.0000,1.0000
4805.419,1.0000,1.0000
4806.526,1.0000,1.0000
4807.632,1.0000,1.0000
4808.739,1.0000,1.0000
4809.847,1.0000,1.0000
4810.955,1.0000,1.0000
4812.062,1.0000,1.0000
4813.170,1.0000,1.0000
4814.279,1.0000,1.0000
4815.388,1.0000,1.0000
4816.497,1.0000,1.0000
4817.606,1.0000,1.0000
4818.715,1.0000,1.0000
4819.825,1.0000,1.0000
4820.935,1.0000,1.0000
4822.045,1.0000,1.0000
4823.155,1.0000,1.0000
4824.266,1.0000,1.0000
4825.377,1.0000,1.0000
4826.488,1.0000,1.0000
4827.600,1.0000,1.0000
4828.711,1.0000,1.0000
4829.823,1.0000,1.0000
4830.936,1.0000,1.0000
4832.048,1.0000,1.0000
4833.161,1.0000,1.0000
4834.274,1.0000,1.0000
4835.387,1.0000,1.0000
4836.501,1.0000,1.0000
4837.614,1.0000,1.0000
4838.729,1.0000,1.0000
4839.843,1.0000,1.0000
4840.957,1.0000,1.0000
4842.072,1.0000,1.0000
4843.187,1.0000,1.0000
4844.302,1.0000,1.0000
4845.418,1.0000,1.0000
4846.534,1.0000,1.0000
4847.650,1.0000,1.0000
4848.767,1.0000,1.0000
4849.883,1.0000,1.0000
4851.000,1.0000,1.0000
4852.117,1.0000,1.0000
4853.234,1.0000,1.0000
4854.352,1.0000,1.0000
4855.470,1.0000,1.0000
4856.588,1.0000,1.0000
4857.706,1.0000,1.0000
4858.825,1.0000,1.0000
4859.944,1.0000,1.0000
4861.063,1.0000,1.0000
4862.183,1.0000,1.0000
4863.302,1.0000,1.0000
4864.422,1.0000,1.0000
4865.542,1.0000,1.0000
4866.663,1.0000,1.0000
4867.783,1.0000,1.0000
4868.904,1.0000,1.0000
4870.026,1.0000,1.0000
4871.147,1.0000,1.0000
4872.269,1.0000,1.0000
4873.391,1.0000,1.0000
4874.514,1.0000,1.0000
4875.636,1.0000,1.0000
4876.758,1.0000,1.0000
4877.881,1.0000,1.0000
4879.005,1.0000,1.0000
4880.128,1.0000,1.0000
4881.252,1.0000,1.0000
4882.376,1.0000,1.0000
4883.500,1.0000,1.0000
4884.625,1.0000,1.0000
4885.750,1.0000,1.0000
4886.875,1.0000,1.0000
4888.000,1.0000,1.0000
4889.126,1.0000,1.0000
4890.252,1.0000,1.0000
4891.378,1.0000,1.0000
4892.505,1.0000,1.0000
4893.631,1.0000,1.0000
4894.758,1.0000,1.0000
4895.886,1.0000,1.0000
4897.013,1.0000,1.0000
4898.141,1.0000,1.0000
4899.269,1.0000,1.0000
4900.397,1.0000,1.0000
4901.525,1.0000,1.0000
4902.654,1.0000,1.0000
4903.783,1.0000,1.0000
4904.912,1.0000,1.0000
4906.042,1.0000,1.0000
4907.171,1.0000,1.0000
4908.302,1.0000,1.0000
4909.432,1.0000,1.0000
4910.563,1.0000,1.0000
4911.693,1.0000,1.0000
4912.825,1.0000,1.0000
4913.956,1.0000,1.0000
4915.088,1.0000,1.0000
4916.220,1.0000,1.0000
4917.352,1.0000,1.0000
4918.484,1.0000,1.0000
4919.617,1.0000,1.0000
4920.750,1.0000,1.0000
4921.883,1.0000,1.0000
4923.016,1.0000,1.0000
4924.150,1.0000,1.0000
4925.284,1.0000,1.0000
4926.418,1.0000,1.0000
4927.552,1.0000,1.0000
4928.688,1.0000,1.0000
4929.822,1.0000,1.0000
4930.958,1.0000,1.0000
4932.093,1.0000,1.0000
4933.229,1.0000,1.0000
4934.365,1.0000,1.0000
4935.501,1.0000,1.0000
4936.638,1.0000,1.0000
4937.775,1.0000,1.0000
4938.912,1.0000,1.0000
4940.049,1.0000,1.0000
4941.187,1.0000,1.0000
4942.325,1.0000,1.0000
4943.463,1.0000,1.0000
4944.601,1.0000,1.0000
4945.740,1.0000,1.0000
4946.878,1.0000,1.0000
4948.018,1.0000,1.0000
4949.158,1.0000,1.0000
4950.297,1.0000,1.0000
4951.437,1.0000,1.0000
4952.577,1.0000,1.0000
4953.718,1.0000,1.0000
4954.858,1.0000,1.0000
4956.000,1.0000,1.0000
4957.141,1.0000,1.0000
4958.282,1.0000,1.0000
4959.424,1.0000,1.0000
4960.566,1.0000,1.0000
4961.708,1.0000,1.0000
4962.851,1.0000,1.0000
4963.994,1.0000,1.0000
4965.137,1.0000,1.0000
4966.281,1.0000,1.0000
4967.424,1.0000,1.0000
4968.568,1.0000,1.0000
4969.712,1.0000,1.0000
4970.856,1.0000,1.0000
4972.001,1.0000,1.0000
4973.147,1.0000,1.0000
4974.292,1.0000,1.0000
4975.438,1.0000,1.0000
4976.583,1.0000,1.0000
4977.729,1.0000,1.0000
4978.875,1.0000,1.0000
4980.021,1.0000,1.0000
4981.169,1.0000,1.0000
4982.316,1.0000,1.0000
4983.463,1.0000,1.0000
4984.611,1.0000,1.0000
4985.758,1.0000,1.0000
4986.907,1.0000,1.0000
4988.055,1.0000,1.0000
4989.204,1.0000,1.0000
4990.353,1.0000,1.0000
4991.502,1.0000,1.0000
4992.651,1.0000,1.0000
4993.801,1.0000,1.0000
4994.951,1.0000,1.0000
4996.102,1.0000,1.0000
4997.252,1.0000,1.0000
4998.403,1.0000,1.0000
4999.554,1.0000,1.0000
5000.705,1.0000,1.0000
5001.856,1.0000,1.0000
5003.009,1.0000,1.0000
5004.161,1.0000,1.0000
5005.313,1.0000,1.0000
5006.466,1.0000,1.0000
5007.619,1.0000,1.0000
5008.772,1.0000,1.0000
5009.925,1.0000,1.0000
5011.079,1.0000,1.0000
5012.233,1.0000,1.0000
5013.388,1.0000,1.0000
5014.542,1.0000,1.0000
5015.696,1.0000,1.0000
5016.852,1.0000,1.0000
5018.007,1.0000,1.0000
5019.162,1.0000,1.0000
5020.318,1.0000,1.0000
5021.474,1.0000,1.0000
5022.631,1.0000,1.0000
5023.787,1.0000,1.0000
5024.944,1.0000,1.0000
5026.102,1.0000,1.0000
5027.259,1.0000,1.0000
5028.417,1.0000,1.0000
5029.575,1.0000,1.0000
5030.733,1.0000,1.0000
5031.891,1.0000,1.0000
5033.050,1.0000,1.0000
5034.209,1.0000,1.0000
5035.369,1.0000,1.0000
5036.528,1.0000,1.0000
5037.688,1.0000,1.0000
5038.848,1.0000,1.0000
5040.008,1.0000,1.0000
5041.169,1.0000,1.0000
5042.330,1.0000,1.0000
5043.491,1.0000,1.0000
5044.653,1.0000,1.0000
5045.814,1.0000,1.0000
5046.977,1.0000,1.0000
5048.138,1.0000,1.0000
5049.301,1.0000,1.0000
5050.464,1.0000,1.0000
5051.627,1.0000,1.0000
5052.790,1.0000,1.0000
5053.954,1.0000,1.0000
5055.118,1.0000,1.0000
5056.282,1.0000,1.0000
5057.446,1.0000,1.0000
5058.610,1.0000,1.0000
5059.775,1.0000,1.0000
5060.941,1.0000,1.0000
5062.106,1.0000,1.0000
5063.272,1.0000,1.0000
5064.438,1.0000,1.0000
5065.604,1.0000,1.0000
5066.771,1.0000,1.0000
5067.938,1.0000,1.0000
5069.104,1.0000,1.0000
5070.272,1.0000,1.0000
5071.439,1.0000,1.0000
5072.607,1.0000,1.0000
5073.776,1.0000,1.0000
5074.944,1.0000,1.0000
5076.113,1.0000,1.0000
5077.282,1.0000,1.0000
5078.451,1.0000,1.0000
5079.620,1.0000,1.0000
5080.790,1.0000,1.0000
5081.960,1.0000,1.0000
5083.130,1.0000,1.0000
5084.301,1.0000,1.0000
5085.472,1.0000,1.0000
5086.643,1.0000,1.0000
5087.814,1.0000,1.0000
5088.986,1.0000,1.0000
5090.158,1.0000,1.0000
5091.330,1.0000,1.0000
5092.502,1.0000,1.0000
5093.675,1.0000,1.0000
5094.849,1.0000,1.0000
5096.021,1.0000,1.0000
5097.195,1.0000,1.0000
5098.369,1.0000,1.0000
5099.543,1.0000,1.0000
5100.717,1.0000,1.0000
5101.892,1.0000,1.0000
5103.067,1.0000,1.0000
5104.242,1.0000,1.0000
5105.417,1.0000,1.0000
5106.593,1.0000,1.0000
5107.769,1.0000,1.0000
5108.945,1.0000,1.0000
5110.122,1.0000,1.0000
5111.298,1.0000,1.0000
5112.476,1.0000,1.0000
5113.653,1.0000,1.0000
5114.831,1.0000,1.0000
5116.008,1.0000,1.0000
5117.187,1.0000,1.0000
5118.365,1.0000,1.0000
5119.544,1.0000,1.0000
5120.723,1.0000,1.0000
5121.902,1.0000,1.0000
5123.082,1.0000,1.0000
5124.261,1.0000,1.0000
5125.441,1.0000,1.0000
5126.622,1.0000,1.0000
5127.802,1.0000,1.0000
5128.983,1.0000,1.0000
5130.164,1.0000,1.0000
5131.345,1.0000,1.0000
5132.527,1.0000,1.0000
5133.709,1.0000,1.0000
5134.891,1.0000,1.0000
5136.074,1.0000,1.0000
5137.256,1.0000,1.0000
5138.439,1.0000,1.0000
5139.623,1.0000,1.0000
5140.806,1.0000,1.0000
5141.990,1.0000,1.0000
5143.174,1.0000,1.0000
5144.359,1.0000,1.0000
5145.543,1.0000,1.0000
5146.729,1.0000,1.0000
5147.914,1.0000,1.0000
5149.099,1.0000,1.0000
5150.285,1.0000,1.0000
5151.471,1.0000,1.0000
5152.657,1.0000,1.0000
5153.844,1.0000,1.0000
5155.030,1.0000,1.0000
5156.218,1.0000,1.0000
5157.405,1.0000,1.0000
5158.593,1.0000,1.0000
5159.781,1.0000,1.0000
5160.969,1.0000,1.0000
5162.158,1.0000,1.0000
5163.346,1.0000,1.0000
5164.535,1.0000,1.0000
5165.725,1.0000,1.0000
5166.915,1.0000,1.0000
5168.104,1.0000,1.0000
5169.294,1.0000,1.0000
5170.485,1.0000,1.0000
5171.675,1.0000,1.0000
5172.866,1.0000,1.0000
5174.058,1.0000,1.0000
5175.249,1.0000,1.0000
5176.441,1.0000,1.0000
5177.633,1.0000,1.0000
5178.825,1.0000,1.0000
5180.018,1.0000,1.0000
5181.210,1.0000,1.0000
5182.404,1.0000,1.0000
5183.597,1.0000,1.0000
5184.791,1.0000,1.0000
5185.985,1.0000,1.0000
5187.180,1.0000,1.0000
5188.374,1.0000,1.0000
5189.568,1.0000,1.0000
5190.764,1.0000,1.0000
5191.959,1.0000,1.0000
5193.154,1.0000,1.0000
5194.350,1.0000,1.0000
5195.546,1.0000,1.0000
5196.743,1.0000,1.0000
5197.940,1.0000,1.0000
5199.137,1.0000,1.0000
5200.334,1.0000,1.0000
5201.532,1.0000,1.0000
5202.729,1.0000,1.0000
5203.928,1.0000,1.0000
5205.126,1.0000,1.0000
5206.325,1.0000,1.0000
5207.523,1.0000,1.0000
5208.723,1.0000,1.0000
5209.922,1.0000,1.0000
5211.122,1.0000,1.0000
5212.322,1.0000,1.0000
5213.522,1.0000,1.0000
5214.723,1.0000,1.0000
5215.924,1.0000,1.0000
5217.125,1.0000,1.0000
5218.327,1.0000,1.0000
5219.528,1.0000,1.0000
5220.730,1.0000,1.0000
5221.933,1.0000,1.0000
5223.135,1.0000,1.0000
5224.338,1.0000,1.0000
5225.541,1.0000,1.0000
5226.744,1.0000,1.0000
5227.948,1.0000,1.0000
5229.152,1.0000,1.0000
5230.356,1.0000,1.0000
5231.561,1.0000,1.0000
5232.765,1.0000,1.0000
5233.971,1.0000,1.0000
5235.175,1.0000,1.0000
5236.381,1.0000,1.0000
5237.587,1.0000,1.0000
5238.793,1.0000,1.0000
5240.000,1.0000,1.0000
5241.206,1.0000,1.0000
5242.413,1.0000,1.0000
5243.621,1.0000,1.0000
5244.828,1.0000,1.0000
5246.036,1.0000,1.0000
5247.244,1.0000,1.0000
5248.452,1.0000,1.0000
5249.661,1.0000,1.0000
5250.870,1.0000,1.0000
5252.079,1.0000,1.0000
5253.289,1.0000,1.0000
5254.499,1.0000,1.0000
5255.708,1.0000,1.0000
5256.918,1.0000,1.0000
5258.129,1.0000,1.0000
5259.340,1.0000,1.0000
5260.551,1.0000,1.0000
5261.763,1.0000,1.0000
5262.974,1.0000,1.0000
5264.187,1.0000,1.0000
5265.398,1.0000,1.0000
5266.611,1.0000,1.0000
5267.824,1.0000,1.0000
5269.037,1.0000,1.0000
5270.250,1.0000,1.0000
5271.464,1.0000,1.0000
5272.678,1.0000,1.0000
5273.892,1.0000,1.0000
5275.107,1.0000,1.0000
5276.322,1.0000,1.0000
5277.536,1.0000,1.0000
5278.752,1.0000,1.0000
5279.967,1.0000,1.0000
5281.183,1.0000,1.0000
5282.399,1.0000,1.0000
5283.616,1.0000,1.0000
5284.833,1.0000,1.0000
5286.050,1.0000,1.0000
5287.268,1.0000,1.0000
5288.485,1.0000,1.0000
5289.703,1.0000,1.0000
5290.920,1.0000,1.0000
5292.139,1.0000,1.0000
5293.358,1.0000,1.0000
5294.577,1.0000,1.0000
5295.796,1.0000,1.0000
5297.016,1.0000,1.0000
5298.235,1.0000,1.0000
5299.456,1.0000,1.0000
5300.676,1.0000,1.0000
5301.896,1.0000,1.0000
5303.118,1.0000,1.0000
5304.339,1.0000,1.0000
5305.561,1.0000,1.0000
5306.782,1.0000,1.0000
5308.004,1.0000,1.0000
5309.226,1.0000,1.0000
5310.449,1.0000,1.0000
5311.672,1.0000,1.0000
5312.895,1.0000,1.0000
5314.119,1.0000,1.0000
5315.343,1.0000,1.0000
5316.566,1.0000,1.0000
5317.791,1.0000,1.0000
5319.016,1.0000,1.0000
5320.240,1.0000,1.0000
5321.466,1.0000,1.0000
5322.691,1.0000,1.0000
5323.917,1.0000,1.0000
5325.143,1.0000,1.0000
5326.369,1.0000,1.0000
5327.596,1.0000,1.0000
5328.822,1.0000,1.0000
5330.049,1.0000,1.0000
5331.277,1.0000,1.0000
5332.505,1.0000,1.0000
5333.732,1.0000,1.0000
5334.961,1.0000,1.0000
5336.189,1.0000,1.0000
5337.418,1.0000,1.0000
5338.648,1.0000,1.0000
5339.877,1.0000,1.0000
5341.106,1.0000,1.0000
5342.337,1.0000,1.0000
5343.567,1.0000,1.0000
5344.797,1.0000,1.0000
5346.028,1.0000,1.0000
5347.259,1.0000,1.0000
5348.491,1.0000,1.0000
5349.723,1.0000,1.0000
5350.955,1.0000,1.0000
5352.187,1.0000,1.0000
5353.419,1.0000,1.0000
5354.652,1.0000,1.0000
5355.885,1.0000,1.0000
5357.118,1.0000,1.0000
5358.352,1.0000,1.0000
5359.586,1.0000,1.0000
5360.820,1.0000,1.0000
5362.055,1.0000,1.0000
5363.290,1.0000,1.0000
5364.525,1.0000,1.0000
5365.760,1.0000,1.0000
5366.996,1.0000,1.0000
5368.231,1.0000,1.0000
5369.468,1.0000,1.0000
5370.705,1.0000,1.0000
5371.941,1.0000,1.0000
5373.179,1.0000,1.0000
5374.416,1.0000,1.0000
5375.653,1.0000,1.0000
5376.891,1.0000,1.0000
5378.129,1.0000,1.0000
5379.368,1.0000,1.0000
5380.607,1.0000,1.0000
5381.846,1.0000,1.0000
5383.085,1.0000,1.0000
5384.325,1.0000,1.0000
5385.564,1.0000,1.0000
5386.805,1.0000,1.0000
5388.045,1.0000,1.0000
5389.286,1.0000,1.0000
5390.527,1.0000,1.0000
5391.769,1.0000,1.0000
5393.010,1.0000,1.0000
5394.252,1.0000,1.0000
5395.495,1.0000,1.0000
5396.737,1.0000,1.0000
5397.979,1.0000,1.0000
5399.223,1.0000,1.0000
5400.466,1.0000,1.0000
5401.709,1.0000,1.0000
5402.954,1.0000,1.0000
5404.198,1.0000,1.0000
5405.442,1.0000,1.0000
5406.688,1.0000,1.0000
5407.933,1.0000,1.0000
5409.178,1.0000,1.0000
5410.423,1.0000,1.0000
5411.669,1.0000,1.0000
5412.916,1.0000,1.0000
5414.162,1.0000,1.0000
5415.409,1.0000,1.0000
5416.656,1.0000,1.0000
5417.903,1.0000,1.0000
5419.151,1.0000,1.0000
5420.399,1.0000,1.0000
5421.647,1.0000,1.0000
5422.896,1.0000,1.0000
5424.145,1.0000,1.0000
5425.394,1.0000,1.0000
5426.643,1.0000,1.0000
5427.893,1.0000,1.0000
5429.143,1.0000,1.0000
5430.393,1.0000,1.0000
5431.644,1.0000,1.0000
5432.895,1.0000,1.0000
5434.145,1.0000,1.0000
5435.397,1.0000,1.0000
5436.648,1.0000,1.0000
5437.901,1.0000,1.0000
5439.152,1.0000,1.0000
5440.405,1.0000,1.0000
5441.658,1.0000,1.0000
5442.911,1.0000,1.0000
5444.165,1.0000,1.0000
5445.418,1.0000,1.0000
5446.672,1.0000,1.0000
5447.927,1.0000,1.0000
5449.181,1.0000,1.0000
5450.436,1.0000,1.0000
5451.691,1.0000,1.0000
5452.947,1.0000,1.0000
5454.202,1.0000,1.0000
5455.458,1.0000,1.0000
5456.715,1.0000,1.0000
5457.971,1.0000,1.0000
5459.229,1.0000,1.0000
5460.485,1.0000,1.0000
5461.743,1.0000,1.0000
5463.000,1.0000,1.0000
5464.259,1.0000,1.0000
5465.517,1.0000,1.0000
5466.775,1.0000,1.0000
5468.035,1.0000,1.0000
5469.294,1.0000,1.0000
5470.554,1.0000,1.0000
5471.813,1.0000,1.0000
5473.073,1.0000,1.0000
5474.333,1.0000,1.0000
5475.594,1.0000,1.0000
5476.855,1.0000,1.0000
5478.116,1.0000,1.0000
5479.378,1.0000,1.0000
5480.640,1.0000,1.0000
5481.902,1.0000,1.0000
5483.164,1.0000,1.0000
5484.427,1.0000,1.0000
5485.689,1.0000,1.0000
5486.953,1.0000,1.0000
5488.217,1.0000,1.0000
5489.480,1.0000,1.0000
5490.745,1.0000,1.0000
5492.009,1.0000,1.0000
5493.274,1.0000,1.0000
5494.539,1.0000,1.0000
5495.804,1.0000,1.0000
5497.070,1.0000,1.0000
5498.336,1.0000,1.0000
5499.602,1.0000,1.0000
5500.868,1.0000,1.0000
5502.135,1.0000,1.0000
5503.402,1.0000,1.0000
5504.669,1.0000,1.0000
5505.937,1.0000,1.0000
5507.205,1.0000,1.0000
5508.473,1.0000,1.0000
5509.742,1.0000,1.0000
5511.011,1.0000,1.0000
5512.280,1.0000,1.0000
5513.549,1.0000,1.0000
5514.819,1.0000,1.0000
5516.089,1.0000,1.0000
5517.359,1.0000,1.0000
5518.629,1.0000,1.0000
5519.900,1.0000,1.0000
5521.172,1.0000,1.0000
5522.443,1.0000,1.0000
5523.715,1.0000,1.0000
5524.987,1.0000,1.0000
5526.259,1.0000,1.0000
5527.532,1.0000,1.0000
5528.805,1.0000,1.0000
5530.078,1.0000,1.0000
5531.352,1.0000,1.0000
5532.625,1.0000,1.0000
5533.899,1.0000,1.0000
5535.174,1.0000,1.0000
5536.448,1.0000,1.0000
5537.723,1.0000,1.0000
5538.999,1.0000,1.0000
5540.274,1.0000,1.0000
5541.550,1.0000,1.0000
5542.826,1.0000,1.0000
5544.103,1.0000,1.0000
5545.379,1.0000,1.0000
5546.656,1.0000,1.0000
5547.934,1.0000,1.0000
5549.211,1.0000,1.0000
5550.489,1.0000,1.0000
5551.767,1.0000,1.0000
5553.046,1.0000,1.0000
5554.325,1.0000,1.0000
5555.604,1.0000,1.0000
5556.883,1.0000,1.0000
5558.163,1.0000,1.0000
5559.443,1.0000,1.0000
5560.723,1.0000,1.0000
5562.003,1.0000,1.0000
5563.284,1.0000,1.0000
5564.565,1.0000,1.0000
5565.847,1.0000,1.0000
5567.128,1.0000,1.0000
5568.411,1.0000,1.0000
5569.693,1.0000,1.0000
5570.976,1.0000,1.0000
5572.258,1.0000,1.0000
5573.542,1.0000,1.0000
5574.825,1.0000,1.0000
5576.109,1.0000,1.0000
5577.393,1.0000,1.0000
5578.677,1.0000,1.0000
5579.962,1.0000,1.0000
5581.248,1.0000,1.0000
5582.533,1.0000,1.0000
5583.818,1.0000,1.0000
5585.104,1.0000,1.0000
5586.390,1.0000,1.0000
5587.677,1.0000,1.0000
5588.963,1.0000,1.0000
5590.250,1.0000,1.0000
5591.538,1.0000,1.0000
5592.825,1.0000,1.0000
5594.113,1.0000,1.0000
5595.401,1.0000,1.0000
5596.690,1.0000,1.0000
5597.979,1.0000,1.0000
5599.268,1.0000,1.0000
5600.558,1.0000,1.0000
5601.847,1.0000,1.0000
5603.137,1.0000,1.0000
5604.427,1.0000,1.0000
5605.718,1.0000,1.0000
5607.009,1.0000,1.0000
5608.300,1.0000,1.0000
5609.592,1.0000,1.0000
5610.883,1.0000,1.0000
5612.175,1.0000,1.0000
5613.468,1.0000,1.0000
5614.761,1.0000,1.0000
5616.054,1.0000,1.0000
5617.347,1.0000,1.0000
5618.641,1.0000,1.0000
5619.934,1.0000,1.0000
5621.229,1.0000,1.0000
5622.523,1.0000,1.0000
5623.818,1.0000,1.0000
5625.113,1.0000,1.0000
5626.409,1.0000,1.0000
5627.704,1.0000,1.0000
5629.000,1.0000,1.0000
5630.296,1.0000,1.0000
5631.593,1.0000,1.0000
5632.890,1.0000,1.0000
5634.187,1.0000,1.0000
5635.484,1.0000,1.0000
5636.782,1.0000,1.0000
5638.080,1.0000,1.0000
5639.379,1.0000,1.0000
5640.677,1.0000,1.0000
5641.976,1.0000,1.0000
5643.275,1.0000,1.0000
5644.575,1.0000,1.0000
5645.875,1.0000,1.0000
5647.175,1.0000,1.0000
5648.476,1.0000,1.0000
5649.776,1.0000,1.0000
5651.077,1.0000,1.0000
5652.378,1.0000,1.0000
5653.680,1.0000,1.0000
5654.982,1.0000,1.0000
5656.284,1.0000,1.0000
5657.587,1.0000,1.0000
5658.890,1.0000,1.0000
5660.193,1.0000,1.0000
5661.497,1.0000,1.0000
5662.800,1.0000,1.0000
5664.104,1.0000,1.0000
5665.409,1.0000,1.0000
5666.713,1.0000,1.0000
5668.018,1.0000,1.0000
5669.324,1.0000,1.0000
5670.629,1.0000,1.0000
5671.935,1.0000,1.0000
5673.241,1.0000,1.0000
5674.547,1.0000,1.0000
5675.854,1.0000,1.0000
5677.161,1.0000,1.0000
5678.469,1.0000,1.0000
5679.776,1.0000,1.0000
5681.084,1.0000,1.0000
5682.393,1.0000,1.0000
5683.702,1.0000,1.0000
5685.010,1.0000,1.0000
5686.319,1.0000,1.0000
5687.629,1.0000,1.0000
5688.938,1.0000,1.0000
5690.249,1.0000,1.0000
5691.559,1.0000,1.0000
5692.870,1.0000,1.0000
5694.181,1.0000,1.0000
5695.492,1.0000,1.0000
5696.804,1.0000,1.0000
5698.115,1.0000,1.0000
5699.428,1.0000,1.0000
5700.740,1.0000,1.0000
5702.053,1.0000,1.0000
5703.366,1.0000,1.0000
5704.680,1.0000,1.0000
5705.993,1.0000,1.0000
5707.307,1.0000,1.0000
5708.622,1.0000,1.0000
5709.936,1.0000,1.0000
5711.251,1.0000,1.0000
5712.566,1.0000,1.0000
5713.882,1.0000,1.0000
5715.198,1.0000,1.0000
5716.514,1.0000,1.0000
5717.831,1.0000,1.0000
5719.147,1.0000,1.0000
5720.464,1.0000,1.0000
5721.781,1.0000,1.0000
5723.099,1.0000,1.0000
5724.417,1.0000,1.0000
5725.735,1.0000,1.0000
5727.054,1.0000,1.0000
5728.373,1.0000,1.0000
5729.691,1.0000,1.0000
5731.011,1.0000,1.0000
5732.331,1.0000,1.0000
5733.651,1.0000,1.0000
5734.972,1.0000,1.0000
5736.292,1.0000,1.0000
5737.613,1.0000,1.0000
5738.935,1.0000,1.0000
5740.256,1.0000,1.0000
5741.578,1.0000,1.0000
5742.900,1.0000,1.0000
5744.222,1.0000,1.0000
5745.545,1.0000,1.0000
5746.868,1.0000,1.0000
5748.191,1.0000,1.0000
5749.515,1.0000,1.0000
5750.839,1.0000,1.0000
5752.164,1.0000,1.0000
5753.489,1.0000,1.0000
5754.813,1.0000,1.0000
5756.139,1.0000,1.0000
5757.464,1.0000,1.0000
5758.790,1.0000,1.0000
5760.116,1.0000,1.0000
5761.443,1.0000,1.0000
5762.770,1.0000,1.0000
5764.097,1.0000,1.0000
5765.424,1.0000,1.0000
5766.751,1.0000,1.0000
5768.080,1.0000,1.0000
5769.408,1.0000,1.0000
5770.736,1.0000,1.0000
5772.065,1.0000,1.0000
5773.395,1.0000,1.0000
5774.725,1.0000,1.0000
5776.054,1.0000,1.0000
5777.384,1.0000,1.0000
5778.715,1.0000,1.0000
5780.045,1.0000,1.0000
5781.376,1.0000,1.0000
5782.708,1.0000,1.0000
5784.040,1.0000,1.0000
5785.372,1.0000,1.0000
5786.704,1.0000,1.0000
5788.036,1.0000,1.0000
5789.369,1.0000,1.0000
5790.703,1.0000,1.0000
5792.036,1.0000,1.0000
5793.370,1.0000,1.0000
5794.704,1.0000,1.0000
5796.038,1.0000,1.0000
5797.373,1.0000,1.0000
5798.708,1.0000,1.0000
5800.043,1.0000,1.0000
5801.379,1.0000,1.0000
5802.715,1.0000,1.0000
5804.051,1.0000,1.0000
5805.388,1.0000,1.0000
5806.725,1.0000,1.0000
5808.062,1.0000,1.0000
5809.399,1.0000,1.0000
5810.738,1.0000,1.0000
5812.076,1.0000,1.0000
5813.414,1.0000,1.0000
5814.752,1.0000,1.0000
5816.092,1.0000,1.0000
5817.431,1.0000,1.0000
5818.771,1.0000,1.0000
5820.110,1.0000,1.0000
5821.451,1.0000,1.0000
5822.792,1.0000,1.0000
5824.132,1.0000,1.0000
5825.474,1.0000,1.0000
5826.815,1.0000,1.0000
5828.157,1.0000,1.0000
5829.499,1.0000,1.0000
5830.842,1.0000,1.0000
5832.185,1.0000,1.0000
5833.527,1.0000,1.0000
5834.871,1.0000,1.0000
5836.214,1.0000,1.0000
5837.559,1.0000,1.0000
5838.903,1.0000,1.0000
5840.247,1.0000,1.0000
5841.592,1.0000,1.0000
5842.938,1.0000,1.0000
5844.283,1.0000,1.0000
5845.629,1.0000,1.0000
5846.975,1.0000,1.0000
5848.322,1.0000,1.0000
5849.668,1.0000,1.0000
5851.016,1.0000,1.0000
5852.363,1.0000,1.0000
5853.710,1.0000,1.0000
5855.059,1.0000,1.0000
5856.407,1.0000,1.0000
5857.756,1.0000,1.0000
5859.104,1.0000,1.0000
5860.454,1.0000,1.0000
5861.803,1.0000,1.0000
5863.153,1.0000,1.0000
5864.503,1.0000,1.0000
5865.854,1.0000,1.0000
5867.205,1.0000,1.0000
5868.556,1.0000,1.0000
5869.908,1.0000,1.0000
5871.259,1.0000,1.0000
5872.611,1.0000,1.0000
5873.963,1.0000,1.0000
5875.316,1.0000,1.0000
5876.669,1.0000,1.0000
5878.022,1.0000,1.0000
5879.376,1.0000,1.0000
5880.730,1.0000,1.0000
5882.084,1.0000,1.0000
5883.439,1.0000,1.0000
5884.794,1.0000,1.0000
5886.149,1.0000,1.0000
5887.504,1.0000,1.0000
5888.860,1.0000,1.0000
5890.216,1.0000,1.0000
5891.573,1.0000,1.0000
5892.929,1.0000,1.0000
5894.287,1.0000,1.0000
5895.644,1.0000,1.0000
5897.001,1.0000,1.0000
5898.359,1.0000,1.0000
5899.718,1.0000,1.0000
5901.077,1.0000,1.0000
5902.436,1.0000,1.0000
5903.794,1.0000,1.0000
5905.154,1.0000,1.0000
5906.514,1.0000,1.0000
5907.874,1.0000,1.0000
5909.234,1.0000,1.0000
5910.596,1.0000,1.0000
5911.957,1.0000,1.0000
5913.318,1.0000,1.0000
5914.680,1.0000,1.0000
5916.042,1.0000,1.0000
5917.405,1.0000,1.0000
5918.767,1.0000,1.0000
5920.130,1.0000,1.0000
5921.493,1.0000,1.0000
5922.857,1.0000,1.0000
5924.221,1.0000,1.0000
5925.585,1.0000,1.0000
5926.950,1.0000,1.0000
5928.315,1.0000,1.0000
5929.680,1.0000,1.0000
5931.045,1.0000,1.0000
5932.411,1.0000,1.0000
5933.777,1.0000,1.0000
5935.144,1.0000,1.0000
5936.510,1.0000,1.0000
5937.878,1.0000,1.0000
5939.245,1.0000,1.0000
5940.613,1.0000,1.0000
5941.981,1.0000,1.0000
5943.349,1.0000,1.0000
5944.718,1.0000,1.0000
5946.087,1.0000,1.0000
5947.456,1.0000,1.0000
5948.826,1.0000,1.0000
5950.195,1.0000,1.0000
5951.566,1.0000,1.0000
5952.937,1.0000,1.0000
5954.307,1.0000,1.0000
5955.678,1.0000,1.0000
5957.050,1.0000,1.0000
5958.422,1.0000,1.0000
5959.794,1.0000,1.0000
5961.167,1.0000,1.0000
5962.539,1.0000,1.0000
5963.912,1.0000,1.0000
5965.286,1.0000,1.0000
5966.659,1.0000,1.0000
5968.034,1.0000,1.0000
5969.408,1.0000,1.0000
5970.782,1.0000,1.0000
5972.157,1.0000,1.0000
5973.533,1.0000,1.0000
5974.909,1.0000,1.0000
5976.285,1.0000,1.0000
5977.661,1.0000,1.0000
5979.037,1.0000,1.0000
5980.414,1.0000,1.0000
5981.791,1.0000,1.0000
5983.169,1.0000,1.0000
5984.546,1.0000,1.0000
5985.925,1.0000,1.0000
5987.303,1.0000,1.0000
5988.682,1.0000,1.0000
5990.061,1.0000,1.0000
5991.440,1.0000,1.0000
5992.820,1.0000,1.0000
5994.200,1.0000,1.0000
5995.581,1.0000,1.0000
5996.961,1.0000,1.0000
5998.342,1.0000,1.0000
5999.724,1.0000,1.0000
6001.105,1.0000,1.0000
6002.487,1.0000,1.0000
6003.870,1.0000,1.0000
6005.252,1.0000,1.0000
6006.635,1.0000,1.0000
6008.018,1.0000,1.0000
6009.402,1.0000,1.0000
6010.786,1.0000,1.0000
6012.170,1.0000,1.0000
6013.555,1.0000,1.0000
6014.939,1.0000,1.0000
6016.324,1.0000,1.0000
6017.710,1.0000,1.0000
6019.096,1.0000,1.0000
6020.482,1.0000,1.0000
6021.868,1.0000,1.0000
6023.255,1.0000,1.0000
6024.642,1.0000,1.0000
6026.030,1.0000,1.0000
6027.417,1.0000,1.0000
6028.805,1.0000,1.0000
6030.193,1.0000,1.0000
6031.582,1.0000,1.0000
6032.971,1.0000,1.0000
6034.360,1.0000,1.0000
6035.750,1.0000,1.0000
6037.140,1.0000,1.0000
6038.530,1.0000,1.0000
6039.921,1.0000,1.0000
6041.312,1.0000,1.0000
6042.703,1.0000,1.0000
6044.095,1.0000,1.0000
6045.486,1.0000,1.0000
6046.878,1.0000,1.0000
6048.271,1.0000,1.0000
6049.664,1.0000,1.0000
6051.057,1.0000,1.0000
6052.450,1.0000,1.0000
6053.844,1.0000,1.0000
6055.238,1.0000,1.0000
6056.633,1.0000,1.0000
6058.027,1.0000,1.0000
6059.423,1.0000,1.0000
6060.818,1.0000,1.0000
6062.214,1.0000,1.0000
6063.610,1.0000,1.0000
6065.006,1.0000,1.0000
6066.403,1.0000,1.0000
6067.800,1.0000,1.0000
6069.197,1.0000,1.0000
6070.595,1.0000,1.0000
6071.993,1.0000,1.0000
6073.391,1.0000,1.0000
6074.790,1.0000,1.0000
6076.188,1.0000,1.0000
6077.588,1.0000,1.0000
6078.988,1.0000,1.0000
6080.387,1.0000,1.0000
6081.787,1.0000,1.0000
6083.188,1.0000,1.0000
6084.589,1.0000,1.0000
6085.990,1.0000,1.0000
6087.392,1.0000,1.0000
6088.793,1.0000,1.0000
6090.196,1.0000,1.0000
6091.598,1.0000,1.0000
6093.001,1.0000,1.0000
6094.404,1.0000,1.0000
6095.808,1.0000,1.0000
6097.211,1.0000,1.0000
6098.616,1.0000,1.0000
6100.020,1.0000,1.0000
6101.425,1.0000,1.0000
6102.830,1.0000,1.0000
6104.235,1.0000,1.0000
6105.641,1.0000,1.0000
6107.046,1.0000,1.0000
6108.453,1.0000,1.0000
6109.860,1.0000,1.0000
6111.267,1.0000,1.0000
6112.674,1.0000,1.0000
6114.082,1.0000,1.0000
6115.490,1.0000,1.0000
6116.898,1.0000,1.0000
6118.307,1.0000,1.0000
6119.715,1.0000,1.0000
6121.125,1.0000,1.0000
6122.535,1.0000,1.0000
6123.944,1.0000,1.0000
6125.355,1.0000,1.0000
6126.765,1.0000,1.0000
6128.176,1.0000,1.0000
6129.587,1.0000,1.0000
6130.999,1.0000,1.0000
6132.411,1.0000,1.0000
6133.823,1.0000,1.0000
6135.236,1.0000,1.0000
6136.648,1.0000,1.0000
6138.062,1.0000,1.0000
6139.475,1.0000,1.0000
6140.889,1.0000,1.0000
6142.303,1.0000,1.0000
6143.718,1.0000,1.0000
6145.133,1.0000,1.0000
6146.547,1.0000,1.0000
6147.963,1.0000,1.0000
6149.379,1.0000,1.0000
6150.795,1.0000,1.0000
6152.211,1.0000,1.0000
6153.628,1.0000,1.0000
6155.045,1.0000,1.0000
6156.463,1.0000,1.0000
6157.880,1.0000,1.0000
6159.298,1.0000,1.0000
6160.717,1.0000,1.0000
6162.136,1.0000,1.0000
6163.555,1.0000,1.0000
6164.974,1.0000,1.0000
6166.394,1.0000,1.0000
6167.814,1.0000,1.0000
6169.234,1.0000,1.0000
6170.655,1.0000,1.0000
6172.076,1.0000,1.0000
6173.497,1.0000,1.0000
6174.919,1.0000,1.0000
6176.341,1.0000,1.0000
6177.763,1.0000,1.0000
6179.186,1.0000,1.0000
6180.609,1.0000,1.0000
6182.032,1.0000,1.0000
6183.456,1.0000,1.0000
6184.879,1.0000,1.0000
6186.304,1.0000,1.0000
6187.729,1.0000,1.0000
6189.153,1.0000,1.0000
6190.579,1.0000,1.0000
6192.004,1.0000,1.0000
6193.430,1.0000,1.0000
6194.856,1.0000,1.0000
6196.283,1.0000,1.0000
6197.710,1.0000,1.0000
6199.137,1.0000,1.0000
6200.564,1.0000,1.0000
6201.993,1.0000,1.0000
6203.420,1.0000,1.0000
6204.849,1.0000,1.0000
6206.278,1.0000,1.0000
6207.708,1.0000,1.0000
6209.137,1.0000,1.0000
6210.567,1.0000,1.0000
6211.998,1.0000,1.0000
6213.427,1.0000,1.0000
6214.858,1.0000,1.0000
6216.290,1.0000,1.0000
6217.721,1.0000,1.0000
6219.153,1.0000,1.0000
6220.585,1.0000,1.0000
6222.018,1.0000,1.0000
6223.451,1.0000,1.0000
6224.884,1.0000,1.0000
6226.317,1.0000,1.0000
6227.751,1.0000,1.0000
6229.185,1.0000,1.0000
6230.620,1.0000,1.0000
6232.055,1.0000,1.0000
6233.490,1.0000,1.0000
6234.925,1.0000,1.0000
6236.361,1.0000,1.0000
6237.797,1.0000,1.0000
6239.233,1.0000,1.0000
6240.670,1.0000,1.0000
6242.107,1.0000,1.0000
6243.545,1.0000,1.0000
6244.983,1.0000,1.0000
6246.421,1.0000,1.0000
6247.859,1.0000,1.0000
6249.298,1.0000,1.0000
6250.737,1.0000,1.0000
6252.176,1.0000,1.0000
6253.616,1.0000,1.0000
6255.057,1.0000,1.0000
6256.497,1.0000,1.0000
6257.938,1.0000,1.0000
6259.379,1.0000,1.0000
6260.820,1.0000,1.0000
6262.263,1.0000,1.0000
6263.704,1.0000,1.0000
6265.147,1.0000,1.0000
6266.589,1.0000,1.0000
6268.033,1.0000,1.0000
6269.476,1.0000,1.0000
6270.920,1.0000,1.0000
6272.364,1.0000,1.0000
6273.809,1.0000,1.0000
6275.253,1.0000,1.0000
6276.698,1.0000,1.0000
6278.144,1.0000,1.0000
6279.589,1.0000,1.0000
6281.035,1.0000,1.0000
6282.482,1.0000,1.0000
6283.929,1.0000,1.0000
6285.376,1.0000,1.0000
6286.823,1.0000,1.0000
6288.271,1.0000,1.0000
6289.719,1.0000,1.0000
6291.167,1.0000,1.0000
6292.616,1.0000,1.0000
6294.065,1.0000,1.0000
6295.515,1.0000,1.0000
6296.964,1.0000,1.0000
6298.415,1.0000,1.0000
6299.865,1.0000,1.0000
6301.316,1.0000,1.0000
6302.767,1.0000,1.0000
6304.218,1.0000,1.0000
6305.670,1.0000,1.0000
6307.123,1.0000,1.0000
6308.575,1.0000,1.0000
6310.027,1.0000,1.0000
6311.480,1.0000,1.0000
6312.934,1.0000,1.0000
6314.388,1.0000,1.0000
6315.842,1.0000,1.0000
6317.296,1.0000,1.0000
6318.751,1.0000,1.0000
6320.206,1.0000,1.0000
6321.662,1.0000,1.0000
6323.117,1.0000,1.0000
6324.574,1.0000,1.0000
6326.030,1.0000,1.0000
6327.487,1.0000,1.0000
6328.944,1.0000,1.0000
6330.401,1.0000,1.0000
6331.859,1.0000,1.0000
6333.317,1.0000,1.0000
6334.776,1.0000,1.0000
6336.235,1.0000,1.0000
6337.694,1.0000,1.0000
6339.153,1.0000,1.0000
6340.613,1.0000,1.0000
6342.073,1.0000,1.0000
6343.533,1.0000,1.0000
6344.994,1.0000,1.0000
6346.456,1.0000,1.0000
6347.917,1.0000,1.0000
6349.379,1.0000,1.0000
6350.841,1.0000,1.0000
6352.303,1.0000,1.0000
6353.767,1.0000,1.0000
6355.229,1.0000,1.0000
6356.693,1.0000,1.0000
6358.157,1.0000,1.0000
6359.621,1.0000,1.0000
6361.086,1.0000,1.0000
6362.551,1.0000,1.0000
6364.016,1.0000,1.0000
6365.481,1.0000,1.0000
6366.947,1.0000,1.0000
6368.413,1.0000,1.0000
6369.880,1.0000,1.0000
6371.347,1.0000,1.0000
6372.814,1.0000,1.0000
6374.282,1.0000,1.0000
6375.750,1.0000,1.0000
6377.218,1.0000,1.0000
6378.687,1.0000,1.0000
6380.155,1.0000,1.0000
6381.625,1.0000,1.0000
6383.094,1.0000,1.0000
6384.564,1.0000,1.0000
6386.034,1.0000,1.0000
6387.505,1.0000,1.0000
6388.976,1.0000,1.0000
6390.447,1.0000,1.0000
6391.918,1.0000,1.0000
6393.391,1.0000,1.0000
6394.863,1.0000,1.0000
6396.336,1.0000,1.0000
6397.809,1.0000,1.0000
6399.282,1.0000,1.0000
6400.756,1.0000,1.0000
6402.229,1.0000,1.0000
6403.704,1.0000,1.0000
6405.179,1.0000,1.0000
6406.653,1.0000,1.0000
6408.129,1.0000,1.0000
6409.604,1.0000,1.0000
6411.081,1.0000,1.0000
6412.557,1.0000,1.0000
6414.034,1.0000,1.0000
6415.511,1.0000,1.0000
6416.988,1.0000,1.0000
6418.466,1.0000,1.0000
6419.944,1.0000,1.0000
6421.422,1.0000,1.0000
6422.901,1.0000,1.0000
6424.380,1.0000,1.0000
6425.860,1.0000,1.0000
6427.339,1.0000,1.0000
6428.820,1.0000,1.0000
6430.300,1.0000,1.0000
6431.781,1.0000,1.0000
6433.262,1.0000,1.0000
6434.744,1.0000,1.0000
6436.226,1.0000,1.0000
6437.708,1.0000,1.0000
6439.190,1.0000,1.0000
6440.673,1.0000,1.0000
6442.156,1.0000,1.0000
6443.640,1.0000,1.0000
6445.124,1.0000,1.0000
6446.607,1.0000,1.0000
6448.092,1.0000,1.0000
6449.577,1.0000,1.0000
6451.062,1.0000,1.0000
6452.548,1.0000,1.0000
6454.034,1.0000,1.0000
6455.520,1.0000,1.0000
6457.007,1.0000,1.0000
6458.494,1.0000,1.0000
6459.981,1.0000,1.0000
6461.469,1.0000,1.0000
6462.957,1.0000,1.0000
6464.445,1.0000,1.0000
6465.934,1.0000,1.0000
6467.423,1.0000,1.0000
6468.912,1.0000,1.0000
6470.401,1.0000,1.0000
6471.892,1.0000,1.0000
6473.382,1.0000,1.0000
6474.873,1.0000,1.0000
6476.364,1.0000,1.0000
6477.855,1.0000,1.0000
6479.347,1.0000,1.0000
6480.839,1.0000,1.0000
6482.332,1.0000,1.0000
6483.825,1.0000,1.0000
6485.318,1.0000,1.0000
6486.811,1.0000,1.0000
6488.305,1.0000,1.0000
6489.799,1.0000,1.0000
6491.293,1.0000,1.0000
6492.789,1.0000,1.0000
6494.283,1.0000,1.0000
6495.779,1.0000,1.0000
6497.275,1.0000,1.0000
6498.771,1.0000,1.0000
6500.268,1.0000,1.0000
6501.765,1.0000,1.0000
6503.262,1.0000,1.0000
6504.760,1.0000,1.0000
6506.258,1.0000,1.0000
6507.756,1.0000,1.0000
6509.254,1.0000,1.0000
6510.753,1.0000,1.0000
6512.253,1.0000,1.0000
6513.752,1.0000,1.0000
6515.252,1.0000,1.0000
6516.753,1.0000,1.0000
6518.253,1.0000,1.0000
6519.754,1.0000,1.0000
6521.256,1.0000,1.0000
6522.758,1.0000,1.0000
6524.260,1.0000,1.0000
6525.762,1.0000,1.0000
6527.265,1.0000,1.0000
6528.768,1.0000,1.0000
6530.271,1.0000,1.0000
6531.775,1.0000,1.0000
6533.280,1.0000,1.0000
6534.784,1.0000,1.0000
6536.289,1.0000,1.0000
6537.794,1.0000,1.0000
6539.300,1.0000,1.0000
6540.806,1.0000,1.0000
6542.312,1.0000,1.0000
6543.818,1.0000,1.0000
6545.325,1.0000,1.0000
6546.833,1.0000,1.0000
6548.340,1.0000,1.0000
6549.849,1.0000,1.0000
6551.357,1.0000,1.0000
6552.866,1.0000,1.0000
6554.374,1.0000,1.0000
6555.884,1.0000,1.0000
6557.394,1.0000,1.0000
6558.904,1.0000,1.0000
6560.414,1.0000,1.0000
6561.925,1.0000,1.0000
6563.436,1.0000,1.0000
6564.947,1.0000,1.0000
6566.459,1.0000,1.0000
6567.971,1.0000,1.0000
6569.484,1.0000,1.0000
6570.997,1.0000,1.0000
6572.510,1.0000,1.0000
6574.023,1.0000,1.0000
6575.537,1.0000,1.0000
6577.051,1.0000,1.0000
6578.566,1.0000,1.0000
6580.081,1.0000,1.0000
6581.596,1.0000,1.0000
6583.112,1.0000,1.0000
6584.628,1.0000,1.0000
6586.145,1.0000,1.0000
6587.661,1.0000,1.0000
6589.178,1.0000,1.0000
6590.695,1.0000,1.0000
6592.213,1.0000,1.0000
6593.731,1.0000,1.0000
6595.250,1.0000,1.0000
6596.769,1.0000,1.0000
6598.288,1.0000,1.0000
6599.807,1.0000,1.0000
6601.327,1.0000,1.0000
6602.847,1.0000,1.0000
6604.368,1.0000,1.0000
6605.889,1.0000,1.0000
6607.410,1.0000,1.0000
6608.931,1.0000,1.0000
6610.454,1.0000,1.0000
6611.976,1.0000,1.0000
6613.498,1.0000,1.0000
6615.021,1.0000,1.0000
6616.545,1.0000,1.0000
6618.068,1.0000,1.0000
6619.592,1.0000,1.0000
6621.117,1.0000,1.0000
6622.642,1.0000,1.0000
6624.167,1.0000,1.0000
6625.692,1.0000,1.0000
6627.218,1.0000,1.0000
6628.744,1.0000,1.0000
6630.271,1.0000,1.0000
6631.797,1.0000,1.0000
6633.325,1.0000,1.0000
6634.852,1.0000,1.0000
6636.380,1.0000,1.0000
6637.909,1.0000,1.0000
6639.437,1.0000,1.0000
6640.966,1.0000,1.0000
6642.495,1.0000,1.0000
6644.025,1.0000,1.0000
6645.555,1.0000,1.0000
6647.085,1.0000,1.0000
6648.616,1.0000,1.0000
6650.147,1.0000,1.0000
6651.679,1.0000,1.0000
6653.210,1.0000,1.0000
6654.742,1.0000,1.0000
6656.275,1.0000,1.0000
6657.808,1.0000,1.0000
6659.341,1.0000,1.0000
6660.875,1.0000,1.0000
6662.408,1.0000,1.0000
6663.942,1.0000,1.0000
6665.477,1.0000,1.0000
6667.012,1.0000,1.0000
6668.547,1.0000,1.0000
6670.083,1.0000,1.0000
6671.619,1.0000,1.0000
6673.156,1.0000,1.0000
6674.692,1.0000,1.0000
6676.229,1.0000,1.0000
6677.767,1.0000,1.0000
6679.304,1.0000,1.0000
6680.843,1.0000,1.0000
6682.381,1.0000,1.0000
6683.920,1.0000,1.0000
6685.459,1.0000,1.0000
6686.999,1.0000,1.0000
6688.539,1.0000,1.0000
6690.079,1.0000,1.0000
6691.620,1.0000,1.0000
6693.160,1.0000,1.0000
6694.702,1.0000,1.0000
6696.244,1.0000,1.0000
6697.786,1.0000,1.0000
6699.328,1.0000,1.0000
6700.871,1.0000,1.0000
6702.414,1.0000,1.0000
6703.957,1.0000,1.0000
6705.501,1.0000,1.0000
6707.045,1.0000,1.0000
6708.590,1.0000,1.0000
6710.135,1.0000,1.0000
6711.680,1.0000,1.0000
6713.226,1.0000,1.0000
6714.771,1.0000,1.0000
6716.318,1.0000,1.0000
6717.864,1.0000,1.0000
6719.412,1.0000,1.0000
6720.958,1.0000,1.0000
6722.507,1.0000,1.0000
6724.055,1.0000,1.0000
6725.604,1.0000,1.0000
6727.152,1.0000,1.0000
6728.701,1.0000,1.0000
6730.250,1.0000,1.0000
6731.801,1.0000,1.0000
6733.351,1.0000,1.0000
6734.901,1.0000,1.0000
6736.453,1.0000,1.0000
6738.003,1.0000,1.0000
6739.556,1.0000,1.0000
6741.107,1.0000,1.0000
6742.660,1.0000,1.0000
6744.212,1.0000,1.0000
6745.766,1.0000,1.0000
6747.319,1.0000,1.0000
6748.873,1.0000,1.0000
6750.427,1.0000,1.0000
6751.981,1.0000,1.0000
6753.537,1.0000,1.0000
6755.091,1.0000,1.0000
6756.647,1.0000,1.0000
6758.203,1.0000,1.0000
6759.759,1.0000,1.0000
6761.316,1.0000,1.0000
6762.873,1.0000,1.0000
6764.431,1.0000,1.0000
6765.988,1.0000,1.0000
6767.547,1.0000,1.0000
6769.105,1.0000,1.0000
6770.664,1.0000,1.0000
6772.223,1.0000,1.0000
6773.782,1.0000,1.0000
6775.342,1.0000,1.0000
6776.902,1.0000,1.0000
6778.463,1.0000,1.0000
6780.024,1.0000,1.0000
6781.586,1.0000,1.0000
6783.147,1.0000,1.0000
6784.709,1.0000,1.0000
6786.272,1.0000,1.0000
6787.834,1.0000,1.0000
6789.398,1.0000,1.0000
6790.961,1.0000,1.0000
6792.525,1.0000,1.0000
6794.089,1.0000,1.0000
6795.654,1.0000,1.0000
6797.219,1.0000,1.0000
6798.784,1.0000,1.0000
6800.350,1.0000,1.0000
6801.916,1.0000,1.0000
6803.482,1.0000,1.0000
6805.049,1.0000,1.0000
6806.616,1.0000,1.0000
6808.183,1.0000,1.0000
6809.751,1.0000,1.0000
6811.320,1.0000,1.0000
6812.888,1.0000,1.0000
6814.457,1.0000,1.0000
6816.026,1.0000,1.0000
6817.596,1.0000,1.0000
6819.166,1.0000,1.0000
6820.736,1.0000,1.0000
6822.307,1.0000,1.0000
6823.878,1.0000,1.0000
6825.450,1.0000,1.0000
6827.021,1.0000,1.0000
6828.593,1.0000,1.0000
6830.166,1.0000,1.0000
6831.739,1.0000,1.0000
6833.312,1.0000,1.0000
6834.885,1.0000,1.0000
6836.459,1.0000,1.0000
6838.034,1.0000,1.0000
6839.608,1.0000,1.0000
6841.183,1.0000,1.0000
6842.759,1.0000,1.0000
6844.334,1.0000,1.0000
6845.911,1.0000,1.0000
6847.487,1.0000,1.0000
6849.064,1.0000,1.0000
6850.642,1.0000,1.0000
6852.219,1.0000,1.0000
6853.797,1.0000,1.0000
6855.375,1.0000,1.0000
6856.954,1.0000,1.0000
6858.533,1.0000,1.0000
6860.112,1.0000,1.0000
6861.692,1.0000,1.0000
6863.272,1.0000,1.0000
6864.853,1.0000,1.0000
6866.434,1.0000,1.0000
6868.015,1.0000,1.0000
6869.596,1.0000,1.0000
6871.179,1.0000,1.0000
6872.761,1.0000,1.0000
6874.344,1.0000,1.0000
6875.927,1.0000,1.0000
6877.510,1.0000,1.0000
6879.094,1.0000,1.0000
6880.678,1.0000,1.0000
6882.263,1.0000,1.0000
6883.848,1.0000,1.0000
6885.433,1.0000,1.0000
6887.018,1.0000,1.0000
6888.604,1.0000,1.0000
6890.191,1.0000,1.0000
6891.778,1.0000,1.0000
6893.364,1.0000,1.0000
6894.952,1.0000,1.0000
6896.540,1.0000,1.0000
6898.128,1.0000,1.0000
6899.717,1.0000,1.0000
6901.306,1.0000,1.0000
6902.895,1.0000,1.0000
6904.484,1.0000,1.0000
6906.074,1.0000,1.0000
6907.665,1.0000,1.0000
6909.255,1.0000,1.0000
6910.847,1.0000,1.0000
6912.438,1.0000,1.0000
6914.030,1.0000,1.0000
6915.622,1.0000,1.0000
6917.214,1.0000,1.0000
6918.807,1.0000,1.0000
6920.400,1.0000,1.0000
6921.994,1.0000,1.0000
6923.588,1.0000,1.0000
6925.183,1.0000,1.0000
6926.777,1.0000,1.0000
6928.373,1.0000,1.0000
6929.968,1.0000,1.0000
6931.564,1.0000,1.0000
6933.160,1.0000,1.0000
6934.757,1.0000,1.0000
6936.354,1.0000,1.0000
6937.951,1.0000,1.0000
6939.549,1.0000,1.0000
6941.147,1.0000,1.0000
6942.746,1.0000,1.0000
6944.344,1.0000,1.0000
6945.944,1.0000,1.0000
6947.543,1.0000,1.0000
6949.143,1.0000,1.0000
6950.743,1.0000,1.0000
6952.344,1.0000,1.0000
6953.945,1.0000,1.0000
6955.546,1.0000,1.0000
6957.148,1.0000,1.0000
6958.750,1.0000,1.0000
6960.353,1.0000,1.0000
6961.956,1.0000,1.0000
6963.559,1.0000,1.0000
6965.162,1.0000,1.0000
6966.766,1.0000,1.0000
6968.371,1.0000,1.0000
6969.976,1.0000,1.0000
6971.581,1.0000,1.0000
6973.186,1.0000,1.0000
6974.792,1.0000,1.0000
6976.398,1.0000,1.0000
6978.004,1.0000,1.0000
6979.611,1.0000,1.0000
6981.218,1.0000,1.0000
6982.826,1.0000,1.0000
6984.434,1.0000,1.0000
6986.043,1.0000,1.0000
6987.651,1.0000,1.0000
6989.261,1.0000,1.0000
6990.870,1.0000,1.0000
6992.480,1.0000,1.0000
6994.091,1.0000,1.0000
6995.701,1.0000,1.0000
6997.312,1.0000,1.0000
6998.923,1.0000,1.0000
7000.535,1.0000,1.0000
7002.147,1.0000,1.0000
7003.760,1.0000,1.0000
7005.373,1.0000,1.0000
7006.986,1.0000,1.0000
7008.600,1.0000,1.0000
7010.213,1.0000,1.0000
7011.828,1.0000,1.0000
7013.442,1.0000,1.0000
7015.058,1.0000,1.0000
7016.673,1.0000,1.0000
7018.289,1.0000,1.0000
7019.905,1.0000,1.0000
7021.521,1.0000,1.0000
7023.139,1.0000,1.0000
7024.756,1.0000,1.0000
7026.374,1.0000,1.0000
7027.992,1.0000,1.0000
7029.610,1.0000,1.0000
7031.229,1.0000,1.0000
7032.848,1.0000,1.0000
7034.468,1.0000,1.0000
7036.087,1.0000,1.0000
7037.708,1.0000,1.0000
7039.328,1.0000,1.0000
7040.950,1.0000,1.0000
7042.571,1.0000,1.0000
7044.193,1.0000,1.0000
7045.815,1.0000,1.0000
7047.438,1.0000,1.0000
7049.061,1.0000,1.0000
7050.684,1.0000,1.0000
7052.308,1.0000,1.0000
7053.932,1.0000,1.0000
7055.556,1.0000,1.0000
7057.181,1.0000,1.0000
7058.806,1.0000,1.0000
7060.432,1.0000,1.0000
7062.057,1.0000,1.0000
7063.684,1.0000,1.0000
7065.310,1.0000,1.0000
7066.937,1.0000,1.0000
7068.564,1.0000,1.0000
7070.192,1.0000,1.0000
7071.821,1.0000,1.0000
7073.450,1.0000,1.0000
7075.078,1.0000,1.0000
7076.707,1.0000,1.0000
7078.337,1.0000,1.0000
7079.967,1.0000,1.0000
7081.598,1.0000,1.0000
7083.228,1.0000,1.0000
7084.860,1.0000,1.0000
7086.491,1.0000,1.0000
7088.123,1.0000,1.0000
7089.755,1.0000,1.0000
7091.388,1.0000,1.0000
7093.021,1.0000,1.0000
7094.654,1.0000,1.0000
7096.288,1.0000,1.0000
7097.922,1.0000,1.0000
7099.557,1.0000,1.0000
7101.192,1.0000,1.0000
7102.828,1.0000,1.0000
7104.463,1.0000,1.0000
7106.098,1.0000,1.0000
7107.735,1.0000,1.0000
7109.372,1.0000,1.0000
7111.009,1.0000,1.0000
7112.646,1.0000,1.0000
7114.285,1.0000,1.0000
7115.923,1.0000,1.0000
7117.562,1.0000,1.0000
7119.201,1.0000,1.0000
7120.840,1.0000,1.0000
7122.480,1.0000,1.0000
7124.120,1.0000,1.0000
7125.761,1.0000,1.0000
7127.402,1.0000,1.0000
7129.043,1.0000,1.0000
7130.685,1.0000,1.0000
7132.327,1.0000,1.0000
7133.969,1.0000,1.0000
7135.612,1.0000,1.0000
7137.255,1.0000,1.0000
7138.899,1.0000,1.0000
7140.543,1.0000,1.0000
7142.188,1.0000,1.0000
7143.832,1.0000,1.0000
7145.477,1.0000,1.0000
7147.123,1.0000,1.0000
7148.769,1.0000,1.0000
7150.415,1.0000,1.0000
7152.062,1.0000,1.0000
7153.708,1.0000,1.0000
7155.356,1.0000,1.0000
7157.003,1.0000,1.0000
7158.652,1.0000,1.0000
7160.300,1.0000,1.0000
7161.949,1.0000,1.0000
7163.599,1.0000,1.0000
7165.248,1.0000,1.0000
7166.898,1.0000,1.0000
7168.549,1.0000,1.0000
7170.200,1.0000,1.0000
7171.851,1.0000,1.0000
7173.502,1.0000,1.0000
7175.154,1.0000,1.0000
7176.806,1.0000,1.0000
7178.459,1.0000,1.0000
7180.112,1.0000,1.0000
7181.766,1.0000,1.0000
7183.420,1.0000,1.0000
7185.074,1.0000,1.0000
7186.728,1.0000,1.0000
7188.384,1.0000,1.0000
7190.039,1.0000,1.0000
7191.694,1.0000,1.0000
7193.351,1.0000,1.0000
7195.007,1.0000,1.0000
7196.665,1.0000,1.0000
7198.321,1.0000,1.0000
7199.979,1.0000,1.0000
7201.637,1.0000,1.0000
7203.296,1.0000,1.0000
7204.954,1.0000,1.0000
7206.613,1.0000,1.0000
7208.273,1.0000,1.0000
7209.933,1.0000,1.0000
7211.594,1.0000,1.0000
7213.254,1.0000,1.0000
7214.916,1.0000,1.0000
7216.577,1.0000,1.0000
7218.239,1.0000,1.0000
7219.901,1.0000,1.0000
7221.563,1.0000,1.0000
7223.227,1.0000,1.0000
7224.890,1.0000,1.0000
7226.554,1.0000,1.0000
7228.218,1.0000,1.0000
7229.883,1.0000,1.0000
7231.547,1.0000,1.0000
7233.213,1.0000,1.0000
7234.878,1.0000,1.0000
7236.544,1.0000,1.0000
7238.211,1.0000,1.0000
7239.877,1.0000,1.0000
7241.545,1.0000,1.0000
7243.212,1.0000,1.0000
7244.881,1.0000,1.0000
7246.549,1.0000,1.0000
7248.217,1.0000,1.0000
7249.887,1.0000,1.0000
7251.556,1.0000,1.0000
7253.227,1.0000,1.0000
7254.896,1.0000,1.0000
7256.568,1.0000,1.0000
7258.239,1.0000,1.0000
7259.910,1.0000,1.0000
7261.582,1.0000,1.0000
7263.254,1.0000,1.0000
7264.927,1.0000,1.0000
7266.600,1.0000,1.0000
7268.273,1.0000,1.0000
7269.947,1.0000,1.0000
7271.621,1.0000,1.0000
7273.296,1.0000,1.0000
7274.971,1.0000,1.0000
7276.646,1.0000,1.0000
7278.321,1.0000,1.0000
7279.998,1.0000,1.0000
7281.674,1.0000,1.0000
7283.351,1.0000,1.0000
7285.028,1.0000,1.0000
7286.706,1.0000,1.0000
7288.384,1.0000,1.0000
7290.062,1.0000,1.0000
7291.741,1.0000,1.0000
7293.420,1.0000,1.0000
7295.100,1.0000,1.0000
7296.780,1.0000,1.0000
7298.460,1.0000,1.0000
7300.141,1.0000,1.0000
7301.822,1.0000,1.0000
7303.503,1.0000,1.0000
7305.186,1.0000,1.0000
7306.868,1.0000,1.0000
7308.550,1.0000,1.0000
7310.233,1.0000,1.0000
7311.917,1.0000,1.0000
7313.601,1.0000,1.0000
7315.285,1.0000,1.0000
7316.970,1.0000,1.0000
7318.654,1.0000,1.0000
7320.340,1.0000,1.0000
7322.025,1.0000,1.0000
7323.711,1.0000,1.0000
7325.398,1.0000,1.0000
7327.085,1.0000,1.0000
7328.772,1.0000,1.0000
7330.460,1.0000,1.0000
7332.148,1.0000,1.0000
7333.837,1.0000,1.0000
7335.526,1.0000,1.0000
7337.215,1.0000,1.0000
7338.904,1.0000,1.0000
7340.595,1.0000,1.0000
7342.285,1.0000,1.0000
7343.976,1.0000,1.0000
7345.667,1.0000,1.0000
7347.358,1.0000,1.0000
7349.051,1.0000,1.0000
7350.743,1.0000,1.0000
7352.436,1.0000,1.0000
7354.128,1.0000,1.0000
7355.823,1.0000,1.0000
7357.516,1.0000,1.0000
7359.211,1.0000,1.0000
7360.906,1.0000,1.0000
7362.601,1.0000,1.0000
7364.296,1.0000,1.0000
7365.992,1.0000,1.0000
7367.688,1.0000,1.0000
7369.384,1.0000,1.0000
7371.082,1.0000,1.0000
7372.779,1.0000,1.0000
7374.478,1.0000,1.0000
7376.175,1.0000,1.0000
7377.874,1.0000,1.0000
7379.573,1.0000,1.0000
7381.272,1.0000,1.0000
7382.973,1.0000,1.0000
7384.672,1.0000,1.0000
7386.373,1.0000,1.0000
7388.074,1.0000,1.0000
7389.775,1.0000,1.0000
7391.477,1.0000,1.0000
7393.180,1.0000,1.0000
7394.882,1.0000,1.0000
7396.585,1.0000,1.0000
7398.288,1.0000,1.0000
7399.992,1.0000,1.0000
7401.696,1.0000,1.0000
7403.400,1.0000,1.0000
7405.105,1.0000,1.0000
7406.811,1.0000,1.0000
7408.517,1.0000,1.0000
7410.223,1.0000,1.0000
7411.929,1.0000,1.0000
7413.636,1.0000,1.0000
7415.343,1.0000,1.0000
7417.050,1.0000,1.0000
7418.759,1.0000,1.0000
7420.467,1.0000,1.0000
7422.176,1.0000,1.0000
7423.885,1.0000,1.0000
7425.595,1.0000,1.0000
7427.305,1.0000,1.0000
7429.015,1.0000,1.0000
7430.726,1.0000,1.0000
7432.437,1.0000,1.0000
7434.148,1.0000,1.0000
7435.861,1.0000,1.0000
7437.573,1.0000,1.0000
7439.286,1.0000,1.0000
7440.999,1.0000,1.0000
7442.712,1.0000,1.0000
7444.426,1.0000,1.0000
7446.140,1.0000,1.0000
7447.855,1.0000,1.0000
7449.570,1.0000,1.0000
7451.286,1.0000,1.0000
7453.002,1.0000,1.0000
7454.718,1.0000,1.0000
7456.435,1.0000,1.0000
7458.152,1.0000,1.0000
7459.870,1.0000,1.0000
7461.587,1.0000,1.0000
7463.306,1.0000,1.0000
7465.024,1.0000,1.0000
7466.744,1.0000,1.0000
7468.463,1.0000,1.0000
7470.183,1.0000,1.0000
7471.903,1.0000,1.0000
7473.624,1.0000,1.0000
7475.345,1.0000,1.0000
7477.066,1.0000,1.0000
7478.788,1.0000,1.0000
7480.511,1.0000,1.0000
7482.233,1.0000,1.0000
7483.957,1.0000,1.0000
7485.679,1.0000,1.0000
7487.403,1.0000,1.0000
7489.127,1.0000,1.0000
7490.853,1.0000,1.0000
7492.578,1.0000,1.0000
7494.303,1.0000,1.0000
7496.028,1.0000,1.0000
7497.755,1.0000,1.0000
7499.481,1.0000,1.0000
7501.208,1.0000,1.0000
7502.936,1.0000,1.0000
7504.664,1.0000,1.0000
7506.392,1.0000,1.0000
7508.121,1.0000,1.0000
7509.850,1.0000,1.0000
7511.579,1.0000,1.0000
7513.309,1.0000,1.0000
7515.039,1.0000,1.0000
7516.769,1.0000,1.0000
7518.501,1.0000,1.0000
7520.232,1.0000,1.0000
7521.964,1.0000,1.0000
7523.695,1.0000,1.0000
7525.429,1.0000,1.0000
7527.162,1.0000,1.0000
7528.896,1.0000,1.0000
7530.629,1.0000,1.0000
7532.363,1.0000,1.0000
7534.098,1.0000,1.0000
7535.833,1.0000,1.0000
7537.568,1.0000,1.0000
7539.303,1.0000,1.0000
7541.041,1.0000,1.0000
7542.777,1.0000,1.0000
7544.514,1.0000,1.0000
7546.251,1.0000,1.0000
7547.988,1.0000,1.0000
7549.727,1.0000,1.0000
7551.465,1.0000,1.0000
7553.204,1.0000,1.0000
7554.943,1.0000,1.0000
7556.684,1.0000,1.0000
7558.424,1.0000,1.0000
7560.165,1.0000,1.0000
7561.905,1.0000,1.0000
7563.646,1.0000,1.0000
7565.389,1.0000,1.0000
7567.130,1.0000,1.0000
7568.874,1.0000,1.0000
7570.616,1.0000,1.0000
7572.360,1.0000,1.0000
7574.103,1.0000,1.0000
7575.849,1.0000,1.0000
7577.593,1.0000,1.0000
7579.337,1.0000,1.0000
7581.083,1.0000,1.0000
7582.829,1.0000,1.0000
7584.575,1.0000,1.0000
7586.321,1.0000,1.0000
7588.068,1.0000,1.0000
7589.815,1.0000,1.0000
7591.563,1.0000,1.0000
7593.312,1.0000,1.0000
7595.060,1.0000,1.0000
7596.810,1.0000,1.0000
7598.559,1.0000,1.0000
7600.309,1.0000,1.0000
7602.059,1.0000,1.0000
7603.810,1.0000,1.0000
7605.561,1.0000,1.0000
7607.312,1.0000,1.0000
7609.064,1.0000,1.0000
7610.816,1.0000,1.0000
7612.569,1.0000,1.0000
7614.322,1.0000,1.0000
7616.075,1.0000,1.0000
7617.830,1.0000,1.0000
7619.583,1.0000,1.0000
7621.339,1.0000,1.0000
7623.093,1.0000,1.0000
7624.849,1.0000,1.0000
7626.604,1.0000,1.0000
7628.361,1.0000,1.0000
7630.118,1.0000,1.0000
7631.875,1.0000,1.0000
7633.632,1.0000,1.0000
7635.391,1.0000,1.0000
7637.148,1.0000,1.0000
7638.907,1.0000,1.0000
7640.667,1.0000,1.0000
7642.425,1.0000,1.0000
7644.186,1.0000,1.0000
7645.946,1.0000,1.0000
7647.708,1.0000,1.0000
7649.468,1.0000,1.0000
7651.230,1.0000,1.0000
7652.991,1.0000,1.0000
7654.753,1.0000,1.0000
7656.517,1.0000,1.0000
7658.280,1.0000,1.0000
7660.044,1.0000,1.0000
7661.808,1.0000,1.0000
7663.572,1.0000,1.0000
7665.337,1.0000,1.0000
7667.103,1.0000,1.0000
7668.867,1.0000,1.0000
7670.633,1.0000,1.0000
7672.400,1.0000,1.0000
7674.167,1.0000,1.0000
7675.934,1.0000,1.0000
7677.702,1.0000,1.0000
7679.470,1.0000,1.0000
7681.239,1.0000,1.0000
7683.007,1.0000,1.0000
7684.776,1.0000,1.0000
7686.546,1.0000,1.0000
7688.316,1.0000,1.0000
7690.086,1.0000,1.0000
7691.857,1.0000,1.0000
7693.629,1.0000,1.0000
7695.401,1.0000,1.0000
7697.173,1.0000,1.0000
7698.946,1.0000,1.0000
7700.719,1.0000,1.0000
7702.492,1.0000,1.0000
7704.266,1.0000,1.0000
7706.039,1.0000,1.0000
7707.814,1.0000,1.0000
7709.589,1.0000,1.0000
7711.365,1.0000,1.0000
7713.140,1.0000,1.0000
7714.917,1.0000,1.0000
7716.693,1.0000,1.0000
7718.470,1.0000,1.0000
7720.248,1.0000,1.0000
7722.025,1.0000,1.0000
7723.804,1.0000,1.0000
7725.583,1.0000,1.0000
7727.362,1.0000,1.0000
7729.141,1.0000,1.0000
7730.921,1.0000,1.0000
7732.701,1.0000,1.0000
7734.482,1.0000,1.0000
7736.263,1.0000,1.0000
7738.044,1.0000,1.0000
7739.827,1.0000,1.0000
7741.609,1.0000,1.0000
7743.392,1.0000,1.0000
7745.175,1.0000,1.0000
7746.958,1.0000,1.0000
7748.743,1.0000,1.0000
7750.527,1.0000,1.0000
7752.312,1.0000,1.0000
7754.097,1.0000,1.0000
7755.883,1.0000,1.0000
7757.669,1.0000,1.0000
7759.456,1.0000,1.0000
7761.242,1.0000,1.0000
7763.029,1.0000,1.0000
7764.817,1.0000,1.0000
7766.605,1.0000,1.0000
7768.395,1.0000,1.0000
7770.183,1.0000,1.0000
7771.973,1.0000,1.0000
7773.761,1.0000,1.0000
7775.552,1.0000,1.0000
7777.343,1.0000,1.0000
7779.134,1.0000,1.0000
7780.926,1.0000,1.0000
7782.716,1.0000,1.0000
7784.509,1.0000,1.0000
7786.302,1.0000,1.0000
7788.095,1.0000,1.0000
7789.889,1.0000,1.0000
7791.682,1.0000,1.0000
7793.477,1.0000,1.0000
7795.271,1.0000,1.0000
7797.066,1.0000,1.0000
7798.861,1.0000,1.0000
7800.658,1.0000,1.0000
7802.454,1.0000,1.0000
7804.251,1.0000,1.0000
7806.048,1.0000,1.0000
7807.846,1.0000,1.0000
7809.644,1.0000,1.0000
7811.442,1.0000,1.0000
7813.242,1.0000,1.0000
7815.041,1.0000,1.0000
7816.840,1.0000,1.0000
7818.640,1.0000,1.0000
7820.441,1.0000,1.0000
7822.242,1.0000,1.0000
7824.043,1.0000,1.0000
7825.845,1.0000,1.0000
7827.647,1.0000,1.0000
7829.450,1.0000,1.0000
7831.253,1.0000,1.0000
7833.056,1.0000,1.0000
7834.859,1.0000,1.0000
7836.665,1.0000,1.0000
7838.469,1.0000,1.0000
7840.274,1.0000,1.0000
7842.079,1.0000,1.0000
7843.885,1.0000,1.0000
7845.692,1.0000,1.0000
7847.498,1.0000,1.0000
7849.306,1.0000,1.0000
7851.113,1.0000,1.0000
7852.921,1.0000,1.0000
7854.729,1.0000,1.0000
7856.539,1.0000,1.0000
7858.348,1.0000,1.0000
7860.157,1.0000,1.0000
7861.968,1.0000,1.0000
7863.777,1.0000,1.0000
7865.589,1.0000,1.0000
7867.400,1.0000,1.0000
7869.212,1.0000,1.0000
7871.024,1.0000,1.0000
7872.836,1.0000,1.0000
7874.649,1.0000,1.0000
7876.462,1.0000,1.0000
7878.277,1.0000,1.0000
7880.090,1.0000,1.0000
7881.906,1.0000,1.0000
7883.720,1.0000,1.0000
7885.536,1.0000,1.0000
7887.352,1.0000,1.0000
7889.168,1.0000,1.0000
7890.986,1.0000,1.0000
7892.802,1.0000,1.0000
7894.620,1.0000,1.0000
7896.438,1.0000,1.0000
7898.257,1.0000,1.0000
7900.076,1.0000,1.0000
7901.895,1.0000,1.0000
7903.714,1.0000,1.0000
7905.534,1.0000,1.0000
7907.355,1.0000,1.0000
7909.175,1.0000,1.0000
7910.998,1.0000,1.0000
7912.819,1.0000,1.0000
7914.642,1.0000,1.0000
7916.464,1.0000,1.0000
7918.287,1.0000,1.0000
7920.111,1.0000,1.0000
7921.934,1.0000,1.0000
7923.759,1.0000,1.0000
7925.583,1.0000,1.0000
7927.408,1.0000,1.0000
7929.234,1.0000,1.0000
7931.061,1.0000,1.0000
7932.886,1.0000,1.0000
7934.714,1.0000,1.0000
7936.540,1.0000,1.0000
7938.368,1.0000,1.0000
7940.196,1.0000,1.0000
7942.024,1.0000,1.0000
7943.854,1.0000,1.0000
7945.683,1.0000,1.0000
7947.513,1.0000,1.0000
7949.343,1.0000,1.0000
7951.173,1.0000,1.0000
7953.004,1.0000,1.0000
7954.835,1.0000,1.0000
7956.668,1.0000,1.0000
7958.500,1.0000,1.0000
7960.333,1.0000,1.0000
7962.166,1.0000,1.0000
7964.000,1.0000,1.0000
7965.833,1.0000,1.0000
7967.668,1.0000,1.0000
7969.503,1.0000,1.0000
7971.338,1.0000,1.0000
7973.174,1.0000,1.0000
7975.010,1.0000,1.0000
7976.847,1.0000,1.0000
7978.683,1.0000,1.0000
7980.521,1.0000,1.0000
7982.358,1.0000,1.0000
7984.197,1.0000,1.0000
7986.036,1.0000,1.0000
7987.874,1.0000,1.0000
7989.714,1.0000,1.0000
7991.554,1.0000,1.0000
7993.394,1.0000,1.0000
7995.235,1.0000,1.0000
7997.077,1.0000,1.0000
7998.917,1.0000,1.0000
8000.759,1.0000,1.0000
8002.602,1.0000,1.0000
8004.445,1.0000,1.0000
8006.289,1.0000,1.0000
8008.132,1.0000,1.0000
8009.977,1.0000,1.0000
8011.821,1.0000,1.0000
8013.667,1.0000,1.0000
8015.512,1.0000,1.0000
8017.357,1.0000,1.0000
8019.203,1.0000,1.0000
8021.050,1.0000,1.0000
8022.897,1.0000,1.0000
8024.745,1.0000,1.0000
8026.593,1.0000,1.0000
8028.441,1.0000,1.0000
8030.291,1.0000,1.0000
8032.140,1.0000,1.0000
8033.988,1.0000,1.0000
8035.839,1.0000,1.0000
8037.690,1.0000,1.0000
8039.541,1.0000,1.0000
8041.392,1.0000,1.0000
8043.244,1.0000,1.0000
8045.096,1.0000,1.0000
8046.949,1.0000,1.0000
8048.801,1.0000,1.0000
8050.655,1.0000,1.0000
8052.509,1.0000,1.0000
8054.363,1.0000,1.0000
8056.219,1.0000,1.0000
8058.074,1.0000,1.0000
8059.930,1.0000,1.0000
8061.785,1.0000,1.0000
8063.642,1.0000,1.0000
8065.499,1.0000,1.0000
8067.356,1.0000,1.0000
8069.214,1.0000,1.0000
8071.072,1.0000,1.0000
8072.932,1.0000,1.0000
8074.790,1.0000,1.0000
8076.650,1.0000,1.0000
8078.510,1.0000,1.0000
8080.370,1.0000,1.0000
8082.230,1.0000,1.0000
8084.091,1.0000,1.0000
8085.954,1.0000,1.0000
8087.815,1.0000,1.0000
8089.678,1.0000,1.0000
8091.541,1.0000,1.0000
8093.405,1.0000,1.0000
8095.268,1.0000,1.0000
8097.132,1.0000,1.0000
8098.997,1.0000,1.0000
8100.862,1.0000,1.0000
8102.727,1.0000,1.0000
8104.593,1.0000,1.0000
8106.460,1.0000,1.0000
8108.327,1.0000,1.0000
8110.194,1.0000,1.0000
8112.062,1.0000,1.0000
8113.930,1.0000,1.0000
8115.798,1.0000,1.0000
8117.667,1.0000,1.0000
8119.537,1.0000,1.0000
8121.406,1.0000,1.0000
8123.276,1.0000,1.0000
8125.147,1.0000,1.0000
8127.018,1.0000,1.0000
8128.890,1.0000,1.0000
8130.762,1.0000,1.0000
8132.634,1.0000,1.0000
8134.507,1.0000,1.0000
8136.380,1.0000,1.0000
8138.254,1.0000,1.0000
8140.128,1.0000,1.0000
8142.003,1.0000,1.0000
8143.877,1.0000,1.0000
8145.752,1.0000,1.0000
8147.628,1.0000,1.0000
8149.505,1.0000,1.0000
8151.382,1.0000,1.0000
8153.259,1.0000,1.0000
8155.137,1.0000,1.0000
8157.014,1.0000,1.0000
8158.893,1.0000,1.0000
8160.772,1.0000,1.0000
8162.651,1.0000,1.0000
8164.531,1.0000,1.0000
8166.411,1.0000,1.0000
8168.291,1.0000,1.0000
8170.173,1.0000,1.0000
8172.054,1.0000,1.0000
8173.937,1.0000,1.0000
8175.818,1.0000,1.0000
8177.701,1.0000,1.0000
8179.584,1.0000,1.0000
8181.468,1.0000,1.0000
8183.352,1.0000,1.0000
8185.236,1.0000,1.0000
8187.122,1.0000,1.0000
8189.007,1.0000,1.0000
8190.893,1.0000,1.0000
8192.779,1.0000,1.0000
8194.666,1.0000,1.0000
8196.553,1.0000,1.0000
8198.440,1.0000,1.0000
8200.328,1.0000,1.0000
8202.217,1.0000,1.0000
8204.105,1.0000,1.0000
8205.995,1.0000,1.0000
8207.885,1.0000,1.0000
8209.774,1.0000,1.0000
8211.665,1.0000,1.0000
8213.556,1.0000,1.0000
8215.447,1.0000,1.0000
8217.340,1.0000,1.0000
8219.231,1.0000,1.0000
8221.124,1.0000,1.0000
8223.018,1.0000,1.0000
8224.912,1.0000,1.0000
8226.806,1.0000,1.0000
8228.701,1.0000,1.0000
8230.596,1.0000,1.0000
8232.490,1.0000,1.0000
8234.386,1.0000,1.0000
8236.282,1.0000,1.0000
8238.180,1.0000,1.0000
8240.076,1.0000,1.0000
8241.974,1.0000,1.0000
8243.872,1.0000,1.0000
8245.771,1.0000,1.0000
8247.669,1.0000,1.0000
8249.568,1.0000,1.0000
8251.468,1.0000,1.0000
8253.368,1.0000,1.0000
8255.269,1.0000,1.0000
8257.170,1.0000,1.0000
8259.072,1.0000,1.0000
8260.974,1.0000,1.0000
8262.876,1.0000,1.0000
8264.779,1.0000,1.0000
8266.682,1.0000,1.0000
8268.586,1.0000,1.0000
8270.489,1.0000,1.0000
8272.395,1.0000,1.0000
8274.299,1.0000,1.0000
8276.205,1.0000,1.0000
8278.110,1.0000,1.0000
8280.017,1.0000,1.0000
8281.924,1.0000,1.0000
8283.831,1.0000,1.0000
8285.739,1.0000,1.0000
8287.646,1.0000,1.0000
8289.556,1.0000,1.0000
8291.465,1.0000,1.0000
8293.374,1.0000,1.0000
8295.284,1.0000,1.0000
8297.193,1.0000,1.0000
8299.104,1.0000,1.0000
8301.016,1.0000,1.0000
8302.928,1.0000,1.0000
8304.839,1.0000,1.0000
8306.752,1.0000,1.0000
8308.665,1.0000,1.0000
8310.579,1.0000,1.0000
8312.492,1.0000,1.0000
8314.406,1.0000,1.0000
8316.320,1.0000,1.0000
8318.235,1.0000,1.0000
8320.151,1.0000,1.0000
8322.067,1.0000,1.0000
8323.984,1.0000,1.0000
8325.900,1.0000,1.0000
8327.818,1.0000,1.0000
8329.736,1.0000,1.0000
8331.653,1.0000,1.0000
8333.572,1.0000,1.0000
8335.492,1.0000,1.0000
8337.411,1.0000,1.0000
8339.331,1.0000,1.0000
8341.252,1.0000,1.0000
8343.173,1.0000,1.0000
8345.095,1.0000,1.0000
8347.016,1.0000,1.0000
8348.938,1.0000,1.0000
8350.861,1.0000,1.0000
8352.783,1.0000,1.0000
8354.707,1.0000,1.0000
8356.632,1.0000,1.0000
8358.556,1.0000,1.0000
8360.480,1.0000,1.0000
8362.406,1.0000,1.0000
8364.331,1.0000,1.0000
8366.257,1.0000,1.0000
8368.185,1.0000,1.0000
8370.111,1.0000,1.0000
8372.039,1.0000,1.0000
8373.967,1.0000,1.0000
8375.896,1.0000,1.0000
8377.824,1.0000,1.0000
8379.754,1.0000,1.0000
8381.684,1.0000,1.0000
8383.612,1.0000,1.0000
8385.544,1.0000,1.0000
8387.475,1.0000,1.0000
8389.406,1.0000,1.0000
8391.338,1.0000,1.0000
8393.271,1.0000,1.0000
8395.203,1.0000,1.0000
8397.137,1.0000,1.0000
8399.071,1.0000,1.0000
8401.005,1.0000,1.0000
8402.939,1.0000,1.0000
8404.874,1.0000,1.0000
8406.811,1.0000,1.0000
8408.746,1.0000,1.0000
8410.683,1.0000,1.0000
8412.619,1.0000,1.0000
8414.557,1.0000,1.0000
8416.495,1.0000,1.0000
8418.433,1.0000,1.0000
8420.371,1.0000,1.0000
8422.310,1.0000,1.0000
8424.250,1.0000,1.0000
8426.190,1.0000,1.0000
8428.130,1.0000,1.0000
8430.071,1.0000,1.0000
8432.012,1.0000,1.0000
8433.954,1.0000,1.0000
8435.896,1.0000,1.0000
8437.839,1.0000,1.0000
8439.781,1.0000,1.0000
8441.727,1.0000,1.0000
8443.670,1.0000,1.0000
8445.614,1.0000,1.0000
8447.560,1.0000,1.0000
8449.504,1.0000,1.0000
8451.450,1.0000,1.0000
8453.396,1.0000,1.0000
8455.343,1.0000,1.0000
8457.290,1.0000,1.0000
8459.238,1.0000,1.0000
8461.186,1.0000,1.0000
8463.135,1.0000,1.0000
8465.083,1.0000,1.0000
8467.032,1.0000,1.0000
8468.982,1.0000,1.0000
8470.933,1.0000,1.0000
8472.884,1.0000,1.0000
8474.835,1.0000,1.0000
8476.786,1.0000,1.0000
8478.738,1.0000,1.0000
8480.690,1.0000,1.0000
8482.645,1.0000,1.0000
8484.597,1.0000,1.0000
8486.552,1.0000,1.0000
8488.505,1.0000,1.0000
8490.460,1.0000,1.0000
8492.416,1.0000,1.0000
8494.372,1.0000,1.0000
8496.327,1.0000,1.0000
8498.284,1.0000,1.0000
8500.241,1.0000,1.0000
8502.198,1.0000,1.0000
8504.156,1.0000,1.0000
8506.114,1.0000,1.0000
8508.073,1.0000,1.0000
8510.032,1.0000,1.0000
8511.993,1.0000,1.0000
8513.953,1.0000,1.0000
8515.913,1.0000,1.0000
8517.874,1.0000,1.0000
8519.836,1.0000,1.0000
8521.798,1.0000,1.0000
8523.760,1.0000,1.0000
8525.724,1.0000,1.0000
8527.687,1.0000,1.0000
8529.650,1.0000,1.0000
8531.614,1.0000,1.0000
8533.579,1.0000,1.0000
8535.545,1.0000,1.0000
8537.510,1.0000,1.0000
8539.477,1.0000,1.0000
8541.442,1.0000,1.0000
8543.410,1.0000,1.0000
8545.377,1.0000,1.0000
8547.346,1.0000,1.0000
8549.313,1.0000,1.0000
8551.282,1.0000,1.0000
8553.252,1.0000,1.0000
8555.221,1.0000,1.0000
8557.190,1.0000,1.0000
8559.161,1.0000,1.0000
8561.133,1.0000,1.0000
8563.104,1.0000,1.0000
8565.076,1.0000,1.0000
8567.049,1.0000,1.0000
8569.021,1.0000,1.0000
8570.994,1.0000,1.0000
8572.969,1.0000,1.0000
8574.942,1.0000,1.0000
8576.918,1.0000,1.0000
8578.893,1.0000,1.0000
8580.868,1.0000,1.0000
8582.845,1.0000,1.0000
8584.820,1.0000,1.0000
8586.797,1.0000,1.0000
8588.774,1.0000,1.0000
8590.753,1.0000,1.0000
8592.731,1.0000,1.0000
8594.710,1.0000,1.0000
8596.689,1.0000,1.0000
8598.669,1.0000,1.0000
8600.649,1.0000,1.0000
8602.630,1.0000,1.0000
8604.610,1.0000,1.0000
8606.593,1.0000,1.0000
8608.574,1.0000,1.0000
8610.557,1.0000,1.0000
8612.539,1.0000,1.0000
8614.523,1.0000,1.0000
8616.507,1.0000,1.0000
8618.491,1.0000,1.0000
8620.476,1.0000,1.0000
8622.461,1.0000,1.0000
8624.446,1.0000,1.0000
8626.432,1.0000,1.0000
8628.420,1.0000,1.0000
8630.406,1.0000,1.0000
8632.394,1.0000,1.0000
8634.381,1.0000,1.0000
8636.370,1.0000,1.0000
8638.359,1.0000,1.0000
8640.348,1.0000,1.0000
8642.338,1.0000,1.0000
8644.328,1.0000,1.0000
8646.319,1.0000,1.0000
8648.310,1.0000,1.0000
8650.301,1.0000,1.0000
8652.293,1.0000,1.0000
8654.286,1.0000,1.0000
8656.279,1.0000,1.0000
8658.271,1.0000,1.0000
8660.267,1.0000,1.0000
8662.260,1.0000,1.0000
8664.256,1.0000,1.0000
8666.250,1.0000,1.0000
8668.246,1.0000,1.0000
8670.242,1.0000,1.0000
8672.239,1.0000,1.0000
8674.236,1.0000,1.0000
8676.233,1.0000,1.0000
8678.231,1.0000,1.0000
8680.230,1.0000,1.0000
8682.229,1.0000,1.0000
8684.229,1.0000,1.0000
8686.229,1.0000,1.0000
8688.229,1.0000,1.0000
8690.229,1.0000,1.0000
8692.230,1.0000,1.0000
8694.232,1.0000,1.0000
8696.234,1.0000,1.0000
8698.236,1.0000,1.0000
8700.240,1.0000,1.0000
8702.244,1.0000,1.0000
8704.247,1.0000,1.0000
8706.252,1.0000,1.0000
8708.257,1.0000,1.0000
8710.262,1.0000,1.0000
8712.269,1.0000,1.0000
8714.274,1.0000,1.0000
8716.280,1.0000,1.0000
8718.289,1.0000,1.0000
8720.296,1.0000,1.0000
8722.304,1.0000,1.0000
8724.313,1.0000,1.0000
8726.322,1.0000,1.0000
8728.332,1.0000,1.0000
8730.341,1.0000,1.0000
8732.352,1.0000,1.0000
8734.362,1.0000,1.0000
8736.374,1.0000,1.0000
8738.386,1.0000,1.0000
8740.398,1.0000,1.0000
8742.411,1.0000,1.0000
8744.424,1.0000,1.0000
8746.438,1.0000,1.0000
8748.452,1.0000,1.0000
8750.468,1.0000,1.0000
8752.481,1.0000,1.0000
8754.498,1.0000,1.0000
8756.514,1.0000,1.0000
8758.531,1.0000,1.0000
8760.547,1.0000,1.0000
8762.564,1.0000,1.0000
8764.583,1.0000,1.0000
8766.601,1.0000,1.0000
8768.619,1.0000,1.0000
8770.639,1.0000,1.0000
8772.659,1.0000,1.0000
8774.679,1.0000,1.0000
8776.700,1.0000,1.0000
8778.721,1.0000,1.0000
8780.742,1.0000,1.0000
8782.765,1.0000,1.0000
8784.787,1.0000,1.0000
8786.811,1.0000,1.0000
8788.834,1.0000,1.0000
8790.857,1.0000,1.0000
8792.882,1.0000,1.0000
8794.907,1.0000,1.0000
8796.932,1.0000,1.0000
8798.957,1.0000,1.0000
8800.984,1.0000,1.0000
8803.011,1.0000,1.0000
8805.038,1.0000,1.0000
8807.065,1.0000,1.0000
8809.094,1.0000,1.0000
8811.122,1.0000,1.0000
8813.151,1.0000,1.0000
8815.181,1.0000,1.0000
8817.211,1.0000,1.0000
8819.242,1.0000,1.0000
8821.272,1.0000,1.0000
8823.304,1.0000,1.0000
8825.336,1.0000,1.0000
8827.368,1.0000,1.0000
8829.401,1.0000,1.0000
8831.434,1.0000,1.0000
8833.468,1.0000,1.0000
8835.501,1.0000,1.0000
8837.537,1.0000,1.0000
8839.572,1.0000,1.0000
8841.607,1.0000,1.0000
8843.644,1.0000,1.0000
8845.681,1.0000,1.0000
8847.717,1.0000,1.0000
8849.755,1.0000,1.0000
8851.793,1.0000,1.0000
8853.831,1.0000,1.0000
8855.870,1.0000,1.0000
8857.909,1.0000,1.0000
8859.950,1.0000,1.0000
8861.989,1.0000,1.0000
8864.030,1.0000,1.0000
8866.071,1.0000,1.0000
8868.112,1.0000,1.0000
8870.155,1.0000,1.0000
8872.197,1.0000,1.0000
8874.241,1.0000,1.0000
8876.284,1.0000,1.0000
8878.329,1.0000,1.0000
8880.374,1.0000,1.0000
8882.419,1.0000,1.0000
8884.464,1.0000,1.0000
8886.510,1.0000,1.0000
8888.557,1.0000,1.0000
8890.603,1.0000,1.0000
8892.651,1.0000,1.0000
8894.698,1.0000,1.0000
8896.747,1.0000,1.0000
8898.795,1.0000,1.0000
8900.846,1.0000,1.0000
8902.895,1.0000,1.0000
8904.944,1.0000,1.0000
8906.996,1.0000,1.0000
8909.047,1.0000,1.0000
8911.099,1.0000,1.0000
8913.150,1.0000,1.0000
8915.203,1.0000,1.0000
8917.256,1.0000,1.0000
8919.310,1.0000,1.0000
8921.363,1.0000,1.0000
8923.418,1.0000,1.0000
8925.473,1.0000,1.0000
8927.528,1.0000,1.0000
8929.584,1.0000,1.0000
8931.641,1.0000,1.0000
8933.697,1.0000,1.0000
8935.754,1.0000,1.0000
8937.812,1.0000,1.0000
8939.870,1.0000,1.0000
8941.929,1.0000,1.0000
8943.988,1.0000,1.0000
8946.048,1.0000,1.0000
8948.108,1.0000,1.0000
8950.169,1.0000,1.0000
8952.230,1.0000,1.0000
8954.292,1.0000,1.0000
8956.354,1.0000,1.0000
8958.416,1.0000,1.0000
8960.479,1.0000,1.0000
8962.542,1.0000,1.0000
8964.605,1.0000,1.0000
8966.671,1.0000,1.0000
8968.735,1.0000,1.0000
8970.802,1.0000,1.0000
8972.867,1.0000,1.0000
8974.934,1.0000,1.0000
8977.000,1.0000,1.0000
8979.067,1.0000,1.0000
8981.136,1.0000,1.0000
8983.203,1.0000,1.0000
8985.272,1.0000,1.0000
8987.341,1.0000,1.0000
8989.411,1.0000,1.0000
8991.480,1.0000,1.0000
8993.552,1.0000,1.0000
8995.623,1.0000,1.0000
8997.693,1.0000,1.0000
8999.766,1.0000,1.0000
9001.839,1.0000,1.0000
9003.912,1.0000,1.0000
9005.985,1.0000,1.0000
9008.060,1.0000,1.0000
9010.134,1.0000,1.0000
9012.208,1.0000,1.0000
9014.284,1.0000,1.0000
9016.359,1.0000,1.0000
9018.437,1.0000,1.0000
9020.513,1.0000,1.0000
9022.590,1.0000,1.0000
9024.668,1.0000,1.0000
9026.746,1.0000,1.0000
9028.825,1.0000,1.0000
9030.904,1.0000,1.0000
9032.983,1.0000,1.0000
9035.064,1.0000,1.0000
9037.145,1.0000,1.0000
9039.226,1.0000,1.0000
9041.308,1.0000,1.0000
9043.390,1.0000,1.0000
9045.472,1.0000,1.0000
9047.555,1.0000,1.0000
9049.639,1.0000,1.0000
9051.723,1.0000,1.0000
9053.807,1.0000,1.0000
9055.893,1.0000,1.0000
9057.978,1.0000,1.0000
9060.063,1.0000,1.0000
9062.149,1.0000,1.0000
9064.236,1.0000,1.0000
9066.324,1.0000,1.0000
9068.412,1.0000,1.0000
9070.500,1.0000,1.0000
9072.589,1.0000,1.0000
9074.679,1.0000,1.0000
9076.768,1.0000,1.0000
9078.858,1.0000,1.0000
9080.948,1.0000,1.0000
9083.041,1.0000,1.0000
9085.132,1.0000,1.0000
9087.224,1.0000,1.0000
9089.317,1.0000,1.0000
9091.409,1.0000,1.0000
9093.503,1.0000,1.0000
9095.597,1.0000,1.0000
9097.692,1.0000,1.0000
9099.787,1.0000,1.0000
9101.882,1.0000,1.0000
9103.979,1.0000,1.0000
9106.074,1.0000,1.0000
9108.172,1.0000,1.0000
9110.270,1.0000,1.0000
9112.368,1.0000,1.0000
9114.467,1.0000,1.0000
9116.565,1.0000,1.0000
9118.664,1.0000,1.0000
9120.764,1.0000,1.0000
9122.864,1.0000,1.0000
9124.966,1.0000,1.0000
9127.067,1.0000,1.0000
9129.168,1.0000,1.0000
9131.271,1.0000,1.0000
9133.374,1.0000,1.0000
9135.477,1.0000,1.0000
9137.581,1.0000,1.0000
9139.685,1.0000,1.0000
9141.790,1.0000,1.0000
9143.895,1.0000,1.0000
9146.001,1.0000,1.0000
9148.106,1.0000,1.0000
9150.214,1.0000,1.0000
9152.320,1.0000,1.0000
9154.429,1.0000,1.0000
9156.537,1.0000,1.0000
9158.645,1.0000,1.0000
9160.754,1.0000,1.0000
9162.863,1.0000,1.0000
9164.974,1.0000,1.0000
9167.084,1.0000,1.0000
9169.196,1.0000,1.0000
9171.307,1.0000,1.0000
9173.420,1.0000,1.0000
9175.531,1.0000,1.0000
9177.644,1.0000,1.0000
9179.759,1.0000,1.0000
9181.872,1.0000,1.0000
9183.986,1.0000,1.0000
9186.101,1.0000,1.0000
9188.217,1.0000,1.0000
9190.333,1.0000,1.0000
9192.449,1.0000,1.0000
9194.566,1.0000,1.0000
9196.684,1.0000,1.0000
9198.801,1.0000,1.0000
9200.919,1.0000,1.0000
9203.038,1.0000,1.0000
9205.157,1.0000,1.0000
9207.278,1.0000,1.0000
9209.397,1.0000,1.0000
9211.519,1.0000,1.0000
9213.640,1.0000,1.0000
9215.762,1.0000,1.0000
9217.884,1.0000,1.0000
9220.007,1.0000,1.0000
9222.130,1.0000,1.0000
9224.254,1.0000,1.0000
9226.378,1.0000,1.0000
9228.502,1.0000,1.0000
9230.628,1.0000,1.0000
9232.754,1.0000,1.0000
9234.880,1.0000,1.0000
9237.007,1.0000,1.0000
9239.133,1.0000,1.0000
9241.261,1.0000,1.0000
9243.389,1.0000,1.0000
9245.519,1.0000,1.0000
9247.646,1.0000,1.0000
9249.775,1.0000,1.0000
9251.906,1.0000,1.0000
9254.037,1.0000,1.0000
9256.168,1.0000,1.0000
9258.300,1.0000,1.0000
9260.432,1.0000,1.0000
9262.564,1.0000,1.0000
9264.697,1.0000,1.0000
9266.831,1.0000,1.0000
9268.964,1.0000,1.0000
9271.100,1.0000,1.0000
9273.234,1.0000,1.0000
9275.370,1.0000,1.0000
9277.505,1.0000,1.0000
9279.643,1.0000,1.0000
9281.779,1.0000,1.0000
9283.917,1.0000,1.0000
9286.055,1.0000,1.0000
9288.193,1.0000,1.0000
9290.332,1.0000,1.0000
9292.471,1.0000,1.0000
9294.611,1.0000,1.0000
9296.752,1.0000,1.0000
9298.893,1.0000,1.0000
9301.033,1.0000,1.0000
9303.176,1.0000,1.0000
9305.318,1.0000,1.0000
9307.461,1.0000,1.0000
9309.604,1.0000,1.0000
9311.748,1.0000,1.0000
9313.893,1.0000,1.0000
9316.037,1.0000,1.0000
9318.183,1.0000,1.0000
9320.328,1.0000,1.0000
9322.476,1.0000,1.0000
9324.622,1.0000,1.0000
9326.769,1.0000,1.0000
9328.917,1.0000,1.0000
9331.065,1.0000,1.0000
9333.214,1.0000,1.0000
9335.363,1.0000,1.0000
9337.514,1.0000,1.0000
9339.664,1.0000,1.0000
9341.814,1.0000,1.0000
9343.966,1.0000,1.0000
9346.117,1.0000,1.0000
9348.270,1.0000,1.0000
9350.422,1.0000,1.0000
9352.576,1.0000,1.0000
9354.729,1.0000,1.0000
9356.884,1.0000,1.0000
9359.038,1.0000,1.0000
9361.193,1.0000,1.0000
9363.350,1.0000,1.0000
9365.505,1.0000,1.0000
9367.662,1.0000,1.0000
9369.819,1.0000,1.0000
9371.978,1.0000,1.0000
9374.136,1.0000,1.0000
9376.295,1.0000,1.0000
9378.454,1.0000,1.0000
9380.614,1.0000,1.0000
9382.773,1.0000,1.0000
9384.934,1.0000,1.0000
9387.096,1.0000,1.0000
9389.257,1.0000,1.0000
9391.420,1.0000,1.0000
9393.581,1.0000,1.0000
9395.745,1.0000,1.0000
9397.909,1.0000,1.0000
9400.072,1.0000,1.0000
9402.238,1.0000,1.0000
9404.402,1.0000,1.0000
9406.568,1.0000,1.0000
9408.735,1.0000,1.0000
9410.901,1.0000,1.0000
9413.068,1.0000,1.0000
9415.236,1.0000,1.0000
9417.405,1.0000,1.0000
9419.573,1.0000,1.0000