WAVELENGTH,FLUX,ERROR
698.283,1.0000,1.0000
698.444,1.0000,1.0000
698.604,1.0000,1.0000
698.765,1.0000,1.0000
698.926,1.0000,1.0000
699.087,1.0000,1.0000
699.248,1.0000,1.0000
699.409,1.0000,1.0000
699.570,1.0000,1.0000
699.731,1.0000,1.0000
699.893,1.0000,1.0000
700.054,1.0000,1.0000
700.215,1.0000,1.0000
700.376,1.0000,1.0000
700.537,1.0000,1.0000
700.699,1.0000,1.0000
700.860,1.0000,1.0000
701.022,1.0000,1.0000
701.183,1.0000,1.0000
701.344,1.0000,1.0000
701.506,1.0000,1.0000
701.667,1.0000,1.0000
701.829,1.0000,1.0000
701.991,1.0000,1.0000
702.152,1.0000,1.0000
702.314,1.0000,1.0000
702.476,1.0000,1.0000
702.638,1.0000,1.0000
702.799,1.0000,1.0000
702.961,1.0000,1.0000
703.123,1.0000,1.0000
703.285,1.0000,1.0000
703.447,1.0000,1.0000
703.609,1.0000,1.0000
703.771,1.0000,1.0000
703.933,1.0000,1.0000
704.095,1.0000,1.0000
704.257,1.0000,1.0000
704.419,1.0000,1.0000
704.582,1.0000,1.0000
704.744,1.0000,1.0000
704.906,1.0000,1.0000
705.069,1.0000,1.0000
705.231,1.0000,1.0000
705.393,1.0000,1.0000
705.556,1.0000,1.0000
705.718,1.0000,1.0000
705.881,1.0000,1.0000
706.043,1.0000,1.0000
706.206,1.0000,1.0000
706.369,1.0000,1.0000
706.531,1.0000,1.0000
706.694,1.0000,1.0000
706.857,1.0000,1.0000
707.019,1.0000,1.0000
707.182,1.0000,1.0000
707.345,1.0000,1.0000
707.508,1.0000,1.0000
707.671,1.0000,1.0000
707.834,1.0000,1.0000
707.997,1.0000,1.0000
708.160,1.0000,1.0000
708.323,1.0000,1.0000
708.486,1.0000,1.0000
708.649,1.0000,1.0000
708.812,1.0000,1.0000
708.976,1.0000,1.0000
709.139,1.0000,1.0000
709.302,1.0000,1.0000
709.466,1.0000,1.0000
709.629,1.0000,1.0000
709.792,1.0000,1.0000
709.956,1.0000,1.0000
710.119,1.0000,1.0000
710.283,1.0000,1.0000
710.446,1.0000,1.0000
710.610,1.0000,1.0000
710.774,1.0000,1.0000
710.937,1.0000,1.0000
711.101,1.0000,1.0000
711.265,1.0000,1.0000
711.429,1.0000,1.0000
711.593,1.0000,1.0000
711.756,1.0000,1.0000
711.920,1.0000,1.0000
712.084,1.0000,1.0000
712.248,1.0000,1.0000
712.412,1.0000,1.0000
712.576,1.0000,1.0000
712.740,1.0000,1.0000
712.904,1.0000,1.0000
713.069,1.0000,1.0000
713.233,1.0000,1.0000
713.397,1.0000,1.0000
713.561,1.0000,1.0000
713.726,1.0000,1.0000
713.890,1.0000,1.0000
714.054,1.0000,1.0000
714.219,1.0000,1.0000
714.383,1.0000,1.0000
714.548,1.0000,1.0000
714.712,1.0000,1.0000
714.877,1.0000,1.0000
715.042,1.0000,1.0000
715.206,1.0000,1.0000
715.371,1.0000,1.0000
715.536,1.0000,1.0000
715.701,1.0000,1.0000
715.865,1.0000,1.0000
716.030,1.0000,1.0000
716.195,1.0000,1.0000
716.360,1.0000,1.0000
716.525,1.0000,1.0000
716.690,1.0000,1.0000
716.855,1.0000,1.0000
717.020,1.0000,1.0000
717.185,1.0000,1.0000
717.350,1.0000,1.0000
717.516,1.0000,1.0000
717.681,1.0000,1.0000
717.846,1.0000,1.0000
718.011,1.0000,1.0000
718.177,1.0000,1.0000
718.342,1.0000,1.0000
718.508,1.0000,1.0000
718.673,1.0000,1.0000
718.839,1.0000,1.0000
719.004,1.0000,1.0000
719.170,1.0000,1.0000
719.335,1.0000,1.0000
719.501,1.0000,1.0000
719.667,1.0000,1.0000
719.832,1.0000,1.0000
719.998,1.0000,1.0000
720.164,1.0000,1.0000
720.330,1.0000,1.0000
720.496,1.0000,1.0000
720.661,1.0000,1.0000
720.827,1.0000,1.0000
720.993,1.0000,1.0000
721.160,1.0000,1.0000
721.326,1.0000,1.0000
721.492,1.0000,1.0000
721.658,1.0000,1.0000
721.824,1.0000,1.0000
721.990,1.0000,1.0000
722.157,1.0000,1.0000
722.323,1.0000,1.0000
722.489,1.0000,1.0000
722.656,1.0000,1.0000
722.822,1.0000,1.0000
722.988,1.0000,1.0000
723.155,1.0000,1.0000
723.321,1.0000,1.0000
723.488,1.0000,1.0000
723.655,1.0000,1.0000
723.821,1.0000,1.0000
723.988,1.0000,1.0000
724.155,1.0000,1.0000
724.321,1.0000,1.0000
724.488,1.0000,1.0000
724.655,1.0000,1.0000
724.822,1.0000,1.0000
724.989,1.0000,1.0000
725.156,1.0000,1.0000
725.323,1.0000,1.0000
725.490,1.0000,1.0000
725.657,1.0000,1.0000
725.824,1.0000,1.0000
725.991,1.0000,1.0000
726.158,1.0000,1.0000
726.326,1.0000,1.0000
726.493,1.0000,1.0000
726.660,1.0000,1.0000
726.827,1.0000,1.0000
726.995,1.0000,1.0000
727.162,1.0000,1.0000
727.330,1.0000,1.0000
727.497,1.0000,1.0000
727.665,1.0000,1.0000
727.832,1.0000,1.0000
728.000,1.0000,1.0000
728.168,1.0000,1.0000
728.335,1.0000,1.0000
728.503,1.0000,1.0000
728.671,1.0000,1.0000
728.839,1.0000,1.0000
729.006,1.0000,1.0000
729.174,1.0000,1.0000
729.342,1.0000,1.0000
729.510,1.0000,1.0000
729.678,1.0000,1.0000
729.846,1.0000,1.0000
730.014,1.0000,1.0000
730.182,1.0000,1.0000
730.350,1.0000,1.0000
730.519,1.0000,1.0000
730.687,1.0000,1.0000
730.855,1.0000,1.0000
731.023,1.0000,1.0000
731.192,1.0000,1.0000
731.360,1.0000,1.0000
731.529,1.0000,1.0000
731.697,1.0000,1.0000
731.866,1.0000,1.0000
732.034,1.0000,1.0000
732.203,1.0000,1.0000
732.371,1.0000,1.0000
732.540,1.0000,1.0000
732.709,1.0000,1.0000
732.877,1.0000,1.0000
733.046,1.0000,1.0000
733.215,1.0000,1.0000
733.384,1.0000,1.0000
733.553,1.0000,1.0000
733.722,1.0000,1.0000
733.891,1.0000,1.0000
734.060,1.0000,1.0000
734.229,1.0000,1.0000
734.398,1.0000,1.0000
734.567,1.0000,1.0000
734.736,1.0000,1.0000
734.905,1.0000,1.0000
735.074,1.0000,1.0000
735.244,1.0000,1.0000
735.413,1.0000,1.0000
735.582,1.0000,1.0000
735.752,1.0000,1.0000
735.921,1.0000,1.0000
736.091,1.0000,1.0000
736.260,1.0000,1.0000
736.430,1.0000,1.0000
736.599,1.0000,1.0000
736.769,1.0000,1.0000
736.939,1.0000,1.0000
737.108,1.0000,1.0000
737.278,1.0000,1.0000
737.448,1.0000,1.0000
737.618,1.0000,1.0000
737.788,1.0000,1.0000
737.958,1.0000,1.0000
738.127,1.0000,1.0000
738.297,1.0000,1.0000
738.467,1.0000,1.0000
738.638,1.0000,1.0000
738.808,1.0000,1.0000
738.978,1.0000,1.0000
739.148,1.0000,1.0000
739.318,1.0000,1.0000
739.488,1.0000,1.0000
739.659,1.0000,1.0000
739.829,1.0000,1.0000
739.999,1.0000,1.0000
740.170,1.0000,1.0000
740.340,1.0000,1.0000
740.511,1.0000,1.0000
740.681,1.0000,1.0000
740.852,1.0000,1.0000
741.022,1.0000,1.0000
741.193,1.0000,1.0000
741.364,1.0000,1.0000
741.534,1.0000,1.0000
741.705,1.0000,1.0000
741.876,1.0000,1.0000
742.047,1.0000,1.0000
742.218,1.0000,1.0000
742.389,1.0000,1.0000
742.560,1.0000,1.0000
742.731,1.0000,1.0000
742.902,1.0000,1.0000
743.073,1.0000,1.0000
743.244,1.0000,1.0000
743.415,1.0000,1.0000
743.586,1.0000,1.0000
743.757,1.0000,1.0000
743.929,1.0000,1.0000
744.100,1.0000,1.0000
744.271,1.0000,1.0000
744.443,1.0000,1.0000
744.614,1.0000,1.0000
744.786,1.0000,1.0000
744.957,1.0000,1.0000
745.129,1.0000,1.0000
745.300,1.0000,1.0000
745.472,1.0000,1.0000
745.644,1.0000,1.0000
745.815,1.0000,1.0000
745.987,1.0000,1.0000
746.159,1.0000,1.0000
746.331,1.0000,1.0000
746.503,1.0000,1.0000
746.674,1.0000,1.0000
746.846,1.0000,1.0000
747.018,1.0000,1.0000
747.190,1.0000,1.0000
747.362,1.0000,1.0000
747.535,1.0000,1.0000
747.707,1.0000,1.0000
747.879,1.0000,1.0000
748.051,1.0000,1.0000
748.224,1.0000,1.0000
748.396,1.0000,1.0000
748.568,1.0000,1.0000
748.740,1.0000,1.0000
748.913,1.0000,1.0000
749.085,1.0000,1.0000
749.258,1.0000,1.0000
749.430,1.0000,1.0000
749.603,1.0000,1.0000
749.776,1.0000,1.0000
749.948,1.0000,1.0000
750.121,1.0000,1.0000
750.294,1.0000,1.0000
750.466,1.0000,1.0000
750.639,1.0000,1.0000
750.812,1.0000,1.0000
750.985,1.0000,1.0000
751.158,1.0000,1.0000
751.331,1.0000,1.0000
751.504,1.0000,1.0000
751.677,1.0000,1.0000
751.850,1.0000,1.0000
752.023,1.0000,1.0000
752.197,1.0000,1.0000
752.370,1.0000,1.0000
752.543,1.0000,1.0000
752.716,1.0000,1.0000
752.890,1.0000,1.0000
753.063,1.0000,1.0000
753.237,1.0000,1.0000
753.410,1.0000,1.0000
753.583,1.0000,1.0000
753.757,1.0000,1.0000
753.931,1.0000,1.0000
754.104,1.0000,1.0000
754.278,1.0000,1.0000
754.452,1.0000,1.0000
754.625,1.0000,1.0000
754.799,1.0000,1.0000
754.973,1.0000,1.0000
755.147,1.0000,1.0000
755.321,1.0000,1.0000
755.495,1.0000,1.0000
755.669,1.0000,1.0000
755.843,1.0000,1.0000
756.017,1.0000,1.0000
756.191,1.0000,1.0000
756.365,1.0000,1.0000
756.539,1.0000,1.0000
756.713,1.0000,1.0000
756.887,1.0000,1.0000
757.062,1.0000,1.0000
757.236,1.0000,1.0000
757.411,1.0000,1.0000
757.585,1.0000,1.0000
757.759,1.0000,1.0000
757.934,1.0000,1.0000
758.108,1.0000,1.0000
758.283,1.0000,1.0000
758.458,1.0000,1.0000
758.632,1.0000,1.0000
758.807,1.0000,1.0000
758.982,1.0000,1.0000
759.156,1.0000,1.0000
759.331,1.0000,1.0000
759.506,1.0000,1.0000
759.681,1.0000,1.0000
759.856,1.0000,1.0000
760.031,1.0000,1.0000
760.206,1.0000,1.0000
760.381,1.0000,1.0000
760.556,1.0000,1.0000
760.731,1.0000,1.0000
760.907,1.0000,1.0000
761.082,1.0000,1.0000
761.257,1.0000,1.0000
761.432,1.0000,1.0000
761.608,1.0000,1.0000
761.783,1.0000,1.0000
761.959,1.0000,1.0000
762.134,1.0000,1.0000
762.309,1.0000,1.0000
762.485,1.0000,1.0000
762.661,1.0000,1.0000
762.836,1.0000,1.0000
763.012,1.0000,1.0000
763.188,1.0000,1.0000
763.363,1.0000,1.0000
763.539,1.0000,1.0000
763.715,1.0000,1.0000
763.891,1.0000,1.0000
764.067,1.0000,1.0000
764.243,1.0000,1.0000
764.419,1.0000,1.0000
764.595,1.0000,1.0000
764.771,1.0000,1.0000
764.947,1.0000,1.0000
765.123,1.0000,1.0000
765.299,1.0000,1.0000
765.476,1.0000,1.0000
765.652,1.0000,1.0000
765.828,1.0000,1.0000
766.005,1.0000,1.0000
766.181,1.0000,1.0000
766.357,1.0000,1.0000
766.534,1.0000,1.0000
766.710,1.0000,1.0000
766.887,1.0000,1.0000
767.064,1.0000,1.0000
767.240,1.0000,1.0000
767.417,1.0000,1.0000
767.594,1.0000,1.0000
767.770,1.0000,1.0000
767.947,1.0000,1.0000
768.124,1.0000,1.0000
768.301,1.0000,1.0000
768.478,1.0000,1.0000
768.655,1.0000,1.0000
768.832,1.0000,1.0000
769.009,1.0000,1.0000
769.186,1.0000,1.0000
769.363,1.0000,1.0000
769.540,1.0000,1.0000
769.717,1.0000,1.0000
769.895,1.0000,1.0000
770.072,1.0000,1.0000
770.249,1.0000,1.0000
770.427,1.0000,1.0000
770.604,1.0000,1.0000
770.782,1.0000,1.0000
770.959,1.0000,1.0000
771.137,1.0000,1.0000
771.314,1.0000,1.0000
771.492,1.0000,1.0000
771.669,1.0000,1.0000
771.847,1.0000,1.0000
772.025,1.0000,1.0000
772.203,1.0000,1.0000
772.381,1.0000,1.0000
772.558,1.0000,1.0000
772.736,1.0000,1.0000
772.914,1.0000,1.0000
773.092,1.0000,1.0000
773.270,1.0000,1.0000
773.448,1.0000,1.0000
773.627,1.0000,1.0000
773.805,1.0000,1.0000
773.983,1.0000,1.0000
774.161,1.0000,1.0000
774.339,1.0000,1.0000
774.518,1.0000,1.0000
774.696,1.0000,1.0000
774.875,1.0000,1.0000
775.053,1.0000,1.0000
775.231,1.0000,1.0000
775.410,1.0000,1.0000
775.588,1.0000,1.0000
775.767,1.0000,1.0000
775.946,1.0000,1.0000
776.124,1.0000,1.0000
776.303,1.0000,1.0000
776.482,1.0000,1.0000
776.661,1.0000,1.0000
776.840,1.0000,1.0000
777.018,1.0000,1.0000
777.197,1.0000,1.0000
777.376,1.0000,1.0000
777.555,1.0000,1.0000
777.734,1.0000,1.0000
777.914,1.0000,1.0000
778.093,1.0000,1.0000
778.272,1.0000,1.0000
778.451,1.0000,1.0000
778.630,1.0000,1.0000
778.810,1.0000,1.0000
778.989,1.0000,1.0000
779.168,1.0000,1.0000
779.348,1.0000,1.0000
779.527,1.0000,1.0000
779.707,1.0000,1.0000
779.886,1.0000,1.0000
780.066,1.0000,1.0000
780.246,1.0000,1.0000
780.425,1.0000,1.0000
780.605,1.0000,1.0000
780.785,1.0000,1.0000
780.965,1.0000,1.0000
781.144,1.0000,1.0000
781.324,1.0000,1.0000
781.504,1.0000,1.0000
781.684,1.0000,1.0000
781.864,1.0000,1.0000
782.044,1.0000,1.0000
782.224,1.0000,1.0000
782.404,1.0000,1.0000
782.585,1.0000,1.0000
782.765,1.0000,1.0000
782.945,1.0000,1.0000
783.125,1.0000,1.0000
783.306,1.0000,1.0000
783.486,1.0000,1.0000
783.667,1.0000,1.0000
783.847,1.0000,1.0000
784.028,1.0000,1.0000
784.208,1.0000,1.0000
784.389,1.0000,1.0000
784.569,1.0000,1.0000
784.750,1.0000,1.0000
784.931,1.0000,1.0000
785.112,1.0000,1.0000
785.292,1.0000,1.0000
785.473,1.0000,1.0000
785.654,1.0000,1.0000
785.835,1.0000,1.0000
786.016,1.0000,1.0000
786.197,1.0000,1.0000
786.378,1.0000,1.0000
786.559,1.0000,1.0000
786.740,1.0000,1.0000
786.921,1.0000,1.0000
787.103,1.0000,1.0000
787.284,1.0000,1.0000
787.465,1.0000,1.0000
787.646,1.0000,1.0000
787.828,1.0000,1.0000
788.009,1.0000,1.0000
788.191,1.0000,1.0000
788.372,1.0000,1.0000
788.554,1.0000,1.0000
788.735,1.0000,1.0000
788.917,1.0000,1.0000
789.099,1.0000,1.0000
789.280,1.0000,1.0000
789.462,1.0000,1.0000
789.644,1.0000,1.0000
789.826,1.0000,1.0000
790.008,1.0000,1.0000
790.190,1.0000,1.0000
790.372,1.0000,1.0000
790.554,1.0000,1.0000
790.736,1.0000,1.0000
790.918,1.0000,1.0000
791.100,1.0000,1.0000
791.282,1.0000,1.0000
791.464,1.0000,1.0000
791.647,1.0000,1.0000
791.829,1.0000,1.0000
792.011,1.0000,1.0000
792.194,1.0000,1.0000
792.376,1.0000,1.0000
792.558,1.0000,1.0000
792.741,1.0000,1.0000
792.924,1.0000,1.0000
793.106,1.0000,1.0000
793.289,1.0000,1.0000
793.471,1.0000,1.0000
793.654,1.0000,1.0000
793.837,1.0000,1.0000
794.020,1.0000,1.0000
794.203,1.0000,1.0000
794.386,1.0000,1.0000
794.568,1.0000,1.0000
794.751,1.0000,1.0000
794.935,1.0000,1.0000
795.117,1.0000,1.0000
795.301,1.0000,1.0000
795.484,1.0000,1.0000
795.667,1.0000,1.0000
795.850,1.0000,1.0000
796.034,1.0000,1.0000
796.217,1.0000,1.0000
796.400,1.0000,1.0000
796.584,1.0000,1.0000
796.767,1.0000,1.0000
796.951,1.0000,1.0000
797.134,1.0000,1.0000
797.318,1.0000,1.0000
797.501,1.0000,1.0000
797.685,1.0000,1.0000
797.869,1.0000,1.0000
798.052,1.0000,1.0000
798.236,1.0000,1.0000
798.420,1.0000,1.0000
798.604,1.0000,1.0000
798.788,1.0000,1.0000
798.972,1.0000,1.0000
799.156,1.0000,1.0000
799.340,1.0000,1.0000
799.524,1.0000,1.0000
799.708,1.0000,1.0000
799.892,1.0000,1.0000
800.076,1.0000,1.0000
800.260,1.0000,1.0000
800.445,1.0000,1.0000
800.629,1.0000,1.0000
800.813,1.0000,1.0000
800.998,1.0000,1.0000
801.182,1.0000,1.0000
801.367,1.0000,1.0000
801.551,1.0000,1.0000
801.736,1.0000,1.0000
801.921,1.0000,1.0000
802.105,1.0000,1.0000
802.290,1.0000,1.0000
802.475,1.0000,1.0000
802.659,1.0000,1.0000
802.844,1.0000,1.0000
803.029,1.0000,1.0000
803.214,1.0000,1.0000
803.399,1.0000,1.0000
803.584,1.0000,1.0000
803.769,1.0000,1.0000
803.954,1.0000,1.0000
804.139,1.0000,1.0000
804.325,1.0000,1.0000
804.510,1.0000,1.0000
804.695,1.0000,1.0000
804.880,1.0000,1.0000
805.066,1.0000,1.0000
805.251,1.0000,1.0000
805.437,1.0000,1.0000
805.622,1.0000,1.0000
805.807,1.0000,1.0000
805.993,1.0000,1.0000
806.179,1.0000,1.0000
806.364,1.0000,1.0000
806.550,1.0000,1.0000
806.736,1.0000,1.0000
806.922,1.0000,1.0000
807.107,1.0000,1.0000
807.293,1.0000,1.0000
807.479,1.0000,1.0000
807.665,1.0000,1.0000
807.851,1.0000,1.0000
808.037,1.0000,1.0000
808.223,1.0000,1.0000
808.409,1.0000,1.0000
808.596,1.0000,1.0000
808.782,1.0000,1.0000
808.968,1.0000,1.0000
809.154,1.0000,1.0000
809.341,1.0000,1.0000
809.527,1.0000,1.0000
809.713,1.0000,1.0000
809.900,1.0000,1.0000
810.086,1.0000,1.0000
810.273,1.0000,1.0000
810.460,1.0000,1.0000
810.646,1.0000,1.0000
810.833,1.0000,1.0000
811.020,1.0000,1.0000
811.206,1.0000,1.0000
811.393,1.0000,1.0000
811.580,1.0000,1.0000
811.767,1.0000,1.0000
811.954,1.0000,1.0000
812.141,1.0000,1.0000
812.328,1.0000,1.0000
812.515,1.0000,1.0000
812.702,1.0000,1.0000
812.889,1.0000,1.0000
813.076,1.0000,1.0000
813.264,1.0000,1.0000
813.451,1.0000,1.0000
813.638,1.0000,1.0000
813.826,1.0000,1.0000
814.013,1.0000,1.0000
814.201,1.0000,1.0000
814.388,1.0000,1.0000
814.576,1.0000,1.0000
814.763,1.0000,1.0000
814.951,1.0000,1.0000
815.138,1.0000,1.0000
815.326,1.0000,1.0000
815.514,1.0000,1.0000
815.702,1.0000,1.0000
815.889,1.0000,1.0000
816.077,1.0000,1.0000
816.265,1.0000,1.0000
816.453,1.0000,1.0000
816.641,1.0000,1.0000
816.829,1.0000,1.0000
817.018,1.0000,1.0000
817.206,1.0000,1.0000
817.394,1.0000,1.0000
817.582,1.0000,1.0000
817.770,1.0000,1.0000
817.959,1.0000,1.0000
818.147,1.0000,1.0000
818.335,1.0000,1.0000
818.524,1.0000,1.0000
818.712,1.0000,1.0000
818.901,1.0000,1.0000
819.089,1.0000,1.0000
819.278,1.0000,1.0000
819.467,1.0000,1.0000
819.655,1.0000,1.0000
819.844,1.0000,1.0000
820.033,1.0000,1.0000
820.222,1.0000,1.0000
820.411,1.0000,1.0000
820.600,1.0000,1.0000
820.789,1.0000,1.0000
820.978,1.0000,1.0000
821.167,1.0000,1.0000
821.356,1.0000,1.0000
821.545,1.0000,1.0000
821.734,1.0000,1.0000
821.923,1.0000,1.0000
822.113,1.0000,1.0000
822.302,1.0000,1.0000
822.491,1.0000,1.0000
822.681,1.0000,1.0000
822.870,1.0000,1.0000
823.060,1.0000,1.0000
823.249,1.0000,1.0000
823.439,1.0000,1.0000
823.628,1.0000,1.0000
823.818,1.0000,1.0000
824.008,1.0000,1.0000
824.198,1.0000,1.0000
824.387,1.0000,1.0000
824.577,1.0000,1.0000
824.767,1.0000,1.0000
824.957,1.0000,1.0000
825.147,1.0000,1.0000
825.337,1.0000,1.0000
825.527,1.0000,1.0000
825.717,1.0000,1.0000
825.907,1.0000,1.0000
826.098,1.0000,1.0000
826.288,1.0000,1.0000
826.478,1.0000,1.0000
826.668,1.0000,1.0000
826.859,1.0000,1.0000
827.049,1.0000,1.0000
827.240,1.0000,1.0000
827.430,1.0000,1.0000
827.621,1.0000,1.0000
827.811,1.0000,1.0000
828.002,1.0000,1.0000
828.193,1.0000,1.0000
828.383,1.0000,1.0000
828.574,1.0000,1.0000
828.765,1.0000,1.0000
828.956,1.0000,1.0000
829.147,1.0000,1.0000
829.338,1.0000,1.0000
829.529,1.0000,1.0000
829.720,1.0000,1.0000
829.911,1.0000,1.0000
830.102,1.0000,1.0000
830.293,1.0000,1.0000
830.484,1.0000,1.0000
830.675,1.0000,1.0000
830.867,1.0000,1.0000
831.058,1.0000,1.0000
831.249,1.0000,1.0000
831.441,1.0000,1.0000
831.632,1.0000,1.0000
831.824,1.0000,1.0000
832.015,1.0000,1.0000
832.207,1.0000,1.0000
832.399,1.0000,1.0000
832.590,1.0000,1.0000
832.782,1.0000,1.0000
832.974,1.0000,1.0000
833.166,1.0000,1.0000
833.358,1.0000,1.0000
833.549,1.0000,1.0000
833.741,1.0000,1.0000
833.933,1.0000,1.0000
834.125,1.0000,1.0000
834.317,1.0000,1.0000
834.510,1.0000,1.0000
834.702,1.0000,1.0000
834.894,1.0000,1.0000
835.086,1.0000,1.0000
835.279,1.0000,1.0000
835.471,1.0000,1.0000
835.663,1.0000,1.0000
835.856,1.0000,1.0000
836.048,1.0000,1.0000
836.241,1.0000,1.0000
836.433,1.0000,1.0000
836.626,1.0000,1.0000
836.819,1.0000,1.0000
837.011,1.0000,1.0000
837.204,1.0000,1.0000
837.397,1.0000,1.0000
837.590,1.0000,1.0000
837.783,1.0000,1.0000
837.976,1.0000,1.0000
838.169,1.0000,1.0000
838.361,1.0000,1.0000
838.555,1.0000,1.0000
838.748,1.0000,1.0000
838.941,1.0000,1.0000
839.134,1.0000,1.0000
839.327,1.0000,1.0000
839.521,1.0000,1.0000
839.714,1.0000,1.0000
839.907,1.0000,1.0000
840.101,1.0000,1.0000
840.294,1.0000,1.0000
840.488,1.0000,1.0000
840.681,1.0000,1.0000
840.875,1.0000,1.0000
841.068,1.0000,1.0000
841.262,1.0000,1.0000
841.456,1.0000,1.0000
841.650,1.0000,1.0000
841.843,1.0000,1.0000
842.037,1.0000,1.0000
842.231,1.0000,1.0000
842.425,1.0000,1.0000
842.619,1.0000,1.0000
842.813,1.0000,1.0000
843.007,1.0000,1.0000
843.201,1.0000,1.0000
843.396,1.0000,1.0000
843.590,1.0000,1.0000
843.784,1.0000,1.0000
843.978,1.0000,1.0000
844.173,1.0000,1.0000
844.367,1.0000,1.0000
844.562,1.0000,1.0000
844.756,1.0000,1.0000
844.951,1.0000,1.0000
845.145,1.0000,1.0000
845.340,1.0000,1.0000
845.534,1.0000,1.0000
845.729,1.0000,1.0000
845.924,1.0000,1.0000
846.119,1.0000,1.0000
846.314,1.0000,1.0000
846.509,1.0000,1.0000
846.703,1.0000,1.0000
846.898,1.0000,1.0000
847.093,1.0000,1.0000
847.289,1.0000,1.0000
847.484,1.0000,1.0000
847.679,1.0000,1.0000
847.874,1.0000,1.0000
848.069,1.0000,1.0000
848.265,1.0000,1.0000
848.460,1.0000,1.0000
848.655,1.0000,1.0000
848.851,1.0000,1.0000
849.046,1.0000,1.0000
849.242,1.0000,1.0000
849.437,1.0000,1.0000
849.633,1.0000,1.0000
849.829,1.0000,1.0000
850.024,1.0000,1.0000
850.220,1.0000,1.0000
850.416,1.0000,1.0000
850.612,1.0000,1.0000
850.808,1.0000,1.0000
851.003,1.0000,1.0000
851.199,1.0000,1.0000
851.396,1.0000,1.0000
851.591,1.0000,1.0000
851.788,1.0000,1.0000
851.984,1.0000,1.0000
852.180,1.0000,1.0000
852.376,1.0000,1.0000
852.573,1.0000,1.0000
852.769,1.0000,1.0000
852.965,1.0000,1.0000
853.162,1.0000,1.0000
853.358,1.0000,1.0000
853.555,1.0000,1.0000
853.751,1.0000,1.0000
853.948,1.0000,1.0000
854.144,1.0000,1.0000
854.341,1.0000,1.0000
854.538,1.0000,1.0000
854.735,1.0000,1.0000
854.932,1.0000,1.0000
855.128,1.0000,1.0000
855.325,1.0000,1.0000
855.522,1.0000,1.0000
855.719,1.0000,1.0000
855.916,1.0000,1.0000
856.113,1.0000,1.0000
856.311,1.0000,1.0000
856.508,1.0000,1.0000
856.705,1.0000,1.0000
856.902,1.0000,1.0000
857.100,1.0000,1.0000
857.297,1.0000,1.0000
857.494,1.0000,1.0000
857.692,1.0000,1.0000
857.889,1.0000,1.0000
858.087,1.0000,1.0000
858.285,1.0000,1.0000
858.482,1.0000,1.0000
858.680,1.0000,1.0000
858.878,1.0000,1.0000
859.076,1.0000,1.0000
859.273,1.0000,1.0000
859.471,1.0000,1.0000
859.669,1.0000,1.0000
859.867,1.0000,1.0000
860.065,1.0000,1.0000
860.263,1.0000,1.0000
860.461,1.0000,1.0000
860.659,1.0000,1.0000
860.858,1.0000,1.0000
861.056,1.0000,1.0000
861.254,1.0000,1.0000
861.452,1.0000,1.0000
861.651,1.0000,1.0000
861.849,1.0000,1.0000
862.048,1.0000,1.0000
862.246,1.0000,1.0000
862.445,1.0000,1.0000
862.643,1.0000,1.0000
862.842,1.0000,1.0000
863.041,1.0000,1.0000
863.240,1.0000,1.0000
863.438,1.0000,1.0000
863.637,1.0000,1.0000
863.836,1.0000,1.0000
864.035,1.0000,1.0000
864.234,1.0000,1.0000
864.433,1.0000,1.0000
864.632,1.0000,1.0000
864.831,1.0000,1.0000
865.030,1.0000,1.0000
865.229,1.0000,1.0000
865.429,1.0000,1.0000
865.628,1.0000,1.0000
865.827,1.0000,1.0000
866.027,1.0000,1.0000
866.226,1.0000,1.0000
866.426,1.0000,1.0000
866.625,1.0000,1.0000
866.825,1.0000,1.0000
867.024,1.0000,1.0000
867.224,1.0000,1.0000
867.424,1.0000,1.0000
867.624,1.0000,1.0000
867.823,1.0000,1.0000
868.023,1.0000,1.0000
868.223,1.0000,1.0000
868.423,1.0000,1.0000
868.623,1.0000,1.0000
868.823,1.0000,1.0000
869.023,1.0000,1.0000
869.223,1.0000,1.0000
869.423,1.0000,1.0000
869.624,1.0000,1.0000
869.824,1.0000,1.0000
870.024,1.0000,1.0000
870.224,1.0000,1.0000
870.425,1.0000,1.0000
870.625,1.0000,1.0000
870.826,1.0000,1.0000
871.026,1.0000,1.0000
871.227,1.0000,1.0000
871.428,1.0000,1.0000
871.628,1.0000,1.0000
871.829,1.0000,1.0000
872.030,1.0000,1.0000
872.231,1.0000,1.0000
872.431,1.0000,1.0000
872.632,1.0000,1.0000
872.833,1.0000,1.0000
873.034,1.0000,1.0000
873.235,1.0000,1.0000
873.437,1.0000,1.0000
873.638,1.0000,1.0000
873.839,1.0000,1.0000
874.040,1.0000,1.0000
874.241,1.0000,1.0000
874.443,1.0000,1.0000
874.644,1.0000,1.0000
874.845,1.0000,1.0000
875.047,1.0000,1.0000
875.248,1.0000,1.0000
875.450,1.0000,1.0000
875.652,1.0000,1.0000
875.853,1.0000,1.0000
876.055,1.0000,1.0000
876.257,1.0000,1.0000
876.458,1.0000,1.0000
876.660,1.0000,1.0000
876.862,1.0000,1.0000
877.064,1.0000,1.0000
877.266,1.0000,1.0000
877.468,1.0000,1.0000
877.670,1.0000,1.0000
877.872,1.0000,1.0000
878.074,1.0000,1.0000
878.277,1.0000,1.0000
878.479,1.0000,1.0000
878.681,1.0000,1.0000
878.883,1.0000,1.0000
879.086,1.0000,1.0000
879.288,1.0000,1.0000
879.491,1.0000,1.0000
879.693,1.0000,1.0000
879.896,1.0000,1.0000
880.099,1.0000,1.0000
880.301,1.0000,1.0000
880.504,1.0000,1.0000
880.707,1.0000,1.0000
880.910,1.0000,1.0000
881.112,1.0000,1.0000
881.315,1.0000,1.0000
881.518,1.0000,1.0000
881.721,1.0000,1.0000
881.924,1.0000,1.0000
882.127,1.0000,1.0000
882.331,1.0000,1.0000
882.534,1.0000,1.0000
882.737,1.0000,1.0000
882.940,1.0000,1.0000
883.144,1.0000,1.0000
883.347,1.0000,1.0000
883.550,1.0000,1.0000
883.754,1.0000,1.0000
883.957,1.0000,1.0000
884.161,1.0000,1.0000
884.365,1.0000,1.0000
884.568,1.0000,1.0000
884.772,1.0000,1.0000
884.976,1.0000,1.0000
885.180,1.0000,1.0000
885.383,1.0000,1.0000
885.587,1.0000,1.0000
885.791,1.0000,1.0000
885.995,1.0000,1.0000
886.199,1.0000,1.0000
886.403,1.0000,1.0000
886.607,1.0000,1.0000
886.812,1.0000,1.0000
887.016,1.0000,1.0000
887.220,1.0000,1.0000
887.424,1.0000,1.0000
887.629,1.0000,1.0000
887.833,1.0000,1.0000
888.038,1.0000,1.0000
888.242,1.0000,1.0000
888.447,1.0000,1.0000
888.651,1.0000,1.0000
888.856,1.0000,1.0000
889.060,1.0000,1.0000
889.265,1.0000,1.0000
889.470,1.0000,1.0000
889.675,1.0000,1.0000
889.880,1.0000,1.0000
890.085,1.0000,1.0000
890.290,1.0000,1.0000
890.495,1.0000,1.0000
890.700,1.0000,1.0000
890.905,1.0000,1.0000
891.110,1.0000,1.0000
891.315,1.0000,1.0000
891.521,1.0000,1.0000
891.726,1.0000,1.0000
891.931,1.0000,1.0000
892.137,1.0000,1.0000
892.342,1.0000,1.0000
892.548,1.0000,1.0000
892.753,1.0000,1.0000
892.959,1.0000,1.0000
893.164,1.0000,1.0000
893.370,1.0000,1.0000
893.576,1.0000,1.0000
893.781,1.0000,1.0000
893.987,1.0000,1.0000
894.193,1.0000,1.0000
894.399,1.0000,1.0000
894.605,1.0000,1.0000
894.811,1.0000,1.0000
895.017,1.0000,1.0000
895.223,1.0000,1.0000
895.429,1.0000,1.0000
895.635,1.0000,1.0000
895.842,1.0000,1.0000
896.048,1.0000,1.0000
896.255,1.0000,1.0000
896.461,1.0000,1.0000
896.667,1.0000,1.0000
896.874,1.0000,1.0000
897.080,1.0000,1.0000
897.287,1.0000,1.0000
897.494,1.0000,1.0000
897.700,1.0000,1.0000
897.907,1.0000,1.0000
898.114,1.0000,1.0000
898.321,1.0000,1.0000
898.527,1.0000,1.0000
898.734,1.0000,1.0000
898.941,1.0000,1.0000
899.148,1.0000,1.0000
899.355,1.0000,1.0000
899.562,1.0000,1.0000
899.770,1.0000,1.0000
899.977,1.0000,1.0000
900.184,1.0000,1.0000
900.391,1.0000,1.0000
900.599,1.0000,1.0000
900.806,1.0000,1.0000
901.014,1.0000,1.0000
901.221,1.0000,1.0000
901.429,1.0000,1.0000
901.636,1.0000,1.0000
901.844,1.0000,1.0000
902.052,1.0000,1.0000
902.259,1.0000,1.0000
902.467,1.0000,1.0000
902.675,1.0000,1.0000
902.883,1.0000,1.0000
903.091,1.0000,1.0000
903.299,1.0000,1.0000
903.507,1.0000,1.0000
903.715,1.0000,1.0000
903.923,1.0000,1.0000
904.131,1.0000,1.0000
904.339,1.0000,1.0000
904.547,1.0000,1.0000
904.756,1.0000,1.0000
904.964,1.0000,1.0000
905.172,1.0000,1.0000
905.381,1.0000,1.0000
905.589,1.0000,1.0000
905.798,1.0000,1.0000
906.006,1.0000,1.0000
906.215,1.0000,1.0000
906.424,1.0000,1.0000
906.633,1.0000,1.0000
906.841,1.0000,1.0000
907.050,1.0000,1.0000
907.259,1.0000,1.0000
907.468,1.0000,1.0000
907.677,1.0000,1.0000
907.886,1.0000,1.0000
908.095,1.0000,1.0000
908.304,1.0000,1.0000
908.513,1.0000,1.0000
908.723,1.0000,1.0000
908.932,1.0000,1.0000
909.141,1.0000,1.0000
909.351,1.0000,1.0000
909.560,1.0000,1.0000
909.769,1.0000,1.0000
909.979,1.0000,1.0000
910.188,1.0000,1.0000
910.398,1.0000,1.0000
910.608,1.0000,1.0000
910.817,1.0000,1.0000
911.027,1.0000,1.0000
911.237,1.0000,1.0000
911.447,1.0000,1.0000
911.657,1.0000,1.0000
911.867,1.0000,1.0000
912.077,1.0000,1.0000
912.287,1.0000,1.0000
912.497,1.0000,1.0000
912.707,1.0000,1.0000
912.917,1.0000,1.0000
913.127,1.0000,1.0000
913.338,1.0000,1.0000
913.548,1.0000,1.0000
913.758,1.0000,1.0000
913.969,1.0000,1.0000
914.179,1.0000,1.0000
914.390,1.0000,1.0000
914.600,1.0000,1.0000
914.811,1.0000,1.0000
915.022,1.0000,1.0000
915.232,1.0000,1.0000
915.443,1.0000,1.0000
915.654,1.0000,1.0000
915.865,1.0000,1.0000
916.076,1.0000,1.0000
916.287,1.0000,1.0000
916.498,1.0000,1.0000
916.709,1.0000,1.0000
916.920,1.0000,1.0000
917.131,1.0000,1.0000
917.342,1.0000,1.0000
917.553,1.0000,1.0000
917.765,1.0000,1.0000
917.976,1.0000,1.0000
918.187,1.0000,1.0000
918.399,1.0000,1.0000
918.610,1.0000,1.0000
918.822,1.0000,1.0000
919.033,1.0000,1.0000
919.245,1.0000,1.0000
919.457,1.0000,1.0000
919.669,1.0000,1.0000
919.880,1.0000,1.0000
920.092,1.0000,1.0000
920.304,1.0000,1.0000
920.516,1.0000,1.0000
920.728,1.0000,1.0000
920.940,1.0000,1.0000
921.152,1.0000,1.0000
921.364,1.0000,1.0000
921.576,1.0000,1.0000
921.789,1.0000,1.0000
922.001,1.0000,1.0000
922.213,1.0000,1.0000
922.426,1.0000,1.0000
922.638,1.0000,1.0000
922.850,1.0000,1.0000
923.063,1.0000,1.0000
923.276,1.0000,1.0000
923.488,1.0000,1.0000
923.701,1.0000,1.0000
923.914,1.0000,1.0000
924.126,1.0000,1.0000
924.339,1.0000,1.0000
924.552,1.0000,1.0000
924.765,1.0000,1.0000
924.978,1.0000,1.0000
925.191,1.0000,1.0000
925.404,1.0000,1.0000
925.617,1.0000,1.0000
925.830,1.0000,1.0000
926.043,1.0000,1.0000
926.257,1.0000,1.0000
926.470,1.0000,1.0000
926.683,1.0000,1.0000
926.897,1.0000,1.0000
927.110,1.0000,1.0000
927.324,1.0000,1.0000
927.537,1.0000,1.0000
927.751,1.0000,1.0000
927.964,1.0000,1.0000
928.178,1.0000,1.0000
928.392,1.0000,1.0000
928.606,1.0000,1.0000
928.819,1.0000,1.0000
929.033,1.0000,1.0000
929.247,1.0000,1.0000
929.461,1.0000,1.0000
929.675,1.0000,1.0000
929.889,1.0000,1.0000
930.104,1.0000,1.0000
930.318,1.0000,1.0000
930.532,1.0000,1.0000
930.746,1.0000,1.0000
930.961,1.0000,1.0000
931.175,1.0000,1.0000
931.389,1.0000,1.0000
931.604,1.0000,1.0000
931.818,1.0000,1.0000
932.033,1.0000,1.0000
932.248,1.0000,1.0000
932.462,1.0000,1.0000
932.677,1.0000,1.0000
932.892,1.0000,1.0000
933.107,1.0000,1.0000
933.322,1.0000,1.0000
933.537,1.0000,1.0000
933.752,1.0000,1.0000
933.967,1.0000,1.0000
934.182,1.0000,1.0000
934.397,1.0000,1.0000
934.612,1.0000,1.0000
934.827,1.0000,1.0000
935.042,1.0000,1.0000
935.258,1.0000,1.0000
935.473,1.0000,1.0000
935.688,1.0000,1.0000
935.904,1.0000,1.0000
936.120,1.0000,1.0000
936.335,1.0000,1.0000
936.551,1.0000,1.0000
936.766,1.0000,1.0000
936.982,1.0000,1.0000
937.198,1.0000,1.0000
937.414,1.0000,1.0000
937.630,0.4874,0.4022
937.846,1.0000,1.0000
938.061,1.0168,0.4058
938.278,0.5097,0.4817
938.494,1.0000,1.0000
938.710,1.0000,1.0000
938.926,1.0000,1.0000
939.142,0.6262,0.4534
939.358,1.0000,1.0000
939.575,0.4764,0.4244
939.791,0.6861,0.4230
940.008,0.5829,0.4078
940.224,0.8453,0.4112
940.440,1.0000,1.0000
940.657,1.0000,1.0000
940.874,0.4411,0.4206
941.090,0.6399,0.4306
941.307,0.7057,0.4026
941.524,1.0000,1.0000
941.741,1.0000,1.0000
941.958,0.7076,0.4199
942.174,1.0000,1.0000
942.391,1.0000,1.0000
942.609,0.3686,0.4125
942.826,0.8909,0.4318
943.043,1.0000,1.0000
943.260,1.0000,1.0000
943.477,1.0000,1.0000
943.694,0.4665,0.4086
943.912,0.7866,0.4240
944.129,1.0000,1.0000
944.346,1.0000,1.0000
944.564,1.0000,1.0000
944.781,1.0000,1.0000
944.999,1.0000,1.0000
945.216,1.0000,1.0000
945.434,1.0000,1.0000
945.652,1.0000,1.0000
945.870,1.0000,1.0000
946.088,0.4890,0.4009
946.305,0.3902,0.3946
946.523,1.0000,1.0000
946.741,1.0000,1.0000
946.959,1.0000,1.0000
947.177,0.5082,0.4213
947.395,1.0000,1.0000
947.614,1.0000,1.0000
947.832,0.4718,0.3552
948.050,1.0000,1.0000
948.268,1.0000,1.0000
948.487,1.0000,1.0000
948.705,0.8683,0.4329
948.924,0.7768,0.4127
949.142,1.0000,1.0000
949.361,0.4942,0.3635
949.580,1.0000,1.0000
949.798,1.0000,1.0000
950.017,1.0000,1.0000
950.236,0.7692,0.3992
950.455,0.9967,0.4172
950.673,1.0000,1.0000
950.892,1.0000,1.0000
951.111,1.0000,1.0000
951.330,1.0000,1.0000
951.549,0.5550,0.3961
951.769,0.7588,0.3493
951.988,1.0000,1.0000
952.207,1.0000,1.0000
952.426,0.3105,0.3629
952.646,0.3070,0.3484
952.865,1.0000,1.0000
953.084,0.5158,0.3216
953.304,0.7020,0.3177
953.523,0.9059,0.3455
953.743,0.4626,0.3404
953.963,0.2725,0.3365
954.182,1.0000,1.0000
954.402,1.0000,1.0000
954.622,0.4862,0.3511
954.842,0.3352,0.3391
955.062,1.0000,1.0000
955.281,1.0000,1.0000
955.501,0.3719,0.3580
955.721,1.0000,1.0000
955.942,1.0000,1.0000
956.162,0.3217,0.3662
956.382,0.5301,0.3659
956.602,0.9479,0.3593
956.822,1.0000,1.0000
957.043,1.0000,1.0000
957.263,0.5420,0.3559
957.484,0.4823,0.3386
957.704,1.0000,1.0000
957.925,0.5315,0.3651
958.145,0.4362,0.3724
958.366,1.0000,1.0000
958.587,1.0000,1.0000
958.807,1.0000,1.0000
959.028,0.3494,0.3799
959.249,1.0000,1.0000
959.470,0.3480,0.3627
959.691,0.6592,0.3379
959.912,1.0000,1.0000
960.133,0.5848,0.3595
960.354,1.0000,1.0000
960.575,0.3873,0.3067
960.796,0.7531,0.3157
961.018,1.0000,1.0000
961.239,1.0000,1.0000
961.460,1.0000,1.0000
961.682,0.5694,0.3173
961.903,1.0000,1.0000
962.125,1.0000,1.0000
962.346,1.0000,1.0000
962.568,1.0000,1.0000
962.789,0.6459,0.3086
963.011,0.7888,0.2907
963.233,0.6928,0.2873
963.455,0.2375,0.2987
963.677,1.0000,1.0000
963.899,0.4454,0.3130
964.120,1.0000,1.0000
964.343,1.0000,1.0000
964.565,1.0000,1.0000
964.787,0.2268,0.2887
965.009,0.8258,0.2941
965.231,0.3498,0.3290
965.453,1.0000,1.0000
965.676,0.7419,0.3202
965.898,1.0000,1.0000
966.121,1.0000,1.0000
966.343,0.7797,0.3132
966.566,1.0000,1.0000
966.788,1.0000,1.0000
967.011,1.0000,1.0000
967.233,0.2642,0.2903
967.456,0.5156,0.2885
967.679,1.0000,1.0000
967.902,1.0000,1.0000
968.125,1.0000,1.0000
968.348,1.0000,1.0000
968.571,1.0000,1.0000
968.794,1.0000,1.0000
969.017,0.5272,0.3123
969.240,0.7684,0.3068
969.463,1.0000,1.0000
969.686,1.0000,1.0000
969.910,1.0000,1.0000
970.133,1.0000,1.0000
970.357,1.0000,1.0000
970.580,0.3140,0.2793
970.804,0.2815,0.2894
971.027,0.2522,0.2983
971.251,1.0000,1.0000
971.474,1.0000,1.0000
971.698,1.0000,1.0000
971.922,0.4032,0.2852
972.146,0.2533,0.2853
972.370,1.0000,1.0000
972.593,1.0000,1.0000
972.817,1.0000,1.0000
973.041,1.0000,1.0000
973.265,1.0000,1.0000
973.490,0.3229,0.2616
973.714,1.0000,1.0000
973.938,1.0000,1.0000
974.162,0.2166,0.2508
974.387,0.2990,0.3152
974.611,0.6229,0.3552
974.835,1.0000,1.0000
975.060,0.4980,0.2657
975.284,0.4330,0.2768
975.509,0.3701,0.2806
975.734,0.5378,0.2771
975.958,0.3344,0.2689
976.183,1.0000,1.0000
976.408,1.0000,1.0000
976.633,0.4182,0.2758
976.858,0.4783,0.2700
977.083,0.2077,0.2616
977.308,1.0000,1.0000
977.533,1.0000,1.0000
977.758,0.6273,0.3000
977.983,1.0000,1.0000
978.208,1.0000,1.0000
978.433,0.4648,0.2735
978.659,0.4836,0.2623
978.884,0.6303,0.2841
979.110,0.3597,0.2699
979.335,0.2518,0.2656
979.561,1.0000,1.0000
979.786,1.0000,1.0000
980.012,0.4118,0.2567
980.238,0.9932,0.2792
980.463,1.0000,1.0000
980.689,1.0000,1.0000
980.915,1.0000,1.0000
981.141,1.0000,1.0000
981.367,1.0000,1.0000
981.593,1.0000,1.0000
981.819,0.3630,0.2917
982.045,0.2702,0.2800
982.271,0.3230,0.2536
982.497,0.3535,0.2537
982.724,1.0000,1.0000
982.950,0.9237,0.3407
983.176,0.8446,0.3663
983.403,0.5040,0.3477
983.629,1.0000,1.0000
983.856,1.0000,1.0000
984.082,1.0000,1.0000
984.309,1.0000,1.0000
984.535,1.0000,1.0000
984.762,1.0000,1.0000
984.989,1.0000,1.0000
985.216,1.0000,1.0000
985.443,1.0000,1.0000
985.670,1.0000,1.0000
985.896,0.2337,0.2442
986.124,1.0000,1.0000
986.351,1.0000,1.0000
986.578,0.3838,0.2981
986.805,1.0000,1.0000
987.032,1.0000,1.0000
987.260,0.2289,0.2347
987.487,1.0000,1.0000
987.714,1.0000,1.0000
987.942,1.0000,1.0000
988.169,1.0000,1.0000
988.397,1.0000,1.0000
988.624,0.2902,0.2282
988.852,0.3618,0.2410
989.080,0.2679,0.2592
989.308,0.2173,0.2566
989.535,0.2569,0.2343
989.763,0.3742,0.2486
989.991,1.0000,1.0000
990.219,1.0000,1.0000
990.447,1.0000,1.0000
990.675,0.2819,0.2566
990.903,0.7427,0.2815
991.132,1.0000,1.0000
991.360,0.2186,0.2438
991.588,1.0000,1.0000
991.817,1.0000,1.0000
992.045,0.3232,0.2843
992.273,1.0000,1.0000
992.502,1.0000,1.0000
992.730,1.0000,1.0000
992.959,0.3566,0.2508
993.188,0.2248,0.2455
993.416,1.0000,1.0000
993.645,0.5324,0.2445
993.874,0.3643,0.2524
994.103,1.0000,1.0000
994.332,1.0000,1.0000
994.561,1.0000,1.0000
994.790,0.4629,0.2354
995.019,0.6279,0.2364
995.248,1.0000,1.0000
995.477,1.2372,0.3044
995.706,0.9193,0.3028
995.936,1.0000,1.0000
996.165,0.2371,0.2436
996.394,0.2834,0.2579
996.624,1.0000,1.0000
996.854,0.5455,0.2413
997.083,0.2664,0.2345
997.313,1.0000,1.0000
997.542,1.0000,1.0000
997.772,1.0000,1.0000
998.002,0.2422,0.2274
998.232,1.0000,1.0000
998.461,1.0000,1.0000
998.691,0.1961,0.2302
998.921,0.5166,0.2278
999.151,0.4845,0.2410
999.382,0.2661,0.2665
999.612,0.3224,0.2547
999.842,0.2478,0.2548
1000.072,0.2305,0.2620
1000.302,1.0000,1.0000
1000.533,1.0000,1.0000
1000.763,0.3867,0.2740
1000.994,1.0000,1.0000
1001.224,0.3467,0.2208
1001.455,0.4329,0.2355
1001.685,1.0000,1.0000
1001.916,1.0000,1.0000
1002.147,0.2610,0.2236
1002.378,0.5194,0.2349
1002.608,1.0000,1.0000
1002.839,0.3180,0.2349
1003.070,0.7420,0.2276
1003.301,1.0000,1.0000
1003.532,0.2165,0.2185
1003.763,0.3592,0.2324
1003.994,1.0000,1.0000
1004.226,1.0000,1.0000
1004.457,1.0000,1.0000
1004.688,0.3001,0.2271
1004.920,1.0000,1.0000
1005.151,1.0000,1.0000
1005.383,1.0000,1.0000
1005.614,0.3954,0.2125
1005.846,0.5171,0.2440
1006.077,1.0000,1.0000
1006.309,1.0000,1.0000
1006.541,0.4093,0.2367
1006.773,1.0000,1.0000
1007.004,1.0000,1.0000
1007.236,0.2830,0.2212
1007.468,1.0000,1.0000
1007.700,1.0000,1.0000
1007.932,1.0000,1.0000
1008.164,1.0000,1.0000
1008.396,1.0000,1.0000
1008.629,1.0000,1.0000
1008.861,1.0000,1.0000
1009.093,1.0000,1.0000
1009.326,0.2521,0.2058
1009.558,0.3599,0.2138
1009.791,1.0000,1.0000
1010.023,1.0000,1.0000
1010.256,0.4711,0.2137
1010.488,1.0000,1.0000
1010.721,0.4241,0.2442
1010.954,0.2233,0.2231
1011.187,0.3633,0.2060
1011.419,0.4596,0.2323
1011.652,1.0000,1.0000
1011.885,0.3274,0.2410
1012.118,0.2881,0.2355
1012.351,0.2166,0.2598
1012.585,1.0000,1.0000
1012.818,1.0000,1.0000
1013.051,1.0000,1.0000
1013.284,1.0000,1.0000
1013.518,0.2412,0.2124
1013.751,0.2809,0.2242
1013.985,0.1780,0.2173
1014.218,0.1543,0.2087
1014.452,1.0000,1.0000
1014.685,1.0000,1.0000
1014.919,1.0000,1.0000
1015.153,1.0000,1.0000
1015.386,1.0000,1.0000
1015.620,0.3681,0.2138
1015.854,0.2533,0.2303
1016.088,1.0000,1.0000
1016.322,1.0000,1.0000
1016.556,1.0000,1.0000
1016.790,1.0000,1.0000
1017.024,1.0000,1.0000
1017.258,0.2029,0.2002
1017.493,0.6396,0.1901
1017.727,1.0000,1.0000
1017.961,1.0000,1.0000
1018.196,1.0000,1.0000
1018.430,1.0000,1.0000
1018.665,0.4858,0.2381
1018.899,0.4955,0.2433
1019.134,0.2492,0.2161
1019.369,0.2593,0.2111
1019.604,1.0000,1.0000
1019.838,1.0000,1.0000
1020.073,1.0000,1.0000
1020.308,1.0000,1.0000
1020.543,1.0000,1.0000
1020.778,0.4122,0.2191
1021.013,1.0000,1.0000
1021.248,1.0000,1.0000
1021.483,1.0000,1.0000
1021.719,1.0000,1.0000
1021.954,1.0000,1.0000
1022.189,1.0000,1.0000
1022.425,1.0000,1.0000
1022.660,1.0000,1.0000
1022.896,1.0000,1.0000
1023.131,0.3077,0.2068
1023.367,1.0000,1.0000
1023.602,0.6064,0.2116
1023.838,0.6086,0.2130
1024.074,1.0000,1.0000
1024.310,1.0000,1.0000
1024.546,0.2865,0.1948
1024.781,1.0000,1.0000
1025.018,1.0000,1.0000
1025.254,1.0000,1.0000
1025.490,1.0000,1.0000
1025.726,1.0000,1.0000
1025.962,1.0000,1.0000
1026.198,1.0000,1.0000
1026.435,1.0000,1.0000
1026.671,1.0000,1.0000
1026.907,1.0000,1.0000
1027.144,0.1917,0.2138
1027.380,1.0000,1.0000
1027.617,1.0000,1.0000
1027.854,0.1630,0.2150
1028.090,1.0000,1.0000
1028.327,1.0000,1.0000
1028.564,0.2929,0.1850
1028.801,1.0000,1.0000
1029.038,1.0000,1.0000
1029.275,1.0000,1.0000
1029.512,1.0000,1.0000
1029.749,1.0000,1.0000
1029.986,0.1866,0.1914
1030.223,1.0000,1.0000
1030.460,1.0000,1.0000
1030.698,0.2939,0.1865
1030.935,1.0000,1.0000
1031.172,1.0000,1.0000
1031.410,0.2519,0.1973
1031.647,0.1475,0.1922
1031.885,0.2618,0.2149
1032.123,1.0000,1.0000
1032.360,1.0000,1.0000
1032.598,0.3189,0.2047
1032.836,0.1729,0.2052
1033.074,0.2770,0.2145
1033.312,0.1809,0.2144
1033.550,0.3816,0.1956
1033.788,0.1536,0.1797
1034.026,1.0000,1.0000
1034.264,0.2889,0.1869
1034.502,1.0000,1.0000
1034.740,0.1327,0.1852
1034.978,1.0000,1.0000
1035.217,1.0000,1.0000
1035.455,0.1793,0.1924
1035.694,1.0000,1.0000
1035.932,0.3773,0.1870
1036.171,1.0000,1.0000
1036.409,1.0000,1.0000
1036.648,0.3244,0.2365
1036.887,0.4349,0.2580
1037.125,1.0000,1.0000
1037.365,0.3439,0.1989
1037.603,0.2474,0.1927
1037.842,1.0000,1.0000
1038.081,0.3493,0.2243
1038.320,0.8332,0.2390
1038.559,1.0000,1.0000
1038.799,0.1955,0.1891
1039.038,0.3236,0.2171
1039.277,0.3036,0.2038
1039.516,0.6051,0.1904
1039.756,0.8070,0.1931
1039.995,0.3631,0.2104
1040.235,0.3090,0.2007
1040.474,0.3508,0.1860
1040.714,0.2934,0.1909
1040.953,0.4574,0.2105
1041.193,0.3324,0.2045
1041.433,1.0000,1.0000
1041.673,0.6372,0.2066
1041.913,0.2598,0.1885
1042.153,0.2047,0.1985
1042.393,0.3496,0.1987
1042.633,0.1471,0.1887
1042.873,1.0000,1.0000
1043.113,1.0000,1.0000
1043.353,1.0000,1.0000
1043.593,1.0000,1.0000
1043.834,1.0000,1.0000
1044.074,1.0000,1.0000
1044.315,1.0000,1.0000
1044.555,1.0000,1.0000
1044.796,1.0000,1.0000
1045.036,1.0000,1.0000
1045.277,0.2226,0.2009
1045.517,0.2901,0.1925
1045.758,1.0000,1.0000
1045.999,0.3063,0.1907
1046.240,1.0000,1.0000
1046.481,1.0000,1.0000
1046.722,0.3175,0.2011
1046.963,0.5633,0.1894
1047.204,0.3413,0.1861
1047.445,1.0000,1.0000
1047.687,0.5840,0.2086
1047.928,0.7399,0.2035
1048.169,0.6875,0.1958
1048.410,0.5927,0.1916
1048.652,0.2052,0.1812
1048.893,0.1384,0.1814
1049.135,0.8037,0.1857
1049.376,0.2965,0.1808
1049.618,1.0000,1.0000
1049.860,0.4664,0.1922
1050.102,0.2593,0.1835
1050.343,1.0000,1.0000
1050.585,0.2220,0.1956
1050.827,1.0000,1.0000
1051.069,1.0000,1.0000
1051.311,0.1923,0.1800
1051.553,0.3172,0.1730
1051.796,0.2644,0.1755
1052.038,0.1981,0.1909
1052.280,0.3242,0.1880
1052.522,0.5313,0.1899
1052.765,0.4317,0.2024
1053.007,1.0000,1.0000
1053.250,0.3998,0.1796
1053.492,0.3079,0.1836
1053.735,0.1971,0.1821
1053.977,1.0000,1.0000
1054.220,1.0000,1.0000
1054.463,1.0000,1.0000
1054.706,0.1567,0.1760
1054.949,1.0000,1.0000
1055.192,1.0000,1.0000
1055.435,0.1276,0.1758
1055.678,0.1763,0.1802
1055.921,0.2999,0.2064
1056.164,1.0000,1.0000
1056.407,1.0000,1.0000
1056.650,0.2667,0.1929
1056.894,0.2366,0.1881
1057.137,1.0000,1.0000
1057.381,1.0000,1.0000
1057.624,0.1277,0.1860
1057.868,1.0000,1.0000
1058.111,1.0000,1.0000
1058.355,1.0000,1.0000
1058.599,0.1584,0.1926
1058.842,0.1311,0.1787
1059.086,1.0000,1.0000
1059.330,1.0000,1.0000
1059.574,0.4301,0.1890
1059.818,0.4933,0.1965
1060.062,0.4192,0.1900
1060.306,0.6865,0.1881
1060.550,0.1793,0.1937
1060.795,0.4900,0.1915
1061.039,0.5018,0.1929
1061.283,0.1604,0.1788
1061.528,1.0000,1.0000
1061.772,0.1995,0.1715
1062.017,0.1716,0.1917
1062.261,0.3382,0.1979
1062.506,0.3441,0.1725
1062.750,1.0000,1.0000
1062.995,1.0000,1.0000
1063.240,0.1762,0.1864
1063.485,1.0000,1.0000
1063.730,1.0000,1.0000
1063.975,0.2703,0.1772
1064.220,0.1948,0.1737
1064.465,1.0000,1.0000
1064.710,0.2192,0.1940
1064.955,0.1314,0.1861
1065.200,1.0000,1.0000
1065.446,0.1622,0.1762
1065.691,0.5510,0.1861
1065.936,0.4735,0.1871
1066.182,1.0000,1.0000
1066.427,1.0000,1.0000
1066.673,1.0000,1.0000
1066.919,1.0000,1.0000
1067.164,1.0000,1.0000
1067.410,1.0000,1.0000
1067.656,1.0000,1.0000
1067.902,0.3233,0.2019
1068.148,0.5641,0.2372
1068.394,0.1939,0.2573
1068.640,1.0000,1.0000
1068.886,1.0000,1.0000
1069.132,1.0000,1.0000
1069.378,1.0000,1.0000
1069.625,0.2341,0.1839
1069.871,0.3339,0.1797
1070.117,0.2106,0.1910
1070.364,1.0000,1.0000
1070.610,1.0000,1.0000
1070.857,1.0000,1.0000
1071.103,0.1518,0.1743
1071.350,0.7256,0.1798
1071.596,0.6356,0.1692
1071.843,0.1406,0.1819
1072.090,0.4414,0.1912
1072.337,0.6311,0.1864
1072.584,0.6065,0.2158
1072.831,0.7541,0.2136
1073.078,0.8256,0.1821
1073.325,0.7239,0.1915
1073.572,0.6330,0.1825
1073.820,0.4747,0.1737
1074.067,0.3613,0.1686
1074.314,0.4426,0.1754
1074.562,0.4530,0.1663
1074.809,0.4627,0.1953
1075.057,0.6826,0.1968
1075.304,0.6904,0.1765
1075.552,0.3692,0.1666
1075.800,0.3459,0.1635
1076.047,0.2950,0.1629
1076.295,0.3051,0.1777
1076.543,0.5237,0.1767
1076.791,1.0000,1.0000
1077.039,0.4094,0.1835
1077.287,1.0000,1.0000
1077.535,1.0000,1.0000
1077.783,0.5748,0.1759
1078.031,1.0000,1.0000
1078.279,0.1740,0.1629
1078.528,1.0000,1.0000
1078.776,1.0000,1.0000
1079.025,1.0000,1.0000
1079.273,1.0000,1.0000
1079.521,1.0000,1.0000
1079.770,1.0000,1.0000
1080.019,1.0000,1.0000
1080.268,1.0000,1.0000
1080.516,1.0000,1.0000
1080.765,0.1279,0.1770
1081.014,1.0000,1.0000
1081.263,0.1886,0.1774
1081.512,0.4709,0.1786
1081.761,1.0000,1.0000
1082.010,1.0000,1.0000
1082.259,0.1542,0.1737
1082.509,1.0000,1.0000
1082.758,1.0000,1.0000
1083.007,0.2763,0.1630
1083.256,0.2327,0.1613
1083.506,0.3327,0.1890
1083.756,0.3749,0.1839
1084.005,1.0000,1.0000
1084.255,0.1700,0.1684
1084.504,0.2919,0.1743
1084.754,0.3850,0.1768
1085.004,0.3792,0.1703
1085.254,0.2218,0.1644
1085.504,1.0000,1.0000
1085.754,1.0000,1.0000
1086.004,0.3045,0.1792
1086.254,0.5341,0.2101
1086.504,0.6412,0.2029
1086.754,0.6385,0.1974
1087.004,0.5896,0.1762
1087.255,0.4373,0.1788
1087.505,0.1525,0.1667
1087.756,0.4209,0.1603
1088.006,0.5247,0.1775
1088.257,0.2181,0.1854
1088.507,0.2582,0.1808
1088.758,0.8371,0.1797
1089.009,0.1745,0.1666
1089.260,1.0000,1.0000
1089.510,1.0000,1.0000
1089.761,0.1716,0.1561
1090.012,0.3806,0.1575
1090.263,0.2828,0.1596
1090.514,0.3586,0.1657
1090.765,0.3031,0.1677
1091.017,0.1549,0.1754
1091.268,0.2199,0.1778
1091.519,0.3538,0.1659
1091.771,1.0000,1.0000
1092.022,1.0000,1.0000
1092.273,0.1667,0.1561
1092.525,0.2710,0.1540
1092.776,0.2901,0.1620
1093.028,0.2049,0.1593
1093.280,0.4055,0.1680
1093.532,0.1902,0.1781
1093.783,0.3481,0.1586
1094.035,0.3808,0.1527
1094.287,0.2609,0.1608
1094.539,0.5035,0.1565
1094.791,0.5039,0.1599
1095.043,0.9370,0.1993
1095.296,0.4121,0.1879
1095.548,0.2949,0.1552
1095.800,0.5334,0.1620
1096.052,1.0000,1.0000
1096.305,0.2821,0.1500
1096.557,0.2866,0.1469
1096.810,0.2523,0.1611
1097.062,0.2388,0.1672
1097.315,0.2200,0.1747
1097.568,0.3387,0.1715
1097.820,0.6027,0.1624
1098.073,0.3844,0.1506
1098.326,0.2520,0.1464
1098.579,0.3606,0.1480
1098.832,0.3445,0.1486
1099.085,0.1427,0.1515
1099.338,0.6466,0.1605
1099.591,0.6338,0.1692
1099.845,0.6452,0.1851
1100.098,0.6187,0.2020
1100.351,0.6058,0.2174
1100.605,0.7323,0.2314
1100.858,0.3569,0.1666
1101.112,0.2929,0.1627
1101.365,0.3362,0.1574
1101.619,0.5552,0.1888
1101.872,0.6343,0.1823
1102.126,0.2750,0.1638
1102.380,0.3107,0.1688
1102.634,0.3094,0.1552
1102.888,0.4193,0.1462
1103.142,0.3967,0.1482
1103.396,0.2885,0.1433
1103.650,0.3614,0.1431
1103.904,0.3128,0.1518
1104.158,0.5452,0.1501
1104.412,1.0000,1.0000
1104.667,1.0000,1.0000
1104.921,0.1434,0.1421
1105.176,1.0000,1.0000
1105.430,0.2144,0.1484
1105.685,0.1217,0.1539
1105.939,0.1991,0.1566
1106.194,0.1302,0.1560
1106.449,1.0000,1.0000
1106.704,0.2833,0.1429
1106.958,0.3090,0.1460
1107.213,0.1124,0.1579
1107.469,1.0000,1.0000
1107.723,0.1258,0.1516
1107.978,0.2492,0.1463
1108.234,0.2052,0.1411
1108.489,0.1404,0.1477
1108.744,0.2113,0.1454
1108.999,0.0873,0.1378
1109.255,0.1093,0.1469
1109.510,0.2443,0.1522
1109.766,0.1586,0.1525
1110.021,0.2343,0.1450
1110.277,1.0000,1.0000
1110.533,0.4071,0.1439
1110.788,0.5075,0.1897
1111.044,1.0000,1.0000
1111.300,0.2089,0.1741
1111.556,0.2506,0.1526
1111.812,1.0000,1.0000
1112.068,1.0000,1.0000
1112.324,1.0000,1.0000
1112.580,1.0000,1.0000
1112.836,0.1214,0.1558
1113.093,0.4962,0.1761
1113.349,0.1557,0.1485
1113.605,1.0000,1.0000
1113.862,1.0000,1.0000
1114.118,0.1803,0.1602
1114.375,0.1765,0.1498
1114.631,0.1519,0.1557
1114.888,0.1942,0.1534
1115.145,1.0000,1.0000
1115.402,0.1329,0.1353
1115.659,0.2786,0.1376
1115.916,1.0000,1.0000
1116.172,0.4677,0.1515
1116.430,0.2126,0.1433
1116.687,1.0000,1.0000
1116.944,0.2087,0.1491
1117.201,0.2313,0.1451
1117.458,1.0000,1.0000
1117.715,0.2269,0.1522
1117.973,0.5858,0.1476
1118.230,0.1310,0.1442
1118.488,1.0000,1.0000
1118.745,0.1206,0.1406
1119.003,1.0000,1.0000
1119.261,0.3041,0.1373
1119.519,1.0000,1.0000
1119.776,1.0000,1.0000
1120.034,0.1564,0.1122
1120.292,0.1854,0.1750
1120.550,1.0000,1.0000
1120.808,0.2189,0.1741
1121.066,1.0000,1.0000
1121.325,0.1734,0.1013
1121.583,0.2152,0.1017
1121.841,0.1713,0.1042
1122.099,0.2723,0.1551
1122.358,0.2247,0.1592
1122.616,0.3033,0.1091
1122.875,0.2980,0.1132
1123.133,0.3403,0.0980
1123.392,0.3328,0.1061
1123.651,0.3684,0.1081
1123.910,0.2511,0.0813
1124.168,0.2581,0.0827
1124.427,0.2867,0.0827
1124.686,0.3068,0.0785
1124.945,0.3239,0.0751
1125.204,0.3984,0.0769
1125.463,0.3532,0.0815
1125.722,0.3765,0.0984
1125.982,0.4304,0.0803
1126.241,0.2663,0.0802
1126.500,0.2710,0.0777
1126.760,0.3597,0.0958
1127.019,0.3355,0.0775
1127.279,0.3878,0.0807
1127.538,0.2085,0.0922
1127.798,0.2447,0.0743
1128.058,0.2480,0.0896
1128.318,0.3758,0.1063
1128.577,0.3739,0.1111
1128.837,0.2348,0.0797
1129.097,0.3297,0.0765
1129.357,0.2001,0.1000
1129.617,0.2346,0.0802
1129.877,0.3753,0.0812
1130.138,0.2986,0.0801
1130.398,0.3994,0.0798
1130.658,0.3594,0.0765
1130.918,0.3570,0.0730
1131.179,0.3779,0.0762
1131.439,0.3946,0.0759
1131.700,0.3354,0.0745
1131.961,0.3292,0.0760
1132.221,0.4324,0.0765
1132.482,0.3234,0.0755
1132.743,0.3402,0.0914
1133.004,0.3367,0.0757
1133.265,0.3329,0.0801
1133.525,0.3191,0.0923
1133.787,0.3448,0.0764
1134.048,0.4193,0.0904
1134.309,0.3040,0.0735
1134.570,0.3515,0.0888
1134.831,0.3671,0.0915
1135.093,0.2305,0.0722
1135.354,0.2447,0.0824
1135.615,0.3399,0.0710
1135.877,0.5511,0.0853
1136.139,0.2928,0.0772
1136.400,0.2807,0.0742
1136.662,0.3942,0.0722
1136.924,0.3570,0.0878
1137.186,0.2455,0.0718
1137.447,0.1924,0.0680
1137.709,0.1727,0.0958
1137.971,0.2376,0.0683
1138.233,0.2762,0.0809
1138.495,0.5118,0.0717
1138.758,0.3067,0.0722
1139.020,0.3293,0.1029
1139.282,0.3357,0.0801
1139.545,0.3475,0.0807
1139.807,0.4336,0.0774
1140.069,0.3818,0.0787
1140.332,0.3961,0.0849
1140.595,0.4550,0.0729
1140.857,0.4417,0.0668
1141.120,0.2902,0.0683
1141.383,0.3341,0.0849
1141.646,0.4118,0.0690
1141.909,0.4180,0.0795
1142.171,0.3055,0.0783
1142.435,0.4148,0.0669
1142.698,0.3550,0.0660
1142.961,0.3467,0.0665
1143.224,0.4848,0.0696
1143.487,0.4520,0.0829
1143.751,0.2757,0.0815
1144.014,0.2552,0.0779
1144.277,0.3335,0.0776
1144.541,0.3758,0.0704
1144.804,0.3322,0.0688
1145.068,0.3012,0.0795
1145.332,0.2459,0.0794
1145.596,0.2858,0.0815
1145.859,0.2704,0.0769
1146.123,0.1739,0.0656
1146.387,0.3346,0.0758
1146.651,0.2845,0.0752
1146.915,0.4074,0.0662
1147.179,0.3999,0.0676
1147.443,0.3047,0.0655
1147.708,0.3995,0.0677
1147.972,0.4688,0.0755
1148.236,0.1517,0.0626
1148.501,0.3241,0.0652
1148.765,0.4143,0.0676
1149.030,0.1943,0.0659
1149.294,0.2617,0.0749
1149.559,0.4089,0.0661
1149.824,0.5323,0.0661
1150.089,0.4241,0.0792
1150.354,0.2334,0.0672
1150.618,0.3296,0.0682
1150.883,0.2909,0.0786
1151.148,0.3178,0.0784
1151.413,0.4006,0.0631
1151.679,0.3451,0.0612
1151.944,0.5107,0.0716
1152.209,0.3412,0.0604
1152.474,0.3068,0.0626
1152.740,0.5074,0.0647
1153.005,0.3750,0.0638
1153.271,0.3740,0.0611
1153.536,0.4168,0.0643
1153.802,0.4053,0.0795
1154.068,0.5435,0.0785
1154.333,0.3411,0.0625
1154.599,0.2656,0.0631
1154.865,0.3410,0.0612
1155.131,0.3390,0.0617
1155.397,0.1981,0.0610
1155.663,0.2691,0.0627
1155.929,0.1431,0.0586
1156.196,0.1830,0.0606
1156.462,0.3971,0.0642
1156.728,0.4009,0.0633
1156.995,0.2406,0.0602
1157.261,0.3000,0.0583
1157.528,0.2392,0.0604
1157.794,0.3726,0.0625
1158.061,0.3326,0.0646
1158.327,0.2785,0.0663
1158.594,0.4640,0.0802
1158.861,0.2782,0.0628
1159.128,0.2347,0.0632
1159.395,0.2124,0.0634
1159.662,0.3428,0.0607
1159.929,0.4008,0.0603
1160.196,0.4181,0.0621
1160.463,0.3177,0.0608
1160.730,0.4428,0.0607
1160.998,0.4077,0.0581
1161.265,0.4744,0.0675
1161.532,0.3491,0.0556
1161.800,0.3825,0.0592
1162.067,0.4522,0.0596
1162.335,0.3386,0.0565
1162.603,0.3485,0.0570
1162.870,0.3502,0.0567
1163.138,0.3168,0.0577
1163.406,0.3252,0.0582
1163.674,0.4514,0.0696
1163.942,0.2913,0.0544
1164.210,0.3898,0.0572
1164.478,0.3472,0.0574
1164.746,0.3378,0.0581
1165.015,0.4824,0.0642
1165.283,0.2234,0.0555
1165.551,0.1982,0.0542
1165.819,0.2899,0.0537
1166.088,0.2188,0.0544
1166.357,0.1186,0.0536
1166.625,0.2846,0.0559
1166.894,0.3091,0.0531
1167.162,0.2665,0.0579
1167.431,0.2198,0.0565
1167.700,0.3000,0.0577
1167.969,0.3383,0.0622
1168.238,0.3210,0.0577
1168.507,0.1821,0.0565
1168.776,0.2781,0.0624
1169.045,0.3272,0.0569
1169.314,0.3356,0.0556
1169.584,0.3331,0.0649
1169.853,0.2779,0.0537
1170.123,0.3291,0.0539
1170.392,0.2108,0.0546
1170.661,0.2714,0.0539
1170.931,0.3266,0.0559
1171.201,0.3086,0.0550
1171.470,0.3775,0.0528
1171.740,0.2766,0.0512
1172.010,0.2005,0.0601
1172.280,0.1290,0.0510
1172.550,0.1798,0.0533
1172.820,0.2783,0.0546
1173.090,0.3733,0.0538
1173.360,0.3779,0.0532
1173.630,0.4563,0.0529
1173.901,0.4568,0.0549
1174.171,0.4178,0.0582
1174.441,0.3793,0.0588
1174.712,0.3995,0.0573
1174.982,0.3334,0.0556
1175.253,0.3064,0.0550
1175.523,0.3914,0.0578
1175.794,0.4414,0.0560
1176.065,0.3954,0.0554
1176.336,0.3819,0.0545
1176.607,0.3247,0.0539
1176.878,0.3455,0.0560
1177.149,0.4533,0.0560
1177.420,0.4393,0.0536
1177.691,0.3578,0.0550
1177.962,0.4525,0.0564
1178.233,0.3548,0.0525
1178.505,0.2874,0.0536
1178.776,0.3112,0.0540
1179.048,0.3901,0.0544
1179.319,0.4194,0.0553
1179.591,0.3758,0.0529
1179.862,0.3683,0.0518
1180.134,0.5484,0.0530
1180.406,0.4074,0.0529
1180.678,0.4373,0.0544
1180.949,0.5663,0.0565
1181.221,0.5319,0.0582
1181.493,0.5024,0.0593
1181.766,0.3629,0.0531
1182.038,0.4567,0.0553
1182.310,0.4263,0.0545
1182.582,0.4234,0.0604
1182.854,0.5318,0.0547
1183.127,0.5272,0.0548
1183.399,0.4455,0.0536
1183.672,0.4606,0.0573
1183.944,0.4999,0.0566
1184.217,0.4561,0.0529
1184.490,0.3454,0.0602
1184.763,0.3800,0.0568
1185.036,0.3363,0.0514
1185.308,0.3510,0.0509
1185.581,0.3572,0.0570
1185.854,0.2378,0.0531
1186.127,0.4543,0.0627
1186.401,0.5544,0.0618
1186.674,0.5310,0.0619
1186.947,0.5028,0.0559
1187.220,0.4807,0.0517
1187.494,0.5830,0.0563
1187.767,0.6541,0.0602
1188.041,0.3746,0.0566
1188.314,0.4549,0.0515
1188.588,0.5069,0.0515
1188.862,0.5553,0.0585
1189.135,0.5379,0.0572
1189.409,0.5117,0.0647
1189.683,0.5283,0.0606
1189.957,0.4297,0.0615
1190.231,0.6255,0.0606
1190.505,0.6002,0.0532
1190.779,0.6243,0.0566
1191.054,0.6451,0.0504
1191.328,0.6126,0.0506
1191.602,0.5875,0.0506
1191.877,0.6206,0.0504
1192.151,0.6392,0.0582
1192.426,0.6081,0.0558
1192.700,0.6057,0.0501
1192.975,0.5298,0.0492
1193.250,0.7488,0.0598
1193.524,0.7648,0.0595
1193.799,0.6069,0.0514
1194.074,0.5979,0.0527
1194.349,0.7876,0.0608
1194.624,0.5757,0.0514
1194.899,0.6273,0.0509
1195.175,0.6300,0.0511
1195.450,0.5822,0.0507
1195.725,0.6653,0.0501
1196.000,0.5684,0.0503
1196.276,0.7139,0.0608
1196.551,0.8012,0.0610
1196.827,0.6304,0.0527
1197.102,0.6605,0.0531
1197.378,0.6283,0.0511
1197.654,0.7549,0.0596
1197.930,0.7771,0.0542
1198.206,0.7679,0.0546
1198.481,0.7009,0.0507
1198.757,0.9255,0.0606
1199.033,0.8926,0.0573
1199.310,1.0300,0.0579
1199.586,0.8498,0.0515
1199.862,0.9263,0.0554
1200.138,0.9565,0.0587
1200.415,0.8471,0.0543
1200.691,0.8668,0.0580
1200.968,0.8617,0.0510
1201.244,0.8325,0.0517
1201.521,0.9736,0.0606
1201.797,0.8505,0.0530
1202.074,0.8100,0.0523
1202.351,0.8450,0.0517
1202.628,1.0491,0.0552
1202.905,1.0844,0.0580
1203.182,0.9213,0.0529
1203.459,0.9972,0.0556
1203.736,0.8797,0.0507
1204.013,0.8676,0.0510
1204.291,1.0238,0.0537
1204.568,1.0363,0.0535
1204.845,0.8825,0.0515
1205.123,0.9035,0.0517
1205.400,1.2314,0.0591
1205.678,1.1632,0.0605
1205.956,1.1146,0.0593
1206.233,0.9142,0.0517
1206.511,1.0677,0.0567
1206.789,1.0440,0.0548
1207.067,1.1068,0.0592
1207.345,1.2465,0.0646
1207.623,1.0297,0.0535
1207.901,1.5695,0.0664
1208.179,1.0042,0.0522
1208.457,1.0778,0.0542
1208.736,1.0659,0.0560
1209.014,1.0839,0.0576
1209.292,1.1733,0.0587
1209.571,1.1423,0.0587
1209.849,1.2973,0.0595
1210.128,1.2224,0.0537
1210.407,1.3444,0.0570
1210.685,1.3440,0.0565
1210.964,1.0982,0.0530
1211.243,1.2557,0.0554
1211.522,1.2113,0.0549
1211.801,1.1715,0.0526
1212.080,1.2907,0.0567
1212.359,1.3884,0.0576
1212.638,1.1599,0.0547
1212.918,1.2155,0.0538
1213.197,1.3708,0.0568
1213.476,1.1608,0.0539
1213.756,1.2873,0.0577
1214.035,1.3657,0.0585
1214.315,1.1164,0.0555
1214.594,1.1063,0.0549
1214.874,1.1217,0.0545
1215.154,0.9693,0.0528
1215.434,1.0062,0.0531
1215.714,1.1705,0.0572
1215.994,1.2350,0.0556
1216.274,1.0925,0.0514
1216.554,1.2488,0.0554
1216.834,1.1118,0.0513
1217.114,0.9818,0.0525
1217.394,1.0474,0.0530
1217.675,1.1563,0.0529
1217.955,1.1093,0.0538
1218.236,0.9222,0.0522
1218.516,1.0959,0.0554
1218.797,1.0157,0.0530
1219.078,1.0216,0.0523
1219.358,0.9627,0.0511
1219.639,0.9376,0.0506
1219.920,1.0504,0.0552
1220.201,0.9513,0.0541
1220.482,0.9652,0.0531
1220.763,1.0331,0.0533
1221.044,0.9770,0.0523
1221.325,0.9514,0.0505
1221.607,0.9852,0.0525
1221.888,0.8826,0.0518
1222.169,0.9018,0.0492
1222.451,0.9020,0.0498
1222.732,0.8962,0.0511
1223.014,1.0073,0.0499
1223.295,0.8348,0.0488
1223.577,0.8391,0.0500
1223.859,0.8788,0.0501
1224.141,0.8333,0.0484
1224.422,0.7725,0.0481
1224.705,0.8867,0.0478
1224.987,0.8869,0.0480
1225.269,0.8459,0.0473
1225.551,0.7586,0.0450
1225.833,0.6998,0.0470
1226.115,0.7780,0.0487
1226.398,0.7985,0.0501
1226.680,0.7311,0.0481
1226.963,0.6610,0.0481
1227.245,0.7425,0.0517
1227.528,0.7908,0.0491
1227.810,0.5691,0.0446
1228.093,0.6442,0.0449
1228.376,0.7379,0.0464
1228.659,0.7306,0.0459
1228.942,0.7450,0.0454
1229.225,0.8157,0.0496
1229.508,0.6677,0.0481
1229.791,0.7294,0.0488
1230.074,0.6695,0.0456
1230.358,0.7536,0.0466
1230.641,0.7404,0.0452
1230.924,0.6609,0.0443
1231.208,0.7066,0.0495
1231.491,0.7592,0.0453
1231.775,0.7216,0.0440
1232.058,0.7495,0.0459
1232.342,0.7788,0.0458
1232.626,0.7907,0.0464
1232.910,0.7168,0.0467
1233.194,0.6685,0.0452
1233.478,0.7611,0.0490
1233.762,0.7112,0.0465
1234.046,0.6933,0.0436
1234.330,0.7001,0.0441
1234.614,0.6789,0.0444
1234.899,0.7416,0.0436
1235.183,0.9252,0.0471
1235.467,0.7423,0.0438
1235.752,0.7410,0.0436
1236.037,0.7696,0.0431
1236.321,0.8072,0.0432
1236.606,0.8423,0.0446
1236.891,0.8202,0.0445
1237.176,0.7485,0.0434
1237.460,0.7649,0.0426
1237.745,0.8249,0.0425
1238.030,0.7931,0.0428
1238.316,0.8334,0.0424
1238.601,1.0150,0.0441
1238.886,0.9725,0.0445
1239.171,0.8602,0.0420
1239.457,0.9280,0.0431
1239.742,1.0050,0.0446
1240.028,1.1581,0.0455
1240.313,1.0755,0.0450
1240.599,1.0788,0.0441
1240.884,1.0401,0.0437
1241.170,1.0819,0.0444
1241.456,1.1861,0.0450
1241.742,1.0827,0.0440
1242.028,1.0658,0.0432
1242.314,1.1704,0.0438
1242.600,1.1353,0.0446
1242.886,1.0559,0.0439
1243.172,1.0182,0.0443
1243.459,1.0801,0.0445
1243.745,0.9645,0.0439
1244.031,0.9957,0.0447
1244.318,1.0280,0.0447
1244.604,0.9453,0.0444
1244.891,0.9419,0.0443
1245.178,0.9401,0.0428
1245.464,0.9010,0.0425
1245.751,0.9185,0.0418
1246.038,0.9214,0.0440
1246.325,0.9966,0.0441
1246.612,0.9702,0.0432
1246.899,0.9206,0.0422
1247.186,0.9253,0.0423
1247.474,0.8551,0.0434
1247.761,0.8469,0.0432
1248.048,0.8398,0.0426
1248.335,0.6815,0.0425
1248.623,0.8217,0.0440
1248.911,0.8527,0.0449
1249.198,0.8848,0.0449
1249.486,0.9277,0.0423
1249.774,0.8730,0.0416
1250.061,0.8481,0.0418
1250.349,0.7690,0.0411
1250.637,0.7601,0.0399
1250.925,0.6843,0.0411
1251.213,0.7886,0.0460
1251.501,0.7523,0.0419
1251.790,0.7247,0.0419
1252.078,0.6966,0.0420
1252.366,0.6390,0.0416
1252.655,0.6335,0.0422
1252.943,0.7062,0.0416
1253.232,0.8417,0.0455
1253.520,0.8577,0.0447
1253.809,0.6745,0.0406
1254.098,0.6621,0.0390
1254.386,0.7701,0.0424
1254.675,0.5782,0.0397
1254.964,0.6029,0.0397
1255.253,0.6928,0.0397
1255.542,0.6533,0.0414
1255.831,0.7337,0.0451
1256.120,0.7151,0.0433
1256.410,0.6772,0.0396
1256.699,0.6544,0.0406
1256.989,0.5809,0.0400
1257.278,0.7350,0.0408
1257.568,0.6050,0.0403
1257.857,0.7862,0.0471
1258.147,0.7556,0.0428
1258.437,0.7330,0.0425
1258.726,0.7017,0.0428
1259.016,0.6244,0.0391
1259.306,0.7141,0.0392
1259.596,0.6871,0.0398
1259.886,0.6921,0.0395
1260.176,0.6631,0.0395
1260.466,0.6470,0.0390
1260.757,0.6809,0.0384
1261.047,0.6521,0.0374
1261.338,0.6780,0.0385
1261.628,0.6768,0.0382
1261.919,0.7285,0.0399
1262.209,0.7635,0.0420
1262.500,0.6449,0.0424
1262.791,0.7409,0.0407
1263.081,0.7193,0.0399
1263.372,0.6740,0.0379
1263.663,0.7238,0.0389
1263.954,0.7751,0.0398
1264.245,0.7115,0.0389
1264.536,0.7405,0.0388
1264.828,0.6947,0.0383
1265.119,0.6267,0.0382
1265.410,0.7156,0.0390
1265.702,0.7490,0.0388
1265.993,0.6437,0.0383
1266.285,0.6703,0.0383
1266.576,0.6644,0.0396
1266.868,0.6779,0.0398
1267.160,0.6751,0.0396
1267.451,0.5968,0.0380
1267.743,0.6341,0.0376
1268.035,0.5722,0.0375
1268.327,0.6037,0.0366
1268.619,0.6302,0.0379
1268.911,0.6867,0.0393
1269.204,0.6693,0.0385
1269.496,0.5976,0.0382
1269.788,0.6854,0.0375
1270.081,0.6202,0.0367
1270.373,0.5638,0.0378
1270.666,0.6262,0.0382
1270.958,0.6330,0.0364
1271.251,0.6289,0.0367
1271.544,0.6635,0.0371
1271.837,0.6092,0.0373
1272.130,0.6371,0.0373
1272.422,0.6475,0.0368
1272.715,0.6138,0.0367
1273.008,0.6615,0.0374
1273.302,0.6925,0.0373
1273.595,0.6247,0.0370
1273.888,0.5753,0.0370
1274.182,0.6678,0.0371
1274.475,0.6194,0.0368
1274.768,0.5750,0.0368
1275.062,0.6136,0.0360
1275.356,0.6253,0.0356
1275.649,0.5751,0.0368
1275.943,0.5937,0.0362
1276.237,0.6492,0.0373
1276.531,0.6588,0.0375
1276.825,0.5966,0.0364
1277.119,0.6431,0.0375
1277.413,0.5989,0.0391
1277.707,0.5931,0.0393
1278.001,0.6265,0.0398
1278.296,0.5918,0.0382
1278.590,0.5829,0.0363
1278.885,0.6024,0.0362
1279.179,0.5609,0.0363
1279.474,0.5780,0.0354
1279.768,0.6282,0.0359
1280.063,0.6366,0.0349
1280.358,0.6087,0.0356
1280.653,0.5816,0.0369
1280.948,0.5014,0.0376
1281.242,0.5385,0.0384
1281.537,0.6233,0.0397
1281.833,0.6123,0.0387
1282.128,0.5868,0.0367
1282.423,0.5710,0.0359
1282.718,0.6210,0.0376
1283.014,0.6046,0.0369
1283.309,0.6352,0.0378
1283.605,0.6599,0.0383
1283.900,0.5743,0.0345
1284.196,0.5430,0.0352
1284.492,0.5773,0.0346
1284.787,0.5648,0.0346
1285.083,0.5990,0.0344
1285.379,0.5757,0.0340
1285.675,0.5509,0.0344
1285.971,0.5759,0.0348
1286.268,0.6474,0.0360
1286.564,0.6401,0.0362
1286.860,0.5875,0.0355
1287.156,0.5904,0.0351
1287.453,0.6209,0.0351
1287.749,0.6372,0.0349
1288.046,0.6374,0.0350
1288.342,0.6281,0.0351
1288.639,0.6502,0.0350
1288.936,0.6015,0.0354
1289.233,0.6245,0.0363
1289.530,0.5977,0.0368
1289.827,0.5934,0.0355
1290.124,0.5653,0.0333
1290.421,0.5972,0.0340
1290.718,0.6542,0.0350
1291.015,0.5991,0.0361
1291.312,0.5504,0.0358
1291.610,0.5626,0.0348
1291.907,0.6082,0.0356
1292.205,0.6105,0.0358
1292.502,0.5583,0.0341
1292.800,0.6695,0.0371
1293.098,0.6742,0.0374
1293.395,0.5909,0.0345
1293.693,0.5660,0.0346
1293.991,0.5719,0.0342
1294.289,0.5350,0.0342
1294.587,0.5426,0.0347
1294.885,0.6725,0.0378
1295.183,0.6511,0.0379
1295.482,0.6628,0.0369
1295.780,0.5595,0.0362
1296.079,0.6260,0.0374
1296.377,0.4908,0.0348
1296.676,0.5786,0.0385
1296.974,0.5109,0.0339
1297.273,0.4631,0.0328
1297.572,0.7998,0.0414
1297.870,0.5696,0.0373
1298.169,0.5583,0.0373
1298.468,0.7057,0.0415
1298.767,0.6530,0.0377
1299.066,0.7057,0.0377
1299.365,0.8222,0.0419
1299.665,0.5428,0.0347
1299.964,0.5548,0.0345
1300.263,0.6341,0.0367
1300.563,0.5871,0.0353
1300.862,0.5078,0.0341
1301.162,0.5721,0.0339
1301.461,0.6068,0.0331
1301.761,0.5929,0.0334
1302.061,0.5883,0.0336
1302.361,0.5800,0.0340
1302.661,0.6246,0.0332
1302.961,0.6185,0.0328
1303.261,0.5399,0.0333
1303.561,0.6027,0.0333
1303.861,0.5551,0.0325
1304.161,0.6447,0.0348
1304.462,0.6486,0.0331
1304.762,0.6030,0.0339
1305.062,0.6042,0.0343
1305.363,0.6274,0.0332
1305.664,0.6843,0.0345
1305.964,0.7139,0.0355
1306.265,0.6545,0.0344
1306.566,0.6579,0.0323
1306.867,0.6360,0.0323
1307.168,0.6170,0.0320
1307.469,0.6250,0.0332
1307.770,0.6617,0.0345
1308.071,0.6530,0.0339
1308.372,0.6224,0.0333
1308.673,0.7287,0.0331
1308.975,0.6584,0.0329
1309.276,0.6172,0.0331
1309.578,0.6551,0.0333
1309.880,0.5958,0.0325
1310.181,0.5073,0.0320
1310.483,0.5545,0.0311
1310.784,0.4834,0.0303
1311.086,0.5394,0.0308
1311.388,0.5507,0.0316
1311.690,0.5185,0.0313
1311.992,0.5521,0.0315
1312.295,0.5187,0.0308
1312.597,0.5750,0.0306
1312.899,0.5664,0.0302
1313.201,0.5615,0.0307
1313.504,0.5617,0.0306
1313.806,0.5145,0.0300
1314.109,0.4934,0.0299
1314.411,0.5209,0.0302
1314.714,0.4692,0.0296
1315.017,0.5124,0.0306
1315.320,0.5331,0.0313
1315.623,0.5143,0.0319
1315.926,0.5463,0.0312
1316.229,0.5172,0.0302
1316.532,0.5840,0.0311
1316.835,0.6048,0.0304
1317.138,0.4902,0.0304
1317.441,0.5356,0.0315
1317.745,0.6208,0.0308
1318.048,0.5874,0.0300
1318.352,0.5479,0.0305
1318.655,0.5414,0.0305
1318.959,0.5713,0.0304
1319.263,0.5606,0.0307
1319.567,0.5569,0.0308
1319.870,0.5458,0.0305
1320.174,0.5090,0.0306
1320.478,0.6038,0.0315
1320.782,0.5404,0.0315
1321.087,0.5399,0.0316
1321.391,0.5810,0.0304
1321.695,0.5382,0.0298
1322.000,0.5260,0.0310
1322.304,0.5625,0.0316
1322.609,0.4904,0.0301
1322.913,0.5063,0.0302
1323.218,0.4850,0.0301
1323.522,0.5019,0.0295
1323.827,0.4941,0.0300
1324.132,0.4689,0.0297
1324.437,0.5331,0.0300
1324.742,0.4669,0.0297
1325.047,0.4208,0.0291
1325.352,0.4475,0.0286
1325.657,0.5008,0.0323
1325.963,0.5675,0.0354
1326.268,0.4498,0.0292
1326.573,0.4101,0.0291
1326.879,0.6371,0.0367
1327.185,0.5015,0.0319
1327.490,0.5874,0.0320
1327.796,0.5857,0.0312
1328.102,0.5324,0.0310
1328.407,0.4698,0.0288
1328.713,0.4974,0.0302
1329.019,0.4786,0.0313
1329.325,0.5339,0.0331
1329.632,0.4335,0.0296
1329.938,0.6046,0.0330
1330.244,0.6300,0.0321
1330.550,0.5323,0.0310
1330.857,0.5135,0.0308
1331.163,0.5009,0.0297
1331.470,0.4477,0.0322
1331.776,0.4960,0.0308
1332.083,0.5617,0.0300
1332.390,0.5157,0.0302
1332.697,0.4904,0.0298
1333.004,0.5089,0.0295
1333.311,0.5428,0.0305
1333.618,0.5565,0.0300
1333.925,0.5993,0.0286
1334.232,0.5243,0.0294
1334.539,0.5602,0.0293
1334.846,0.6392,0.0287
1335.154,0.5821,0.0286
1335.461,0.6155,0.0292
1335.769,0.6465,0.0292
1336.077,0.5753,0.0294
1336.384,0.5813,0.0312
1336.692,0.5898,0.0309
1337.000,0.5203,0.0294
1337.308,0.5114,0.0287
1337.615,0.5679,0.0285
1337.924,0.5461,0.0291
1338.232,0.5278,0.0297
1338.540,0.5550,0.0296
1338.848,0.5634,0.0289
1339.156,0.5285,0.0291
1339.465,0.5423,0.0293
1339.773,0.5583,0.0291
1340.082,0.5167,0.0290
1340.390,0.5153,0.0290
1340.699,0.5086,0.0299
1341.008,0.5162,0.0288
1341.317,0.5116,0.0291
1341.625,0.5605,0.0289
1341.934,0.5041,0.0283
1342.244,0.4626,0.0275
1342.553,0.4606,0.0269
1342.862,0.4865,0.0271
1343.171,0.4967,0.0279
1343.480,0.5166,0.0279
1343.790,0.5057,0.0281
1344.099,0.4652,0.0281
1344.409,0.4381,0.0274
1344.718,0.4710,0.0271
1345.028,0.5121,0.0278
1345.338,0.3969,0.0271
1345.647,0.4685,0.0274
1345.957,0.5064,0.0285
1346.267,0.4160,0.0275
1346.577,0.4061,0.0269
1346.887,0.4423,0.0285
1347.198,0.3873,0.0293
1347.508,0.4414,0.0306
1347.818,0.4383,0.0284
1348.129,0.4220,0.0273
1348.439,0.4526,0.0280
1348.750,0.4541,0.0270
1349.060,0.3388,0.0272
1349.371,0.3979,0.0285
1349.682,0.4915,0.0283
1349.992,0.4741,0.0276
1350.303,0.4496,0.0266
1350.614,0.4691,0.0271
1350.925,0.4242,0.0272
1351.236,0.4091,0.0264
1351.547,0.3970,0.0267
1351.859,0.4150,0.0270
1352.170,0.4237,0.0275
1352.481,0.4266,0.0269
1352.793,0.4133,0.0266
1353.104,0.3580,0.0268
1353.416,0.3732,0.0266
1353.728,0.4222,0.0267
1354.039,0.3809,0.0261
1354.351,0.3424,0.0251
1354.663,0.3522,0.0255
1354.975,0.3464,0.0266
1355.287,0.3399,0.0268
1355.599,0.3986,0.0268
1355.911,0.4370,0.0270
1356.224,0.3425,0.0264
1356.536,0.3674,0.0264
1356.848,0.4080,0.0269
1357.161,0.3796,0.0262
1357.473,0.3912,0.0265
1357.786,0.4107,0.0260
1358.099,0.3984,0.0260
1358.411,0.3815,0.0268
1358.724,0.3428,0.0259
1359.037,0.3612,0.0270
1359.350,0.3722,0.0274
1359.663,0.3064,0.0267
1359.976,0.3554,0.0268
1360.289,0.3590,0.0268
1360.603,0.3252,0.0262
1360.916,0.3482,0.0262
1361.229,0.3326,0.0258
1361.543,0.3210,0.0256
1361.856,0.3370,0.0255
1362.170,0.3804,0.0261
1362.484,0.3593,0.0267
1362.797,0.3502,0.0259
1363.111,0.3606,0.0257
1363.425,0.2756,0.0248
1363.739,0.2792,0.0267
1364.053,0.3851,0.0275
1364.367,0.3958,0.0274
1364.682,0.3352,0.0265
1364.996,0.3263,0.0258
1365.310,0.3067,0.0256
1365.625,0.3232,0.0257
1365.939,0.3428,0.0254
1366.254,0.3002,0.0253
1366.568,0.3161,0.0256
1366.883,0.3059,0.0264
1367.198,0.3085,0.0267
1367.513,0.3170,0.0258
1367.828,0.3597,0.0275
1368.142,0.3808,0.0282
1368.457,0.3632,0.0255
1368.773,0.3416,0.0255
1369.088,0.3394,0.0255
1369.403,0.3689,0.0267
1369.718,0.3403,0.0277
1370.034,0.3504,0.0265
1370.349,0.3553,0.0255
1370.665,0.3590,0.0259
1370.981,0.3841,0.0262
1371.296,0.3839,0.0257
1371.612,0.3770,0.0258
1371.928,0.3778,0.0260
1372.244,0.3330,0.0261
1372.560,0.2912,0.0259
1372.876,0.3432,0.0255
1373.192,0.3606,0.0249
1373.508,0.3663,0.0248
1373.825,0.3627,0.0261
1374.141,0.3695,0.0265
1374.458,0.3885,0.0257
1374.774,0.3845,0.0285
1375.091,0.3935,0.0297
1375.407,0.3440,0.0261
1375.724,0.3346,0.0263
1376.041,0.3432,0.0254
1376.358,0.3701,0.0260
1376.675,0.3609,0.0252
1376.992,0.3780,0.0250
1377.309,0.2997,0.0256
1377.626,0.3916,0.0283
1377.943,0.3532,0.0250
1378.260,0.3246,0.0255
1378.578,0.3075,0.0261
1378.895,0.3577,0.0255
1379.213,0.3634,0.0249
1379.531,0.3164,0.0250
1379.848,0.3036,0.0256
1380.166,0.3258,0.0259
1380.484,0.3871,0.0276
1380.802,0.3235,0.0260
1381.120,0.3343,0.0265
1381.438,0.3115,0.0261
1381.756,0.3117,0.0260
1382.074,0.3339,0.0251
1382.392,0.3243,0.0249
1382.711,0.3094,0.0262
1383.029,0.3883,0.0263
1383.348,0.3946,0.0257
1383.666,0.3540,0.0276
1383.985,0.3950,0.0288
1384.303,0.4123,0.0288
1384.622,0.3637,0.0254
1384.941,0.4310,0.0268
1385.260,0.4539,0.0300
1385.579,0.3494,0.0240
1385.898,0.3754,0.0264
1386.217,0.3995,0.0266
1386.536,0.3969,0.0256
1386.856,0.3866,0.0269
1387.175,0.3682,0.0260
1387.495,0.3895,0.0256
1387.814,0.4093,0.0263
1388.134,0.3676,0.0253
1388.453,0.4464,0.0267
1388.773,0.4039,0.0253
1389.093,0.3802,0.0259
1389.413,0.4210,0.0268
1389.733,0.4105,0.0270
1390.053,0.4405,0.0261
1390.373,0.5269,0.0275
1390.693,0.4754,0.0262
1391.013,0.4567,0.0264
1391.334,0.4678,0.0287
1391.654,0.4861,0.0264
1391.975,0.5849,0.0294
1392.295,0.4464,0.0258
1392.616,0.5170,0.0254
1392.936,0.5388,0.0261
1393.257,0.5023,0.0268
1393.578,0.5392,0.0273
1393.899,0.5236,0.0277
1394.220,0.5031,0.0271
1394.541,0.5242,0.0275
1394.862,0.4994,0.0277
1395.183,0.4946,0.0283
1395.505,0.4731,0.0274
1395.826,0.5864,0.0273
1396.148,0.5763,0.0269
1396.469,0.6223,0.0280
1396.791,0.6034,0.0264
1397.112,0.6109,0.0267
1397.434,0.5664,0.0273
1397.756,0.5558,0.0266
1398.078,0.6352,0.0272
1398.400,0.6568,0.0272
1398.722,0.6215,0.0266
1399.044,0.6596,0.0267
1399.366,0.6754,0.0267
1399.688,0.6831,0.0271
1400.010,0.7368,0.0286
1400.333,0.6988,0.0283
1400.656,0.7281,0.0286
1400.978,0.7170,0.0269
1401.301,0.6993,0.0270
1401.623,0.7382,0.0272
1401.946,0.8701,0.0277
1402.269,0.7891,0.0274
1402.592,0.7607,0.0271
1402.915,0.7438,0.0269
1403.238,0.7472,0.0274
1403.561,0.7369,0.0269
1403.884,0.6720,0.0270
1404.208,0.6578,0.0262
1404.531,0.6739,0.0269
1404.854,0.7070,0.0270
1405.178,0.7082,0.0272
1405.501,0.7089,0.0267
1405.825,0.6975,0.0270
1406.149,0.7055,0.0264
1406.473,0.6791,0.0268
1406.797,0.6332,0.0271
1407.121,0.6447,0.0266
1407.445,0.6173,0.0269
1407.769,0.6410,0.0282
1408.093,0.5832,0.0269
1408.417,0.6235,0.0258
1408.742,0.7425,0.0263
1409.066,0.6278,0.0262
1409.390,0.5686,0.0260
1409.715,0.6368,0.0259
1410.040,0.6350,0.0257
1410.364,0.6142,0.0255
1410.689,0.6356,0.0256
1411.014,0.6555,0.0273
1411.339,0.6372,0.0275
1411.664,0.6821,0.0276
1411.989,0.6604,0.0257
1412.314,0.6322,0.0254
1412.639,0.6473,0.0260
1412.965,0.6393,0.0260
1413.290,0.6499,0.0256
1413.616,0.6366,0.0256
1413.941,0.6426,0.0262
1414.267,0.6813,0.0259
1414.592,0.6308,0.0255
1414.918,0.6109,0.0254
1415.244,0.6496,0.0261
1415.570,0.6575,0.0263
1415.896,0.6118,0.0265
1416.222,0.6411,0.0269
1416.548,0.6059,0.0266
1416.874,0.5774,0.0258
1417.200,0.6572,0.0259
1417.527,0.6495,0.0261
1417.853,0.6256,0.0259
1418.180,0.6401,0.0273
1418.506,0.6140,0.0271
1418.833,0.5786,0.0267
1419.160,0.6388,0.0255
1419.487,0.6272,0.0254
1419.813,0.6283,0.0257
1420.141,0.6041,0.0262
1420.468,0.5952,0.0261
1420.795,0.6376,0.0258
1421.122,0.5950,0.0247
1421.449,0.5733,0.0248
1421.776,0.6018,0.0256
1422.104,0.5770,0.0251
1422.431,0.5865,0.0250
1422.759,0.6065,0.0250
1423.086,0.5915,0.0253
1423.414,0.6235,0.0262
1423.742,0.5999,0.0262
1424.070,0.5709,0.0250
1424.398,0.5345,0.0246
1424.726,0.5485,0.0249
1425.054,0.5594,0.0253
1425.382,0.5427,0.0248
1425.710,0.5496,0.0245
1426.039,0.5395,0.0238
1426.367,0.5890,0.0245
1426.696,0.5490,0.0248
1427.024,0.4915,0.0250
1427.353,0.5721,0.0254
1427.681,0.5670,0.0248
1428.010,0.5136,0.0242
1428.339,0.5469,0.0237
1428.668,0.5298,0.0241
1428.997,0.5470,0.0246
1429.326,0.5550,0.0242
1429.655,0.5009,0.0236
1429.984,0.5212,0.0242
1430.314,0.5332,0.0234
1430.643,0.5329,0.0235
1430.973,0.5364,0.0238
1431.302,0.5403,0.0249
1431.632,0.5568,0.0243
1431.961,0.5198,0.0237
1432.291,0.5204,0.0243
1432.621,0.5136,0.0256
1432.951,0.5127,0.0255
1433.281,0.5400,0.0251
1433.611,0.5240,0.0249
1433.941,0.5716,0.0248
1434.271,0.5742,0.0251
1434.602,0.5429,0.0248
1434.932,0.5079,0.0237
1435.262,0.5038,0.0236
1435.593,0.5711,0.0238
1435.923,0.5309,0.0243
1436.254,0.5361,0.0249
1436.585,0.5713,0.0241
1436.916,0.5000,0.0234
1437.247,0.4999,0.0232
1437.578,0.5622,0.0238
1437.909,0.5546,0.0249
1438.240,0.5312,0.0242
1438.571,0.5473,0.0241
1438.902,0.5646,0.0244
1439.234,0.5699,0.0238
1439.565,0.5319,0.0234
1439.897,0.5572,0.0233
1440.228,0.5891,0.0240
1440.560,0.5831,0.0239
1440.891,0.6141,0.0245
1441.223,0.5756,0.0244
1441.555,0.5860,0.0239
1441.887,0.5498,0.0236
1442.219,0.5305,0.0242
1442.552,0.5423,0.0239
1442.884,0.5636,0.0237
1443.216,0.5874,0.0238
1443.548,0.5756,0.0239
1443.881,0.5501,0.0241
1444.213,0.5614,0.0237
1444.546,0.5642,0.0237
1444.879,0.5613,0.0233
1445.211,0.5516,0.0238
1445.544,0.4933,0.0235
1445.877,0.4692,0.0239
1446.210,0.5523,0.0237
1446.543,0.5504,0.0231
1446.876,0.5146,0.0229
1447.209,0.5491,0.0229
1447.542,0.5781,0.0233
1447.876,0.5600,0.0231
1448.209,0.5712,0.0229
1448.543,0.5553,0.0228
1448.876,0.5524,0.0236
1449.210,0.5311,0.0238
1449.544,0.5336,0.0238
1449.877,0.5492,0.0237
1450.211,0.5472,0.0233
1450.545,0.5615,0.0234
1450.879,0.5185,0.0240
1451.214,0.5154,0.0241
1451.548,0.5263,0.0232
1451.882,0.5236,0.0228
1452.216,0.5254,0.0237
1452.551,0.5085,0.0231
1452.885,0.4854,0.0227
1453.220,0.5071,0.0230
1453.554,0.5507,0.0233
1453.889,0.5545,0.0237
1454.224,0.5485,0.0237
1454.559,0.5040,0.0228
1454.894,0.5513,0.0225
1455.229,0.5576,0.0230
1455.564,0.5213,0.0231
1455.899,0.5403,0.0239
1456.234,0.5345,0.0239
1456.570,0.5461,0.0229
1456.905,0.5171,0.0230
1457.241,0.4943,0.0231
1457.576,0.4879,0.0228
1457.912,0.5050,0.0234
1458.248,0.5072,0.0240
1458.584,0.4837,0.0236
1458.919,0.4942,0.0237
1459.255,0.5335,0.0237
1459.591,0.5240,0.0233
1459.928,0.5043,0.0231
1460.264,0.4867,0.0232
1460.600,0.5111,0.0232
1460.936,0.5011,0.0233
1461.273,0.4722,0.0238
1461.609,0.5137,0.0242
1461.946,0.4972,0.0234
1462.283,0.5198,0.0235
1462.619,0.5076,0.0229
1462.956,0.4988,0.0234
1463.293,0.5374,0.0237
1463.630,0.5114,0.0238
1463.967,0.4953,0.0231
1464.304,0.5255,0.0225
1464.641,0.5056,0.0232
1464.979,0.4740,0.0242
1465.316,0.4952,0.0234
1465.653,0.4852,0.0233
1465.991,0.5313,0.0234
1466.329,0.4975,0.0228
1466.666,0.4817,0.0226
1467.004,0.5195,0.0226
1467.342,0.5410,0.0228
1467.680,0.4769,0.0227
1468.018,0.5061,0.0230
1468.356,0.5106,0.0225
1468.694,0.4922,0.0223
1469.032,0.4812,0.0222
1469.370,0.4890,0.0218
1469.709,0.4849,0.0219
1470.047,0.4769,0.0224
1470.386,0.4662,0.0227
1470.724,0.4559,0.0217
1471.063,0.4087,0.0214
1471.402,0.4546,0.0214
1471.741,0.4571,0.0216
1472.080,0.4383,0.0232
1472.419,0.4570,0.0221
1472.758,0.4500,0.0218
1473.097,0.4653,0.0214
1473.436,0.4897,0.0212
1473.775,0.4725,0.0215
1474.115,0.4553,0.0217
1474.454,0.4859,0.0214
1474.794,0.4795,0.0215
1475.133,0.4612,0.0218
1475.473,0.4877,0.0215
1475.813,0.4532,0.0216
1476.153,0.4606,0.0215
1476.493,0.4445,0.0212
1476.833,0.4553,0.0213
1477.173,0.4303,0.0214
1477.513,0.4355,0.0206
1477.853,0.4438,0.0209
1478.194,0.4466,0.0214
1478.534,0.4515,0.0212
1478.874,0.4523,0.0217
1479.215,0.4937,0.0227
1479.556,0.4729,0.0223
1479.896,0.4581,0.0212
1480.237,0.4575,0.0210
1480.578,0.4431,0.0205
1480.919,0.4378,0.0205
1481.260,0.4315,0.0209
1481.601,0.4407,0.0207
1481.942,0.4455,0.0203
1482.284,0.4626,0.0206
1482.625,0.4613,0.0208
1482.966,0.4418,0.0216
1483.308,0.4303,0.0211
1483.650,0.4708,0.0212
1483.991,0.4382,0.0223
1484.333,0.4477,0.0227
1484.675,0.4272,0.0228
1485.016,0.4067,0.0220
1485.359,0.4325,0.0222
1485.701,0.3889,0.0215
1486.043,0.4659,0.0220
1486.385,0.4304,0.0217
1486.727,0.3990,0.0211
1487.070,0.4748,0.0209
1487.412,0.4273,0.0208
1487.755,0.4427,0.0209
1488.097,0.4356,0.0217
1488.440,0.4332,0.0215
1488.783,0.4775,0.0211
1489.126,0.4590,0.0209
1489.468,0.4328,0.0208
1489.812,0.4426,0.0210
1490.155,0.4300,0.0209
1490.498,0.4360,0.0211
1490.841,0.4383,0.0212
1491.184,0.4370,0.0210
1491.528,0.3935,0.0201
1491.871,0.3806,0.0196
1492.215,0.3718,0.0197
1492.558,0.3994,0.0204
1492.902,0.4126,0.0205
1493.246,0.3818,0.0196
1493.590,0.3554,0.0198
1493.934,0.3870,0.0213
1494.278,0.3788,0.0214
1494.622,0.3618,0.0210
1494.966,0.3401,0.0211
1495.310,0.3475,0.0203
1495.655,0.3510,0.0201
1495.999,0.3179,0.0213
1496.344,0.3689,0.0213
1496.688,0.3505,0.0215
1497.033,0.3382,0.0218
1497.377,0.3619,0.0201
1497.722,0.3642,0.0202
1498.067,0.3645,0.0200
1498.412,0.3381,0.0194
1498.757,0.3389,0.0200
1499.102,0.3339,0.0196
1499.448,0.3158,0.0195
1499.793,0.3031,0.0191
1500.138,0.3025,0.0200
1500.484,0.2951,0.0200
1500.829,0.2805,0.0198
1501.175,0.3063,0.0196
1501.521,0.3201,0.0195
1501.866,0.3367,0.0194
1502.212,0.3295,0.0197
1502.558,0.3404,0.0200
1502.904,0.3003,0.0195
1503.250,0.2954,0.0192
1503.597,0.2872,0.0196
1503.943,0.2790,0.0197
1504.289,0.2966,0.0196
1504.635,0.3307,0.0202
1504.982,0.3082,0.0197
1505.329,0.2933,0.0197
1505.675,0.3316,0.0200
1506.022,0.2995,0.0199
1506.369,0.3008,0.0194
1506.716,0.3246,0.0195
1507.063,0.3227,0.0197
1507.410,0.3026,0.0190
1507.757,0.2946,0.0189
1508.104,0.3249,0.0201
1508.451,0.3262,0.0199
1508.799,0.2957,0.0197
1509.146,0.3019,0.0195
1509.494,0.3315,0.0198
1509.841,0.3598,0.0200
1510.189,0.3141,0.0197
1510.537,0.2879,0.0197
1510.885,0.3349,0.0203
1511.233,0.3589,0.0207
1511.581,0.3485,0.0206
1511.929,0.3104,0.0196
1512.277,0.3015,0.0198
1512.625,0.3370,0.0198
1512.973,0.3659,0.0203
1513.322,0.3498,0.0198
1513.670,0.3334,0.0203
1514.019,0.3218,0.0204
1514.368,0.3083,0.0195
1514.716,0.2785,0.0205
1515.065,0.2847,0.0213
1515.414,0.3456,0.0236
1515.763,0.2977,0.0197
1516.112,0.3411,0.0226
1516.461,0.3379,0.0226
1516.810,0.3427,0.0204
1517.160,0.3877,0.0229
1517.509,0.2941,0.0209
1517.859,0.3120,0.0204
1518.208,0.3125,0.0202
1518.558,0.2958,0.0194
1518.907,0.2842,0.0190
1519.257,0.3592,0.0209
1519.607,0.3471,0.0202
1519.957,0.3686,0.0212
1520.307,0.3553,0.0214
1520.657,0.3227,0.0200
1521.007,0.3219,0.0194
1521.358,0.3490,0.0208
1521.708,0.3310,0.0196
1522.058,0.3137,0.0196
1522.409,0.3405,0.0218
1522.759,0.3333,0.0195
1523.110,0.3163,0.0195
1523.461,0.3746,0.0224
1523.812,0.3061,0.0197
1524.163,0.2863,0.0215
1524.514,0.3512,0.0240
1524.865,0.2960,0.0198
1525.216,0.2838,0.0195
1525.567,0.3021,0.0196
1525.918,0.2963,0.0193
1526.270,0.2870,0.0190
1526.621,0.3350,0.0205
1526.973,0.2930,0.0202
1527.324,0.2938,0.0201
1527.676,0.3412,0.0211
1528.028,0.3391,0.0219
1528.380,0.3463,0.0205
1528.732,0.3310,0.0210
1529.084,0.3492,0.0224
1529.436,0.3445,0.0210
1529.788,0.2930,0.0202
1530.141,0.3412,0.0201
1530.493,0.3269,0.0203
1530.845,0.3092,0.0195
1531.198,0.3095,0.0187
1531.551,0.3220,0.0193
1531.903,0.2966,0.0193
1532.256,0.3025,0.0189
1532.609,0.3230,0.0204
1532.962,0.3406,0.0206
1533.315,0.3074,0.0192
1533.668,0.3872,0.0213
1534.021,0.3083,0.0196
1534.374,0.3048,0.0197
1534.728,0.3607,0.0205
1535.081,0.3684,0.0208
1535.435,0.3551,0.0207
1535.788,0.3609,0.0210
1536.142,0.3814,0.0205
1536.496,0.3790,0.0200
1536.849,0.4393,0.0231
1537.203,0.3395,0.0193
1537.557,0.3780,0.0207
1537.911,0.3999,0.0206
1538.266,0.3539,0.0194
1538.620,0.3790,0.0204
1538.974,0.3990,0.0206
1539.328,0.3696,0.0188
1539.683,0.3881,0.0201
1540.037,0.3774,0.0191
1540.392,0.4133,0.0212
1540.747,0.4418,0.0216
1541.102,0.4144,0.0210
1541.457,0.4453,0.0205
1541.812,0.4712,0.0212
1542.167,0.4971,0.0224
1542.522,0.3853,0.0205
1542.877,0.4459,0.0203
1543.232,0.4981,0.0198
1543.588,0.5000,0.0197
1543.943,0.4910,0.0201
1544.299,0.5598,0.0203
1544.654,0.5396,0.0203
1545.010,0.5563,0.0206
1545.366,0.6068,0.0207
1545.722,0.6466,0.0208
1546.078,0.6564,0.0210
1546.434,0.6531,0.0209
1546.790,0.6226,0.0207
1547.146,0.6286,0.0206
1547.502,0.6467,0.0205
1547.859,0.6856,0.0212
1548.215,0.6751,0.0214
1548.572,0.6846,0.0209
1548.928,0.6927,0.0205
1549.285,0.6788,0.0206
1549.642,0.6678,0.0211
1549.999,0.6885,0.0213
1550.355,0.6922,0.0215
1550.713,0.6476,0.0210
1551.070,0.6500,0.0212
1551.427,0.6214,0.0214
1551.784,0.6454,0.0212
1552.141,0.6128,0.0210
1552.499,0.5248,0.0204
1552.856,0.5690,0.0201
1553.214,0.5362,0.0202
1553.572,0.5720,0.0212
1553.930,0.5944,0.0213
1554.287,0.5580,0.0209
1554.645,0.5303,0.0204
1555.003,0.5013,0.0202
1555.361,0.5159,0.0198
1555.720,0.4844,0.0200
1556.078,0.4849,0.0210
1556.436,0.5705,0.0210
1556.795,0.5659,0.0201
1557.153,0.5516,0.0199
1557.512,0.4533,0.0195
1557.870,0.4683,0.0198
1558.229,0.5013,0.0203
1558.588,0.5085,0.0199
1558.947,0.5016,0.0196
1559.306,0.4906,0.0199
1559.665,0.4416,0.0201
1560.024,0.4667,0.0204
1560.383,0.4699,0.0198
1560.743,0.4486,0.0195
1561.102,0.4755,0.0197
1561.462,0.4668,0.0198
1561.821,0.4342,0.0196
1562.181,0.5156,0.0197
1562.541,0.5172,0.0198
1562.900,0.4660,0.0192
1563.260,0.4803,0.0195
1563.620,0.4624,0.0190
1563.980,0.4398,0.0192
1564.341,0.4821,0.0194
1564.701,0.4988,0.0197
1565.061,0.4600,0.0191
1565.422,0.4895,0.0194
1565.782,0.5049,0.0197
1566.143,0.5105,0.0195
1566.503,0.5027,0.0195
1566.864,0.5197,0.0199
1567.225,0.5055,0.0202
1567.586,0.4743,0.0194
1567.947,0.4704,0.0190
1568.308,0.4846,0.0192
1568.669,0.5343,0.0195
1569.030,0.5500,0.0200
1569.392,0.4994,0.0196
1569.753,0.5045,0.0191
1570.115,0.5445,0.0200
1570.476,0.4920,0.0198
1570.838,0.4863,0.0192
1571.199,0.4824,0.0190
1571.561,0.4681,0.0190
1571.923,0.5041,0.0192
1572.285,0.5225,0.0195
1572.647,0.5011,0.0200
1573.009,0.5002,0.0196
1573.371,0.5510,0.0195
1573.734,0.5041,0.0189
1574.096,0.4957,0.0193
1574.459,0.5138,0.0191
1574.821,0.4972,0.0189
1575.184,0.5102,0.0197
1575.547,0.5137,0.0197
1575.910,0.4793,0.0192
1576.273,0.4642,0.0187
1576.635,0.4994,0.0189
1576.999,0.5035,0.0191
1577.362,0.5132,0.0191
1577.725,0.4795,0.0193
1578.088,0.4755,0.0190
1578.452,0.4623,0.0190
1578.815,0.4830,0.0186
1579.179,0.4923,0.0184
1579.542,0.4748,0.0181
1579.906,0.4986,0.0185
1580.270,0.5326,0.0188
1580.634,0.5134,0.0186
1580.998,0.5124,0.0188
1581.362,0.4980,0.0190
1581.726,0.5230,0.0189
1582.090,0.5360,0.0187
1582.455,0.5047,0.0185
1582.819,0.4789,0.0185
1583.184,0.5086,0.0189
1583.548,0.5219,0.0190
1583.913,0.5384,0.0191
1584.278,0.5059,0.0196
1584.642,0.4940,0.0195
1585.007,0.5417,0.0198
1585.372,0.5166,0.0188
1585.738,0.4932,0.0191
1586.103,0.5160,0.0190
1586.468,0.5102,0.0191
1586.833,0.5039,0.0188
1587.199,0.4882,0.0181
1587.564,0.5232,0.0185
1587.930,0.5022,0.0182
1588.296,0.5017,0.0190
1588.661,0.5013,0.0186
1589.027,0.5056,0.0191
1589.393,0.5154,0.0196
1589.759,0.5050,0.0191
1590.125,0.4835,0.0184
1590.491,0.4875,0.0184
1590.858,0.4904,0.0184
1591.224,0.4868,0.0183
1591.590,0.4510,0.0184
1591.957,0.4568,0.0182
1592.324,0.5049,0.0189
1592.690,0.4964,0.0190
1593.057,0.4690,0.0187
1593.424,0.4913,0.0189
1593.791,0.5106,0.0187
1594.158,0.4866,0.0188
1594.525,0.5133,0.0192
1594.892,0.5089,0.0190
1595.259,0.5096,0.0187
1595.627,0.4994,0.0187
1595.994,0.5362,0.0191
1596.362,0.4833,0.0204
1596.729,0.4726,0.0201
1597.097,0.4629,0.0194
1597.465,0.4025,0.0192
1597.833,0.3795,0.0191
1598.201,0.4235,0.0191
1598.569,0.4291,0.0198
1598.937,0.3812,0.0193
1599.305,0.4492,0.0207
1599.673,0.4006,0.0188
1600.042,0.3949,0.0188
1600.410,0.3963,0.0186
1600.779,0.3875,0.0193
1601.147,0.4094,0.0204
1601.516,0.4200,0.0198
1601.885,0.4488,0.0204
1602.254,0.4914,0.0211
1602.623,0.3476,0.0185
1602.992,0.3827,0.0182
1603.361,0.3996,0.0186
1603.730,0.4304,0.0205
1604.100,0.3605,0.0185
1604.469,0.3907,0.0192
1604.838,0.4087,0.0201
1605.208,0.3998,0.0203
1605.578,0.4544,0.0234
1605.947,0.3943,0.0203
1606.317,0.4927,0.0226
1606.687,0.4472,0.0222
1607.057,0.4163,0.0193
1607.427,0.4276,0.0187
1607.797,0.3905,0.0184
1608.168,0.4240,0.0187
1608.538,0.4974,0.0207
1608.908,0.4521,0.0207
1609.279,0.4029,0.0186
1609.649,0.4040,0.0186
1610.020,0.3795,0.0186
1610.391,0.3963,0.0186
1610.762,0.4197,0.0181
1611.133,0.3982,0.0182
1611.504,0.3800,0.0184
1611.875,0.3746,0.0179
1612.246,0.3452,0.0180
1612.617,0.3811,0.0192
1612.989,0.3978,0.0184
1613.360,0.4036,0.0178
1613.732,0.4250,0.0178
1614.103,0.3944,0.0179
1614.475,0.3582,0.0181
1614.847,0.3638,0.0178
1615.219,0.3926,0.0180
1615.590,0.4019,0.0180
1615.963,0.3873,0.0180
1616.335,0.4022,0.0181
1616.707,0.4068,0.0182
1617.079,0.3986,0.0189
1617.452,0.4428,0.0187
1617.824,0.3813,0.0183
1618.197,0.3957,0.0179
1618.569,0.4237,0.0188
1618.942,0.3757,0.0197
1619.315,0.3737,0.0183
1619.688,0.3950,0.0179
1620.061,0.3963,0.0178
1620.434,0.3833,0.0179
1620.807,0.4073,0.0180
1621.180,0.4255,0.0178
1621.554,0.4067,0.0180
1621.927,0.3758,0.0181
1622.301,0.3685,0.0182
1622.674,0.3749,0.0178
1623.048,0.3847,0.0178
1623.422,0.4070,0.0176
1623.795,0.3961,0.0175
1624.169,0.4047,0.0181
1624.543,0.3877,0.0182
1624.917,0.3753,0.0180
1625.292,0.3765,0.0177
1625.666,0.3956,0.0181
1626.040,0.4814,0.0203
1626.415,0.4010,0.0184
1626.789,0.3977,0.0181
1627.164,0.4785,0.0198
1627.539,0.3812,0.0180
1627.913,0.4019,0.0181
1628.288,0.3663,0.0180
1628.663,0.3734,0.0173
1629.038,0.3922,0.0177
1629.413,0.4028,0.0183
1629.789,0.3965,0.0178
1630.164,0.3904,0.0176
1630.539,0.3857,0.0182
1630.915,0.3723,0.0181
1631.290,0.4146,0.0181
1631.666,0.3952,0.0179
1632.042,0.3869,0.0176
1632.418,0.3845,0.0179
1632.794,0.4218,0.0180
1633.170,0.4394,0.0184
1633.546,0.4017,0.0184
1633.922,0.4014,0.0189
1634.298,0.4427,0.0191
1634.675,0.4649,0.0185
1635.051,0.4429,0.0185
1635.427,0.4411,0.0186
1635.804,0.4800,0.0185
1636.181,0.4693,0.0184
1636.558,0.4287,0.0182
1636.934,0.4525,0.0188
1637.312,0.4353,0.0187
1637.689,0.4513,0.0187
1638.066,0.4633,0.0182
1638.443,0.4668,0.0185
1638.820,0.4737,0.0187
1639.198,0.4613,0.0187
1639.575,0.4804,0.0187
1639.953,0.4762,0.0189
1640.330,0.4742,0.0186
1640.708,0.5231,0.0186
1641.086,0.4960,0.0185
1641.464,0.4689,0.0184
1641.842,0.4549,0.0185
1642.220,0.4992,0.0186
1642.598,0.5314,0.0192
1642.976,0.5314,0.0192
1643.355,0.5395,0.0188
1643.733,0.5223,0.0187
1644.112,0.5209,0.0187
1644.490,0.5493,0.0191
1644.869,0.5401,0.0189
1645.248,0.5214,0.0188
1645.627,0.5250,0.0187
1646.005,0.5238,0.0185
1646.385,0.5359,0.0187
1646.764,0.5319,0.0185
1647.143,0.4909,0.0180
1647.522,0.4914,0.0185
1647.902,0.4638,0.0183
1648.281,0.4430,0.0181
1648.661,0.4713,0.0183
1649.040,0.4437,0.0181
1649.420,0.4596,0.0182
1649.800,0.4623,0.0178
1650.180,0.4429,0.0181
1650.560,0.4691,0.0177
1650.940,0.4692,0.0177
1651.320,0.4689,0.0182
1651.701,0.4564,0.0182
1652.081,0.4302,0.0178
1652.461,0.4567,0.0176
1652.842,0.4745,0.0184
1653.223,0.5092,0.0186
1653.603,0.4871,0.0184
1653.984,0.4951,0.0182
1654.365,0.4997,0.0182
1654.746,0.5161,0.0186
1655.127,0.5337,0.0185
1655.508,0.4852,0.0187
1655.889,0.5126,0.0186
1656.271,0.5350,0.0188
1656.652,0.4900,0.0186
1657.034,0.4951,0.0186
1657.415,0.4753,0.0189
1657.797,0.4709,0.0188
1658.178,0.4658,0.0181
1658.560,0.4310,0.0178
1658.942,0.3817,0.0183
1659.324,0.3755,0.0181
1659.706,0.3701,0.0182
1660.089,0.4518,0.0206
1660.471,0.4004,0.0183
1660.853,0.4176,0.0179
1661.236,0.4157,0.0177
1661.618,0.4045,0.0173
1662.001,0.5024,0.0208
1662.384,0.4081,0.0182
1662.767,0.4197,0.0178
1663.150,0.4153,0.0176
1663.533,0.4194,0.0178
1663.916,0.4227,0.0180
1664.299,0.5032,0.0197
1664.682,0.3951,0.0176
1665.065,0.4152,0.0188
1665.449,0.3793,0.0188
1665.832,0.3573,0.0184
1666.216,0.4170,0.0192
1666.600,0.4398,0.0193
1666.984,0.4965,0.0189
1667.367,0.4762,0.0185
1667.751,0.3907,0.0180
1668.135,0.3929,0.0184
1668.520,0.3373,0.0184
1668.904,0.4314,0.0185
1669.288,0.4591,0.0187
1669.672,0.5154,0.0196
1670.057,0.5790,0.0204
1670.442,0.5730,0.0200
1670.826,0.5537,0.0203
1671.211,0.5504,0.0200
1671.596,0.5667,0.0199
1671.981,0.5384,0.0197
1672.366,0.5249,0.0196
1672.751,0.5617,0.0197
1673.136,0.5855,0.0202
1673.521,0.5577,0.0204
1673.907,0.5247,0.0204
1674.292,0.5120,0.0204
1674.678,0.4862,0.0197
1675.064,0.5022,0.0193
1675.449,0.4905,0.0193
1675.835,0.4683,0.0189
1676.221,0.4605,0.0184
1676.607,0.4727,0.0185
1676.993,0.4908,0.0187
1677.379,0.5133,0.0188
1677.766,0.5056,0.0187
1678.152,0.5104,0.0188
1678.538,0.4885,0.0182
1678.925,0.4731,0.0186
1679.312,0.5102,0.0186
1679.698,0.4905,0.0186
1680.085,0.5021,0.0186
1680.472,0.5253,0.0182
1680.859,0.4822,0.0180
1681.246,0.4784,0.0182
1681.633,0.5167,0.0179
1682.021,0.4507,0.0185
1682.408,0.4855,0.0208
1682.795,0.5039,0.0210
1683.183,0.5276,0.0209
1683.571,0.5107,0.0203
1683.958,0.4700,0.0195
1684.346,0.5040,0.0192
1684.734,0.4705,0.0188
1685.122,0.4625,0.0186
1685.510,0.4581,0.0182
1685.898,0.4574,0.0181
1686.286,0.4397,0.0182
1686.675,0.4580,0.0183
1687.063,0.4898,0.0186
1687.451,0.4747,0.0186
1687.840,0.4613,0.0183
1688.229,0.5102,0.0186
1688.618,0.5086,0.0198
1689.006,0.5003,0.0205
1689.395,0.5056,0.0193
1689.784,0.4827,0.0188
1690.174,0.4629,0.0188
1690.563,0.4411,0.0189
1690.952,0.4361,0.0189
1691.342,0.4179,0.0192
1691.731,0.3595,0.0191
1692.120,0.3810,0.0181
1692.510,0.3558,0.0182
1692.900,0.3836,0.0183
1693.290,0.4252,0.0178
1693.680,0.4011,0.0177
1694.070,0.4195,0.0185
1694.460,0.3720,0.0184
1694.850,0.3936,0.0186
1695.240,0.4181,0.0189
1695.631,0.3919,0.0191
1696.021,0.4515,0.0194
1696.412,0.4497,0.0200
1696.802,0.4668,0.0208
1697.193,0.4585,0.0211
1697.584,0.3956,0.0206
1697.975,0.4178,0.0195
1698.366,0.4507,0.0195
1698.757,0.4150,0.0192
1699.148,0.3826,0.0183
1699.540,0.3810,0.0188
1699.931,0.3932,0.0185
1700.323,0.3705,0.0187
1700.714,0.4548,0.0197
1701.106,0.4503,0.0200
1701.497,0.4253,0.0202
1701.889,0.4172,0.0200
1702.281,0.3883,0.0194
1702.673,0.4091,0.0195
1703.065,0.4490,0.0203
1703.457,0.4241,0.0207
1703.850,0.4711,0.0208
1704.242,0.4652,0.0202
1704.635,0.4518,0.0206
1705.027,0.4444,0.0203
1705.420,0.4498,0.0194
1705.812,0.4485,0.0194
1706.205,0.4567,0.0204
1706.598,0.4898,0.0203
1706.991,0.4929,0.0196
1707.384,0.4559,0.0191
1707.778,0.4517,0.0196
1708.171,0.5317,0.0199
1708.564,0.5060,0.0203
1708.958,0.5031,0.0204
1709.351,0.4956,0.0200
1709.745,0.4556,0.0196
1710.139,0.4487,0.0200
1710.532,0.4447,0.0201
1710.926,0.4634,0.0203
1711.320,0.4970,0.0201
1711.714,0.5690,0.0203
1712.109,0.5596,0.0199
1712.503,0.5855,0.0200
1712.897,0.5453,0.0202
1713.292,0.4926,0.0199
1713.686,0.5366,0.0201
1714.081,0.5296,0.0203
1714.476,0.4917,0.0196
1714.870,0.5221,0.0194
1715.265,0.5518,0.0197
1715.660,0.5124,0.0194
1716.055,0.5241,0.0196
1716.451,0.5616,0.0204
1716.846,0.5676,0.0205
1717.241,0.5802,0.0205
1717.637,0.5406,0.0203
1718.032,0.5487,0.0200
1718.428,0.6025,0.0201
1718.824,0.5611,0.0208
1719.219,0.5826,0.0210
1719.615,0.6612,0.0206
1720.011,0.6471,0.0206
1720.407,0.6367,0.0206
1720.804,0.6482,0.0209
1721.200,0.6231,0.0212
1721.596,0.6231,0.0211
1721.993,0.6491,0.0205
1722.389,0.6471,0.0206
1722.786,0.6702,0.0207
1723.182,0.6655,0.0205
1723.579,0.6467,0.0200
1723.976,0.6746,0.0204
1724.373,0.6563,0.0207
1724.770,0.6672,0.0208
1725.168,0.6637,0.0212
1725.565,0.6341,0.0209
1725.962,0.6630,0.0204
1726.360,0.6589,0.0204
1726.757,0.6373,0.0195
1727.155,0.6620,0.0197
1727.553,0.6441,0.0197
1727.951,0.6576,0.0198
1728.348,0.6789,0.0200
1728.746,0.6697,0.0203
1729.145,0.6551,0.0205
1729.543,0.6100,0.0193
1729.941,0.5590,0.0187
1730.339,0.5397,0.0184
1730.738,0.6301,0.0184
1731.136,0.6461,0.0186
1731.535,0.5777,0.0190
1731.934,0.6049,0.0194
1732.333,0.6237,0.0190
1732.732,0.6363,0.0190
1733.131,0.6465,0.0192
1733.530,0.6134,0.0191
1733.929,0.6041,0.0213
1734.328,0.6164,0.0206
1734.728,0.6103,0.0189
1735.127,0.6213,0.0187
1735.527,0.6571,0.0191
1735.927,0.6946,0.0195
1736.326,0.6353,0.0195
1736.726,0.6439,0.0190
1737.126,0.6386,0.0188
1737.526,0.6009,0.0189
1737.926,0.6344,0.0186
1738.326,0.6614,0.0183
1738.727,0.6670,0.0186
1739.127,0.6345,0.0184
1739.528,0.6210,0.0182
1739.928,0.5927,0.0180
1740.329,0.6014,0.0181
1740.729,0.6045,0.0183
1741.130,0.5960,0.0181
1741.531,0.5801,0.0182
1741.932,0.5722,0.0180
1742.334,0.6203,0.0179
1742.735,0.6595,0.0194
1743.136,0.6298,0.0186
1743.538,0.6345,0.0180
1743.939,0.6016,0.0179
1744.341,0.5958,0.0181
1744.742,0.6218,0.0180
1745.144,0.6337,0.0184
1745.546,0.6283,0.0186
1745.948,0.6519,0.0183
1746.350,0.6676,0.0182
1746.752,0.6316,0.0180
1747.154,0.6289,0.0183
1747.557,0.6747,0.0192
1747.959,0.6261,0.0185
1748.362,0.5855,0.0184
1748.764,0.6531,0.0181
1749.167,0.6463,0.0178
1749.570,0.5831,0.0182
1749.973,0.5943,0.0183
1750.376,0.6462,0.0182
1750.779,0.6418,0.0183
1751.182,0.6450,0.0187
1751.585,0.6358,0.0183
1751.989,0.6174,0.0182
1752.392,0.6327,0.0182
1752.796,0.6524,0.0181
1753.199,0.6478,0.0188
1753.603,0.6395,0.0189
1754.007,0.6501,0.0181
1754.411,0.6589,0.0185
1754.815,0.6516,0.0185
1755.219,0.6316,0.0188
1755.623,0.6528,0.0185
1756.027,0.7185,0.0185
1756.432,0.6764,0.0186
1756.836,0.6571,0.0181
1757.241,0.6871,0.0185
1757.646,0.6539,0.0184
1758.050,0.6463,0.0181
1758.455,0.6456,0.0179
1758.860,0.6692,0.0177
1759.265,0.6668,0.0178
1759.670,0.6763,0.0181
1760.076,0.6569,0.0180
1760.481,0.6514,0.0181
1760.886,0.6516,0.0178
1761.292,0.6309,0.0177
1761.697,0.6118,0.0178
1762.103,0.6465,0.0185
1762.509,0.6607,0.0178
1762.915,0.6675,0.0173
1763.321,0.6495,0.0174
1763.727,0.6277,0.0178
1764.133,0.6489,0.0177
1764.539,0.6527,0.0179
1764.945,0.6822,0.0178
1765.352,0.6741,0.0179
1765.758,0.6367,0.0183
1766.165,0.6482,0.0179
1766.572,0.6696,0.0173
1766.979,0.6833,0.0175
1767.385,0.6941,0.0175
1767.793,0.6995,0.0175
1768.200,0.6710,0.0175
1768.607,0.6785,0.0181
1769.014,0.6981,0.0179
1769.421,0.7190,0.0179
1769.829,0.6787,0.0177
1770.236,0.7008,0.0179
1770.644,0.6949,0.0179
1771.052,0.6922,0.0175
1771.460,0.7033,0.0175
1771.868,0.7099,0.0179
1772.276,0.6938,0.0178
1772.684,0.6990,0.0178
1773.092,0.7160,0.0179
1773.500,0.7282,0.0182
1773.909,0.6746,0.0181
1774.317,0.6856,0.0184
1774.726,0.7044,0.0188
1775.135,0.7187,0.0196
1775.543,0.7487,0.0193
1775.952,0.7099,0.0188
1776.361,0.7040,0.0182
1776.770,0.6943,0.0179
1777.179,0.6987,0.0178
1777.589,0.6851,0.0173
1777.998,0.6579,0.0174
1778.408,0.6781,0.0176
1778.817,0.6883,0.0177
1779.227,0.6588,0.0175
1779.636,0.6928,0.0173
1780.046,0.7163,0.0173
1780.456,0.6900,0.0174
1780.866,0.6773,0.0176
1781.276,0.6917,0.0169
1781.687,0.7092,0.0169
1782.097,0.7212,0.0171
1782.507,0.6934,0.0175
1782.918,0.7018,0.0169
1783.328,0.7250,0.0174
1783.739,0.6823,0.0177
1784.150,0.6908,0.0180
1784.561,0.6817,0.0179
1784.972,0.7081,0.0171
1785.383,0.6863,0.0171
1785.794,0.7126,0.0173
1786.205,0.7101,0.0175
1786.616,0.6443,0.0171
1787.028,0.6837,0.0166
1787.439,0.6834,0.0162
1787.851,0.6464,0.0162
1788.263,0.6564,0.0169
1788.674,0.6515,0.0167
1789.086,0.6483,0.0165
1789.498,0.6469,0.0162
1789.910,0.6200,0.0161
1790.323,0.6277,0.0161
1790.735,0.6393,0.0166
1791.147,0.6423,0.0165
1791.560,0.6235,0.0164
1791.972,0.6070,0.0162
1792.385,0.6206,0.0162
1792.798,0.6352,0.0163
1793.211,0.6321,0.0170
1793.623,0.6200,0.0169
1794.037,0.5866,0.0166
1794.450,0.5901,0.0167
1794.863,0.5830,0.0159
1795.276,0.5631,0.0162
1795.690,0.5833,0.0164
1796.103,0.6187,0.0160
1796.517,0.6136,0.0162
1796.931,0.5998,0.0156
1797.344,0.5975,0.0154
1797.758,0.5521,0.0154
1798.172,0.5492,0.0153
1798.586,0.5878,0.0154
1799.000,0.5679,0.0160
1799.415,0.5827,0.0162
1799.829,0.5458,0.0156
1800.244,0.5470,0.0155
1800.658,0.5361,0.0156
1801.073,0.5641,0.0157
1801.488,0.5818,0.0160
1801.903,0.5709,0.0159
1802.318,0.6142,0.0158
1802.732,0.5936,0.0163
1803.148,0.5928,0.0165
1803.563,0.5888,0.0160
1803.978,0.5626,0.0161
1804.394,0.5436,0.0162
1804.809,0.5736,0.0158
1805.225,0.5549,0.0154
1805.641,0.5579,0.0156
1806.056,0.5637,0.0162
1806.472,0.4949,0.0165
1806.888,0.5277,0.0160
1807.304,0.5388,0.0158
1807.721,0.5250,0.0155
1808.137,0.5259,0.0155
1808.553,0.5226,0.0155
1808.970,0.5114,0.0156
1809.386,0.5207,0.0159
1809.803,0.5198,0.0162
1810.220,0.5435,0.0158
1810.637,0.5466,0.0160
1811.054,0.5552,0.0164
1811.471,0.5757,0.0167
1811.888,0.5587,0.0165
1812.305,0.5495,0.0161
1812.722,0.5357,0.0160
1813.140,0.4993,0.0155
1813.557,0.4983,0.0154
1813.975,0.4633,0.0157
1814.393,0.4204,0.0156
1814.811,0.4864,0.0157
1815.229,0.5300,0.0160
1815.646,0.5240,0.0158
1816.065,0.5112,0.0156
1816.483,0.5180,0.0155
1816.901,0.5204,0.0154
1817.320,0.4603,0.0152
1817.738,0.4834,0.0153
1818.157,0.4893,0.0160
1818.575,0.4850,0.0160
1818.994,0.4720,0.0153
1819.413,0.5087,0.0152
1819.832,0.4855,0.0153
1820.251,0.5054,0.0156
1820.670,0.5237,0.0158
1821.090,0.5076,0.0159
1821.509,0.4902,0.0165
1821.928,0.4865,0.0159
1822.348,0.4618,0.0148
1822.768,0.5012,0.0152
1823.187,0.4841,0.0160
1823.607,0.4806,0.0163
1824.027,0.4899,0.0159
1824.447,0.5016,0.0154
1824.867,0.4868,0.0149
1825.288,0.4663,0.0148
1825.708,0.5254,0.0152
1826.128,0.5251,0.0152
1826.549,0.4818,0.0154
1826.970,0.4914,0.0157
1827.390,0.4730,0.0155
1827.811,0.4927,0.0154
1828.232,0.4952,0.0156
1828.653,0.5059,0.0155
1829.074,0.4786,0.0158
1829.495,0.5064,0.0156
1829.917,0.5222,0.0151
1830.338,0.5200,0.0152
1830.760,0.5095,0.0151
1831.181,0.4939,0.0147
1831.603,0.5026,0.0147
1832.025,0.5285,0.0148
1832.447,0.5335,0.0149
1832.868,0.5244,0.0149
1833.291,0.5214,0.0155
1833.713,0.5227,0.0157
1834.135,0.5430,0.0161
1834.557,0.5468,0.0170
1834.980,0.5701,0.0168
1835.402,0.5254,0.0159
1835.825,0.5239,0.0153
1836.248,0.5421,0.0151
1836.671,0.5139,0.0149
1837.094,0.5077,0.0149
1837.517,0.5308,0.0147
1837.940,0.5439,0.0144
1838.363,0.5649,0.0148
1838.786,0.5380,0.0150
1839.210,0.5162,0.0148
1839.633,0.4955,0.0149
1840.057,0.4861,0.0150
1840.481,0.5049,0.0149
1840.905,0.4987,0.0141
1841.329,0.4693,0.0139
1841.753,0.4496,0.0139
1842.177,0.5203,0.0145
1842.601,0.5355,0.0151
1843.025,0.4460,0.0149
1843.450,0.5339,0.0151
1843.874,0.5200,0.0154
1844.299,0.4989,0.0153
1844.724,0.5366,0.0150
1845.148,0.5140,0.0145
1845.573,0.4576,0.0146
1845.998,0.5384,0.0145
1846.423,0.5684,0.0148
1846.849,0.5167,0.0148
1847.274,0.4846,0.0141
1847.699,0.4953,0.0143
1848.125,0.5214,0.0144
1848.551,0.5212,0.0150
1848.976,0.5613,0.0158
1849.402,0.4946,0.0140
1849.828,0.4953,0.0158
1850.254,0.4605,0.0146
1850.680,0.4723,0.0140
1851.106,0.5080,0.0146
1851.532,0.4798,0.0140
1851.959,0.5006,0.0141
1852.385,0.5358,0.0146
1852.812,0.5045,0.0143
1853.238,0.5445,0.0149
1853.665,0.5126,0.0146
1854.092,0.5139,0.0144
1854.519,0.5414,0.0139
1854.946,0.5571,0.0156
1855.373,0.5534,0.0152
1855.801,0.5364,0.0152
1856.228,0.5565,0.0159
1856.655,0.5849,0.0151
1857.083,0.5984,0.0142
1857.511,0.6046,0.0141
1857.938,0.5708,0.0139
1858.366,0.5781,0.0139
1858.794,0.6000,0.0137
1859.222,0.5837,0.0137
1859.650,0.6061,0.0141
1860.078,0.6370,0.0144
1860.507,0.6190,0.0150
1860.935,0.5946,0.0156
1861.364,0.6359,0.0154
1861.793,0.6342,0.0149
1862.221,0.6228,0.0149
1862.650,0.6291,0.0150
1863.079,0.6367,0.0150
1863.508,0.6059,0.0146
1863.937,0.6160,0.0148
1864.366,0.6223,0.0157
1864.796,0.6289,0.0165
1865.225,0.6225,0.0166
1865.655,0.6661,0.0169
1866.085,0.6350,0.0168
1866.514,0.6030,0.0162
1866.944,0.6116,0.0151
1867.374,0.6041,0.0146
1867.804,0.6147,0.0146
1868.234,0.6426,0.0146
1868.664,0.6568,0.0157
1869.095,0.5980,0.0153
1869.525,0.6136,0.0157
1869.956,0.6157,0.0157
1870.386,0.6373,0.0167
1870.817,0.6371,0.0162
1871.248,0.6103,0.0162
1871.679,0.6177,0.0169
1872.110,0.6370,0.0160
1872.541,0.6526,0.0158
1872.972,0.6134,0.0152
1873.403,0.6162,0.0150
1873.835,0.6081,0.0148
1874.266,0.6243,0.0147
1874.698,0.6298,0.0144
1875.130,0.6466,0.0146
1875.562,0.6476,0.0146
1875.993,0.6291,0.0148
1876.425,0.6074,0.0146
1876.857,0.6430,0.0146
1877.290,0.6393,0.0146
1877.722,0.6120,0.0145
1878.155,0.6460,0.0147
1878.587,0.6716,0.0146
1879.020,0.6609,0.0148
1879.452,0.6504,0.0145
1879.885,0.6603,0.0145
1880.318,0.6649,0.0143
1880.751,0.6866,0.0145
1881.184,0.6935,0.0149
1881.617,0.6579,0.0145
1882.051,0.6600,0.0148
1882.484,0.6426,0.0145
1882.917,0.6381,0.0146
1883.351,0.6439,0.0147
1883.785,0.6208,0.0144
1884.219,0.5887,0.0142
1884.653,0.5997,0.0145
1885.086,0.6168,0.0147
1885.521,0.6388,0.0145
1885.955,0.6384,0.0141
1886.389,0.6426,0.0141
1886.824,0.6605,0.0144
1887.258,0.6642,0.0144
1887.693,0.6827,0.0145
1888.127,0.7095,0.0145
1888.562,0.6815,0.0141
1888.997,0.6709,0.0141
1889.432,0.7105,0.0144
1889.867,0.7124,0.0146
1890.302,0.7067,0.0145
1890.738,0.7147,0.0148
1891.173,0.7171,0.0150
1891.609,0.7353,0.0149
1892.044,0.7263,0.0146
1892.480,0.7446,0.0146
1892.916,0.7612,0.0149
1893.352,0.7628,0.0148
1893.788,0.7349,0.0146
1894.224,0.7411,0.0147
1894.660,0.7910,0.0154
1895.096,0.7413,0.0157
1895.533,0.7797,0.0155
1895.969,0.8225,0.0160
1896.406,0.8094,0.0159
1896.843,0.8261,0.0155
1897.280,0.7931,0.0152
1897.716,0.7617,0.0146
1898.153,0.7689,0.0145
1898.590,0.7706,0.0146
1899.028,0.7712,0.0147
1899.465,0.7751,0.0149
1899.902,0.7858,0.0149
1900.340,0.7919,0.0152
1900.778,0.7605,0.0153
1901.215,0.7367,0.0149
1901.653,0.7519,0.0146
1902.091,0.7800,0.0149
1902.529,0.7677,0.0148
1902.967,0.7606,0.0142
1903.406,0.7143,0.0144
1903.844,0.7626,0.0147
1904.282,0.7167,0.0148
1904.721,0.7388,0.0151
1905.159,0.7849,0.0158
1905.598,0.7888,0.0158
1906.037,0.7648,0.0151
1906.476,0.7872,0.0151
1906.915,0.8155,0.0155
1907.354,0.8320,0.0152
1907.793,0.8123,0.0147
1908.233,0.8306,0.0147
1908.672,0.8575,0.0148
1909.112,0.8563,0.0148
1909.551,0.8122,0.0148
1909.991,0.8115,0.0152
1910.431,0.8704,0.0160
1910.871,0.8193,0.0161
1911.311,0.8074,0.0154
1911.751,0.8407,0.0154
1912.191,0.8470,0.0154
1912.631,0.7912,0.0149
1913.072,0.7675,0.0148
1913.512,0.7766,0.0151
1913.953,0.7605,0.0149
1914.394,0.7505,0.0150
1914.835,0.8132,0.0153
1915.276,0.8246,0.0151
1915.717,0.7512,0.0148
1916.158,0.7503,0.0147
1916.599,0.7570,0.0148
1917.041,0.7674,0.0151
1917.482,0.7765,0.0152
1917.924,0.7655,0.0152
1918.365,0.7853,0.0154
1918.807,0.7660,0.0151
1919.249,0.7865,0.0149
1919.691,0.7949,0.0148
1920.133,0.7861,0.0156
1920.575,0.7714,0.0163
1921.017,0.7951,0.0163
1921.460,0.8327,0.0162
1921.902,0.7936,0.0157
1922.345,0.7567,0.0151
1922.788,0.7952,0.0148
1923.230,0.7837,0.0152
1923.673,0.7812,0.0166
1924.116,0.7747,0.0172
1924.559,0.7822,0.0176
1925.002,0.7824,0.0167
1925.446,0.7734,0.0156
1925.889,0.7455,0.0151
1926.333,0.7818,0.0153
1926.776,0.7488,0.0159
1927.220,0.7480,0.0157
1927.664,0.7111,0.0150
1928.108,0.7191,0.0151
1928.552,0.7205,0.0157
1928.996,0.7160,0.0155
1929.440,0.7325,0.0158
1929.884,0.7386,0.0157
1930.329,0.7267,0.0153
1930.773,0.6983,0.0144
1931.218,0.7085,0.0141
1931.663,0.6754,0.0138
1932.108,0.6791,0.0138
1932.552,0.7222,0.0140
1932.997,0.7207,0.0142
1933.443,0.6919,0.0143
1933.888,0.6677,0.0144
1934.333,0.6761,0.0143
1934.779,0.6905,0.0140
1935.224,0.6466,0.0140
1935.670,0.6369,0.0139
1936.116,0.6823,0.0149
1936.562,0.6717,0.0151
1937.007,0.6628,0.0141
1937.453,0.6550,0.0133
1937.900,0.6611,0.0135
1938.346,0.6318,0.0131
1938.792,0.6086,0.0131
1939.239,0.6009,0.0133
1939.686,0.6176,0.0133
1940.132,0.6247,0.0135
1940.579,0.6345,0.0134
1941.026,0.6522,0.0134
1941.473,0.6321,0.0136
1941.920,0.5908,0.0135
1942.367,0.6122,0.0131
1942.814,0.6109,0.0130
1943.262,0.6027,0.0130
1943.709,0.6057,0.0129
1944.157,0.5892,0.0129
1944.604,0.6140,0.0131
1945.052,0.6208,0.0132
1945.500,0.6035,0.0128
1945.948,0.6098,0.0127
1946.396,0.5912,0.0125
1946.844,0.5915,0.0125
1947.293,0.5817,0.0125
1947.741,0.5725,0.0125
1948.190,0.5607,0.0125
1948.638,0.5660,0.0124
1949.087,0.5657,0.0125
1949.536,0.5715,0.0125
1949.985,0.5837,0.0124
1950.434,0.5676,0.0122
1950.883,0.5659,0.0121
1951.333,0.5606,0.0123
1951.782,0.5202,0.0125
1952.231,0.5440,0.0124
1952.681,0.5512,0.0122
1953.130,0.5378,0.0121
1953.580,0.5248,0.0119
1954.030,0.5133,0.0120
1954.480,0.5240,0.0119
1954.930,0.5313,0.0118
1955.381,0.5308,0.0119
1955.831,0.5177,0.0120
1956.281,0.5134,0.0120
1956.732,0.5213,0.0119
1957.182,0.5370,0.0118
1957.633,0.5197,0.0118
1958.084,0.5196,0.0120
1958.535,0.5013,0.0120
1958.986,0.5252,0.0124
1959.437,0.5519,0.0122
1959.888,0.4941,0.0117
1960.339,0.5060,0.0116
1960.791,0.5404,0.0117
1961.242,0.5262,0.0117
1961.694,0.4996,0.0115
1962.146,0.5156,0.0116
1962.598,0.5256,0.0115
1963.050,0.5103,0.0116
1963.502,0.5102,0.0116
1963.954,0.4990,0.0116
1964.406,0.5023,0.0117
1964.859,0.5050,0.0118
1965.311,0.4966,0.0117
1965.764,0.4911,0.0116
1966.216,0.4972,0.0116
1966.669,0.5055,0.0116
1967.122,0.5177,0.0116
1967.575,0.4902,0.0116
1968.028,0.4803,0.0114
1968.481,0.4965,0.0114
1968.935,0.4919,0.0121
1969.388,0.4777,0.0125
1969.842,0.5021,0.0118
1970.295,0.5062,0.0112
1970.749,0.4657,0.0112
1971.203,0.4779,0.0112
1971.657,0.4845,0.0112
1972.111,0.5077,0.0114
1972.565,0.4884,0.0113
1973.019,0.4585,0.0116
1973.474,0.5000,0.0118
1973.928,0.5225,0.0116
1974.383,0.5162,0.0112
1974.837,0.4755,0.0113
1975.292,0.4606,0.0111
1975.747,0.4832,0.0113
1976.202,0.4863,0.0112
1976.657,0.4715,0.0113
1977.112,0.4881,0.0111
1977.568,0.4862,0.0110
1978.023,0.4918,0.0111
1978.478,0.5031,0.0113
1978.934,0.5012,0.0113
1979.390,0.5134,0.0114
1979.845,0.5132,0.0114
1980.302,0.4885,0.0114
1980.757,0.5133,0.0113
1981.214,0.5317,0.0115
1981.670,0.4833,0.0116
1982.126,0.5002,0.0113
1982.583,0.5051,0.0113
1983.039,0.5328,0.0114
1983.496,0.5324,0.0116
1983.952,0.5297,0.0115
1984.410,0.5293,0.0114
1984.866,0.5224,0.0113
1985.323,0.5393,0.0116
1985.781,0.5567,0.0118
1986.238,0.5467,0.0118
1986.695,0.5185,0.0116
1987.153,0.5310,0.0116
1987.610,0.5465,0.0118
1988.068,0.5301,0.0116
1988.526,0.5394,0.0113
1988.984,0.5403,0.0114
1989.442,0.5345,0.0115
1989.900,0.5274,0.0114
1990.358,0.5302,0.0116
1990.817,0.5577,0.0115
1991.275,0.5404,0.0115
1991.734,0.5706,0.0118
1992.192,0.5755,0.0119
1992.651,0.5674,0.0118
1993.110,0.5846,0.0118
1993.569,0.5753,0.0119
1994.028,0.5680,0.0119
1994.488,0.5937,0.0121
1994.947,0.5966,0.0119
1995.406,0.5798,0.0118
1995.866,0.5905,0.0118
1996.325,0.5965,0.0120
1996.785,0.5781,0.0118
1997.245,0.5883,0.0119
1997.705,0.5954,0.0121
1998.165,0.5938,0.0119
1998.625,0.5812,0.0118
1999.085,0.5629,0.0117
1999.546,0.5659,0.0118
2000.006,0.5791,0.0121
2000.467,0.5815,0.0123
2000.927,0.5906,0.0124
2001.388,0.5848,0.0127
2001.849,0.5860,0.0130
2002.310,0.5852,0.0132
2002.771,0.5753,0.0132
2003.232,0.5701,0.0133
2003.693,0.5686,0.0130
2004.155,0.5673,0.0130
2004.616,0.5534,0.0128
2005.078,0.5758,0.0125
2005.540,0.5860,0.0122
2006.002,0.5651,0.0119
2006.464,0.5974,0.0122
2006.926,0.6146,0.0127
2007.388,0.5992,0.0130
2007.850,0.6009,0.0129
2008.312,0.6385,0.0129
2008.775,0.6556,0.0132
2009.238,0.6264,0.0130
2009.700,0.6243,0.0128
2010.163,0.6364,0.0129
2010.626,0.6130,0.0130
2011.089,0.5871,0.0134
2011.552,0.5854,0.0140
2012.015,0.5867,0.0134
2012.479,0.5709,0.0133
2012.942,0.5906,0.0140
2013.406,0.5856,0.0132
2013.869,0.5974,0.0125
2014.333,0.5920,0.0127
2014.797,0.5414,0.0127
2015.261,0.5487,0.0121
2015.725,0.5587,0.0121
2016.189,0.5525,0.0122
2016.653,0.5685,0.0124
2017.118,0.6137,0.0134
2017.582,0.5977,0.0140
2018.047,0.5953,0.0138
2018.512,0.6161,0.0140
2018.977,0.6198,0.0141
2019.442,0.6176,0.0143
2019.907,0.5896,0.0144
2020.372,0.5716,0.0135
2020.837,0.5888,0.0129
2021.302,0.5579,0.0124
2021.768,0.5785,0.0125
2022.233,0.5774,0.0125
2022.699,0.5747,0.0125
2023.165,0.6016,0.0128
2023.631,0.5781,0.0126
2024.097,0.5848,0.0123
2024.563,0.5949,0.0124
2025.029,0.5827,0.0126
2025.496,0.5868,0.0127
2025.962,0.5944,0.0127
2026.429,0.5976,0.0128
2026.895,0.5863,0.0125
2027.362,0.5586,0.0124
2027.829,0.5881,0.0123
2028.296,0.5838,0.0123
2028.763,0.5738,0.0125
2029.230,0.6142,0.0133
2029.697,0.5832,0.0128
2030.165,0.6268,0.0126
2030.632,0.6189,0.0125
2031.100,0.6081,0.0120
2031.568,0.5983,0.0120
2032.036,0.5884,0.0122
2032.504,0.6250,0.0132
2032.971,0.6253,0.0127
2033.440,0.6196,0.0119
2033.908,0.6169,0.0125
2034.376,0.5907,0.0128
2034.845,0.6325,0.0131
2035.313,0.6514,0.0133
2035.782,0.6360,0.0129
2036.251,0.6058,0.0126
2036.720,0.6007,0.0128
2037.189,0.5818,0.0128
2037.658,0.6155,0.0130
2038.127,0.6206,0.0124
2038.597,0.5981,0.0119
2039.066,0.5930,0.0117
2039.536,0.5990,0.0120
2040.005,0.6028,0.0124
2040.475,0.6127,0.0124
2040.945,0.6215,0.0122
2041.415,0.6238,0.0121
2041.885,0.6121,0.0124
2042.355,0.6045,0.0129
2042.826,0.5783,0.0131
2043.296,0.6436,0.0129
2043.767,0.6758,0.0126
2044.237,0.5848,0.0128
2044.708,0.5779,0.0134
2045.179,0.5945,0.0138
2045.650,0.6262,0.0136
2046.121,0.6339,0.0133
2046.592,0.6460,0.0130
2047.063,0.6600,0.0125
2047.535,0.6246,0.0124
2048.006,0.6300,0.0126
2048.478,0.5865,0.0123
2048.949,0.6872,0.0122
2049.422,0.6810,0.0121
2049.894,0.7043,0.0121
2050.365,0.7083,0.0123
2050.838,0.6861,0.0123
2051.310,0.6739,0.0125
2051.782,0.6631,0.0127
2052.255,0.6739,0.0130
2052.727,0.6837,0.0124
2053.200,0.6962,0.0117
2053.673,0.6863,0.0118
2054.146,0.6795,0.0119
2054.619,0.6894,0.0124
2055.092,0.6443,0.0127
2055.565,0.6769,0.0126
2056.039,0.6595,0.0125
2056.512,0.6416,0.0119
2056.986,0.6528,0.0120
2057.459,0.6327,0.0120
2057.933,0.6142,0.0122
2058.407,0.7028,0.0119
2058.881,0.7027,0.0120
2059.355,0.6881,0.0119
2059.830,0.6895,0.0119
2060.304,0.6579,0.0122
2060.779,0.6810,0.0127
2061.253,0.7106,0.0131
2061.728,0.6889,0.0129
2062.203,0.6946,0.0128
2062.677,0.6784,0.0126
2063.152,0.6709,0.0125
2063.627,0.6874,0.0126
2064.103,0.6987,0.0125
2064.578,0.7179,0.0124
2065.053,0.7093,0.0127
2065.529,0.7183,0.0128
2066.005,0.7523,0.0131
2066.480,0.7434,0.0132
2066.956,0.7226,0.0131
2067.432,0.7363,0.0131
2067.908,0.7279,0.0127
2068.385,0.6949,0.0123
2068.861,0.7152,0.0124
2069.337,0.7237,0.0126
2069.814,0.7154,0.0127
2070.291,0.6904,0.0125
2070.767,0.6964,0.0130
2071.244,0.7048,0.0131
2071.721,0.7324,0.0129
2072.198,0.7412,0.0131
2072.676,0.7209,0.0129
2073.153,0.6835,0.0126
2073.630,0.6910,0.0125
2074.108,0.7048,0.0124
2074.585,0.7115,0.0125
2075.063,0.6943,0.0124
2075.541,0.6943,0.0125
2076.019,0.6951,0.0125
2076.497,0.7096,0.0126
2076.975,0.6980,0.0128
2077.453,0.6935,0.0130
2077.932,0.7111,0.0130
2078.410,0.6843,0.0126
2078.889,0.6960,0.0125
2079.368,0.6856,0.0125
2079.847,0.6775,0.0124
2080.325,0.6790,0.0123
2080.804,0.6849,0.0124
2081.284,0.7005,0.0121
2081.763,0.6875,0.0122
2082.242,0.6977,0.0123
2082.722,0.6762,0.0122
2083.202,0.6955,0.0121
2083.681,0.6824,0.0121
2084.161,0.7196,0.0129
2084.641,0.6977,0.0127
2085.121,0.6606,0.0121
2085.602,0.6626,0.0118
2086.082,0.6844,0.0119
2086.562,0.6569,0.0118
2087.042,0.6637,0.0117
2087.523,0.6801,0.0119
2088.004,0.6618,0.0122
2088.485,0.6468,0.0120
2088.966,0.6643,0.0120
2089.447,0.6904,0.0120
2089.928,0.6781,0.0119
2090.409,0.6680,0.0119
2090.891,0.6810,0.0119
2091.372,0.6785,0.0118
2091.854,0.6811,0.0120
2092.335,0.6735,0.0119
2092.817,0.6912,0.0118
2093.299,0.6568,0.0117
2093.781,0.6507,0.0120
2094.263,0.6507,0.0121
2094.746,0.6584,0.0121
2095.228,0.6566,0.0122
2095.710,0.6497,0.0119
2096.193,0.6587,0.0118
2096.676,0.6540,0.0117
2097.159,0.6500,0.0117
2097.642,0.6416,0.0118
2098.125,0.6541,0.0117
2098.608,0.6523,0.0117
2099.091,0.6433,0.0118
2099.574,0.6405,0.0118
2100.058,0.6592,0.0118
2100.542,0.6552,0.0118
2101.025,0.6630,0.0120
2101.509,0.6693,0.0125
2101.993,0.6434,0.0124
2102.477,0.6327,0.0125
2102.961,0.6402,0.0119
2103.446,0.6538,0.0120
2103.930,0.6570,0.0119
2104.415,0.6590,0.0117
2104.899,0.6458,0.0118
2105.384,0.6471,0.0119
2105.869,0.6393,0.0121
2106.354,0.6510,0.0121
2106.839,0.6503,0.0122
2107.324,0.6473,0.0121
2107.809,0.6381,0.0120
2108.294,0.6340,0.0120
2108.780,0.6062,0.0120
2109.266,0.6350,0.0122
2109.751,0.6478,0.0121
2110.237,0.6239,0.0118
2110.723,0.6261,0.0119
2111.209,0.6577,0.0124
2111.696,0.6428,0.0123
2112.182,0.6379,0.0123
2112.668,0.6571,0.0125
2113.155,0.6422,0.0124
2113.641,0.6174,0.0122
2114.128,0.6355,0.0119
2114.615,0.6309,0.0121
2115.102,0.6319,0.0121
2115.589,0.6158,0.0117
2116.076,0.6163,0.0117
2116.563,0.6084,0.0120
2117.051,0.6199,0.0122
2117.539,0.6067,0.0120
2118.026,0.6069,0.0118
2118.514,0.6290,0.0120
2119.002,0.6314,0.0123
2119.490,0.6141,0.0119
2119.978,0.5940,0.0118
2120.466,0.6236,0.0121
2120.954,0.5993,0.0121
2121.443,0.5764,0.0126
2121.931,0.6010,0.0131
2122.420,0.6011,0.0134
2122.908,0.6213,0.0134
2123.397,0.5922,0.0133
2123.886,0.5738,0.0130
2124.375,0.5684,0.0129
2124.865,0.5669,0.0126
2125.354,0.5747,0.0123
2125.844,0.5927,0.0125
2126.333,0.6130,0.0130
2126.823,0.5775,0.0130
2127.312,0.6216,0.0136
2127.802,0.6645,0.0140
2128.292,0.6381,0.0138
2128.782,0.6751,0.0142
2129.273,0.6958,0.0147
2129.763,0.6942,0.0149
2130.253,0.6266,0.0145
2130.744,0.6497,0.0142
2131.235,0.6442,0.0138
2131.726,0.6216,0.0139
2132.217,0.6023,0.0147
2132.708,0.6273,0.0151
2133.198,0.6140,0.0146
2133.690,0.6440,0.0147
2134.181,0.5987,0.0136
2134.673,0.5803,0.0129
2135.164,0.6278,0.0136
2135.656,0.6201,0.0138
2136.148,0.6084,0.0135
2136.640,0.6070,0.0125
2137.132,0.6241,0.0122
2137.624,0.6216,0.0124
2138.116,0.6090,0.0133
2138.609,0.6351,0.0146
2139.101,0.6418,0.0153
2139.594,0.5985,0.0143
2140.086,0.6314,0.0142
2140.579,0.6281,0.0141
2141.072,0.6522,0.0145
2141.565,0.6647,0.0150
2142.058,0.6298,0.0148
2142.552,0.6309,0.0136
2143.045,0.6459,0.0135
2143.539,0.6051,0.0136
2144.032,0.6266,0.0142
2144.526,0.6400,0.0149
2145.020,0.6325,0.0145
2145.514,0.6329,0.0143
2146.008,0.6370,0.0137
2146.502,0.6501,0.0129
2146.996,0.6366,0.0130
2147.491,0.6496,0.0134
2147.985,0.6485,0.0137
2148.480,0.6715,0.0138
2148.975,0.6617,0.0136
2149.469,0.7562,0.0177
2149.964,0.6930,0.0165
2150.459,0.6188,0.0157
2150.955,0.4654,0.0169
2151.450,0.4127,0.0175
2151.946,0.4940,0.0142
2152.441,0.6275,0.0133
2152.937,0.6340,0.0130
2153.433,0.6281,0.0123
2153.928,0.6220,0.0118
2154.425,0.5030,0.0125
2154.921,0.5212,0.0128
2155.417,0.5299,0.0124
2155.913,0.5269,0.0119
2156.410,0.4827,0.0118
2156.906,0.6338,0.0124
2157.403,0.6434,0.0137
2157.900,0.4711,0.0139
2158.397,0.5365,0.0134
2158.894,0.5993,0.0138
2159.391,0.5723,0.0138
2159.888,0.5541,0.0134
2160.386,0.5255,0.0128
2160.883,0.6275,0.0125
2161.381,0.6118,0.0124
2161.879,0.6092,0.0116
2162.376,0.6126,0.0111
2162.874,0.6108,0.0114
2163.372,0.6050,0.0116
2163.871,0.5961,0.0120
2164.369,0.5304,0.0117
2164.867,0.5762,0.0116
2165.366,0.6047,0.0119
2165.865,0.6034,0.0128
2166.363,0.5775,0.0136
2166.862,0.5840,0.0143
2167.361,0.6239,0.0137
2167.860,0.6301,0.0135
2168.359,0.6191,0.0137
2168.859,0.6665,0.0145
2169.358,0.6467,0.0137
2169.858,0.6362,0.0138
2170.357,0.5947,0.0136
2170.857,0.5633,0.0123
2171.357,0.5561,0.0117
2171.857,0.5498,0.0117
2172.357,0.5382,0.0118
2172.858,0.5939,0.0121
2173.358,0.5977,0.0124
2173.859,0.6232,0.0125
2174.359,0.6437,0.0123
2174.860,0.6398,0.0123
2175.361,0.6547,0.0130
2175.862,0.6451,0.0130
2176.363,0.6624,0.0133
2176.864,0.6443,0.0132
2177.365,0.6466,0.0129
2177.867,0.6679,0.0131
2178.368,0.6264,0.0127
2178.870,0.6563,0.0125
2179.372,0.6477,0.0124
2179.874,0.6097,0.0124
2180.375,0.6085,0.0124
2180.877,0.6145,0.0126
2181.380,0.5838,0.0122
2181.882,0.5984,0.0118
2182.385,0.6022,0.0120
2182.887,0.6336,0.0122
2183.390,0.6469,0.0121
2183.893,0.6687,0.0124
2184.396,0.6982,0.0129
2184.899,0.6977,0.0127
2185.402,0.6690,0.0123
2185.905,0.6985,0.0126
2186.408,0.6716,0.0125
2186.912,0.6441,0.0127
2187.416,0.6549,0.0126
2187.919,0.6497,0.0125
2188.423,0.6487,0.0125
2188.927,0.6501,0.0126
2189.431,0.6319,0.0128
2189.935,0.6442,0.0130
2190.440,0.6472,0.0131
2190.944,0.6551,0.0127
2191.448,0.6602,0.0128
2191.953,0.6294,0.0125
2192.458,0.6285,0.0123
2192.963,0.6035,0.0127
2193.468,0.6072,0.0129
2193.973,0.5912,0.0132
2194.478,0.5663,0.0130
2194.984,0.6173,0.0128
2195.489,0.6535,0.0131
2195.995,0.6459,0.0131
2196.500,0.6010,0.0132
2197.006,0.6323,0.0135
2197.512,0.6115,0.0123
2198.018,0.5968,0.0124
2198.524,0.6255,0.0129
2199.031,0.6347,0.0129
2199.537,0.6415,0.0126
2200.044,0.6327,0.0128
2200.550,0.6411,0.0124
2201.057,0.6304,0.0119
2201.564,0.6067,0.0117
2202.071,0.5443,0.0119
2202.578,0.5239,0.0118
2203.085,0.4913,0.0120
2203.593,0.5988,0.0116
2204.100,0.5832,0.0115
2204.607,0.4826,0.0120
2205.115,0.5289,0.0136
2205.623,0.5552,0.0141
2206.131,0.5441,0.0136
2206.639,0.5456,0.0134
2207.147,0.4975,0.0130
2207.655,0.5936,0.0125
2208.164,0.5935,0.0123
2208.672,0.5857,0.0118
2209.181,0.4977,0.0114
2209.690,0.4909,0.0112
2210.198,0.4937,0.0115
2210.708,0.4953,0.0120
2211.217,0.5935,0.0123
2211.726,0.5834,0.0120
2212.235,0.5840,0.0119
2212.745,0.5819,0.0126
2213.254,0.5788,0.0122
2213.764,0.5815,0.0120
2214.273,0.5630,0.0120
2214.784,0.4700,0.0117
2215.294,0.4934,0.0113
2215.804,0.5430,0.0116
2216.314,0.5775,0.0118
2216.824,0.5720,0.0120
2217.335,0.5819,0.0120
2217.845,0.5446,0.0116
2218.356,0.5533,0.0116
2218.867,0.5058,0.0117
2219.378,0.4649,0.0118
2219.889,0.4750,0.0114
2220.400,0.4836,0.0116
2220.912,0.5187,0.0121
2221.423,0.5154,0.0120
2221.935,0.5381,0.0119
2222.447,0.5907,0.0116
2222.958,0.6050,0.0115
2223.470,0.5975,0.0117
2223.982,0.6141,0.0121
2224.494,0.5932,0.0122
2225.007,0.5943,0.0125
2225.519,0.6015,0.0127
2226.031,0.6283,0.0133
2226.544,0.6289,0.0138
2227.057,0.5886,0.0135
2227.570,0.6222,0.0136
2228.083,0.5898,0.0132
2228.596,0.5717,0.0128
2229.109,0.5872,0.0132
2229.622,0.5947,0.0139
2230.136,0.6018,0.0149
2230.649,0.5661,0.0138
2231.163,0.6029,0.0131
2231.677,0.5770,0.0128
2232.191,0.5631,0.0133
2232.705,0.5461,0.0141
2233.219,0.5808,0.0155
2233.733,0.6031,0.0166
2234.248,0.5630,0.0155
2234.762,0.5441,0.0151
2235.277,0.5237,0.0152
2235.792,0.5131,0.0158
2236.306,0.5029,0.0166
2236.821,0.4750,0.0156
2237.336,0.4707,0.0146
2237.852,0.4736,0.0141
2238.367,0.4709,0.0135
2238.882,0.4573,0.0137
2239.398,0.5002,0.0141
2239.914,0.4685,0.0137
2240.429,0.4553,0.0130
2240.945,0.4455,0.0129
2241.461,0.4568,0.0136
2241.978,0.5049,0.0144
2242.494,0.5239,0.0151
2243.010,0.5050,0.0145
2243.527,0.5398,0.0142
2244.043,0.5113,0.0136
2244.560,0.5291,0.0130
2245.077,0.5022,0.0127
2245.594,0.4225,0.0128
2246.111,0.4264,0.0128
2246.629,0.3932,0.0127
2247.146,0.4219,0.0124
2247.663,0.4587,0.0118
2248.181,0.4797,0.0121
2248.699,0.5333,0.0125
2249.217,0.5200,0.0121
2249.735,0.5136,0.0121
2250.253,0.4941,0.0120
2250.771,0.4598,0.0124
2251.289,0.4800,0.0126
2251.808,0.5224,0.0122
2252.326,0.5200,0.0125
2252.845,0.5532,0.0130
2253.364,0.5532,0.0128
2253.883,0.5414,0.0122
2254.402,0.5513,0.0120
2254.921,0.5104,0.0121
2255.440,0.4848,0.0120
2255.959,0.4737,0.0116
2256.479,0.4448,0.0113
2256.999,0.4478,0.0115
2257.518,0.4492,0.0116
2258.038,0.4569,0.0117
2258.558,0.4926,0.0120
2259.078,0.5548,0.0125
2259.599,0.6050,0.0132
2260.119,0.5906,0.0143
2260.639,0.5688,0.0142
2261.160,0.6286,0.0147
2261.681,0.5866,0.0144
2262.201,0.5710,0.0143
2262.722,0.5936,0.0140
2263.243,0.6249,0.0138
2263.765,0.6098,0.0140
2264.286,0.6374,0.0144
2264.807,0.5931,0.0139
2265.329,0.5478,0.0130
2265.851,0.5238,0.0122
2266.373,0.5654,0.0135
2266.895,0.5781,0.0145
2267.417,0.5066,0.0137
2267.939,0.5280,0.0139
2268.461,0.5613,0.0141
2268.983,0.6104,0.0144
2269.506,0.6387,0.0147
2270.028,0.6277,0.0139
2270.551,0.5925,0.0135
2271.074,0.5717,0.0149
2271.597,0.5499,0.0151
2272.120,0.5504,0.0138
2272.643,0.5652,0.0141
2273.167,0.6003,0.0147
2273.690,0.5570,0.0140
2274.214,0.5642,0.0131
2274.738,0.6078,0.0138
2275.261,0.5874,0.0131
2275.785,0.5844,0.0126
2276.309,0.5754,0.0125
2276.833,0.5476,0.0126
2277.358,0.6401,0.0139
2277.882,0.6311,0.0156
2278.407,0.6479,0.0168
2278.931,0.6475,0.0164
2279.456,0.6831,0.0160
2279.981,0.7179,0.0150
2280.506,0.7069,0.0147
2281.031,0.6503,0.0144
2281.557,0.6108,0.0143
2282.082,0.5814,0.0135
2282.608,0.5427,0.0123
2283.133,0.5211,0.0124
2283.659,0.5063,0.0132
2284.185,0.4937,0.0135
2284.711,0.5457,0.0141
2285.237,0.5675,0.0144
2285.763,0.5528,0.0139
2286.290,0.5936,0.0131
2286.816,0.6260,0.0130
2287.343,0.6551,0.0138
2287.870,0.6163,0.0131
2288.396,0.5679,0.0131
2288.924,0.5243,0.0127
2289.451,0.5305,0.0127
2289.978,0.5817,0.0135
2290.505,0.5854,0.0143
2291.033,0.5814,0.0141
2291.560,0.5857,0.0159
2292.088,0.6163,0.0181
2292.616,0.5869,0.0152
2293.144,0.5995,0.0141
2293.672,0.5629,0.0135
2294.200,0.5681,0.0134
2294.728,0.5752,0.0125
2295.257,0.6055,0.0135
2295.785,0.6259,0.0140
2296.314,0.7097,0.0144
2296.843,0.6935,0.0136
2297.372,0.6527,0.0130
2297.901,0.6021,0.0126
2298.430,0.6804,0.0146
2298.959,0.6622,0.0159
2299.489,0.6266,0.0168
2300.018,0.5978,0.0155
2300.548,0.5602,0.0139
2301.078,0.5564,0.0141
2301.608,0.5047,0.0139
2302.137,0.4560,0.0132
2302.668,0.4587,0.0131
2303.198,0.4596,0.0136
2303.729,0.4940,0.0137
2304.259,0.5332,0.0130
2304.790,0.5450,0.0135
2305.320,0.5407,0.0141
2305.851,0.5802,0.0139
2306.382,0.5449,0.0133
2306.913,0.4636,0.0133
2307.445,0.5110,0.0139
2307.976,0.5390,0.0148
2308.508,0.5513,0.0155
2309.039,0.5495,0.0156
2309.571,0.6464,0.0172
2310.103,0.6271,0.0164
2310.635,0.5627,0.0152
2311.167,0.4832,0.0132
2311.699,0.4388,0.0124
2312.231,0.3842,0.0124
2312.764,0.3629,0.0128
2313.296,0.3180,0.0129
2313.829,0.3759,0.0139
2314.362,0.4678,0.0136
2314.895,0.4768,0.0129
2315.428,0.4923,0.0124
2315.961,0.4694,0.0120
2316.495,0.4694,0.0130
2317.028,0.4515,0.0128
2317.562,0.4194,0.0122
2318.095,0.3953,0.0117
2318.629,0.3734,0.0122
2319.163,0.3000,0.0137
2319.697,0.2548,0.0140
2320.231,0.2748,0.0137
2320.766,0.3314,0.0138
2321.300,0.3715,0.0136
2321.834,0.3859,0.0132
2322.369,0.3440,0.0126
2322.904,0.3576,0.0124
2323.439,0.3907,0.0119
2323.974,0.3960,0.0119
2324.509,0.4429,0.0133
2325.044,0.3993,0.0141
2325.580,0.4490,0.0153
2326.115,0.4468,0.0176
2326.651,0.4430,0.0168
2327.187,0.4793,0.0169
2327.723,0.5417,0.0170
2328.259,0.6301,0.0175
2328.795,0.4447,0.0147
2329.331,0.4606,0.0144
2329.868,0.4413,0.0142
2330.405,0.4044,0.0138
2330.941,0.4562,0.0151
2331.478,0.4419,0.0142
2332.015,0.4195,0.0135
2332.552,0.4094,0.0132
2333.089,0.4302,0.0126
2333.626,0.3923,0.0122
2334.164,0.4201,0.0135
2334.701,0.3887,0.0137
2335.239,0.4019,0.0133
2335.776,0.4437,0.0142
2336.314,0.4549,0.0139
2336.853,0.4610,0.0139
2337.391,0.5327,0.0145
2337.929,0.5947,0.0160
2338.467,0.5809,0.0158
2339.006,0.5027,0.0156
2339.544,0.4212,0.0145
2340.083,0.4493,0.0148
2340.622,0.5041,0.0147
2341.161,0.5195,0.0165
2341.700,0.4132,0.0147
2342.240,0.3686,0.0151
2342.779,0.4520,0.0164
2343.318,0.4525,0.0148
2343.858,0.4022,0.0146
2344.398,0.4220,0.0139
2344.938,0.4472,0.0132
2345.478,0.4401,0.0133
2346.018,0.4857,0.0144
2346.558,0.5113,0.0147
2347.098,0.5130,0.0146
2347.639,0.4977,0.0138
2348.179,0.4713,0.0132
2348.720,0.4575,0.0139
2349.261,0.4004,0.0153
2349.802,0.4285,0.0167
2350.343,0.5274,0.0185
2350.885,0.4766,0.0171
2351.426,0.5198,0.0161
2351.967,0.4584,0.0147
2352.509,0.4076,0.0141
2353.051,0.3474,0.0137
2353.593,0.3516,0.0129
2354.135,0.4408,0.0130
2354.677,0.5193,0.0136
2355.219,0.5235,0.0142
2355.761,0.4356,0.0135
2356.304,0.4219,0.0130
2356.846,0.4809,0.0133
2357.389,0.4985,0.0130
2357.932,0.4768,0.0130
2358.475,0.5865,0.0147
2359.018,0.5790,0.0167
2359.561,0.5133,0.0174
2360.105,0.4742,0.0158
2360.648,0.4010,0.0131
2361.192,0.4818,0.0133
2361.736,0.4894,0.0132
2362.280,0.4115,0.0125
2362.823,0.3966,0.0133
2363.368,0.4713,0.0144
2363.912,0.4507,0.0143
2364.456,0.4835,0.0137
2365.001,0.5237,0.0133
2365.545,0.4595,0.0122
2366.090,0.4420,0.0123
2366.635,0.4812,0.0131
2367.180,0.5135,0.0137
2367.725,0.5855,0.0155
2368.270,0.5621,0.0148
2368.816,0.4701,0.0129
2369.361,0.4429,0.0127
2369.907,0.3920,0.0138
2370.453,0.3444,0.0137
2370.999,0.3801,0.0129
2371.545,0.4008,0.0126
2372.091,0.4226,0.0131
2372.637,0.4202,0.0132
2373.183,0.4496,0.0137
2373.730,0.4401,0.0131
2374.276,0.4061,0.0128
2374.823,0.4858,0.0140
2375.370,0.4896,0.0148
2375.917,0.4462,0.0138
2376.464,0.4846,0.0129
2377.011,0.4565,0.0128
2377.559,0.5015,0.0131
2378.106,0.5252,0.0137
2378.654,0.5230,0.0139
2379.202,0.4990,0.0136
2379.750,0.4625,0.0127
2380.298,0.4581,0.0127
2380.846,0.4797,0.0128
2381.394,0.4766,0.0128
2381.943,0.4488,0.0132
2382.491,0.4384,0.0135
2383.040,0.4517,0.0130
2383.589,0.4588,0.0129
2384.137,0.4633,0.0125
2384.687,0.4499,0.0122
2385.236,0.4523,0.0124
2385.785,0.4645,0.0125
2386.334,0.4567,0.0126
2386.884,0.5009,0.0133
2387.434,0.4968,0.0135
2387.983,0.4778,0.0132
2388.533,0.4541,0.0125
2389.083,0.4486,0.0123
2389.634,0.5216,0.0135
2390.184,0.5300,0.0141
2390.734,0.5115,0.0132
2391.285,0.4689,0.0128
2391.835,0.4557,0.0127
2392.386,0.4273,0.0126
2392.937,0.4743,0.0131
2393.488,0.4603,0.0123
2394.039,0.4346,0.0119
2394.591,0.4385,0.0122
2395.142,0.4689,0.0125
2395.694,0.4858,0.0127
2396.245,0.4696,0.0125
2396.797,0.4568,0.0124
2397.349,0.4611,0.0125
2397.901,0.4682,0.0127
2398.453,0.4886,0.0130
2399.006,0.5135,0.0132
2399.558,0.4969,0.0135
2400.111,0.4760,0.0133
2400.664,0.5296,0.0135
2401.216,0.5277,0.0137
2401.769,0.4746,0.0136
2402.322,0.4931,0.0135
2402.875,0.5164,0.0137
2403.429,0.4944,0.0139
2403.982,0.5207,0.0142
2404.536,0.5168,0.0145
2405.090,0.5293,0.0142
2405.644,0.5292,0.0137
2406.198,0.5164,0.0137
2406.752,0.5025,0.0137
2407.306,0.5157,0.0137
2407.860,0.5143,0.0138
2408.415,0.5129,0.0137
2408.969,0.5423,0.0139
2409.524,0.5604,0.0140
2410.079,0.5872,0.0138
2410.634,0.5929,0.0137
2411.189,0.6280,0.0137
2411.744,0.6831,0.0140
2412.300,0.6906,0.0143
2412.855,0.6921,0.0141
2413.411,0.7366,0.0143
2413.967,0.7191,0.0140
2414.522,0.7080,0.0142
2415.079,0.6764,0.0146
2415.635,0.6982,0.0147
2416.191,0.6787,0.0139
2416.747,0.6940,0.0145
2417.304,0.6293,0.0152
2417.861,0.6566,0.0157
2418.417,0.6961,0.0159
2418.975,0.6728,0.0153
2419.531,0.6948,0.0152
2420.089,0.7054,0.0151
2420.646,0.6754,0.0146
2421.203,0.6940,0.0144
2421.761,0.7233,0.0145
2422.319,0.6938,0.0146
2422.876,0.6963,0.0144
2423.435,0.6721,0.0142
2423.992,0.7288,0.0146
2424.551,0.7146,0.0143
2425.109,0.6957,0.0142
2425.667,0.7234,0.0141
2426.226,0.7081,0.0146
2426.785,0.7233,0.0155
2427.344,0.7009,0.0162
2427.903,0.7062,0.0163
2428.462,0.6741,0.0154
2429.021,0.6783,0.0153
2429.581,0.7317,0.0158
2430.140,0.6969,0.0157
2430.700,0.6953,0.0154
2431.259,0.7047,0.0154
2431.819,0.7027,0.0163
2432.379,0.6654,0.0171
2432.939,0.6278,0.0173
2433.500,0.6290,0.0178
2434.060,0.6804,0.0168
2434.621,0.7441,0.0162
2435.181,0.7155,0.0162
2435.742,0.6918,0.0160
2436.303,0.7126,0.0169
2436.864,0.6748,0.0176
2437.425,0.6713,0.0166
2437.987,0.6644,0.0155
2438.548,0.6735,0.0153
2439.109,0.6969,0.0163
2439.671,0.7091,0.0175
2440.233,0.6832,0.0184
2440.795,0.6647,0.0183
2441.357,0.6054,0.0170
2441.919,0.5728,0.0160
2442.481,0.5753,0.0165
2443.044,0.6007,0.0177
2443.607,0.5958,0.0172
2444.169,0.5501,0.0165
2444.732,0.6146,0.0177
2445.295,0.6124,0.0182
2445.858,0.5527,0.0175
2446.422,0.6068,0.0183
2446.985,0.6339,0.0171
2447.548,0.6601,0.0165
2448.112,0.6289,0.0162
2448.676,0.6031,0.0166
2449.240,0.6103,0.0167
2449.804,0.6330,0.0170
2450.368,0.6531,0.0175
2450.932,0.5949,0.0177
2451.497,0.5659,0.0187
2452.061,0.6013,0.0198
2452.626,0.5866,0.0205
2453.191,0.6357,0.0202
2453.755,0.6599,0.0197
2454.321,0.6498,0.0182
2454.886,0.6301,0.0166
2455.451,0.6325,0.0174
2456.017,0.6647,0.0179
2456.582,0.6790,0.0175
2457.148,0.6337,0.0167
2457.714,0.5937,0.0170
2458.280,0.6250,0.0162
2458.846,0.6762,0.0164
2459.412,0.6525,0.0163
2459.978,0.6453,0.0158
2460.545,0.6669,0.0153
2461.111,0.6541,0.0162
2461.678,0.6386,0.0168
2462.245,0.6225,0.0171
2462.812,0.6239,0.0165
2463.379,0.6542,0.0166
2463.947,0.7263,0.0168
2464.514,0.6944,0.0172
2465.082,0.6770,0.0163
2465.649,0.6844,0.0158
2466.217,0.6785,0.0169
2466.785,0.6443,0.0168
2467.353,0.6396,0.0159
2467.921,0.6206,0.0155
2468.490,0.6540,0.0175
2469.058,0.6950,0.0199
2469.626,0.7519,0.0202
2470.195,0.7330,0.0191
2470.764,0.6202,0.0178
2471.333,0.6033,0.0177
2471.902,0.6616,0.0190
2472.471,0.6328,0.0172
2473.041,0.6439,0.0159
2473.610,0.6623,0.0174
2474.180,0.6267,0.0170
2474.750,0.6689,0.0163
2475.320,0.6650,0.0159
2475.890,0.6724,0.0160
2476.460,0.6500,0.0159
2477.030,0.5819,0.0162
2477.601,0.5840,0.0205
2478.171,0.5316,0.0226
2478.742,0.5832,0.0205
2479.313,0.5839,0.0185
2479.884,0.5807,0.0171
2480.455,0.5451,0.0172
2481.026,0.5839,0.0176
2481.597,0.5900,0.0177
2482.169,0.5815,0.0174
2482.740,0.6076,0.0163
2483.312,0.6252,0.0150
2483.884,0.6478,0.0159
2484.456,0.6306,0.0170
2485.028,0.6582,0.0174
2485.600,0.6842,0.0169
2486.173,0.6731,0.0158
2486.745,0.6171,0.0153
2487.318,0.5705,0.0148
2487.891,0.6356,0.0155
2488.463,0.6831,0.0169
2489.037,0.6441,0.0179
2489.610,0.6315,0.0180
2490.183,0.6154,0.0181
2490.757,0.5590,0.0178
2491.330,0.5870,0.0165
2491.904,0.6321,0.0160
2492.478,0.6386,0.0161
2493.052,0.6276,0.0179
2493.626,0.5747,0.0183
2494.200,0.5925,0.0162
2494.774,0.6653,0.0157
2495.349,0.6248,0.0152
2495.924,0.6286,0.0152
2496.499,0.6540,0.0156
2497.073,0.6301,0.0160
2497.648,0.6092,0.0165
2498.224,0.6216,0.0158
2498.799,0.6054,0.0151
2499.374,0.6234,0.0153
2499.950,0.6268,0.0169
2500.526,0.6286,0.0172
2501.101,0.6490,0.0159
2501.677,0.6375,0.0147
2502.253,0.6469,0.0148
2502.830,0.6366,0.0156
2503.406,0.6218,0.0161
2503.982,0.5760,0.0169
2504.559,0.5685,0.0168
2505.136,0.6051,0.0164
2505.713,0.6329,0.0156
2506.290,0.6199,0.0154
2506.867,0.6252,0.0155
2507.444,0.6631,0.0154
2508.022,0.6775,0.0153
2508.599,0.6595,0.0157
2509.177,0.6145,0.0156
2509.755,0.6063,0.0152
2510.333,0.6222,0.0148
2510.911,0.6071,0.0148
2511.489,0.6116,0.0149
2512.067,0.6100,0.0152
2512.646,0.6065,0.0168
2513.224,0.5551,0.0173
2513.803,0.5109,0.0163
2514.382,0.5601,0.0147
2514.961,0.5943,0.0151
2515.540,0.6079,0.0150
2516.120,0.6374,0.0149
2516.699,0.6090,0.0147
2517.279,0.5905,0.0151
2517.858,0.6025,0.0153
2518.438,0.6107,0.0152
2519.018,0.6229,0.0154
2519.598,0.5815,0.0152
2520.178,0.5756,0.0156
2520.759,0.6097,0.0154
2521.339,0.6108,0.0151
2521.920,0.5789,0.0148
2522.501,0.5406,0.0149
2523.082,0.4880,0.0153
2523.663,0.5024,0.0160
2524.244,0.5327,0.0164
2524.825,0.5616,0.0161
2525.406,0.5598,0.0161
2525.988,0.5795,0.0162
2526.570,0.5708,0.0155
2527.152,0.5597,0.0154
2527.733,0.5670,0.0164
2528.316,0.5725,0.0169
2528.898,0.5496,0.0164
2529.480,0.5590,0.0163
2530.063,0.5579,0.0158
2530.646,0.5842,0.0154
2531.228,0.5744,0.0162
2531.811,0.5491,0.0165
2532.394,0.5616,0.0164
2532.977,0.6904,0.0181
2533.561,0.7021,0.0180
2534.144,0.6040,0.0164
2534.728,0.5681,0.0174
2535.311,0.6357,0.0209
2535.895,0.5051,0.0172
2536.479,0.5454,0.0169
2537.063,0.5797,0.0170
2537.647,0.5633,0.0172
2538.232,0.7633,0.0201
2538.816,0.7531,0.0200
2539.401,0.8102,0.0199
2539.986,0.7533,0.0189
2540.571,0.7152,0.0185
2541.156,0.7360,0.0185
2541.741,0.5600,0.0170
2542.326,0.6702,0.0205
2542.912,0.6902,0.0221
2543.498,0.6985,0.0217
2544.083,0.6937,0.0203
2544.669,0.6775,0.0208
2545.255,0.6499,0.0209
2545.841,0.4431,0.0173
2546.427,0.4848,0.0162
2547.014,0.4142,0.0161
2547.600,0.4968,0.0181
2548.187,0.6202,0.0197
2548.774,0.4427,0.0174
2549.361,0.5138,0.0185
2549.948,0.4599,0.0172
2550.535,0.3600,0.0147
2551.122,0.4038,0.0148
2551.710,0.4765,0.0164
2552.297,0.4392,0.0162
2552.885,0.3525,0.0146
2553.473,0.5044,0.0172
2554.061,0.5683,0.0183
2554.649,0.4542,0.0156
2555.238,0.4560,0.0149
2555.826,0.5642,0.0163
2556.415,0.5316,0.0162
2557.003,0.4328,0.0141
2557.592,0.4294,0.0148
2558.181,0.3953,0.0148
2558.770,0.5311,0.0180
2559.360,0.5981,0.0187
2559.949,0.5669,0.0180
2560.538,0.4373,0.0148
2561.128,0.4318,0.0149
2561.718,0.5365,0.0165
2562.308,0.5571,0.0169
2562.898,0.5899,0.0170
2563.488,0.6142,0.0173
2564.078,0.5422,0.0178
2564.669,0.4649,0.0159
2565.259,0.5762,0.0168
2565.850,0.5034,0.0159
2566.441,0.4922,0.0163
2567.032,0.5382,0.0186
2567.623,0.4052,0.0184
2568.214,0.5274,0.0230
2568.806,0.3297,0.0185
2569.397,0.4592,0.0216
2569.989,0.4310,0.0197
2570.581,0.3205,0.0156
2571.173,0.4144,0.0177
2571.765,0.3555,0.0151
2572.357,0.4105,0.0176
2572.950,0.3111,0.0159
2573.542,0.3174,0.0162
2574.135,0.4450,0.0192
2574.728,0.5681,0.0200
2575.321,0.4906,0.0208
2575.914,0.3280,0.0164
2576.507,0.3549,0.0168
2577.100,0.3172,0.0183
2577.694,0.2876,0.0177
2578.287,0.5145,0.0233
2578.881,0.4050,0.0188
2579.475,0.3510,0.0178
2580.069,0.3497,0.0175
2580.663,0.3381,0.0176
2581.257,0.4499,0.0214
2581.852,0.3120,0.0158
2582.446,0.3345,0.0157
2583.041,0.3449,0.0153
2583.636,0.3817,0.0156
2584.231,0.3799,0.0163
2584.826,0.3561,0.0163
2585.421,0.3550,0.0154
2586.017,0.3958,0.0158
2586.612,0.4341,0.0172
2587.208,0.4353,0.0188
2587.803,0.4297,0.0181
2588.399,0.3904,0.0169
2588.996,0.3622,0.0165
2589.592,0.4246,0.0173
2590.188,0.4722,0.0201
2590.784,0.4979,0.0191
2591.381,0.4485,0.0173
2591.978,0.4176,0.0164
2592.575,0.3832,0.0163
2593.172,0.3592,0.0167
2593.769,0.3708,0.0160
2594.366,0.3616,0.0174
2594.964,0.3604,0.0180
2595.561,0.3494,0.0168
2596.159,0.3823,0.0161
2596.757,0.4421,0.0160
2597.355,0.4501,0.0168
2597.953,0.4688,0.0175
2598.551,0.4621,0.0178
2599.150,0.4623,0.0165
2599.748,0.4331,0.0167
2600.347,0.5061,0.0173
2600.946,0.5236,0.0168
2601.545,0.5307,0.0181
2602.144,0.5029,0.0171
2602.743,0.5613,0.0171
2603.342,0.6090,0.0194
2603.942,0.5671,0.0205
2604.542,0.4454,0.0191
2605.141,0.4471,0.0182
2605.741,0.5459,0.0185
2606.341,0.5335,0.0181
2606.942,0.5046,0.0192
2607.542,0.5125,0.0197
2608.142,0.5427,0.0175
2608.743,0.5550,0.0168
2609.344,0.5237,0.0173
2609.945,0.4921,0.0178
2610.545,0.5042,0.0176
2611.147,0.5076,0.0170
2611.748,0.5314,0.0185
2612.350,0.5476,0.0195
2612.951,0.5460,0.0199
2613.553,0.5490,0.0180
2614.155,0.4758,0.0187
2614.757,0.5071,0.0194
2615.359,0.5514,0.0191
2615.961,0.5328,0.0178
2616.563,0.5285,0.0180
2617.166,0.5750,0.0213
2617.769,0.5733,0.0209
2618.372,0.5727,0.0185
2618.975,0.4832,0.0186
2619.578,0.4437,0.0188
2620.181,0.4595,0.0171
2620.784,0.4714,0.0173
2621.388,0.4978,0.0193
2621.992,0.5081,0.0219
2622.595,0.5040,0.0207
2623.199,0.5950,0.0193
2623.803,0.5790,0.0175
2624.408,0.5531,0.0173
2625.012,0.5293,0.0172
2625.616,0.5060,0.0173
2626.221,0.5620,0.0173
2626.826,0.5372,0.0176
2627.431,0.5199,0.0167
2628.036,0.5683,0.0173
2628.641,0.5926,0.0192
2629.246,0.7014,0.0195
2629.852,0.7529,0.0195
2630.457,0.7560,0.0190
2631.063,0.7406,0.0190
2631.669,0.7316,0.0183
2632.275,0.7501,0.0185
2632.881,0.7729,0.0212
2633.488,0.8376,0.0229
2634.094,0.7988,0.0220
2634.701,0.6801,0.0193
2635.307,0.7010,0.0182
2635.914,0.6997,0.0185
2636.521,0.6763,0.0176
2637.128,0.6845,0.0174
2637.736,0.6917,0.0176
2638.343,0.6794,0.0176
2638.951,0.6310,0.0174
2639.558,0.5946,0.0171
2640.166,0.5948,0.0171
2640.774,0.6294,0.0174
2641.382,0.6546,0.0172
2641.991,0.6977,0.0177
2642.599,0.6462,0.0181
2643.208,0.6114,0.0169
2643.816,0.5948,0.0167
2644.425,0.6039,0.0175
2645.034,0.6228,0.0176
2645.643,0.6395,0.0183
2646.252,0.5944,0.0188
2646.862,0.6024,0.0185
2647.471,0.5640,0.0170
2648.081,0.5549,0.0165
2648.691,0.5370,0.0163
2649.301,0.5188,0.0165
2649.911,0.5592,0.0173
2650.521,0.5681,0.0170
2651.132,0.5398,0.0164
2651.742,0.5747,0.0171
2652.353,0.5402,0.0175
2652.964,0.5028,0.0172
2653.574,0.5136,0.0170
2654.186,0.5220,0.0168
2654.797,0.5461,0.0164
2655.408,0.5159,0.0160
2656.020,0.5284,0.0162
2656.631,0.5756,0.0172
2657.243,0.5414,0.0172
2657.855,0.5338,0.0167
2658.467,0.5267,0.0168
2659.079,0.5066,0.0168
2659.692,0.5066,0.0177
2660.304,0.4906,0.0194
2660.917,0.4623,0.0190
2661.529,0.4521,0.0179
2662.142,0.4630,0.0175
2662.755,0.4537,0.0177
2663.369,0.4595,0.0185
2663.982,0.4449,0.0181
2664.595,0.4462,0.0170
2665.209,0.5027,0.0176
2665.823,0.4443,0.0190
2666.437,0.4423,0.0195
2667.051,0.4589,0.0189
2667.665,0.4388,0.0176
2668.279,0.4606,0.0177
2668.894,0.4801,0.0178
2669.508,0.4448,0.0166
2670.123,0.4615,0.0175
2670.738,0.4602,0.0179
2671.353,0.4564,0.0169
2671.968,0.4652,0.0164
2672.583,0.4796,0.0165
2673.199,0.4497,0.0167
2673.815,0.4573,0.0169
2674.430,0.4454,0.0165
2675.046,0.4549,0.0166
2675.662,0.5111,0.0175
2676.278,0.5344,0.0183
2676.895,0.4836,0.0172
2677.511,0.4420,0.0165
2678.128,0.4945,0.0168
2678.744,0.4847,0.0177
2679.361,0.4168,0.0174
2679.978,0.4346,0.0182
2680.595,0.3835,0.0178
2681.213,0.3523,0.0180
2681.830,0.3786,0.0180
2682.448,0.3995,0.0181
2683.065,0.3738,0.0178
2683.683,0.3830,0.0175
2684.301,0.3486,0.0171
2684.920,0.3770,0.0174
2685.538,0.3709,0.0176
2686.156,0.3726,0.0174
2686.775,0.3994,0.0185
2687.394,0.4024,0.0193
2688.012,0.4202,0.0195
2688.632,0.4330,0.0185
2689.251,0.4266,0.0176
2689.870,0.4150,0.0181
2690.490,0.4099,0.0188
2691.109,0.3880,0.0192
2691.729,0.3834,0.0189
2692.348,0.4000,0.0194
2692.969,0.3281,0.0208
2693.589,0.2956,0.0203
2694.209,0.4039,0.0205
2694.830,0.4397,0.0201
2695.450,0.3823,0.0193
2696.071,0.3829,0.0195
2696.692,0.3585,0.0197
2697.313,0.2725,0.0183
2697.934,0.2747,0.0197
2698.555,0.3192,0.0207
2699.177,0.2878,0.0208
2699.798,0.1845,0.0236
2700.420,0.2199,0.0219
2701.042,0.2282,0.0223
2701.664,0.2154,0.0247
2702.286,0.2530,0.0238
2702.908,0.2310,0.0219
2703.531,0.2278,0.0238
2704.153,0.2525,0.0244
2704.776,0.2711,0.0226
2705.399,0.3223,0.0223
2706.022,0.3259,0.0225
2706.645,0.2962,0.0209
2707.268,0.2896,0.0213
2707.892,0.6503,0.0400
2708.515,0.1280,0.0216
2709.139,0.1867,0.0233
2709.763,0.2094,0.0220
2710.387,0.2106,0.0209
2711.011,0.2044,0.0208
2711.635,0.1901,0.0201
2712.260,0.2215,0.0211
2712.884,0.2814,0.0232
2713.509,0.3098,0.0225
2714.134,0.3080,0.0214
2714.759,0.2398,0.0201
2715.384,0.2746,0.0229
2716.010,0.2829,0.0237
2716.635,0.2666,0.0216
2717.260,0.2421,0.0217
2717.886,0.2370,0.0216
2718.512,0.3843,0.0219
2719.138,0.3775,0.0233
2719.764,0.2749,0.0256
2720.391,0.2004,0.0247
2721.017,0.2942,0.0240
2721.644,0.2914,0.0206
2722.271,0.2598,0.0211
2722.897,0.2936,0.0213
2723.524,0.2814,0.0208
2724.152,0.2220,0.0210
2724.779,0.2281,0.0204
2725.406,0.2501,0.0201
2726.034,0.2566,0.0199
2726.662,0.2724,0.0205
2727.290,0.2647,0.0208
2727.918,0.2755,0.0202
2728.546,0.3018,0.0230
2729.174,0.3040,0.0257
2729.803,0.2412,0.0222
2730.431,0.2582,0.0221
2731.060,0.2725,0.0221
2731.689,0.2372,0.0216
2732.318,0.2286,0.0240
2732.948,0.1917,0.0256
2733.577,0.2129,0.0234
2734.206,0.2014,0.0232
2734.836,0.1914,0.0204
2735.466,0.1605,0.0198
2736.096,0.1837,0.0204
2736.726,0.2035,0.0206
2737.356,0.1606,0.0212
2737.986,0.1708,0.0211
2738.617,0.1845,0.0205
2739.248,0.1702,0.0204
2739.878,0.2008,0.0203
2740.509,0.2170,0.0214
2741.140,0.2055,0.0204
2741.772,0.1611,0.0196
2742.403,0.1850,0.0214
2743.035,0.2039,0.0210
2743.666,0.1749,0.0222
2744.298,0.1791,0.0214
2744.930,0.1908,0.0206
2745.562,0.3824,0.0311
2746.194,0.1619,0.0197
2746.827,0.2121,0.0225
2747.459,0.1781,0.0238
2748.092,0.2613,0.0221
2748.725,0.5149,0.0313
2749.358,0.5064,0.0322
2749.991,0.5059,0.0315
2750.624,0.2099,0.0200
2751.258,0.3882,0.0306
2751.891,0.1584,0.0190
2752.525,0.2060,0.0203
2753.159,0.2336,0.0205
2753.793,0.5914,0.0361
2754.427,0.7826,0.0379
2755.061,0.3325,0.0224
2755.696,1.0691,0.0414
2756.331,1.0319,0.0393
2756.965,0.3177,0.0209
2757.600,0.3398,0.0214
2758.235,1.0920,0.0407
2758.870,0.3525,0.0216
2759.506,0.9158,0.0383
2760.141,0.9446,0.0358
2760.777,0.3602,0.0211
2761.412,0.3168,0.0207
2762.048,0.2933,0.0219
2762.685,0.7036,0.0349
2763.321,0.3061,0.0200
2763.957,0.6826,0.0334
2764.594,0.3560,0.0196
2765.230,0.3727,0.0204
2765.867,0.3859,0.0206
2766.504,0.3754,0.0206
2767.141,0.3794,0.0208
2767.778,0.3863,0.0217
2768.416,0.3736,0.0214
2769.053,0.3875,0.0214
2769.691,0.3617,0.0214
2770.329,0.3780,0.0220
2770.967,0.3690,0.0223
2771.604,0.3644,0.0222
2772.243,0.3670,0.0240
2772.881,0.3634,0.0244
2773.520,0.3697,0.0235
2774.159,0.3761,0.0223
2774.797,0.4041,0.0232
2775.436,0.3781,0.0228
2776.076,0.4243,0.0224
2776.715,0.4433,0.0225
2777.354,0.4545,0.0230
2777.994,0.4658,0.0244
2778.634,0.4915,0.0249
2779.273,0.4761,0.0242
2779.914,0.4808,0.0230
2780.553,0.4991,0.0227
2781.194,0.4946,0.0227
2781.834,0.5128,0.0235
2782.475,0.5382,0.0251
2783.116,0.5398,0.0257
2783.757,0.5471,0.0237
2784.398,0.5513,0.0252
2785.039,0.5637,0.0259
2785.680,0.5035,0.0272
2786.322,0.6085,0.0284
2786.963,0.7351,0.0282
2787.605,0.8372,0.0289
2788.247,0.9094,0.0296
2788.889,0.9140,0.0286
2789.531,0.9109,0.0293
2790.174,0.9183,0.0294
2790.817,1.0063,0.0300
2791.459,0.9406,0.0294
2792.102,0.9056,0.0280
2792.745,1.0025,0.0289
2793.388,0.9597,0.0293
2794.031,0.8332,0.0285
2794.675,0.7708,0.0282
2795.318,0.5606,0.0277
2795.962,0.4905,0.0247
2796.606,0.6410,0.0256
2797.250,0.7697,0.0262
2797.894,0.7501,0.0274
2798.538,0.7839,0.0278
2799.183,0.7731,0.0276
2799.827,0.7607,0.0273
2800.472,0.8359,0.0267
2801.117,0.9655,0.0275
2801.762,1.0670,0.0280
2802.407,0.8756,0.0265
2803.053,0.7977,0.0259
2803.698,0.9985,0.0281
2804.344,1.1851,0.0297
2804.990,1.2119,0.0309
2805.636,1.1558,0.0301
2806.282,1.1600,0.0307
2806.928,1.1840,0.0292
2807.574,1.1461,0.0295
2808.221,1.1388,0.0310
2808.868,1.1749,0.0320
2809.514,1.1510,0.0304
2810.162,1.0671,0.0291
2810.809,0.9758,0.0282
2811.456,0.9766,0.0281
2812.104,0.9823,0.0286
2812.751,1.0325,0.0296
2813.399,1.0086,0.0300
2814.047,0.9748,0.0305
2814.695,0.9482,0.0311
2815.343,0.9279,0.0321
2815.991,0.8987,0.0299
2816.640,0.9721,0.0306
2817.288,0.8927,0.0310
2817.937,0.9645,0.0318
2818.586,1.0769,0.0334
2819.235,1.0383,0.0327
2819.884,1.1078,0.0348
2820.534,1.0852,0.0358
2821.183,1.1013,0.0337
2821.833,1.0889,0.0321
2822.483,1.0862,0.0318
2823.133,1.1356,0.0326
2823.783,1.1668,0.0334
2824.433,1.0099,0.0336
2825.083,0.9566,0.0318
2825.734,1.0180,0.0296
2826.385,1.0859,0.0305
2827.036,1.0749,0.0303
2827.687,1.0595,0.0293
2828.338,1.0989,0.0302
2828.989,1.2021,0.0323
2829.641,1.1352,0.0323
2830.292,1.0047,0.0308
2830.944,1.0450,0.0302
2831.596,1.0967,0.0306
2832.248,1.1493,0.0313
2832.900,1.2495,0.0327
2833.553,1.2864,0.0330
2834.205,1.2575,0.0334
2834.858,1.2577,0.0339
2835.511,1.2912,0.0355
2836.164,1.2898,0.0361
2836.817,1.2836,0.0367
2837.470,1.4018,0.0365
2838.123,1.3369,0.0357
2838.777,1.2864,0.0366
2839.431,1.3611,0.0374
2840.085,1.2940,0.0362
2840.739,1.3849,0.0361
2841.393,1.3398,0.0354
2842.047,1.3133,0.0340
2842.702,1.3706,0.0336
2843.356,1.3584,0.0350
2844.011,1.3165,0.0351
2844.666,1.3442,0.0336
2845.321,1.3352,0.0330
2845.976,1.3571,0.0331
2846.632,1.3384,0.0328
2847.287,1.3207,0.0331
2847.943,1.4370,0.0347
2848.599,1.3358,0.0348
2849.255,1.3079,0.0361
2849.911,1.3859,0.0361
2850.567,1.3463,0.0335
2851.224,1.2550,0.0332
2851.880,1.3843,0.0334
2852.537,1.1893,0.0324
2853.194,1.2585,0.0328
2853.851,1.3098,0.0335
2854.508,1.3699,0.0350
2855.166,1.3556,0.0366
2855.823,1.4484,0.0371
2856.481,1.3942,0.0347
2857.138,1.3320,0.0332
2857.796,1.3506,0.0350
2858.455,1.4087,0.0356
2859.113,1.3692,0.0351
2859.771,1.3440,0.0341
2860.430,1.3283,0.0356
2861.088,1.5086,0.0406
2861.747,1.4762,0.0383
2862.406,1.4549,0.0365
2863.065,1.4242,0.0370
2863.725,1.4927,0.0374
2864.384,1.4275,0.0362
2865.044,1.4333,0.0362
2865.704,1.4699,0.0395
2866.364,1.4840,0.0403
2867.024,1.4782,0.0379
2867.684,1.4744,0.0362
2868.344,1.4977,0.0370
2869.005,1.4184,0.0373
2869.666,1.4316,0.0371
2870.326,1.4547,0.0369
2870.987,1.4554,0.0358
2871.648,1.3921,0.0358
2872.310,1.4300,0.0351
2872.971,1.4598,0.0366
2873.633,1.4919,0.0388
2874.294,1.3986,0.0382
2874.957,1.3489,0.0358
2875.619,1.3553,0.0351
2876.281,1.2659,0.0346
2876.943,1.2790,0.0343
2877.606,1.2950,0.0361
2878.269,1.2808,0.0372
2878.931,1.2770,0.0386
2879.594,1.2766,0.0366
2880.257,1.2308,0.0328
2880.920,1.2011,0.0398
2881.584,1.2115,0.0416
2882.248,1.1264,0.0317
2882.911,1.1191,0.0320
2883.575,1.1340,0.0315
2884.239,1.0885,0.0310
2884.903,1.0869,0.0311
2885.568,1.0901,0.0320
2886.232,1.1491,0.0347
2886.897,1.1587,0.0433
2887.562,1.1476,0.0447
2888.227,1.1749,0.0365
2888.892,1.1662,0.0361
2889.557,1.1121,0.0341
2890.223,1.1134,0.0330
2890.888,1.2149,0.0338
2891.554,1.1757,0.0348
2892.220,1.1297,0.0356
2892.886,1.2232,0.0361
2893.552,1.2243,0.0343
2894.218,1.1792,0.0330
2894.885,1.1003,0.0328
2895.552,1.0892,0.0323
2896.218,1.0349,0.0333
2896.885,1.1333,0.0358
2897.552,1.1222,0.0365
2898.219,1.0525,0.0369
2898.887,1.0993,0.0346
2899.554,1.1115,0.0352
2900.222,1.1177,0.0349
2900.890,1.0986,0.0341
2901.558,1.0846,0.0348
2902.226,1.1425,0.0361
2902.895,1.1409,0.0362
2903.563,1.1823,0.0367
2904.232,1.1705,0.0365
2904.901,1.2019,0.0368
2905.570,1.1994,0.0376
2906.239,1.2133,0.0375
2906.908,1.2381,0.0365
2907.577,1.1716,0.0359
2908.247,1.2152,0.0366
2908.917,1.2281,0.0383
2909.587,1.2051,0.0375
2910.257,1.1756,0.0368
2910.927,1.1684,0.0366
2911.597,1.2119,0.0363
2912.268,1.1335,0.0364
2912.938,1.1657,0.0447
2913.609,1.2457,0.0395
2914.280,1.2750,0.0388
2914.951,1.2576,0.0394
2915.623,1.2895,0.0385
2916.294,1.2951,0.0381
2916.965,1.2980,0.0391
2917.637,1.3454,0.0411
2918.309,1.3683,0.0405
2918.981,1.3377,0.0394
2919.653,1.3231,0.0394
2920.326,1.2983,0.0388
2920.998,1.2835,0.0380
2921.671,1.3156,0.0390
2922.344,1.3438,0.0393
2923.017,1.3440,0.0393
2923.690,1.4188,0.0402
2924.363,1.4580,0.0410
2925.037,1.5014,0.0411
2925.710,1.4399,0.0409
2926.384,1.4096,0.0400
2927.058,1.4554,0.0392
2927.732,1.4879,0.0400
2928.406,1.5412,0.0412
2929.080,1.5694,0.0414
2929.755,1.6300,0.0421
2930.430,1.6199,0.0421
2931.104,1.5952,0.0429
2931.779,1.6646,0.0425
2932.454,1.6097,0.0418
2933.130,1.7107,0.0430
2933.805,1.6552,0.0427
2934.481,1.6195,0.0420
2935.156,1.7116,0.0422
2935.833,1.5928,0.0412
2936.509,1.6200,0.0420
2937.185,1.6065,0.0410
2937.861,1.5576,0.0406
2938.538,1.5887,0.0424
2939.215,1.6891,0.0427
2939.891,1.6573,0.0429
2940.568,1.7341,0.0437
2941.246,1.7837,0.0448
2941.923,1.7892,0.0437
2942.600,1.7498,0.0435
2943.278,1.7667,0.0440
2943.956,1.7880,0.0443
2944.634,1.7825,0.0436
2945.312,1.7980,0.0438
2945.990,1.8767,0.0448
2946.668,1.8808,0.0450
2947.347,1.9005,0.0449
2948.026,1.9049,0.0447
2948.705,1.8611,0.0448
2949.384,1.8966,0.0452
2950.063,1.9335,0.0449
2950.742,1.9049,0.0446
2951.422,1.9657,0.0451
2952.101,2.0602,0.0471
2952.781,2.0967,0.0463
2953.461,1.9137,0.0453
2954.141,1.9218,0.0458
2954.822,1.9807,0.0473
2955.502,1.9417,0.0458
2956.183,1.9241,0.0451
2956.864,1.9282,0.0447
2957.544,1.8965,0.0453
2958.226,1.9078,0.0457
2958.907,1.9039,0.0464
2959.588,1.9822,0.0467
2960.270,2.0051,0.0463
2960.951,2.0065,0.0467
2961.633,2.1098,0.0476
2962.315,2.0337,0.0468
2962.997,1.9683,0.0458
2963.680,2.0726,0.0486
2964.362,2.0341,0.0479
2965.045,2.0305,0.0479
2965.728,2.0484,0.0478
2966.411,2.0969,0.0470
2967.094,2.0687,0.0467
2967.777,2.1146,0.0472
2968.461,2.0090,0.0466
2969.144,1.9931,0.0455
2969.828,2.0322,0.0456
2970.512,2.0759,0.0460
2971.196,2.0699,0.0458
2971.880,2.0599,0.0456
2972.564,2.0866,0.0463
2973.249,1.9914,0.0449
2973.934,1.9696,0.0450
2974.618,2.0069,0.0453
2975.304,2.0838,0.0458
2975.989,2.0632,0.0457
2976.674,2.0616,0.0457
2977.360,1.9663,0.0456
2978.045,2.0229,0.0456
2978.731,2.0400,0.0463
2979.417,2.0096,0.0468
2980.103,2.0499,0.0466
2980.789,2.0317,0.0464
2981.476,2.0302,0.0459
2982.162,2.0384,0.0467
2982.849,2.0865,0.0474
2983.536,2.0534,0.0469
2984.223,1.9493,0.0460
2984.910,1.9975,0.0459
2985.598,1.9887,0.0457
2986.285,1.9119,0.0456
2986.973,1.8901,0.0451
2987.661,1.8883,0.0444
2988.349,1.8500,0.0450
2989.037,1.8495,0.0436
2989.725,1.8828,0.0445
2990.414,1.7758,0.0449
2991.102,1.8345,0.0443
2991.791,1.9207,0.0442
2992.480,1.8846,0.0433
2993.169,1.8212,0.0429
2993.858,1.7924,0.0431
2994.548,1.7968,0.0431
2995.238,1.8066,0.0432
2995.927,1.8135,0.0433
2996.617,1.7691,0.0434
2997.307,1.7527,0.0439
2997.998,1.7940,0.0436
2998.688,1.8011,0.0448
2999.378,1.7656,0.0454
3000.069,1.7542,0.0438
3000.760,1.7117,0.0475
3001.451,1.7869,0.0478
3002.142,1.8400,0.0438
3002.834,1.7298,0.0438
3003.525,1.7653,0.0445
3004.217,1.7705,0.0450
3004.909,1.6905,0.0437
3005.601,1.6994,0.0442
3006.293,1.7242,0.0441
3006.985,1.6980,0.0432
3007.678,1.6514,0.0429
3008.370,1.7131,0.0434
3009.063,1.7563,0.0435
3009.756,1.6578,0.0417
3010.449,1.6446,0.0419
3011.142,1.6611,0.0432
3011.836,1.6611,0.0422
3012.529,1.6422,0.0417
3013.223,1.6226,0.0426
3013.917,1.6188,0.0439
3014.611,1.7250,0.0446
3015.305,1.6485,0.0447
3016.000,1.5973,0.0434
3016.694,1.5676,0.0432
3017.389,1.5793,0.0424
3018.084,1.5849,0.0422
3018.779,1.5779,0.0409
3019.474,1.5294,0.0407
3020.169,1.6119,0.0417
3020.865,1.6166,0.0423
3021.560,1.5334,0.0413
3022.256,1.6066,0.0423
3022.952,1.6100,0.0413
3023.648,1.5923,0.0401
3024.345,1.5609,0.0394
3025.041,1.4965,0.0399
3025.738,1.5505,0.0399
3026.435,1.5677,0.0404
3027.132,1.5811,0.0411
3027.828,1.6065,0.0412
3028.526,1.5097,0.0394
3029.223,1.4985,0.0396
3029.921,1.5653,0.0411
3030.619,1.5098,0.0399
3031.316,1.5990,0.0402
3032.014,1.6330,0.0412
3032.713,1.5772,0.0399
3033.411,1.4973,0.0407
3034.110,1.5984,0.0413
3034.808,1.6015,0.0414
3035.507,1.4846,0.0395
3036.206,1.5191,0.0390
3036.906,1.5775,0.0403
3037.605,1.6180,0.0412
3038.304,1.5465,0.0403
3039.004,1.4713,0.0400
3039.704,1.5114,0.0406
3040.404,1.4995,0.0403
3041.104,1.5756,0.0395
3041.804,1.6231,0.0438
3042.505,1.5119,0.0431
3043.206,1.5528,0.0410
3043.906,1.4214,0.0388
3044.607,1.4976,0.0402
3045.308,1.5368,0.0421
3046.010,1.5498,0.0430
3046.711,1.4738,0.0392
3047.413,1.4716,0.0400
3048.115,1.4642,0.0408
3048.816,1.4363,0.0404
3049.519,1.4085,0.0408
3050.221,1.4487,0.0396
3050.923,1.4478,0.0405
3051.626,1.4681,0.0396
3052.329,1.4600,0.0392
3053.031,1.3733,0.0390
3053.735,1.3911,0.0402
3054.438,1.4107,0.0403
3055.141,1.4447,0.0384
3055.845,1.3557,0.0382
3056.548,1.3817,0.0394
3057.252,1.3628,0.0396
3057.956,1.3233,0.0387
3058.660,1.3861,0.0406
3059.365,1.4634,0.0415
3060.069,1.3271,0.0399
3060.774,1.3889,0.0411
3061.479,1.3737,0.0410
3062.184,1.4014,0.0403
3062.889,1.4403,0.0409
3063.594,1.4085,0.0409
3064.300,1.3978,0.0450
3065.006,1.3802,0.0449
3065.711,1.4097,0.0410
3066.417,1.4676,0.0418
3067.124,1.4519,0.0417
3067.830,1.3579,0.0403
3068.536,1.4697,0.0409
3069.243,1.4347,0.0409
3069.950,1.4061,0.0409
3070.657,1.4483,0.0412
3071.364,1.4620,0.0415
3072.071,1.4438,0.0414
3072.779,1.4105,0.0405
3073.486,1.3475,0.0401
3074.194,1.3810,0.0407
3074.902,1.3880,0.0404
3075.610,1.3497,0.0443
3076.318,1.2634,0.0434
3077.027,1.4173,0.0405
3077.735,1.3762,0.0438
3078.444,1.3637,0.0442
3079.153,1.4549,0.0422
3079.862,1.3877,0.0426
3080.571,1.3308,0.0417
3081.281,1.3409,0.0443
3081.990,1.3077,0.0442
3082.700,1.3546,0.0402
3083.410,1.3298,0.0403
3084.120,1.2909,0.0404
3084.830,1.2905,0.0439
3085.541,1.1978,0.0424
3086.251,1.2932,0.0397
3086.962,1.2449,0.0409
3087.673,1.3528,0.0436
3088.384,1.3605,0.0412
3089.095,1.2848,0.0394
3089.806,1.4045,0.0424
3090.518,1.3467,0.0486
3091.230,1.3431,0.0453
3091.941,1.3633,0.0398
3092.654,1.4023,0.0405
3093.366,1.3981,0.0403
3094.078,1.3858,0.0412
3094.791,1.3629,0.0430
3095.503,1.4305,0.0450
3096.216,1.4443,0.0416
3096.929,1.4600,0.0423
3097.642,1.4639,0.0416
3098.356,1.3348,0.0405
3099.069,1.3665,0.0408
3099.783,1.3958,0.0427
3100.497,1.4360,0.0419
3101.211,1.4298,0.0433
3101.925,1.3820,0.0462
3102.639,1.4284,0.0436
3103.354,1.3959,0.0397
3104.068,1.4148,0.0401
3104.783,1.4471,0.0412
3105.498,1.4861,0.0413
3106.213,1.5149,0.0419
3106.928,1.4338,0.0408
3107.644,1.4261,0.0401
3108.360,1.4515,0.0401
3109.076,1.4365,0.0402
3109.792,1.4411,0.0402
3110.508,1.4848,0.0399
3111.224,1.4640,0.0399
3111.940,1.4475,0.0401
3112.657,1.4567,0.0393
3113.374,1.4565,0.0389
3114.091,1.4952,0.0390
3114.808,1.4465,0.0387
3115.525,1.4466,0.0386
3116.243,1.4699,0.0390
3116.960,1.4758,0.0395
3117.678,1.4064,0.0489
3118.396,1.3527,0.0398
3119.114,1.3858,0.0378
3119.833,1.4804,0.0379
3120.551,1.4447,0.0376
3121.270,1.4762,0.0380
3121.988,1.4824,0.0377
3122.707,1.4921,0.0380
3123.426,1.5214,0.0379
3124.146,1.4536,0.0364
3124.865,1.4813,0.0366
3125.585,1.4542,0.0369
3126.305,1.4636,0.0376
3127.024,1.4685,0.0374
3127.744,1.4391,0.0379
3128.465,1.4852,0.0381
3129.185,1.3913,0.0371
3129.906,1.4524,0.0372
3130.626,1.4561,0.0362
3131.348,1.3693,0.0354
3132.069,1.3496,0.0356
3132.790,1.3769,0.0358
3133.511,1.4208,0.0351
3134.233,1.3716,0.0344
3134.955,1.3909,0.0364
3135.677,1.4156,0.0379
3136.399,1.4024,0.0367
3137.121,1.4002,0.0358
3137.844,1.3995,0.0345
3138.566,1.3539,0.0337
3139.289,1.4253,0.0339
3140.012,1.4591,0.0351
3140.735,1.3816,0.0337
3141.458,1.3828,0.0338
3142.181,1.3741,0.0346
3142.905,1.3696,0.0344
3143.629,1.3710,0.0342
3144.353,1.3727,0.0330
3145.077,1.3990,0.0329
3145.801,1.3701,0.0330
3146.526,1.3728,0.0337
3147.250,1.4200,0.0344
3147.975,1.4643,0.0349
3148.700,1.4498,0.0344
3149.425,1.4133,0.0327
3150.150,1.4246,0.0327
3150.876,1.5210,0.0345
3151.601,1.4735,0.0341
3152.327,1.4212,0.0331
3153.053,1.4317,0.0333
3153.779,1.4935,0.0342
3154.505,1.5361,0.0343
3155.232,1.5020,0.0337
3155.958,1.5536,0.0341
3156.685,1.5496,0.0345
3157.412,1.5140,0.0345
3158.139,1.5150,0.0339
3158.867,1.5444,0.0344
3159.594,1.4955,0.0343
3160.322,1.4219,0.0333
3161.049,1.4837,0.0336
3161.777,1.5659,0.0339
3162.505,1.4626,0.0336
3163.234,1.4529,0.0337
3163.962,1.4887,0.0342
3164.691,1.4774,0.0336
3165.419,1.5154,0.0329
3166.148,1.5428,0.0338
3166.878,1.5590,0.0342
3167.607,1.6101,0.0346
3168.336,1.6116,0.0346
3169.066,1.6388,0.0343
3169.796,1.6724,0.0345
3170.526,1.6210,0.0343
3171.256,1.5832,0.0343
3171.986,1.6657,0.0351
3172.717,1.7574,0.0364
3173.447,1.6765,0.0359
3174.178,1.6429,0.0348
3174.909,1.6458,0.0348
3175.640,1.6455,0.0348
3176.371,1.5956,0.0352
3177.103,1.6321,0.0352
3177.834,1.6387,0.0346
3178.566,1.6394,0.0345
3179.298,1.6341,0.0351
3180.030,1.6548,0.0348
3180.763,1.6511,0.0343
3181.495,1.6899,0.0345
3182.228,1.6921,0.0350
3182.961,1.6345,0.0340
3183.694,1.6715,0.0342
3184.427,1.7069,0.0347
3185.160,1.6962,0.0350
3185.894,1.7665,0.0350
3186.627,1.7495,0.0351
3187.361,1.7341,0.0363
3188.095,1.7103,0.0362
3188.829,1.7950,0.0354
3189.564,1.7521,0.0358
3190.298,1.7541,0.0369
3191.033,1.7678,0.0368
3191.768,1.7261,0.0361
3192.503,1.7383,0.0364
3193.238,1.7837,0.0364
3193.973,1.7475,0.0364
3194.709,1.7429,0.0358
3195.445,1.7326,0.0358
3196.180,1.7052,0.0354
3196.917,1.7245,0.0356
3197.653,1.7434,0.0355
3198.389,1.7151,0.0379
3199.125,1.7793,0.0380
3199.862,1.6715,0.0346
3200.599,1.6951,0.0351
3201.336,1.7368,0.0363
3202.073,1.7072,0.0353
3202.811,1.7577,0.0356
3203.548,1.6671,0.0345
3204.286,1.6456,0.0343
3205.024,1.7072,0.0353
3205.762,1.6872,0.0389
3206.500,1.5870,0.0375
3207.239,1.6306,0.0384
3207.977,1.6188,0.0382
3208.716,1.5803,0.0334
3209.455,1.5977,0.0363
3210.194,1.6792,0.0366
3210.933,1.6442,0.0348
3211.673,1.6727,0.0346
3212.412,1.6207,0.0342
3213.152,1.6078,0.0339
3213.892,1.6058,0.0354
3214.632,1.6218,0.0350
3215.373,1.6322,0.0350
3216.113,1.5990,0.0347
3216.854,1.6007,0.0347
3217.594,1.7154,0.0394
3218.335,1.6786,0.0400
3219.076,1.6660,0.0353
3219.818,1.6792,0.0345
3220.559,1.6026,0.0345
3221.301,1.6729,0.0387
3222.043,1.6559,0.0375
3222.785,1.6527,0.0365
3223.527,1.6283,0.0379
3224.269,1.5869,0.0354
3225.012,1.6372,0.0343
3225.754,1.6170,0.0333
3226.497,1.5411,0.0332
3227.240,1.5981,0.0334
3227.983,1.6534,0.0340
3228.727,1.6855,0.0342
3229.470,1.7068,0.0343
3230.214,1.6309,0.0341
3230.958,1.6539,0.0341
3231.702,1.6746,0.0342
3232.446,1.6570,0.0341
3233.190,1.6488,0.0340
3233.935,1.6900,0.0345
3234.680,1.6813,0.0354
3235.425,1.7355,0.0359
3236.170,1.7385,0.0356
3236.915,1.6789,0.0348
3237.660,1.7224,0.0349
3238.406,1.7478,0.0370
3239.152,1.6532,0.0362
3239.897,1.6921,0.0360
3240.644,1.7341,0.0350
3241.390,1.7436,0.0349
3242.136,1.7377,0.0354
3242.883,1.7453,0.0357
3243.630,1.7446,0.0357
3244.377,1.7555,0.0355
3245.124,1.6989,0.0351
3245.871,1.7406,0.0361
3246.619,1.7710,0.0365
3247.366,1.7609,0.0357
3248.114,1.7841,0.0362
3248.862,1.7832,0.0365
3249.610,1.7582,0.0364
3250.359,1.8083,0.0369
3251.107,1.8398,0.0374
3251.856,1.8044,0.0383
3252.605,1.8362,0.0389
3253.354,1.8823,0.0393
3254.103,1.8463,0.0389
3254.852,1.8240,0.0386
3255.602,1.8316,0.0392
3256.352,1.8208,0.0385
3257.101,1.8254,0.0384
3257.851,1.7902,0.0379
3258.602,1.8055,0.0380
3259.352,1.8173,0.0376
3260.103,1.8157,0.0385
3260.853,1.8403,0.0386
3261.604,1.8182,0.0379
3262.355,1.7615,0.0379
3263.107,1.7766,0.0379
3263.858,1.7741,0.0378
3264.610,1.8086,0.0380
3265.362,1.7533,0.0383
3266.113,1.8150,0.0384
3266.866,1.8246,0.0418
3267.618,1.7486,0.0415
3268.370,1.8048,0.0421
3269.123,1.7995,0.0385
3269.876,1.6995,0.0374
3270.629,1.7244,0.0373
3271.382,1.7844,0.0378
3272.135,1.6979,0.0380
3272.889,1.7305,0.0376
3273.643,1.7310,0.0377
3274.396,1.6826,0.0371
3275.151,1.7432,0.0375
3275.905,1.6988,0.0372
3276.659,1.6972,0.0363
3277.414,1.7393,0.0370
3278.169,1.6699,0.0366
3278.923,1.6555,0.0361
3279.678,1.6662,0.0366
3280.434,1.6581,0.0373
3281.189,1.6754,0.0370
3281.945,1.6477,0.0349
3282.701,1.6052,0.0345
3283.457,1.6335,0.0348
3284.213,1.6403,0.0347
3284.969,1.5817,0.0342
3285.726,1.5510,0.0344
3286.482,1.5623,0.0337
3287.239,1.5391,0.0336
3287.996,1.5081,0.0339
3288.753,1.6072,0.0345
3289.510,1.5506,0.0342
3290.268,1.5038,0.0331
3291.026,1.5627,0.0333
3291.783,1.6154,0.0345
3292.542,1.5709,0.0350
3293.300,1.5875,0.0347
3294.058,1.5475,0.0343
3294.817,1.4957,0.0330
3295.575,1.5169,0.0340
3296.334,1.5641,0.0359
3297.094,1.5024,0.0355
3297.853,1.4836,0.0345
3298.612,1.4883,0.0338
3299.372,1.4692,0.0333
3300.132,1.4952,0.0334
3300.892,1.5158,0.0329
3301.652,1.4947,0.0326
3302.412,1.5184,0.0327
3303.173,1.5519,0.0330
3303.933,1.5037,0.0328
3304.694,1.4684,0.0319
3305.455,1.4997,0.0319
3306.217,1.5325,0.0334
3306.978,1.4623,0.0337
3307.739,1.4232,0.0329
3308.501,1.4277,0.0332
3309.263,1.4474,0.0326
3310.025,1.4800,0.0317
3310.787,1.4437,0.0314
3311.550,1.4890,0.0322
3312.312,1.4602,0.0315
3313.075,1.4501,0.0314
3313.838,1.4751,0.0314
3314.601,1.4771,0.0311
3315.364,1.4167,0.0309
3316.128,1.4247,0.0306
3316.892,1.4099,0.0334
3317.656,1.4264,0.0339
3318.419,1.4284,0.0306
3319.184,1.3662,0.0301
3319.948,1.3433,0.0292
3320.712,1.3340,0.0287
3321.477,1.3686,0.0289
3322.242,1.4035,0.0296
3323.007,1.4167,0.0309
3323.772,1.4617,0.0316
3324.538,1.4245,0.0308
3325.303,1.4212,0.0301
3326.069,1.4065,0.0299
3326.835,1.4323,0.0301
3327.601,1.4321,0.0302
3328.367,1.4326,0.0302
3329.134,1.4422,0.0301
3329.901,1.4479,0.0301
3330.667,1.4487,0.0301
3331.434,1.4625,0.0303
3332.202,1.4622,0.0304
3332.969,1.4623,0.0302
3333.737,1.4502,0.0300
3334.504,1.4636,0.0303
3335.272,1.4779,0.0317
3336.040,1.4471,0.0304
3336.808,1.4687,0.0301
3337.577,1.5134,0.0301
3338.345,1.5465,0.0303
3339.114,1.5027,0.0300
3339.883,1.4589,0.0302
3340.652,1.4693,0.0303
3341.422,1.4788,0.0309
3342.191,1.5045,0.0315
3342.961,1.5594,0.0319
3343.730,1.4827,0.0305
3344.500,1.5010,0.0303
3345.271,1.4882,0.0310
3346.041,1.4941,0.0317
3346.812,1.5285,0.0313
3347.582,1.4976,0.0304
3348.353,1.5136,0.0305
3349.125,1.5341,0.0304
3349.896,1.5531,0.0305
3350.667,1.5180,0.0304
3351.439,1.5614,0.0308
3352.210,1.5650,0.0308
3352.982,1.5815,0.0309
3353.755,1.5241,0.0308
3354.527,1.5135,0.0310
3355.299,1.5307,0.0309
3356.072,1.5261,0.0312
3356.845,1.5460,0.0310
3357.618,1.5126,0.0307
3358.391,1.5595,0.0307
3359.165,1.6084,0.0317
3359.938,1.6204,0.0327
3360.712,1.5915,0.0320
3361.486,1.5824,0.0313
3362.260,1.5447,0.0311
3363.034,1.5495,0.0316
3363.809,1.5601,0.0332
3364.583,1.5340,0.0332
3365.358,1.5387,0.0320
3366.133,1.5398,0.0311
3366.908,1.5671,0.0313
3367.684,1.5414,0.0308
3368.459,1.5712,0.0308
3369.235,1.5609,0.0308
3370.010,1.5477,0.0310
3370.787,1.5586,0.0308
3371.563,1.5159,0.0307
3372.339,1.5662,0.0316
3373.116,1.5603,0.0319
3373.893,1.5575,0.0315
3374.670,1.5493,0.0312
3375.447,1.5165,0.0313
3376.224,1.5890,0.0318
3377.002,1.5473,0.0312
3377.779,1.5747,0.0332
3378.557,1.5775,0.0334
3379.335,1.5155,0.0331
3380.113,1.5519,0.0332
3380.892,1.5514,0.0330
3381.670,1.5583,0.0333
3382.449,1.5191,0.0310
3383.228,1.5207,0.0309
3384.007,1.5835,0.0314
3384.786,1.5852,0.0315
3385.566,1.5984,0.0316
3386.345,1.5694,0.0315
3387.125,1.5498,0.0314
3387.905,1.5317,0.0306
3388.686,1.5529,0.0306
3389.466,1.5317,0.0302
3390.247,1.4863,0.0298
3391.027,1.5094,0.0305
3391.808,1.5187,0.0307
3392.589,1.5349,0.0309
3393.370,1.5323,0.0311
3394.152,1.5240,0.0309
3394.933,1.5329,0.0310
3395.715,1.5392,0.0306
3396.497,1.5308,0.0304
3397.280,1.5378,0.0304
3398.062,1.5015,0.0309
3398.844,1.5392,0.0310
3399.627,1.4951,0.0303
3400.410,1.5362,0.0304
3401.193,1.4954,0.0298
3401.976,1.4531,0.0300
3402.760,1.5710,0.0308
3403.543,1.5188,0.0332
3404.327,1.4628,0.0324
3405.111,1.4394,0.0320
3405.895,1.5185,0.0370
3406.679,1.4916,0.0335
3407.464,1.5014,0.0304
3408.249,1.5349,0.0307
3409.033,1.4951,0.0303
3409.819,1.4912,0.0302
3410.604,1.5743,0.0308
3411.389,1.5717,0.0312
3412.175,1.4807,0.0307
3412.960,1.5351,0.0307
3413.746,1.5115,0.0302
3414.533,1.5211,0.0302
3415.319,1.5106,0.0303
3416.105,1.4870,0.0302
3416.892,1.4694,0.0306
3417.679,1.5311,0.0315
3418.466,1.5449,0.0320
3419.253,1.5533,0.0323
3420.041,1.5669,0.0326
3420.828,1.5198,0.0325
3421.616,1.5133,0.0312
3422.404,1.4887,0.0308
3423.192,1.5894,0.0315
3423.980,1.5976,0.0314
3424.769,1.5164,0.0309
3425.558,1.5234,0.0306
3426.346,1.5997,0.0314
3427.135,1.5622,0.0315
3427.925,1.6071,0.0317
3428.714,1.6053,0.0320
3429.504,1.6059,0.0326
3430.293,1.6151,0.0327
3431.083,1.6148,0.0336
3431.874,1.6433,0.0335
3432.664,1.6028,0.0327
3433.454,1.6393,0.0332
3434.245,1.6786,0.0339
3435.036,1.5986,0.0340
3435.827,1.5460,0.0343
3436.618,1.6033,0.0338
3437.410,1.5753,0.0325
3438.201,1.5686,0.0323
3438.993,1.5459,0.0318
3439.785,1.5683,0.0320
3440.577,1.5894,0.0324
3441.369,1.5559,0.0315
3442.162,1.5828,0.0318
3442.954,1.6193,0.0324
3443.747,1.6086,0.0322
3444.541,1.5547,0.0311
3445.333,1.5620,0.0309
3446.127,1.5379,0.0310
3446.920,1.5958,0.0326
3447.714,1.6360,0.0338
3448.508,1.6085,0.0334
3449.302,1.5846,0.0328
3450.097,1.5417,0.0318
3450.891,1.5816,0.0326
3451.686,1.6351,0.0331
3452.481,1.5813,0.0331
3453.276,1.5718,0.0331
3454.071,1.5824,0.0330
3454.866,1.5377,0.0322
3455.662,1.6044,0.0321
3456.458,1.5650,0.0321
3457.254,1.5636,0.0321
3458.050,1.5573,0.0321
3458.846,1.5291,0.0318
3459.643,1.5378,0.0323
3460.440,1.5351,0.0323
3461.237,1.5756,0.0319
3462.034,1.5254,0.0319
3462.831,1.5345,0.0315
3463.628,1.5743,0.0326
3464.426,1.5001,0.0326
3465.224,1.5228,0.0339
3466.021,1.6052,0.0342
3466.820,1.6071,0.0331
3467.618,1.6162,0.0336
3468.417,1.6469,0.0346
3469.215,1.6366,0.0346
3470.014,1.5816,0.0333
3470.813,1.5730,0.0321
3471.613,1.5480,0.0320
3472.412,1.5501,0.0327
3473.212,1.5738,0.0328
3474.012,1.5963,0.0324
3474.812,1.5515,0.0317
3475.612,1.5773,0.0317
3476.412,1.5357,0.0328
3477.213,1.5845,0.0344
3478.013,1.6109,0.0343
3478.815,1.5352,0.0332
3479.616,1.6205,0.0325
3480.417,1.5638,0.0319
3481.219,1.5324,0.0315
3482.020,1.5111,0.0306
3482.822,1.5311,0.0313
3483.624,1.5756,0.0315
3484.426,1.5256,0.0305
3485.229,1.5532,0.0310
3486.031,1.5638,0.0322
3486.834,1.5593,0.0326
3487.637,1.5534,0.0325
3488.440,1.5754,0.0325
3489.243,1.5813,0.0324
3490.047,1.4870,0.0335
3490.851,1.5465,0.0346
3491.655,1.5889,0.0335
3492.458,1.5685,0.0325
3493.263,1.5329,0.0314
3494.067,1.5299,0.0305
3494.872,1.5069,0.0304
3495.677,1.5374,0.0304
3496.482,1.5289,0.0303
3497.287,1.5007,0.0301
3498.092,1.5397,0.0305
3498.898,1.4612,0.0301
3499.704,1.4971,0.0299
3500.510,1.4700,0.0299
3501.316,1.4822,0.0304
3502.122,1.5070,0.0307
3502.928,1.4698,0.0299
3503.735,1.4758,0.0298
3504.542,1.5099,0.0300
3505.349,1.4730,0.0294
3506.156,1.4752,0.0304
3506.964,1.5093,0.0310
3507.771,1.4903,0.0309
3508.579,1.4567,0.0303
3509.387,1.4608,0.0297
3510.195,1.4540,0.0289
3511.004,1.4726,0.0291
3511.812,1.4902,0.0290
3512.621,1.4381,0.0308
3513.430,1.4211,0.0307
3514.239,1.4268,0.0311
3515.048,1.4214,0.0312
3515.857,1.4569,0.0318
3516.667,1.4603,0.0313
3517.477,1.4503,0.0288
3518.287,1.4507,0.0284
3519.097,1.4282,0.0282
3519.908,1.4093,0.0284
3520.718,1.4051,0.0287
3521.529,1.4393,0.0291
3522.340,1.4077,0.0289
3523.151,1.3466,0.0283
3523.962,1.4205,0.0323
3524.774,1.4606,0.0331
3525.586,1.4118,0.0317
3526.398,1.3472,0.0311
3527.210,1.3420,0.0308
3528.022,1.3823,0.0312
3528.834,1.4163,0.0281
3529.647,1.4142,0.0280
3530.460,1.3984,0.0279
3531.273,1.4096,0.0283
3532.086,1.4138,0.0280
3532.899,1.3948,0.0277
3533.713,1.3777,0.0277
3534.527,1.3968,0.0279
3535.341,1.3844,0.0277
3536.155,1.3739,0.0277
3536.969,1.3643,0.0276
3537.784,1.3640,0.0278
3538.598,1.3969,0.0283
3539.413,1.3758,0.0278
3540.228,1.3510,0.0274
3541.044,1.3786,0.0279
3541.859,1.3817,0.0280
3542.675,1.3666,0.0280
3543.490,1.4085,0.0285
3544.307,1.4313,0.0283
3545.123,1.3820,0.0279
3545.939,1.3515,0.0279
3546.756,1.4135,0.0283
3547.572,1.4015,0.0275
3548.389,1.3182,0.0274
3549.207,1.3470,0.0272
3550.024,1.3784,0.0275
3550.841,1.3662,0.0272
3551.659,1.3767,0.0278
3552.477,1.3666,0.0273
3553.295,1.3531,0.0272
3554.113,1.3458,0.0270
3554.932,1.3834,0.0270
3555.750,1.3785,0.0274
3556.569,1.3656,0.0274
3557.388,1.4280,0.0298
3558.208,1.3446,0.0289
3559.027,1.3630,0.0272
3559.847,1.3751,0.0272
3560.666,1.3515,0.0272
3561.486,1.3923,0.0275
3562.306,1.4162,0.0277
3563.127,1.3621,0.0272
3563.947,1.3750,0.0284
3564.768,1.4469,0.0293
3565.589,1.4349,0.0290
3566.410,1.4177,0.0287
3567.231,1.4780,0.0287
3568.053,1.3969,0.0280
3568.875,1.4029,0.0281
3569.696,1.3984,0.0278
3570.518,1.3763,0.0278
3571.341,1.3924,0.0287
3572.163,1.3708,0.0280
3572.986,1.3903,0.0280
3573.808,1.3827,0.0285
3574.631,1.3921,0.0283
3575.455,1.4033,0.0283
3576.278,1.4009,0.0277
3577.102,1.3828,0.0276
3577.925,1.4129,0.0279
3578.749,1.4060,0.0280
3579.573,1.4170,0.0282
3580.398,1.4447,0.0287
3581.222,1.3875,0.0280
3582.047,1.3718,0.0277
3582.872,1.3811,0.0280
3583.697,1.3853,0.0278
3584.522,1.3824,0.0282
3585.348,1.4042,0.0281
3586.173,1.4298,0.0281
3586.999,1.4036,0.0282
3587.825,1.4481,0.0290
3588.651,1.4094,0.0312
3589.478,1.3923,0.0304
3590.304,1.3891,0.0302
3591.131,1.3980,0.0278
3591.958,1.3977,0.0280
3592.785,1.3814,0.0279
3593.613,1.3903,0.0281
3594.440,1.4030,0.0281
3595.268,1.3941,0.0279
3596.096,1.3836,0.0275
3596.924,1.3771,0.0280
3597.752,1.3744,0.0285
3598.581,1.3969,0.0301
3599.410,1.4163,0.0302
3600.239,1.4096,0.0289
3601.068,1.3724,0.0290
3601.897,1.3795,0.0288
3602.726,1.4629,0.0310
3603.556,1.4176,0.0311
3604.386,1.4130,0.0289
3605.216,1.4374,0.0293
3606.046,1.3794,0.0283
3606.876,1.3725,0.0284
3607.707,1.3952,0.0286
3608.538,1.4045,0.0297
3609.369,1.4162,0.0316
3610.200,1.4173,0.0332
3611.031,1.3786,0.0314
3611.863,1.3886,0.0307
3612.695,1.3895,0.0314
3613.527,1.3699,0.0314
3614.359,1.4035,0.0300
3615.191,1.3934,0.0288
3616.024,1.2992,0.0281
3616.856,1.3543,0.0290
3617.689,1.3969,0.0291
3618.522,1.3625,0.0281
3619.356,1.3563,0.0282
3620.189,1.3836,0.0284
3621.023,1.4267,0.0289
3621.857,1.4036,0.0289
3622.691,1.4389,0.0290
3623.525,1.4377,0.0290
3624.360,1.3656,0.0279
3625.194,1.3615,0.0280
3626.029,1.4150,0.0287
3626.864,1.3502,0.0292
3627.699,1.4057,0.0316
3628.535,1.4228,0.0328
3629.370,1.4032,0.0326
3630.206,1.3873,0.0322
3631.042,1.3924,0.0332
3631.878,1.3466,0.0326
3632.715,1.3649,0.0319
3633.551,1.3875,0.0310
3634.388,1.3572,0.0299
3635.225,1.3581,0.0294
3636.062,1.3507,0.0286
3636.899,1.3378,0.0282
3637.737,1.3424,0.0283
3638.574,1.3362,0.0279
3639.412,1.3222,0.0281
3640.250,1.3477,0.0288
3641.089,1.4145,0.0298
3641.927,1.3507,0.0304
3642.766,1.3775,0.0302
3643.605,1.3458,0.0288
3644.444,1.3192,0.0282
3645.283,1.3034,0.0280
3646.123,1.3389,0.0280
3646.962,1.3932,0.0287
3647.802,1.3405,0.0287
3648.642,1.3343,0.0288
3649.482,1.3309,0.0281
3650.323,1.3543,0.0278
3651.164,1.3705,0.0276
3652.004,1.3554,0.0279
3652.845,1.3347,0.0280
3653.686,1.3673,0.0304
3654.528,1.3668,0.0305
3655.369,1.3367,0.0292
3656.211,1.3492,0.0282
3657.053,1.3499,0.0280
3657.895,1.3050,0.0281
3658.738,1.3204,0.0289
3659.580,1.3127,0.0302
3660.423,1.2581,0.0310
3661.266,1.2985,0.0288
3662.109,1.3194,0.0270
3662.952,1.3441,0.0274
3663.796,1.3295,0.0274
3664.640,1.3413,0.0275
3665.484,1.3305,0.0273
3666.328,1.3365,0.0269
3667.172,1.3520,0.0277
3668.017,1.3309,0.0290
3668.861,1.3519,0.0300
3669.706,1.3434,0.0291
3670.551,1.3255,0.0282
3671.396,1.3924,0.0287
3672.242,1.4054,0.0305
3673.087,1.3440,0.0321
3673.933,1.3322,0.0321
3674.780,1.3589,0.0300
3675.626,1.3689,0.0282
3676.472,1.3644,0.0284
3677.319,1.3446,0.0283
3678.166,1.3145,0.0276
3679.013,1.3315,0.0274
3679.860,1.3166,0.0271
3680.707,1.2932,0.0273
3681.555,1.3205,0.0279
3682.403,1.3565,0.0286
3683.250,1.4009,0.0295
3684.099,1.3868,0.0304
3684.947,1.3855,0.0298
3685.796,1.3804,0.0291
3686.645,1.3580,0.0287
3687.494,1.4038,0.0294
3688.343,1.3425,0.0301
3689.192,1.3608,0.0307
3690.042,1.3689,0.0300
3690.892,1.3523,0.0286
3691.741,1.3766,0.0292
3692.592,1.4033,0.0297
3693.442,1.3720,0.0288
3694.292,1.3451,0.0282
3695.143,1.3309,0.0277
3695.994,1.3265,0.0277
3696.845,1.3121,0.0277
3697.697,1.3010,0.0272
3698.548,1.3430,0.0276
3699.400,1.3903,0.0290
3700.252,1.3855,0.0288
3701.104,1.3334,0.0281
3701.956,1.3260,0.0281
3702.809,1.3392,0.0282
3703.661,1.3076,0.0282
3704.514,1.3595,0.0284
3705.367,1.4345,0.0301
3706.220,1.4032,0.0304
3707.074,1.3556,0.0297
3707.928,1.3238,0.0284
3708.781,1.3773,0.0281
3709.636,1.3533,0.0284
3710.490,1.3257,0.0277
3711.344,1.3481,0.0279
3712.199,1.3396,0.0276
3713.054,1.3067,0.0273
3713.909,1.3248,0.0274
3714.764,1.3302,0.0274
3715.620,1.3562,0.0282
3716.476,1.3835,0.0283
3717.331,1.3816,0.0281
3718.188,1.3812,0.0280
3719.043,1.3742,0.0281
3719.900,1.3558,0.0287
3720.757,1.3499,0.0288
3721.614,1.3679,0.0290
3722.470,1.3493,0.0285
3723.328,1.3448,0.0281
3724.185,1.4173,0.0286
3725.043,1.3692,0.0299
3725.901,1.3692,0.0292
3726.759,1.3762,0.0290
3727.617,1.3798,0.0284
3728.475,1.3737,0.0287
3729.334,1.4010,0.0288
3730.193,1.3548,0.0281
3731.052,1.3379,0.0276
3731.911,1.3735,0.0277
3732.770,1.3138,0.0272
3733.630,1.3321,0.0277
3734.490,1.3197,0.0278
3735.350,1.3441,0.0287
3736.210,1.3148,0.0281
3737.070,1.2847,0.0272
3737.931,1.3517,0.0281
3738.792,1.3545,0.0281
3739.653,1.3426,0.0278
3740.514,1.3352,0.0274
3741.375,1.3438,0.0277
3742.237,1.3200,0.0269
3743.099,1.2798,0.0270
3743.960,1.3258,0.0270
3744.823,1.3187,0.0274
3745.685,1.3694,0.0275
3746.548,1.3650,0.0287
3747.411,1.3265,0.0290
3748.273,1.3500,0.0280
3749.136,1.3827,0.0286
3750.000,1.3378,0.0282
3750.864,1.3511,0.0277
3751.727,1.3452,0.0271
3752.592,1.3657,0.0277
3753.456,1.3694,0.0283
3754.320,1.3398,0.0275
3755.184,1.3326,0.0272
3756.049,1.3188,0.0273
3756.914,1.3125,0.0271
3757.779,1.3152,0.0273
3758.645,1.3568,0.0276
3759.510,1.3520,0.0275
3760.376,1.3475,0.0272
3761.242,1.3230,0.0271
3762.108,1.3226,0.0270
3762.974,1.3287,0.0268
3763.841,1.3434,0.0268
3764.708,1.2937,0.0267
3765.575,1.3195,0.0269
3766.442,1.3462,0.0274
3767.309,1.3498,0.0277
3768.177,1.3297,0.0271
3769.045,1.3027,0.0265
3769.912,1.3775,0.0269
3770.781,1.3606,0.0268
3771.649,1.3180,0.0269
3772.518,1.3644,0.0276
3773.386,1.3589,0.0274
3774.255,1.3040,0.0270
3775.124,1.3291,0.0271
3775.994,1.3255,0.0270
3776.863,1.3209,0.0271
3777.733,1.3104,0.0271
3778.603,1.2916,0.0264
3779.473,1.2883,0.0265
3780.343,1.2664,0.0266
3781.214,1.3173,0.0268
3782.085,1.3189,0.0269
3782.956,1.2825,0.0263
3783.827,1.2624,0.0261
3784.698,1.2702,0.0264
3785.570,1.3125,0.0268
3786.442,1.3586,0.0275
3787.313,1.3558,0.0279
3788.186,1.3484,0.0279
3789.058,1.3431,0.0276
3789.930,1.3183,0.0273
3790.803,1.2871,0.0268
3791.677,1.2454,0.0266
3792.550,1.2781,0.0269
3793.423,1.3013,0.0274
3794.297,1.2741,0.0269
3795.170,1.2732,0.0269
3796.044,1.3007,0.0273
3796.918,1.3466,0.0279
3797.793,1.3043,0.0282
3798.667,1.2513,0.0279
3799.542,1.2625,0.0276
3800.417,1.2989,0.0274
3801.292,1.3260,0.0275
3802.168,1.2748,0.0277
3803.043,1.3049,0.0278
3803.919,1.3143,0.0275
3804.795,1.2793,0.0270
3805.671,1.2938,0.0272
3806.548,1.2978,0.0270
3807.424,1.2762,0.0267
3808.301,1.2145,0.0265
3809.178,1.2547,0.0268
3810.055,1.3273,0.0276
3810.933,1.2972,0.0270
3811.810,1.2697,0.0261
3812.688,1.2608,0.0259
3813.566,1.2554,0.0266
3814.444,1.2688,0.0270
3815.323,1.2770,0.0271
3816.201,1.2582,0.0272
3817.080,1.2815,0.0271
3817.959,1.2466,0.0267
3818.838,1.2520,0.0271
3819.718,1.2626,0.0278
3820.597,1.2656,0.0276
3821.477,1.2910,0.0269
3822.357,1.1988,0.0262
3823.237,1.2078,0.0268
3824.118,1.2106,0.0274
3824.999,1.1899,0.0274
3825.879,1.2176,0.0293
3826.760,1.2110,0.0332
3827.641,1.1093,0.0354
3828.523,1.1167,0.0335
3829.405,1.1651,0.0336
3830.287,1.1899,0.0339
3831.168,1.2035,0.0313
3832.051,1.2198,0.0284
3832.933,1.2197,0.0277
3833.816,1.2067,0.0287
3834.699,1.1986,0.0291
3835.582,1.2207,0.0286
3836.465,1.2238,0.0270
3837.349,1.1805,0.0264
3838.233,1.2356,0.0268
3839.116,1.1847,0.0270
3840.000,1.1913,0.0272
3840.885,1.1795,0.0269
3841.769,1.1910,0.0269
3842.654,1.2075,0.0270
3843.539,1.1970,0.0270
3844.424,1.1808,0.0275
3845.309,1.2100,0.0321
3846.195,1.1744,0.0410
3847.080,1.2101,0.0429
3847.966,1.2064,0.0337
3848.852,1.2002,0.0290
3849.739,1.2636,0.0304
3850.625,1.2331,0.0319
3851.512,1.2348,0.0321
3852.399,1.2230,0.0294
3853.286,1.2245,0.0282
3854.173,1.2642,0.0287
3855.061,1.2454,0.0285
3855.949,1.2013,0.0284
3856.837,1.2365,0.0285
3857.725,1.2169,0.0283
3858.613,1.1735,0.0274
3859.502,1.2132,0.0277
3860.391,1.2083,0.0292
3861.280,1.1491,0.0302
3862.169,1.1106,0.0275
3863.058,1.1135,0.0260
3863.948,1.1396,0.0263
3864.838,1.1919,0.0272
3865.728,1.2404,0.0289
3866.618,1.1737,0.0321
3867.509,1.1096,0.0368
3868.399,1.0920,0.0384
3869.290,1.1819,0.0310
3870.181,1.1852,0.0275
3871.072,1.1860,0.0271
3871.964,1.1734,0.0264
3872.855,1.1732,0.0273
3873.747,1.1601,0.0297
3874.639,1.0693,0.0310
3875.531,1.0876,0.0299
3876.424,1.0755,0.0268
3877.316,1.0269,0.0256
3878.209,1.0383,0.0260
3879.103,1.0471,0.0290
3879.996,1.0267,0.0349
3880.890,0.9562,0.0435
3881.783,0.7318,0.0383
3882.677,0.4965,0.0219
3883.571,0.4237,0.0186
3884.465,0.4805,0.0189
3885.360,0.6062,0.0200
3886.255,0.8130,0.0223
3887.150,0.8524,0.0229
3888.045,0.7586,0.0219
3888.940,0.7328,0.0228
3889.836,0.7908,0.0256
3890.731,0.8157,0.0263
3891.627,0.9045,0.0255
3892.524,1.0082,0.0247
3893.420,1.0782,0.0260
3894.317,0.9782,0.0278
3895.213,0.8095,0.0314
3896.111,0.7158,0.0347
3897.008,0.6120,0.0283
3897.905,0.6923,0.0225
3898.803,0.6501,0.0215
3899.701,0.6194,0.0208
3900.598,0.6675,0.0205
3901.497,0.6753,0.0205
3902.396,0.6371,0.0195
3903.294,0.5084,0.0180
3904.193,0.4401,0.0174
3905.092,0.4787,0.0181
3905.991,0.5992,0.0198
3906.891,0.7592,0.0237
3907.790,0.9301,0.0263
3908.690,1.0582,0.0266
3909.591,1.1053,0.0261
3910.491,1.0729,0.0256
3911.391,1.0888,0.0268
3912.292,1.1554,0.0308
3913.193,1.0691,0.0315
3914.094,1.1323,0.0291
3914.996,1.0912,0.0260
3915.897,0.9790,0.0242
3916.799,0.7903,0.0214
3917.701,0.6009,0.0198
3918.603,0.7068,0.0210
3919.505,0.7630,0.0213
3920.408,0.9659,0.0234
3921.311,1.0200,0.0247
3922.214,0.9135,0.0234
3923.117,0.9098,0.0230
3924.020,0.9984,0.0240
3924.924,1.0147,0.0241
3925.828,1.0457,0.0249
3926.732,1.1224,0.0270
3927.636,1.1642,0.0287
3928.541,1.0882,0.0266
3929.446,0.9573,0.0245
3930.350,0.9071,0.0245
3931.256,0.8754,0.0244
3932.161,0.8519,0.0261
3933.066,0.7953,0.0250
3933.972,0.7135,0.0220
3934.878,0.7716,0.0216
3935.784,0.8600,0.0222
3936.690,0.8305,0.0220
3937.597,0.7284,0.0213
3938.504,0.6476,0.0197
3939.411,0.6638,0.0196
3940.318,0.8110,0.0232
3941.225,0.9401,0.0256
3942.133,1.0444,0.0248
3943.041,1.1127,0.0255
3943.949,1.1729,0.0293
3944.857,1.2552,0.0288
3945.765,1.1912,0.0265
3946.674,1.2249,0.0272
3947.583,1.1918,0.0269
3948.492,1.2125,0.0271
3949.401,1.2592,0.0280
3950.311,1.2502,0.0293
3951.221,1.2437,0.0302
3952.130,1.2501,0.0292
3953.041,1.2432,0.0298
3953.951,1.2434,0.0302
3954.861,1.2449,0.0303
3955.772,1.1820,0.0292
3956.683,1.2385,0.0286
3957.594,1.2812,0.0279
3958.506,1.2472,0.0270
3959.417,1.2159,0.0269
3960.329,1.2227,0.0268
3961.241,1.2206,0.0273
3962.153,1.2260,0.0271
3963.066,1.2239,0.0265
3963.978,1.2001,0.0267
3964.891,1.2211,0.0271
3965.804,1.2537,0.0299
3966.718,1.2069,0.0271
3967.631,1.1728,0.0262
3968.545,1.1443,0.0260
3969.458,1.1372,0.0256
3970.373,1.1891,0.0259
3971.287,1.2533,0.0263
3972.201,1.2240,0.0268
3973.116,1.1912,0.0265
3974.031,1.2094,0.0264
3974.946,1.2147,0.0271
3975.862,1.2455,0.0282
3976.777,1.2526,0.0314
3977.693,1.2155,0.0345
3978.609,1.1982,0.0324
3979.525,1.2171,0.0281
3980.442,1.2112,0.0281
3981.358,1.1934,0.0282
3982.275,1.2034,0.0281
3983.192,1.2291,0.0268
3984.109,1.2028,0.0265
3985.027,1.2208,0.0268
3985.945,1.1886,0.0266
3986.863,1.1924,0.0264
3987.781,1.2272,0.0271
3988.699,1.2218,0.0270
3989.617,1.2133,0.0266
3990.536,1.1900,0.0262
3991.455,1.2170,0.0264
3992.374,1.2288,0.0268
3993.294,1.2074,0.0266
3994.213,1.1921,0.0276
3995.133,1.2589,0.0286
3996.053,1.2499,0.0280
3996.973,1.2308,0.0268
3997.894,1.2140,0.0267
3998.815,1.1754,0.0262
3999.736,1.1622,0.0263
4000.656,1.1626,0.0263
4001.578,1.2114,0.0280
4002.499,1.2038,0.0314
4003.421,1.1896,0.0315
4004.343,1.2167,0.0285
4005.265,1.1831,0.0266
4006.188,1.1854,0.0265
4007.110,1.1759,0.0258
4008.033,1.1874,0.0261
4008.956,1.1842,0.0266
4009.879,1.2035,0.0285
4010.802,1.2613,0.0302
4011.726,1.2499,0.0282
4012.650,1.1437,0.0259
4013.574,1.1806,0.0272
4014.498,1.1791,0.0294
4015.422,1.1226,0.0336
4016.347,1.1622,0.0401
4017.272,1.1460,0.0453
4018.197,1.1654,0.0481
4019.123,1.1294,0.0469
4020.048,1.1512,0.0467
4020.974,1.1978,0.0461
4021.900,1.1505,0.0442
4022.826,1.1545,0.0419
4023.752,1.2251,0.0403
4024.679,1.1782,0.0367
4025.606,1.1772,0.0331
4026.533,1.1771,0.0304
4027.460,1.1397,0.0288
4028.388,1.2263,0.0308
4029.315,1.1569,0.0329
4030.243,1.1756,0.0349
4031.171,1.1982,0.0349
4032.100,1.1519,0.0358
4033.029,1.1134,0.0378
4033.957,1.1151,0.0351
4034.886,1.1752,0.0330
4035.815,1.1088,0.0316
4036.745,1.1130,0.0314
4037.674,1.1803,0.0317
4038.604,1.1325,0.0306
4039.534,1.1027,0.0298
4040.464,1.1425,0.0302
4041.395,1.0692,0.0285
4042.325,1.1116,0.0287
4043.256,1.1613,0.0288
4044.187,1.0222,0.0280
4045.119,1.1744,0.0289
4046.050,1.0909,0.0285
4046.982,1.0661,0.0275
4047.914,1.1593,0.0281
4048.846,1.1544,0.0280
4049.778,1.0977,0.0289
4050.711,1.2783,0.0310
4051.644,1.1744,0.0294
4052.577,1.1570,0.0269
4053.510,1.1882,0.0274
4054.444,1.1445,0.0261
4055.377,1.0723,0.0251
4056.311,1.0825,0.0250
4057.245,1.1417,0.0257
4058.179,1.1266,0.0252
4059.114,1.1339,0.0261
4060.049,1.1488,0.0260
4060.984,1.1214,0.0260
4061.919,1.1059,0.0255
4062.855,1.1110,0.0257
4063.790,1.1085,0.0261
4064.726,1.0962,0.0286
4065.662,1.1051,0.0289
4066.598,1.1451,0.0263
4067.535,1.1052,0.0257
4068.471,1.1497,0.0261
4069.408,1.1599,0.0267
4070.346,1.1258,0.0264
4071.283,1.1530,0.0263
4072.220,1.1413,0.0259
4073.158,1.0896,0.0256
4074.096,1.1252,0.0262
4075.034,1.0874,0.0261
4075.973,1.0812,0.0297
4076.911,1.1038,0.0381
4077.850,1.1177,0.0385
4078.789,1.1159,0.0392
4079.729,1.0867,0.0392
4080.668,1.0767,0.0341
4081.608,1.0983,0.0299
4082.548,1.1448,0.0279
4083.488,1.1615,0.0294
4084.428,1.1244,0.0295
4085.369,1.0702,0.0284
4086.310,1.1061,0.0264
4087.251,1.1151,0.0259
4088.192,1.0887,0.0261
4089.133,1.0857,0.0266
4090.075,1.1127,0.0265
4091.017,1.1104,0.0261
4091.959,1.1214,0.0266
4092.901,1.1219,0.0261
4093.844,1.1036,0.0257
4094.786,1.1101,0.0268
4095.729,1.1315,0.0326
4096.673,1.1405,0.0456
4097.616,1.1444,0.0446
4098.560,1.1845,0.0396
4099.503,1.1927,0.0302
4100.448,1.1508,0.0291
4101.392,1.1973,0.0322
4102.336,1.1818,0.0323
4103.281,1.1433,0.0312
4104.226,1.1226,0.0287
4105.171,1.1428,0.0271
4106.116,1.1567,0.0270
4107.062,1.1308,0.0271
4108.008,1.1678,0.0283
4108.954,1.1641,0.0298
4109.900,1.1449,0.0293
4110.847,1.1300,0.0279
4111.793,1.1178,0.0282
4112.740,1.1842,0.0315
4113.687,1.1561,0.0301
4114.635,1.1407,0.0271
4115.582,1.1594,0.0271
4116.530,1.1662,0.0274
4117.478,1.1410,0.0269
4118.426,1.1792,0.0298
4119.375,1.1478,0.0359
4120.323,1.1071,0.0386
4121.272,1.0960,0.0363
4122.221,1.1329,0.0300
4123.170,1.1637,0.0267
4124.120,1.1090,0.0262
4125.069,1.1640,0.0269
4126.020,1.1287,0.0274
4126.970,1.1411,0.0290
4127.920,1.1814,0.0317
4128.871,1.1443,0.0306
4129.821,1.1709,0.0279
4130.772,1.1102,0.0268
4131.724,1.0975,0.0268
4132.675,1.1577,0.0288
4133.627,1.1860,0.0400
4134.579,1.0748,0.0472
4135.531,1.1163,0.0418
4136.483,1.1600,0.0324
4137.436,1.1864,0.0294
4138.388,1.2018,0.0274
4139.341,1.1417,0.0272
4140.295,1.1332,0.0269
4141.248,1.1215,0.0262
4142.202,1.1744,0.0267
4143.156,1.1616,0.0278
4144.110,1.1863,0.0294
4145.064,1.1847,0.0319
4146.019,1.0617,0.0303
4146.974,1.1578,0.0282
4147.929,1.1272,0.0281
4148.884,1.1395,0.0293
4149.839,1.1467,0.0334
4150.795,1.1526,0.0434
4151.750,1.2219,0.0519
4152.707,1.1226,0.0443
4153.663,1.2001,0.0329
4154.620,1.2095,0.0367
4155.576,1.1583,0.0373
4156.534,1.1445,0.0333
4157.491,1.1866,0.0294
4158.448,1.2072,0.0297
4159.406,1.1494,0.0312
4160.363,1.1590,0.0344
4161.321,1.1617,0.0353
4162.280,1.1334,0.0307
4163.238,1.1457,0.0286
4164.197,1.2039,0.0304
4165.156,1.1726,0.0330
4166.115,1.1760,0.0331
4167.075,1.1816,0.0308
4168.034,1.1503,0.0285
4168.994,1.1556,0.0281
4169.954,1.1871,0.0334
4170.914,1.1761,0.0419
4171.875,1.1679,0.0374
4172.835,1.1526,0.0291
4173.796,1.1623,0.0285
4174.758,1.1686,0.0291
4175.719,1.1761,0.0282
4176.681,1.1607,0.0275
4177.643,1.1615,0.0281
4178.604,1.1579,0.0288
4179.567,1.1652,0.0292
4180.529,1.1795,0.0309
4181.492,1.1500,0.0333
4182.455,1.2413,0.0451
4183.418,1.3161,0.0722
4184.381,1.2576,0.0635
4185.345,1.1394,0.0377
4186.309,1.1960,0.0364
4187.273,1.2070,0.0385
4188.237,1.1558,0.0371
4189.202,1.2004,0.0312
4190.166,1.1972,0.0294
4191.131,1.1317,0.0301
4192.097,1.1738,0.0331
4193.062,1.1534,0.0363
4194.027,1.1906,0.0339
4194.993,1.2034,0.0288
4195.959,1.1926,0.0280
4196.926,1.1668,0.0282
4197.892,1.1449,0.0276
4198.859,1.2253,0.0286
4199.826,1.2090,0.0288
4200.792,1.1903,0.0303
4201.760,1.2346,0.0338
4202.728,1.2300,0.0342
4203.696,1.1418,0.0297
4204.664,1.2762,0.0297
4205.632,1.1830,0.0290
4206.601,1.1743,0.0285
4207.569,1.1751,0.0283
4208.538,1.1033,0.0293
4209.507,1.1083,0.0383
4210.477,1.2866,0.0527
4211.446,1.2360,0.0477
4212.416,1.2150,0.0338
4213.386,1.2186,0.0300
4214.356,1.1848,0.0295
4215.327,1.1535,0.0288
4216.297,1.1672,0.0312
4217.269,1.1729,0.0340
4218.240,1.2183,0.0364
4219.211,1.2265,0.0342
4220.183,1.1987,0.0299
4221.155,1.1845,0.0293
4222.127,1.1690,0.0293
4223.099,1.1050,0.0301
4224.071,1.1008,0.0341
4225.044,1.1825,0.0465
4226.018,1.2451,0.0532
4226.990,1.2011,0.0416
4227.964,1.1712,0.0318
4228.938,1.1988,0.0294
4229.911,1.1757,0.0293
4230.885,1.1475,0.0288
4231.860,1.1450,0.0285
4232.834,1.1835,0.0289
4233.809,1.1427,0.0288
4234.784,1.1723,0.0287
4235.759,1.1514,0.0310
4236.735,1.1500,0.0329
4237.710,1.1388,0.0307
4238.686,1.1476,0.0293
4239.662,1.1267,0.0288
4240.639,1.1217,0.0286
4241.615,1.1280,0.0353
4242.592,1.1424,0.0424
4243.569,1.2057,0.0400
4244.546,1.2594,0.0330
4245.524,1.2306,0.0299
4246.501,1.1850,0.0280
4247.479,1.0943,0.0280
4248.457,1.0944,0.0280
4249.436,1.1457,0.0276
4250.415,1.1440,0.0275
4251.393,1.1380,0.0274
4252.372,1.1553,0.0271
4253.352,1.1411,0.0269
4254.331,1.1396,0.0276
4255.311,1.1762,0.0290
4256.291,1.1887,0.0317
4257.271,1.1281,0.0300
4258.251,1.1717,0.0284
4259.231,1.1359,0.0276
4260.212,1.1654,0.0284
4261.194,1.2330,0.0326
4262.175,1.1482,0.0356
4263.156,1.1802,0.0319
4264.138,1.1907,0.0287
4265.120,1.2235,0.0287
4266.102,1.2143,0.0287
4267.085,1.1639,0.0278
4268.067,1.1797,0.0283
4269.050,1.1799,0.0285
4270.033,1.2007,0.0288
4271.017,1.2118,0.0285
4272.000,1.1899,0.0280
4272.984,1.1669,0.0279
4273.968,1.1779,0.0290
4274.952,1.1274,0.0282
4275.937,1.1515,0.0275
4276.921,1.1561,0.0272
4277.906,1.1728,0.0287
4278.892,1.2072,0.0303
4279.876,1.1576,0.0290
4280.862,1.1343,0.0276
4281.848,1.1874,0.0290
4282.834,1.1993,0.0311
4283.820,1.2003,0.0347
4284.807,1.2210,0.0333
4285.793,1.1895,0.0282
4286.781,1.1763,0.0280
4287.768,1.2005,0.0286
4288.755,1.1461,0.0276
4289.743,1.1378,0.0283
4290.730,1.1822,0.0282
4291.719,1.1711,0.0282
4292.707,1.1713,0.0281
4293.696,1.1447,0.0275
4294.685,1.1542,0.0279
4295.673,1.1747,0.0287
4296.663,1.1597,0.0283
4297.652,1.1740,0.0282
4298.642,1.2049,0.0285
4299.631,1.2094,0.0288
4300.622,1.1441,0.0280
4301.612,1.1405,0.0279
4302.603,1.1742,0.0293
4303.594,1.1725,0.0301
4304.584,1.2067,0.0288
4305.576,1.2016,0.0291
4306.567,1.2066,0.0312
4307.559,1.1960,0.0302
4308.551,1.1792,0.0296
4309.543,1.2503,0.0299
4310.536,1.2295,0.0304
4311.528,1.1790,0.0320
4312.521,1.2284,0.0324
4313.515,1.2455,0.0299
4314.508,1.2381,0.0306
4315.501,1.2734,0.0325
4316.495,1.2419,0.0324
4317.489,1.2809,0.0303
4318.483,1.2076,0.0295
4319.478,1.1823,0.0294
4320.473,1.2511,0.0303
4321.467,1.2359,0.0297
4322.463,1.2113,0.0304
4323.458,1.2174,0.0310
4324.454,1.2851,0.0318
4325.450,1.2817,0.0314
4326.446,1.2382,0.0305
4327.442,1.3079,0.0313
4328.438,1.2888,0.0317
4329.436,1.2452,0.0312
4330.432,1.2230,0.0313
4331.430,1.2536,0.0318
4332.427,1.3019,0.0330
4333.425,1.2793,0.0326
4334.422,1.2898,0.0318
4335.421,1.3161,0.0314
4336.419,1.2453,0.0298
4337.418,1.2267,0.0292
4338.417,1.2725,0.0304
4339.416,1.2577,0.0302
4340.415,1.2720,0.0305
4341.415,1.3032,0.0316
4342.414,1.2648,0.0304
4343.414,1.2356,0.0299
4344.415,1.2473,0.0305
4345.415,1.2816,0.0312
4346.416,1.2838,0.0317
4347.417,1.3477,0.0322
4348.418,1.3262,0.0329
4349.419,1.2988,0.0371
4350.421,1.3303,0.0377
4351.422,1.3175,0.0334
4352.425,1.2331,0.0350
4353.427,1.3061,0.0315
4354.430,1.2924,0.0315
4355.432,1.3002,0.0315
4356.436,1.3497,0.0332
4357.438,1.2636,0.0319
4358.442,1.2861,0.0318
4359.446,1.3845,0.0334
4360.449,1.3829,0.0333
4361.454,1.3204,0.0320
4362.458,1.2944,0.0316
4363.463,1.3130,0.0321
4364.467,1.3143,0.0315
4365.473,1.2491,0.0310
4366.478,1.2750,0.0314
4367.483,1.3326,0.0321
4368.489,1.3290,0.0326
4369.495,1.3062,0.0328
4370.501,1.3445,0.0325
4371.508,1.2813,0.0322
4372.514,1.2776,0.0323
4373.521,1.2493,0.0309
4374.529,1.1914,0.0346
4375.536,1.2642,0.0395
4376.543,1.3127,0.0404
4377.552,1.2623,0.0471
4378.560,1.2798,0.0461
4379.568,1.2802,0.0386
4380.577,1.2372,0.0403
4381.585,1.2752,0.0479
4382.594,1.2681,0.0455
4383.604,1.2157,0.0361
4384.613,1.1451,0.0364
4385.623,1.1579,0.0410
4386.633,1.2972,0.0513
4387.643,1.4086,0.0532
4388.653,1.2086,0.0478
4389.664,1.1284,0.0423
4390.675,1.1396,0.0327
4391.686,1.1887,0.0342
4392.697,1.2409,0.0364
4393.708,1.2462,0.0373
4394.720,1.2172,0.0353
4395.732,1.2266,0.0327
4396.745,1.2447,0.0321
4397.757,1.1998,0.0310
4398.770,1.1329,0.0297
4399.783,1.1693,0.0307
4400.796,1.2421,0.0321
4401.810,1.2447,0.0314
4402.823,1.1760,0.0309
4403.837,1.1592,0.0305
4404.852,1.2081,0.0311
4405.866,1.1937,0.0320
4406.880,1.1289,0.0331
4407.896,1.0497,0.0338
4408.910,0.9872,0.0361
4409.926,1.1643,0.0625
4410.941,1.3861,0.1056
4411.957,1.2189,0.0871
4412.973,1.2068,0.0548
4413.989,1.1973,0.0444
4415.005,1.2100,0.0485
4416.022,1.1947,0.0510
4417.040,1.1332,0.0420
4418.057,1.1049,0.0343
4419.074,1.1286,0.0350
4420.091,1.0941,0.0353
4421.109,1.0974,0.0346
4422.127,1.1259,0.0363
4423.146,1.1240,0.0340
4424.164,1.1020,0.0306
4425.183,1.1167,0.0301
4426.202,1.0565,0.0299
4427.222,1.0950,0.0301
4428.241,1.1020,0.0324
4429.261,1.0614,0.0328
4430.281,1.1667,0.0360
4431.301,1.1969,0.0429
4432.321,1.1997,0.0380
4433.342,1.0978,0.0306
4434.363,1.0263,0.0311
4435.384,1.0426,0.0316
4436.406,1.0248,0.0319
4437.427,1.0198,0.0321
4438.449,0.9229,0.0367
4439.471,1.2988,0.0684
4440.494,1.4311,0.0984
4441.517,1.1163,0.0490
4442.539,1.1432,0.0334
4443.562,0.9945,0.0310
4444.585,1.0283,0.0317
4445.609,1.0165,0.0337
4446.633,0.9842,0.0321
4447.657,1.0344,0.0395
4448.681,1.1011,0.0443
4449.705,1.0909,0.0379
4450.730,1.0755,0.0317
4451.755,0.9930,0.0310
4452.780,0.9723,0.0310
4453.806,0.9977,0.0339
4454.832,0.9408,0.0406
4455.857,1.1718,0.0730
4456.883,1.3441,0.0921
4457.910,1.1978,0.0571
4458.936,1.0496,0.0374
4459.963,1.0781,0.0331
4460.990,1.0516,0.0319
4462.018,1.0544,0.0342
4463.045,1.0494,0.0323
4464.073,1.0758,0.0303
4465.101,1.1064,0.0306
4466.129,1.0912,0.0344
4467.157,1.0809,0.0383
4468.186,1.2468,0.0465
4469.215,1.0973,0.0401
4470.244,1.0065,0.0334
4471.274,0.9878,0.0323
4472.303,0.9769,0.0315
4473.333,1.0686,0.0348
4474.364,1.1104,0.0552
4475.394,1.3644,0.0893
4476.424,1.2239,0.0510
4477.455,1.0258,0.0340
4478.487,1.0784,0.0305
4479.518,1.0679,0.0332
4480.549,1.1160,0.0334
4481.581,1.0903,0.0323
4482.613,1.0778,0.0307
4483.646,1.0947,0.0303
4484.678,1.1186,0.0302
4485.711,1.1421,0.0306
4486.744,1.1207,0.0305
4487.777,1.0833,0.0303
4488.811,1.1302,0.0343
4489.844,1.1808,0.0410
4490.878,1.1421,0.0380
4491.913,1.0672,0.0318
4492.947,1.0878,0.0308
4493.981,1.1013,0.0333
4495.016,1.1620,0.0419
4496.052,1.2257,0.0522
4497.087,1.2252,0.0431
4498.122,1.1694,0.0344
4499.158,1.1296,0.0322
4500.194,1.1870,0.0318
4501.230,1.1514,0.0320
4502.267,1.1131,0.0322
4503.304,1.1570,0.0325
4504.341,1.1907,0.0322
4505.378,1.2472,0.0323
4506.416,1.1790,0.0321
4507.454,1.1450,0.0313
4508.492,1.1830,0.0316
4509.530,1.2098,0.0315
4510.568,1.1847,0.0325
4511.607,1.2400,0.0328
4512.646,1.2198,0.0343
4513.685,1.2396,0.0370
4514.725,1.2088,0.0342
4515.765,1.1227,0.0316
4516.804,1.1557,0.0317
4517.844,1.1806,0.0338
4518.885,1.3319,0.0417
4519.925,1.2810,0.0415
4520.966,1.1913,0.0334
4522.007,1.1989,0.0325
4523.049,1.1412,0.0320
4524.090,1.2080,0.0318
4525.132,1.1791,0.0323
4526.174,1.1627,0.0313
4527.217,1.2013,0.0318
4528.259,1.2346,0.0326
4529.302,1.2130,0.0325
4530.345,1.2070,0.0350
4531.388,1.1810,0.0318
4532.432,1.1754,0.0326
4533.476,1.2033,0.0325
4534.520,1.2318,0.0336
4535.563,1.2185,0.0335
4536.608,1.1843,0.0325
4537.652,1.1710,0.0322
4538.698,1.1805,0.0330
4539.743,1.1963,0.0340
4540.789,1.1881,0.0331
4541.834,1.1520,0.0315
4542.880,1.1824,0.0322
4543.926,1.2449,0.0344
4544.972,1.2601,0.0355
4546.019,1.2581,0.0342
4547.066,1.2539,0.0333
4548.113,1.2053,0.0327
4549.161,1.1875,0.0321
4550.208,1.1877,0.0321
4551.256,1.1925,0.0325
4552.304,1.2012,0.0340
4553.353,1.1983,0.0341
4554.401,1.1631,0.0351
4555.450,1.1445,0.0359
4556.499,1.2063,0.0377
4557.548,1.2108,0.0394
4558.598,1.2253,0.0400
4559.647,1.2583,0.0410
4560.697,1.1912,0.0420
4561.748,1.2316,0.0423
4562.798,1.1724,0.0426
4563.849,1.2174,0.0428
4564.900,1.2161,0.0409
4565.951,1.1202,0.0421
4567.002,1.1733,0.0389
4568.055,1.1503,0.0373
4569.106,1.1343,0.0360
4570.158,1.1456,0.0357
4571.211,1.1920,0.0397
4572.263,1.2201,0.0414
4573.316,1.1633,0.0391
4574.370,1.1624,0.0395
4575.423,1.1507,0.0413
4576.477,1.1509,0.0405
4577.531,1.1885,0.0424
4578.585,1.1894,0.0409
4579.639,1.0887,0.0383
4580.693,1.1436,0.0395
4581.749,1.0850,0.0403
4582.804,1.1213,0.0399
4583.859,1.1770,0.0382
4584.915,1.1703,0.0374
4585.970,1.2112,0.0378
4587.027,1.1657,0.0369
4588.083,1.1455,0.0378
4589.139,1.1517,0.0436
4590.196,1.1299,0.0419
4591.253,1.1205,0.0351
4592.311,1.1941,0.0360
4593.368,1.1289,0.0348
4594.426,1.1765,0.0346
4595.484,1.1518,0.0344
4596.542,1.1095,0.0341
4597.601,1.1370,0.0336
4598.660,1.1528,0.0344
4599.718,1.1886,0.0353
4600.778,1.1309,0.0336
4601.837,1.0948,0.0339
4602.897,1.1202,0.0352
4603.957,1.1383,0.0340
4605.017,1.0911,0.0320
4606.078,1.0974,0.0333
4607.138,1.1089,0.0331
4608.199,1.1026,0.0339
4609.260,1.1040,0.0337
4610.322,1.0900,0.0324
4611.384,1.0455,0.0330
4612.445,1.1862,0.0380
4613.508,1.1146,0.0379
4614.570,1.0776,0.0332
4615.633,1.1131,0.0332
4616.696,1.1253,0.0333
4617.759,1.1252,0.0339
4618.822,1.1465,0.0346
4619.886,1.1334,0.0340
4620.950,1.0978,0.0345
4622.014,1.1111,0.0332
4623.078,1.1364,0.0339
4624.143,1.0646,0.0343
4625.208,1.0771,0.0339
4626.273,1.0300,0.0346
4627.338,0.9503,0.0356
4628.404,0.9406,0.0357
4629.470,1.0215,0.0415
4630.536,1.1147,0.0615
4631.603,1.2035,0.0730
4632.669,1.0104,0.0537
4633.735,1.0623,0.0569
4634.803,1.1817,0.0810
4635.870,1.0563,0.0559
4636.938,0.8672,0.0524
4638.006,0.8220,0.0537
4639.074,0.9966,0.0587
4640.142,1.2052,0.0743
4641.210,1.1740,0.0709
4642.279,0.9368,0.0447
4643.348,0.8591,0.0403
4644.417,0.9012,0.0413
4645.487,0.9077,0.0374
4646.557,1.0303,0.0462
4647.627,1.0853,0.0522
4648.697,0.9739,0.0413
4649.768,0.9298,0.0330
4650.839,0.8975,0.0344
4651.909,0.9907,0.0356
4652.981,1.0130,0.0353
4654.052,0.9930,0.0348
4655.124,1.0023,0.0345
4656.196,0.9976,0.0341
4657.269,1.0685,0.0379
4658.341,0.9825,0.0538
4659.414,0.9516,0.0599
4660.487,0.9386,0.0383
4661.560,0.8687,0.0409
4662.633,0.8243,0.0439
4663.707,0.7326,0.0379
4664.781,0.9523,0.0518
4665.855,1.5591,0.1634
4666.930,1.4865,0.1803
4668.004,0.7386,0.0731
4669.080,0.8534,0.0482
4670.155,0.9278,0.0544
4671.230,1.1799,0.0683
4672.306,1.0322,0.0624
4673.382,0.7892,0.0474
4674.458,0.8338,0.0447
4675.534,0.8791,0.0362
4676.611,0.9023,0.0380
4677.688,0.9725,0.0435
4678.766,1.0429,0.0461
4679.843,1.0089,0.0386
4680.920,0.8991,0.0335
4681.999,0.8716,0.0334
4683.077,0.8473,0.0337
4684.155,0.8999,0.0337
4685.233,0.8707,0.0357
4686.312,0.8985,0.0412
4687.392,1.0672,0.0555
4688.471,1.1072,0.0534
4689.551,0.8632,0.0381
4690.631,0.8735,0.0361
4691.711,0.8183,0.0391
4692.792,0.7429,0.0391
4693.872,0.7866,0.0384
4694.953,0.7961,0.0394
4696.034,0.8405,0.0624
4697.116,1.3987,0.1356
4698.198,1.2802,0.1243
4699.279,0.8848,0.0586
4700.362,0.8538,0.0434
4701.444,0.7645,0.0468
4702.527,0.8293,0.0448
4703.609,0.8020,0.0411
4704.692,0.8174,0.0422
4705.776,1.0475,0.0604
4706.860,1.1840,0.0711
4707.944,0.7717,0.0481
4709.028,0.7630,0.0448
4710.112,0.7825,0.0466
4711.197,0.6962,0.0414
4712.282,0.6640,0.0422
4713.367,0.7757,0.0537
4714.453,1.0149,0.1013
4715.538,1.5813,0.1866
4716.624,0.9956,0.1022
4717.710,0.7213,0.0464
4718.796,0.8269,0.0418
4719.883,0.7677,0.0441
4720.970,0.8315,0.0462
4722.057,0.8020,0.0396
4723.145,0.8144,0.0360
4724.232,0.8517,0.0368
4725.320,0.8036,0.0374
4726.409,0.8398,0.0455
4727.497,1.1672,0.0598
4728.585,0.8881,0.0552
4729.675,0.7566,0.0427
4730.764,0.6351,0.0411
4731.853,0.5933,0.0359
4732.943,0.7028,0.0393
4734.033,0.8388,0.0526
4735.123,1.3259,0.0991
4736.213,1.0085,0.1219
4737.304,0.7318,0.0574
4738.395,0.7289,0.0380
4739.486,0.7442,0.0362
4740.577,0.7748,0.0358
4741.669,0.8005,0.0349
4742.761,0.7326,0.0342
4743.853,0.7501,0.0342
4744.946,0.8390,0.0326
4746.038,0.8632,0.0336
4747.131,0.7977,0.0336
4748.225,0.8235,0.0352
4749.318,0.8600,0.0337
4750.412,0.8366,0.0386
4751.505,0.7495,0.0502
4752.600,0.6519,0.0453
4753.694,0.6375,0.0374
4754.789,0.7629,0.0385
4755.884,0.7962,0.0368
4756.979,0.8662,0.0493
4758.075,0.9873,0.0894
4759.170,1.0087,0.0779
4760.267,0.8509,0.0553
4761.363,0.8337,0.0434
4762.459,0.8755,0.0354
4763.556,0.8659,0.0364
4764.653,0.8572,0.0355
4765.750,0.8679,0.0354
4766.847,0.8273,0.0342
4767.945,0.9294,0.0356
4769.043,0.9554,0.0365
4770.142,0.8701,0.0347
4771.240,0.8455,0.0343
4772.339,0.9168,0.0358
4773.438,0.8859,0.0365
4774.537,0.8719,0.0359
4775.637,0.9588,0.0367
4776.736,1.0375,0.0426
4777.836,1.0680,0.0503
4778.937,1.0072,0.0436
4780.037,0.8373,0.0377
4781.138,0.8999,0.0376
4782.239,0.9155,0.0397
4783.340,1.1824,0.0578
4784.442,1.2124,0.0596
4785.543,0.8612,0.0461
4786.646,0.9371,0.0393
4787.748,0.9986,0.0390
4788.851,0.9941,0.0396
4789.953,1.0258,0.0453
4791.056,1.0459,0.0457
4792.159,0.9946,0.0398
4793.263,0.9435,0.0404
4794.367,0.9362,0.0404
4795.471,0.9044,0.0390
4796.575,0.9604,0.0376
4797.680,1.0383,0.0377
4798.784,1.0220,0.0391
4799.890,0.9548,0.0390
4800.995,0.9744,0.0397
4802.101,1.0139,0.0403
4803.207,1.0096,0.0393
4804.312,1.0084,0.0398
4805.419,1.0508,0.0428
4806.526,1.0986,0.0462
4807.632,1.1569,0.0566
4808.739,0.9905,0.0428
4809.847,0.9395,0.0475
4810.955,1.0855,0.0514
4812.062,1.1964,0.0505
4813.170,1.0717,0.0473
4814.279,0.9682,0.0403
4815.388,0.9991,0.0399
4816.497,1.1170,0.0418
4817.606,1.1609,0.0417
4818.715,1.1020,0.0417
4819.825,1.0995,0.0465
4820.935,1.0733,0.0424
4822.045,1.1777,0.0433
4823.155,1.2217,0.0434
4824.266,1.1824,0.0448
4825.377,1.1499,0.0439
4826.488,1.1321,0.0421
4827.600,1.0973,0.0422
4828.711,1.1067,0.0576
4829.823,1.1454,0.0588
4830.936,1.1845,0.0454
4832.048,1.2180,0.0448
4833.161,1.2443,0.0454
4834.274,1.2106,0.0437
4835.387,1.2705,0.0470
4836.501,1.2405,0.0445
4837.614,1.1429,0.0458
4838.729,1.0268,0.0455
4839.843,0.8832,0.0419
4840.957,1.1688,0.0436
4842.072,1.0000,1.0000
4843.187,1.0000,1.0000
4844.302,1.0000,1.0000
4845.418,1.0000,1.0000
4846.534,1.0000,1.0000
4847.650,1.0000,1.0000
4848.767,1.0000,1.0000
4849.883,1.0000,1.0000
4851.000,1.0000,1.0000
4852.117,1.0000,1.0000
4853.234,1.0000,1.0000
4854.352,1.0000,1.0000
4855.470,1.0000,1.0000
4856.588,1.0000,1.0000
4857.706,1.0000,1.0000
4858.825,1.0000,1.0000
4859.944,1.0000,1.0000
4861.063,1.0000,1.0000
4862.183,1.0000,1.0000
4863.302,1.0000,1.0000
4864.422,1.0000,1.0000
4865.542,1.0000,1.0000
4866.663,1.0000,1.0000
4867.783,1.0000,1.0000
4868.904,1.0000,1.0000
4870.026,1.0000,1.0000
4871.147,1.0000,1.0000
4872.269,1.0000,1.0000
4873.391,1.0000,1.0000
4874.514,1.0000,1.0000
4875.636,1.0000,1.0000
4876.758,1.0000,1.0000
4877.881,1.0000,1.0000
4879.005,1.0000,1.0000
4880.128,1.0000,1.0000
4881.252,1.0000,1.0000
4882.376,1.0000,1.0000
4883.500,1.0000,1.0000
4884.625,1.0000,1.0000
4885.750,1.0000,1.0000
4886.875,1.0000,1.0000
4888.000,1.0000,1.0000
4889.126,1.0000,1.0000
4890.252,1.0000,1.0000
4891.378,1.0000,1.0000
4892.505,1.0000,1.0000
4893.631,1.0000,1.0000
4894.758,1.0000,1.0000
4895.886,1.0000,1.0000
4897.013,1.0000,1.0000
4898.141,1.0000,1.0000
4899.269,1.0000,1.0000
4900.397,1.0000,1.0000
4901.525,1.0000,1.0000
4902.654,1.0000,1.0000
4903.783,1.0000,1.0000
4904.912,1.0000,1.0000
4906.042,1.0000,1.0000
4907.171,1.0000,1.0000
4908.302,1.0000,1.0000
4909.432,1.0000,1.0000
4910.563,1.0000,1.0000
4911.693,1.0000,1.0000
4912.825,1.0000,1.0000
4913.956,1.0000,1.0000
4915.088,1.0000,1.0000
4916.220,1.0000,1.0000
4917.352,1.0000,1.0000
4918.484,1.0000,1.0000
4919.617,1.0000,1.0000
4920.750,1.0000,1.0000
4921.883,1.0000,1.0000
4923.016,1.0000,1.0000
4924.150,1.0000,1.0000
4925.284,1.0000,1.0000
4926.418,1.0000,1.0000
4927.552,1.0000,1.0000
4928.688,1.0000,1.0000
4929.822,1.0000,1.0000
4930.958,1.0000,1.0000
4932.093,1.0000,1.0000
4933.229,1.0000,1.0000
4934.365,1.0000,1.0000
4935.501,1.0000,1.0000
4936.638,1.0000,1.0000
4937.775,1.0000,1.0000
4938.912,1.0000,1.0000
4940.049,1.0000,1.0000
4941.187,1.0000,1.0000
4942.325,1.0000,1.0000
4943.463,1.0000,1.0000
4944.601,1.0000,1.0000
4945.740,1.0000,1.0000
4946.878,1.0000,1.0000
4948.018,1.0000,1.0000
4949.158,1.0000,1.0000
4950.297,1.0000,1.0000
4951.437,1.0000,1.0000
4952.577,1.0000,1.0000
4953.718,1.0000,1.0000
4954.858,1.0000,1.0000
4956.000,1.0000,1.0000
4957.141,1.0000,1.0000
4958.282,1.0000,1.0000
4959.424,1.0000,1.0000
4960.566,1.0000,1.0000
4961.708,1.0000,1.0000
4962.851,1.0000,1.0000
4963.994,1.0000,1.0000
4965.137,1.0000,1.0000
4966.281,1.0000,1.0000
4967.424,1.0000,1.0000
4968.568,1.0000,1.0000
4969.712,1.0000,1.0000
4970.856,1.0000,1.0000
4972.001,1.0000,1.0000
4973.147,1.0000,1.0000
4974.292,1.0000,1.0000
4975.438,1.0000,1.0000
4976.583,1.0000,1.0000
4977.729,1.0000,1.0000
4978.875,1.0000,1.0000
4980.021,1.0000,1.0000
4981.169,1.0000,1.0000
4982.316,1.0000,1.0000
4983.463,1.0000,1.0000
4984.611,1.0000,1.0000
4985.758,1.0000,1.0000
4986.907,1.0000,1.0000
4988.055,1.0000,1.0000
4989.204,1.0000,1.0000
4990.353,1.0000,1.0000
4991.502,1.0000,1.0000
4992.651,1.0000,1.0000
4993.801,1.0000,1.0000
4994.951,1.0000,1.0000
4996.102,1.0000,1.0000
4997.252,1.0000,1.0000
4998.403,1.0000,1.0000
4999.554,1.0000,1.0000
5000.705,1.0000,1.0000
5001.856,1.0000,1.0000
5003.009,1.0000,1.0000
5004.161,1.0000,1.0000
5005.313,1.0000,1.0000
5006.466,1.0000,1.0000
5007.619,1.0000,1.0000
5008.772,1.0000,1.0000
5009.925,1.0000,1.0000
5011.079,1.0000,1.0000
5012.233,1.0000,1.0000
5013.388,1.0000,1.0000
5014.542,1.0000,1.0000
5015.696,1.0000,1.0000
5016.852,1.0000,1.0000
5018.007,1.0000,1.0000
5019.162,1.0000,1.0000
5020.318,1.0000,1.0000
5021.474,1.0000,1.0000
5022.631,1.0000,1.0000
5023.787,1.0000,1.0000
5024.944,1.0000,1.0000
5026.102,1.0000,1.0000
5027.259,1.0000,1.0000
5028.417,1.0000,1.0000
5029.575,1.0000,1.0000
5030.733,1.0000,1.0000
5031.891,1.0000,1.0000
5033.050,1.0000,1.0000
5034.209,1.0000,1.0000
5035.369,1.0000,1.0000
5036.528,1.0000,1.0000
5037.688,1.0000,1.0000
5038.848,1.0000,1.0000
5040.008,1.0000,1.0000
5041.169,1.0000,1.0000
5042.330,1.0000,1.0000
5043.491,1.0000,1.0000
5044.653,1.0000,1.0000
5045.814,1.0000,1.0000
5046.977,1.0000,1.0000
5048.138,1.0000,1.0000
5049.301,1.0000,1.0000
5050.464,1.0000,1.0000
5051.627,1.0000,1.0000
5052.790,1.0000,1.0000
5053.954,1.0000,1.0000
5055.118,1.0000,1.0000
5056.282,1.0000,1.0000
5057.446,1.0000,1.0000
5058.610,1.0000,1.0000
5059.775,1.0000,1.0000
5060.941,1.0000,1.0000
5062.106,1.0000,1.0000
5063.272,1.0000,1.0000
5064.438,1.0000,1.0000
5065.604,1.0000,1.0000
5066.771,1.0000,1.0000
5067.938,1.0000,1.0000
5069.104,1.0000,1.0000
5070.272,1.0000,1.0000
5071.439,1.0000,1.0000
5072.607,1.0000,1.0000
5073.776,1.0000,1.0000
5074.944,1.0000,1.0000
5076.113,1.0000,1.0000
5077.282,1.0000,1.0000
5078.451,1.0000,1.0000
5079.620,1.0000,1.0000
5080.790,1.0000,1.0000
5081.960,1.0000,1.0000
5083.130,1.0000,1.0000
5084.301,1.0000,1.0000
5085.472,1.0000,1.0000
5086.643,1.0000,1.0000
5087.814,1.0000,1.0000
5088.986,1.0000,1.0000
5090.158,1.0000,1.0000
5091.330,1.0000,1.0000
5092.502,1.0000,1.0000
5093.675,1.0000,1.0000
5094.849,1.0000,1.0000
5096.021,1.0000,1.0000
5097.195,1.0000,1.0000
5098.369,1.0000,1.0000
5099.543,1.0000,1.0000
5100.717,1.0000,1.0000
5101.892,1.0000,1.0000
5103.067,1.0000,1.0000
5104.242,1.0000,1.0000
5105.417,1.0000,1.0000
5106.593,1.0000,1.0000
5107.769,1.0000,1.0000
5108.945,1.0000,1.0000
5110.122,1.0000,1.0000
5111.298,1.0000,1.0000
5112.476,1.0000,1.0000
5113.653,1.0000,1.0000
5114.831,1.0000,1.0000
5116.008,1.0000,1.0000
5117.187,1.0000,1.0000
5118.365,1.0000,1.0000
5119.544,1.0000,1.0000
5120.723,1.0000,1.0000
5121.902,1.0000,1.0000
5123.082,1.0000,1.0000
5124.261,1.0000,1.0000
5125.441,1.0000,1.0000
5126.622,1.0000,1.0000
5127.802,1.0000,1.0000
5128.983,1.0000,1.0000
5130.164,1.0000,1.0000
5131.345,1.0000,1.0000
5132.527,1.0000,1.0000
5133.709,1.0000,1.0000
5134.891,1.0000,1.0000
5136.074,1.0000,1.0000
5137.256,1.0000,1.0000
5138.439,1.0000,1.0000
5139.623,1.0000,1.0000
5140.806,1.0000,1.0000
5141.990,1.0000,1.0000
5143.174,1.0000,1.0000
5144.359,1.0000,1.0000
5145.543,1.0000,1.0000
5146.729,1.0000,1.0000
5147.914,1.0000,1.0000
5149.099,1.0000,1.0000
5150.285,1.0000,1.0000
5151.471,1.0000,1.0000
5152.657,1.0000,1.0000
5153.844,1.0000,1.0000
5155.030,1.0000,1.0000
5156.218,1.0000,1.0000
5157.405,1.0000,1.0000
5158.593,1.0000,1.0000
5159.781,1.0000,1.0000
5160.969,1.0000,1.0000
5162.158,1.0000,1.0000
5163.346,1.0000,1.0000
5164.535,1.0000,1.0000
5165.725,1.0000,1.0000
5166.915,1.0000,1.0000
5168.104,1.0000,1.0000
5169.294,1.0000,1.0000
5170.485,1.0000,1.0000
5171.675,1.0000,1.0000
5172.866,1.0000,1.0000
5174.058,1.0000,1.0000
5175.249,1.0000,1.0000
5176.441,1.0000,1.0000
5177.633,1.0000,1.0000
5178.825,1.0000,1.0000
5180.018,1.0000,1.0000
5181.210,1.0000,1.0000
5182.404,1.0000,1.0000
5183.597,1.0000,1.0000
5184.791,1.0000,1.0000
5185.985,1.0000,1.0000
5187.180,1.0000,1.0000
5188.374,1.0000,1.0000
5189.568,1.0000,1.0000
5190.764,1.0000,1.0000
5191.959,1.0000,1.0000
5193.154,1.0000,1.0000
5194.350,1.0000,1.0000
5195.546,1.0000,1.0000
5196.743,1.0000,1.0000
5197.940,1.0000,1.0000
5199.137,1.0000,1.0000
5200.334,1.0000,1.0000
5201.532,1.0000,1.0000
5202.729,1.0000,1.0000
5203.928,1.0000,1.0000
5205.126,1.0000,1.0000
5206.325,1.0000,1.0000
5207.523,1.0000,1.0000
5208.723,1.0000,1.0000
5209.922,1.0000,1.0000
5211.122,1.0000,1.0000
5212.322,1.0000,1.0000
5213.522,1.0000,1.0000
5214.723,1.0000,1.0000
5215.924,1.0000,1.0000
5217.125,1.0000,1.0000
5218.327,1.0000,1.0000
5219.528,1.0000,1.0000
5220.730,1.0000,1.0000
5221.933,1.0000,1.0000
5223.135,1.0000,1.0000
5224.338,1.0000,1.0000
5225.541,1.0000,1.0000
5226.744,1.0000,1.0000
5227.948,1.0000,1.0000
5229.152,1.0000,1.0000
5230.356,1.0000,1.0000
5231.561,1.0000,1.0000
5232.765,1.0000,1.0000
5233.971,1.0000,1.0000
5235.175,1.0000,1.0000
5236.381,1.0000,1.0000
5237.587,1.0000,1.0000
5238.793,1.0000,1.0000
5240.000,1.0000,1.0000
5241.206,1.0000,1.0000
5242.413,1.0000,1.0000
5243.621,1.0000,1.0000
5244.828,1.0000,1.0000
5246.036,1.0000,1.0000
5247.244,1.0000,1.0000
5248.452,1.0000,1.0000
5249.661,1.0000,1.0000
5250.870,1.0000,1.0000
5252.079,1.0000,1.0000
5253.289,1.0000,1.0000
5254.499,1.0000,1.0000
5255.708,1.0000,1.0000
5256.918,1.0000,1.0000
5258.129,1.0000,1.0000
5259.340,1.0000,1.0000
5260.551,1.0000,1.0000
5261.763,1.0000,1.0000
5262.974,1.0000,1.0000
5264.187,1.0000,1.0000
5265.398,1.0000,1.0000
5266.611,1.0000,1.0000
5267.824,1.0000,1.0000
5269.037,1.0000,1.0000
5270.250,1.0000,1.0000
5271.464,1.0000,1.0000
5272.678,1.0000,1.0000
5273.892,1.0000,1.0000
5275.107,1.0000,1.0000
5276.322,1.0000,1.0000
5277.536,1.0000,1.0000
5278.752,1.0000,1.0000
5279.967,1.0000,1.0000
5281.183,1.0000,1.0000
5282.399,1.0000,1.0000
5283.616,1.0000,1.0000
5284.833,1.0000,1.0000
5286.050,1.0000,1.0000
5287.268,1.0000,1.0000
5288.485,1.0000,1.0000
5289.703,1.0000,1.0000
5290.920,1.0000,1.0000
5292.139,1.0000,1.0000
5293.358,1.0000,1.0000
5294.577,1.0000,1.0000
5295.796,1.0000,1.0000
5297.016,1.0000,1.0000
5298.235,1.0000,1.0000
5299.456,1.0000,1.0000
5300.676,1.0000,1.0000
5301.896,1.0000,1.0000
5303.118,1.0000,1.0000
5304.339,1.0000,1.0000
5305.561,1.0000,1.0000
5306.782,1.0000,1.0000
5308.004,1.0000,1.0000
5309.226,1.0000,1.0000
5310.449,1.0000,1.0000
5311.672,1.0000,1.0000
5312.895,1.0000,1.0000
5314.119,1.0000,1.0000
5315.343,1.0000,1.0000
5316.566,1.0000,1.0000
5317.791,1.0000,1.0000
5319.016,1.0000,1.0000
5320.240,1.0000,1.0000
5321.466,1.0000,1.0000
5322.691,1.0000,1.0000
5323.917,1.0000,1.0000
5325.143,1.0000,1.0000
5326.369,1.0000,1.0000
5327.596,1.0000,1.0000
5328.822,1.0000,1.0000
5330.049,1.0000,1.0000
5331.277,1.0000,1.0000
5332.505,1.0000,1.0000
5333.732,1.0000,1.0000
5334.961,1.0000,1.0000
5336.189,1.0000,1.0000
5337.418,1.0000,1.0000
5338.648,1.0000,1.0000
5339.877,1.0000,1.0000
5341.106,1.0000,1.0000
5342.337,1.0000,1.0000
5343.567,1.0000,1.0000
5344.797,1.0000,1.0000
5346.028,1.0000,1.0000
5347.259,1.0000,1.0000
5348.491,1.0000,1.0000
5349.723,1.0000,1.0000
5350.955,1.0000,1.0000
5352.187,1.0000,1.0000
5353.419,1.0000,1.0000
5354.652,1.0000,1.0000
5355.885,1.0000,1.0000
5357.118,1.0000,1.0000
5358.352,1.0000,1.0000
5359.586,1.0000,1.0000
5360.820,1.0000,1.0000
5362.055,1.0000,1.0000
5363.290,1.0000,1.0000
5364.525,1.0000,1.0000
5365.760,1.0000,1.0000
5366.996,1.0000,1.0000
5368.231,1.0000,1.0000
5369.468,1.0000,1.0000
5370.705,1.0000,1.0000
5371.941,1.0000,1.0000
5373.179,1.0000,1.0000
5374.416,1.0000,1.0000
5375.653,1.0000,1.0000
5376.891,1.0000,1.0000
5378.129,1.0000,1.0000
5379.368,1.0000,1.0000
5380.607,1.0000,1.0000
5381.846,1.0000,1.0000
5383.085,1.0000,1.0000
5384.325,1.0000,1.0000
5385.564,1.0000,1.0000
5386.805,1.0000,1.0000
5388.045,1.0000,1.0000
5389.286,1.0000,1.0000
5390.527,1.0000,1.0000
5391.769,1.0000,1.0000
5393.010,1.0000,1.0000
5394.252,1.0000,1.0000
5395.495,1.0000,1.0000
5396.737,1.0000,1.0000
5397.979,1.0000,1.0000
5399.223,1.0000,1.0000
5400.466,1.0000,1.0000
5401.709,1.0000,1.0000
5402.954,1.0000,1.0000
5404.198,1.0000,1.0000
5405.442,1.0000,1.0000
5406.688,1.0000,1.0000
5407.933,1.0000,1.0000
5409.178,1.0000,1.0000
5410.423,1.0000,1.0000
5411.669,1.0000,1.0000
5412.916,1.0000,1.0000
5414.162,1.0000,1.0000
5415.409,1.0000,1.0000
5416.656,1.0000,1.0000
5417.903,1.0000,1.0000
5419.151,1.0000,1.0000
5420.399,1.0000,1.0000
5421.647,1.0000,1.0000
5422.896,1.0000,1.0000
5424.145,1.0000,1.0000
5425.394,1.0000,1.0000
5426.643,1.0000,1.0000
5427.893,1.0000,1.0000
5429.143,1.0000,1.0000
5430.393,1.0000,1.0000
5431.644,1.0000,1.0000
5432.895,1.0000,1.0000
5434.145,1.0000,1.0000
5435.397,1.0000,1.0000
5436.648,1.0000,1.0000
5437.901,1.0000,1.0000
5439.152,1.0000,1.0000
5440.405,1.0000,1.0000
5441.658,1.0000,1.0000
5442.911,1.0000,1.0000
5444.165,1.0000,1.0000
5445.418,1.0000,1.0000
5446.672,1.0000,1.0000
5447.927,1.0000,1.0000
5449.181,1.0000,1.0000
5450.436,1.0000,1.0000
5451.691,1.0000,1.0000
5452.947,1.0000,1.0000
5454.202,1.0000,1.0000
5455.458,1.0000,1.0000
5456.715,1.0000,1.0000
5457.971,1.0000,1.0000
5459.229,1.0000,1.0000
5460.485,1.0000,1.0000
5461.743,1.0000,1.0000
5463.000,1.0000,1.0000
5464.259,1.0000,1.0000
5465.517,1.0000,1.0000
5466.775,1.0000,1.0000
5468.035,1.0000,1.0000
5469.294,1.0000,1.0000
5470.554,1.0000,1.0000
5471.813,1.0000,1.0000
5473.073,1.0000,1.0000
5474.333,1.0000,1.0000
5475.594,1.0000,1.0000
5476.855,1.0000,1.0000
5478.116,1.0000,1.0000
5479.378,1.0000,1.0000
5480.640,1.0000,1.0000
5481.902,1.0000,1.0000
5483.164,1.0000,1.0000
5484.427,1.0000,1.0000
5485.689,1.0000,1.0000
5486.953,1.0000,1.0000
5488.217,1.0000,1.0000
5489.480,1.0000,1.0000
5490.745,1.0000,1.0000
5492.009,1.0000,1.0000
5493.274,1.0000,1.0000
5494.539,1.0000,1.0000
5495.804,1.0000,1.0000
5497.070,1.0000,1.0000
5498.336,1.0000,1.0000
5499.602,1.0000,1.0000
5500.868,1.0000,1.0000
5502.135,1.0000,1.0000
5503.402,1.0000,1.0000
5504.669,1.0000,1.0000
5505.937,1.0000,1.0000
5507.205,1.0000,1.0000
5508.473,1.0000,1.0000
5509.742,1.0000,1.0000
5511.011,1.0000,1.0000
5512.280,1.0000,1.0000
5513.549,1.0000,1.0000
5514.819,1.0000,1.0000
5516.089,1.0000,1.0000
5517.359,1.0000,1.0000
5518.629,1.0000,1.0000
5519.900,1.0000,1.0000
5521.172,1.0000,1.0000
5522.443,1.0000,1.0000
5523.715,1.0000,1.0000
5524.987,1.0000,1.0000
5526.259,1.0000,1.0000
5527.532,1.0000,1.0000
5528.805,1.0000,1.0000
5530.078,1.0000,1.0000
5531.352,1.0000,1.0000
5532.625,1.0000,1.0000
5533.899,1.0000,1.0000
5535.174,1.0000,1.0000
5536.448,1.0000,1.0000
5537.723,1.0000,1.0000
5538.999,1.0000,1.0000
5540.274,1.0000,1.0000
5541.550,1.0000,1.0000
5542.826,1.0000,1.0000
5544.103,1.0000,1.0000
5545.379,1.0000,1.0000
5546.656,1.0000,1.0000
5547.934,1.0000,1.0000
5549.211,1.0000,1.0000
5550.489,1.0000,1.0000
5551.767,1.0000,1.0000
5553.046,1.0000,1.0000
5554.325,1.0000,1.0000
5555.604,1.0000,1.0000
5556.883,1.0000,1.0000
5558.163,1.0000,1.0000
5559.443,1.0000,1.0000
5560.723,1.0000,1.0000
5562.003,1.0000,1.0000
5563.284,1.0000,1.0000
5564.565,1.0000,1.0000
5565.847,1.0000,1.0000
5567.128,1.0000,1.0000
5568.411,1.0000,1.0000
5569.693,1.0000,1.0000
5570.976,1.0000,1.0000
5572.258,1.0000,1.0000
5573.542,1.0000,1.0000
5574.825,1.0000,1.0000
5576.109,1.0000,1.0000
5577.393,1.0000,1.0000
5578.677,1.0000,1.0000
5579.962,1.0000,1.0000
5581.248,1.0000,1.0000
5582.533,1.0000,1.0000
5583.818,1.0000,1.0000
5585.104,1.0000,1.0000
5586.390,1.0000,1.0000
5587.677,1.0000,1.0000
5588.963,1.0000,1.0000
5590.250,1.0000,1.0000
5591.538,1.0000,1.0000
5592.825,1.0000,1.0000
5594.113,1.0000,1.0000
5595.401,1.0000,1.0000
5596.690,1.0000,1.0000
5597.979,1.0000,1.0000
5599.268,1.0000,1.0000
5600.558,1.0000,1.0000
5601.847,1.0000,1.0000
5603.137,1.0000,1.0000
5604.427,1.0000,1.0000
5605.718,1.0000,1.0000
5607.009,1.0000,1.0000
5608.300,1.0000,1.0000
5609.592,1.0000,1.0000
5610.883,1.0000,1.0000
5612.175,1.0000,1.0000
5613.468,1.0000,1.0000
5614.761,1.0000,1.0000
5616.054,1.0000,1.0000
5617.347,1.0000,1.0000
5618.641,1.0000,1.0000
5619.934,1.0000,1.0000
5621.229,1.0000,1.0000
5622.523,1.0000,1.0000
5623.818,1.0000,1.0000
5625.113,1.0000,1.0000
5626.409,1.0000,1.0000
5627.704,1.0000,1.0000
5629.000,1.0000,1.0000
5630.296,1.0000,1.0000
5631.593,1.0000,1.0000
5632.890,1.0000,1.0000
5634.187,1.0000,1.0000
5635.484,1.0000,1.0000
5636.782,1.0000,1.0000
5638.080,1.0000,1.0000
5639.379,1.0000,1.0000
5640.677,1.0000,1.0000
5641.976,1.0000,1.0000
5643.275,1.0000,1.0000
5644.575,1.0000,1.0000
5645.875,1.0000,1.0000
5647.175,1.0000,1.0000
5648.476,1.0000,1.0000
5649.776,1.0000,1.0000
5651.077,1.0000,1.0000
5652.378,1.0000,1.0000
5653.680,1.0000,1.0000
5654.982,1.0000,1.0000
5656.284,1.0000,1.0000
5657.587,1.0000,1.0000
5658.890,1.0000,1.0000
5660.193,1.0000,1.0000
5661.497,1.0000,1.0000
5662.800,1.0000,1.0000
5664.104,1.0000,1.0000
5665.409,1.0000,1.0000
5666.713,1.0000,1.0000
5668.018,1.0000,1.0000
5669.324,1.0000,1.0000
5670.629,1.0000,1.0000
5671.935,1.0000,1.0000
5673.241,1.0000,1.0000
5674.547,1.0000,1.0000
5675.854,1.0000,1.0000
5677.161,1.0000,1.0000
5678.469,1.0000,1.0000
5679.776,1.0000,1.0000
5681.084,1.0000,1.0000
5682.393,1.0000,1.0000
5683.702,1.0000,1.0000
5685.010,1.0000,1.0000
5686.319,1.0000,1.0000
5687.629,1.0000,1.0000
5688.938,1.0000,1.0000
5690.249,1.0000,1.0000
5691.559,1.0000,1.0000
5692.870,1.0000,1.0000
5694.181,1.0000,1.0000
5695.492,1.0000,1.0000
5696.804,1.0000,1.0000
5698.115,1.0000,1.0000
5699.428,1.0000,1.0000
5700.740,1.0000,1.0000
5702.053,1.0000,1.0000
5703.366,1.0000,1.0000
5704.680,1.0000,1.0000
5705.993,1.0000,1.0000
5707.307,1.0000,1.0000
5708.622,1.0000,1.0000
5709.936,1.0000,1.0000
5711.251,1.0000,1.0000
5712.566,1.0000,1.0000
5713.882,1.0000,1.0000
5715.198,1.0000,1.0000
5716.514,1.0000,1.0000
5717.831,1.0000,1.0000
5719.147,1.0000,1.0000
5720.464,1.0000,1.0000
5721.781,1.0000,1.0000
5723.099,1.0000,1.0000
5724.417,1.0000,1.0000
5725.735,1.0000,1.0000
5727.054,1.0000,1.0000
5728.373,1.0000,1.0000
5729.691,1.0000,1.0000
5731.011,1.0000,1.0000
5732.331,1.0000,1.0000
5733.651,1.0000,1.0000
5734.972,1.0000,1.0000
5736.292,1.0000,1.0000
5737.613,1.0000,1.0000
5738.935,1.0000,1.0000
5740.256,1.0000,1.0000
5741.578,1.0000,1.0000
5742.900,1.0000,1.0000
5744.222,1.0000,1.0000
5745.545,1.0000,1.0000
5746.868,1.0000,1.0000
5748.191,1.0000,1.0000
5749.515,1.0000,1.0000
5750.839,1.0000,1.0000
5752.164,1.0000,1.0000
5753.489,1.0000,1.0000
5754.813,1.0000,1.0000
5756.139,1.0000,1.0000
5757.464,1.0000,1.0000
5758.790,1.0000,1.0000
5760.116,1.0000,1.0000
5761.443,1.0000,1.0000
5762.770,1.0000,1.0000
5764.097,1.0000,1.0000
5765.424,1.0000,1.0000
5766.751,1.0000,1.0000
5768.080,1.0000,1.0000
5769.408,1.0000,1.0000
5770.736,1.0000,1.0000
5772.065,1.0000,1.0000
5773.395,1.0000,1.0000
5774.725,1.0000,1.0000
5776.054,1.0000,1.0000
5777.384,1.0000,1.0000
5778.715,1.0000,1.0000
5780.045,1.0000,1.0000
5781.376,1.0000,1.0000
5782.708,1.0000,1.0000
5784.040,1.0000,1.0000
5785.372,1.0000,1.0000
5786.704,1.0000,1.0000
5788.036,1.0000,1.0000
5789.369,1.0000,1.0000
5790.703,1.0000,1.0000
5792.036,1.0000,1.0000
5793.370,1.0000,1.0000
5794.704,1.0000,1.0000
5796.038,1.0000,1.0000
5797.373,1.0000,1.0000
5798.708,1.0000,1.0000
5800.043,1.0000,1.0000
5801.379,1.0000,1.0000
5802.715,1.0000,1.0000
5804.051,1.0000,1.0000
5805.388,1.0000,1.0000
5806.725,1.0000,1.0000
5808.062,1.0000,1.0000
5809.399,1.0000,1.0000
5810.738,1.0000,1.0000
5812.076,1.0000,1.0000
5813.414,1.0000,1.0000
5814.752,1.0000,1.0000
5816.092,1.0000,1.0000
5817.431,1.0000,1.0000
5818.771,1.0000,1.0000
5820.110,1.0000,1.0000
5821.451,1.0000,1.0000
5822.792,1.0000,1.0000
5824.132,1.0000,1.0000
5825.474,1.0000,1.0000
5826.815,1.0000,1.0000
5828.157,1.0000,1.0000
5829.499,1.0000,1.0000
5830.842,1.0000,1.0000
5832.185,1.0000,1.0000
5833.527,1.0000,1.0000
5834.871,1.0000,1.0000
5836.214,1.0000,1.0000
5837.559,1.0000,1.0000
5838.903,1.0000,1.0000
5840.247,1.0000,1.0000
5841.592,1.0000,1.0000
5842.938,1.0000,1.0000
5844.283,1.0000,1.0000
5845.629,1.0000,1.0000
5846.975,1.0000,1.0000
5848.322,1.0000,1.0000
5849.668,1.0000,1.0000
5851.016,1.0000,1.0000
5852.363,1.0000,1.0000
5853.710,1.0000,1.0000
5855.059,1.0000,1.0000
5856.407,1.0000,1.0000
5857.756,1.0000,1.0000
5859.104,1.0000,1.0000
5860.454,1.0000,1.0000
5861.803,1.0000,1.0000
5863.153,1.0000,1.0000
5864.503,1.0000,1.0000
5865.854,1.0000,1.0000
5867.205,1.0000,1.0000
5868.556,1.0000,1.0000
5869.908,1.0000,1.0000
5871.259,1.0000,1.0000
5872.611,1.0000,1.0000
5873.963,1.0000,1.0000
5875.316,1.0000,1.0000
5876.669,1.0000,1.0000
5878.022,1.0000,1.0000
5879.376,1.0000,1.0000
5880.730,1.0000,1.0000
5882.084,1.0000,1.0000
5883.439,1.0000,1.0000
5884.794,1.0000,1.0000
5886.149,1.0000,1.0000
5887.504,1.0000,1.0000
5888.860,1.0000,1.0000
5890.216,1.0000,1.0000
5891.573,1.0000,1.0000
5892.929,1.0000,1.0000
5894.287,1.0000,1.0000
5895.644,1.0000,1.0000
5897.001,1.0000,1.0000
5898.359,1.0000,1.0000
5899.718,1.0000,1.0000
5901.077,1.0000,1.0000
5902.436,1.0000,1.0000
5903.794,1.0000,1.0000
5905.154,1.0000,1.0000
5906.514,1.0000,1.0000
5907.874,1.0000,1.0000
5909.234,1.0000,1.0000
5910.596,1.0000,1.0000
5911.957,1.0000,1.0000
5913.318,1.0000,1.0000
5914.680,1.0000,1.0000
5916.042,1.0000,1.0000
5917.405,1.0000,1.0000
5918.767,1.0000,1.0000
5920.130,1.0000,1.0000
5921.493,1.0000,1.0000
5922.857,1.0000,1.0000
5924.221,1.0000,1.0000
5925.585,1.0000,1.0000
5926.950,1.0000,1.0000
5928.315,1.0000,1.0000
5929.680,1.0000,1.0000
5931.045,1.0000,1.0000
5932.411,1.0000,1.0000
5933.777,1.0000,1.0000
5935.144,1.0000,1.0000
5936.510,1.0000,1.0000
5937.878,1.0000,1.0000
5939.245,1.0000,1.0000
5940.613,1.0000,1.0000
5941.981,1.0000,1.0000
5943.349,1.0000,1.0000
5944.718,1.0000,1.0000
5946.087,1.0000,1.0000
5947.456,1.0000,1.0000
5948.826,1.0000,1.0000
5950.195,1.0000,1.0000
5951.566,1.0000,1.0000
5952.937,1.0000,1.0000
5954.307,1.0000,1.0000
5955.678,1.0000,1.0000
5957.050,1.0000,1.0000
5958.422,1.0000,1.0000
5959.794,1.0000,1.0000
5961.167,1.0000,1.0000
5962.539,1.0000,1.0000
5963.912,1.0000,1.0000
5965.286,1.0000,1.0000
5966.659,1.0000,1.0000
5968.034,1.0000,1.0000
5969.408,1.0000,1.0000
5970.782,1.0000,1.0000
5972.157,1.0000,1.0000
5973.533,1.0000,1.0000
5974.909,1.0000,1.0000
5976.285,1.0000,1.0000
5977.661,1.0000,1.0000
5979.037,1.0000,1.0000
5980.414,1.0000,1.0000
5981.791,1.0000,1.0000
5983.169,1.0000,1.0000
5984.546,1.0000,1.0000
5985.925,1.0000,1.0000
5987.303,1.0000,1.0000
5988.682,1.0000,1.0000
5990.061,1.0000,1.0000
5991.440,1.0000,1.0000
5992.820,1.0000,1.0000
5994.200,1.0000,1.0000
5995.581,1.0000,1.0000
5996.961,1.0000,1.0000
5998.342,1.0000,1.0000
5999.724,1.0000,1.0000
6001.105,1.0000,1.0000
6002.487,1.0000,1.0000
6003.870,1.0000,1.0000
6005.252,1.0000,1.0000
6006.635,1.0000,1.0000
6008.018,1.0000,1.0000
6009.402,1.0000,1.0000
6010.786,1.0000,1.0000
6012.170,1.0000,1.0000
6013.555,1.0000,1.0000
6014.939,1.0000,1.0000
6016.324,1.0000,1.0000
6017.710,1.0000,1.0000
6019.096,1.0000,1.0000
6020.482,1.0000,1.0000
6021.868,1.0000,1.0000
6023.255,1.0000,1.0000
6024.642,1.0000,1.0000
6026.030,1.0000,1.0000
6027.417,1.0000,1.0000
6028.805,1.0000,1.0000
6030.193,1.0000,1.0000
6031.582,1.0000,1.0000
6032.971,1.0000,1.0000
6034.360,1.0000,1.0000
6035.750,1.0000,1.0000
6037.140,1.0000,1.0000
6038.530,1.0000,1.0000
6039.921,1.0000,1.0000
6041.312,1.0000,1.0000
6042.703,1.0000,1.0000
6044.095,1.0000,1.0000
6045.486,1.0000,1.0000
6046.878,1.0000,1.0000
6048.271,1.0000,1.0000
6049.664,1.0000,1.0000
6051.057,1.0000,1.0000
6052.450,1.0000,1.0000
6053.844,1.0000,1.0000
6055.238,1.0000,1.0000
6056.633,1.0000,1.0000
6058.027,1.0000,1.0000
6059.423,1.0000,1.0000
6060.818,1.0000,1.0000
6062.214,1.0000,1.0000
6063.610,1.0000,1.0000
6065.006,1.0000,1.0000
6066.403,1.0000,1.0000
6067.800,1.0000,1.0000
6069.197,1.0000,1.0000
6070.595,1.0000,1.0000
6071.993,1.0000,1.0000
6073.391,1.0000,1.0000
6074.790,1.0000,1.0000
6076.188,1.0000,1.0000
6077.588,1.0000,1.0000
6078.988,1.0000,1.0000
6080.387,1.0000,1.0000
6081.787,1.0000,1.0000
6083.188,1.0000,1.0000
6084.589,1.0000,1.0000
6085.990,1.0000,1.0000
6087.392,1.0000,1.0000
6088.793,1.0000,1.0000
6090.196,1.0000,1.0000
6091.598,1.0000,1.0000
6093.001,1.0000,1.0000
6094.404,1.0000,1.0000
6095.808,1.0000,1.0000
6097.211,1.0000,1.0000
6098.616,1.0000,1.0000
6100.020,1.0000,1.0000
6101.425,1.0000,1.0000
6102.830,1.0000,1.0000
6104.235,1.0000,1.0000
6105.641,1.0000,1.0000
6107.046,1.0000,1.0000
6108.453,1.0000,1.0000
6109.860,1.0000,1.0000
6111.267,1.0000,1.0000
6112.674,1.0000,1.0000
6114.082,1.0000,1.0000
6115.490,1.0000,1.0000
6116.898,1.0000,1.0000
6118.307,1.0000,1.0000
6119.715,1.0000,1.0000
6121.125,1.0000,1.0000
6122.535,1.0000,1.0000
6123.944,1.0000,1.0000
6125.355,1.0000,1.0000
6126.765,1.0000,1.0000
6128.176,1.0000,1.0000
6129.587,1.0000,1.0000
6130.999,1.0000,1.0000
6132.411,1.0000,1.0000
6133.823,1.0000,1.0000
6135.236,1.0000,1.0000
6136.648,1.0000,1.0000
6138.062,1.0000,1.0000
6139.475,1.0000,1.0000
6140.889,1.0000,1.0000
6142.303,1.0000,1.0000
6143.718,1.0000,1.0000
6145.133,1.0000,1.0000
6146.547,1.0000,1.0000
6147.963,1.0000,1.0000
6149.379,1.0000,1.0000
6150.795,1.0000,1.0000
6152.211,1.0000,1.0000
6153.628,1.0000,1.0000
6155.045,1.0000,1.0000
6156.463,1.0000,1.0000
6157.880,1.0000,1.0000
6159.298,1.0000,1.0000
6160.717,1.0000,1.0000
6162.136,1.0000,1.0000
6163.555,1.0000,1.0000
6164.974,1.0000,1.0000
6166.394,1.0000,1.0000
6167.814,1.0000,1.0000
6169.234,1.0000,1.0000
6170.655,1.0000,1.0000
6172.076,1.0000,1.0000
6173.497,1.0000,1.0000
6174.919,1.0000,1.0000
6176.341,1.0000,1.0000
6177.763,1.0000,1.0000
6179.186,1.0000,1.0000
6180.609,1.0000,1.0000
6182.032,1.0000,1.0000
6183.456,1.0000,1.0000
6184.879,1.0000,1.0000
6186.304,1.0000,1.0000
6187.729,1.0000,1.0000
6189.153,1.0000,1.0000
6190.579,1.0000,1.0000
6192.004,1.0000,1.0000
6193.430,1.0000,1.0000
6194.856,1.0000,1.0000
6196.283,1.0000,1.0000
6197.710,1.0000,1.0000
6199.137,1.0000,1.0000
6200.564,1.0000,1.0000
6201.993,1.0000,1.0000
6203.420,1.0000,1.0000
6204.849,1.0000,1.0000
6206.278,1.0000,1.0000
6207.708,1.0000,1.0000
6209.137,1.0000,1.0000
6210.567,1.0000,1.0000
6211.998,1.0000,1.0000
6213.427,1.0000,1.0000
6214.858,1.0000,1.0000
6216.290,1.0000,1.0000
6217.721,1.0000,1.0000
6219.153,1.0000,1.0000
6220.585,1.0000,1.0000
6222.018,1.0000,1.0000
6223.451,1.0000,1.0000
6224.884,1.0000,1.0000
6226.317,1.0000,1.0000
6227.751,1.0000,1.0000
6229.185,1.0000,1.0000
6230.620,1.0000,1.0000
6232.055,1.0000,1.0000
6233.490,1.0000,1.0000
6234.925,1.0000,1.0000
6236.361,1.0000,1.0000
6237.797,1.0000,1.0000
6239.233,1.0000,1.0000
6240.670,1.0000,1.0000
6242.107,1.0000,1.0000
6243.545,1.0000,1.0000
6244.983,1.0000,1.0000
6246.421,1.0000,1.0000
6247.859,1.0000,1.0000
6249.298,1.0000,1.0000
6250.737,1.0000,1.0000
6252.176,1.0000,1.0000
6253.616,1.0000,1.0000
6255.057,1.0000,1.0000
6256.497,1.0000,1.0000
6257.938,1.0000,1.0000
6259.379,1.0000,1.0000
6260.820,1.0000,1.0000
6262.263,1.0000,1.0000
6263.704,1.0000,1.0000
6265.147,1.0000,1.0000
6266.589,1.0000,1.0000
6268.033,1.0000,1.0000
6269.476,1.0000,1.0000
6270.920,1.0000,1.0000
6272.364,1.0000,1.0000
6273.809,1.0000,1.0000
6275.253,1.0000,1.0000
6276.698,1.0000,1.0000
6278.144,1.0000,1.0000
6279.589,1.0000,1.0000
6281.035,1.0000,1.0000
6282.482,1.0000,1.0000
6283.929,1.0000,1.0000
6285.376,1.0000,1.0000
6286.823,1.0000,1.0000
6288.271,1.0000,1.0000
6289.719,1.0000,1.0000
6291.167,1.0000,1.0000
6292.616,1.0000,1.0000
6294.065,1.0000,1.0000
6295.515,1.0000,1.0000
6296.964,1.0000,1.0000
6298.415,1.0000,1.0000
6299.865,1.0000,1.0000
6301.316,1.0000,1.0000
6302.767,1.0000,1.0000
6304.218,1.0000,1.0000
6305.670,1.0000,1.0000
6307.123,1.0000,1.0000
6308.575,1.0000,1.0000
6310.027,1.0000,1.0000
6311.480,1.0000,1.0000
6312.934,1.0000,1.0000
6314.388,1.0000,1.0000
6315.842,1.0000,1.0000
6317.296,1.0000,1.0000
6318.751,1.0000,1.0000
6320.206,1.0000,1.0000
6321.662,1.0000,1.0000
6323.117,1.0000,1.0000
6324.574,1.0000,1.0000
6326.030,1.0000,1.0000
6327.487,1.0000,1.0000
6328.944,1.0000,1.0000
6330.401,1.0000,1.0000
6331.859,1.0000,1.0000
6333.317,1.0000,1.0000
6334.776,1.0000,1.0000
6336.235,1.0000,1.0000
6337.694,1.0000,1.0000
6339.153,1.0000,1.0000
6340.613,1.0000,1.0000
6342.073,1.0000,1.0000
6343.533,1.0000,1.0000
6344.994,1.0000,1.0000
6346.456,1.0000,1.0000
6347.917,1.0000,1.0000
6349.379,1.0000,1.0000
6350.841,1.0000,1.0000
6352.303,1.0000,1.0000
6353.767,1.0000,1.0000
6355.229,1.0000,1.0000
6356.693,1.0000,1.0000
6358.157,1.0000,1.0000
6359.621,1.0000,1.0000
6361.086,1.0000,1.0000
6362.551,1.0000,1.0000
6364.016,1.0000,1.0000
6365.481,1.0000,1.0000
6366.947,1.0000,1.0000
6368.413,1.0000,1.0000
6369.880,1.0000,1.0000
6371.347,1.0000,1.0000
6372.814,1.0000,1.0000
6374.282,1.0000,1.0000
6375.750,1.0000,1.0000
6377.218,1.0000,1.0000
6378.687,1.0000,1.0000
6380.155,1.0000,1.0000
6381.625,1.0000,1.0000
6383.094,1.0000,1.0000
6384.564,1.0000,1.0000
6386.034,1.0000,1.0000
6387.505,1.0000,1.0000
6388.976,1.0000,1.0000
6390.447,1.0000,1.0000
6391.918,1.0000,1.0000
6393.391,1.0000,1.0000
6394.863,1.0000,1.0000
6396.336,1.0000,1.0000
6397.809,1.0000,1.0000
6399.282,1.0000,1.0000
6400.756,1.0000,1.0000
6402.229,1.0000,1.0000
6403.704,1.0000,1.0000
6405.179,1.0000,1.0000
6406.653,1.0000,1.0000
6408.129,1.0000,1.0000
6409.604,1.0000,1.0000
6411.081,1.0000,1.0000
6412.557,1.0000,1.0000
6414.034,1.0000,1.0000
6415.511,1.0000,1.0000
6416.988,1.0000,1.0000
6418.466,1.0000,1.0000
6419.944,1.0000,1.0000
6421.422,1.0000,1.0000
6422.901,1.0000,1.0000
6424.380,1.0000,1.0000
6425.860,1.0000,1.0000
6427.339,1.0000,1.0000
6428.820,1.0000,1.0000
6430.300,1.0000,1.0000
6431.781,1.0000,1.0000
6433.262,1.0000,1.0000
6434.744,1.0000,1.0000
6436.226,1.0000,1.0000
6437.708,1.0000,1.0000
6439.190,1.0000,1.0000
6440.673,1.0000,1.0000
6442.156,1.0000,1.0000
6443.640,1.0000,1.0000
6445.124,1.0000,1.0000
6446.607,1.0000,1.0000
6448.092,1.0000,1.0000
6449.577,1.0000,1.0000
6451.062,1.0000,1.0000
6452.548,1.0000,1.0000
6454.034,1.0000,1.0000
6455.520,1.0000,1.0000
6457.007,1.0000,1.0000
6458.494,1.0000,1.0000
6459.981,1.0000,1.0000
6461.469,1.0000,1.0000
6462.957,1.0000,1.0000
6464.445,1.0000,1.0000
6465.934,1.0000,1.0000
6467.423,1.0000,1.0000
6468.912,1.0000,1.0000
6470.401,1.0000,1.0000
6471.892,1.0000,1.0000
6473.382,1.0000,1.0000
6474.873,1.0000,1.0000
6476.364,1.0000,1.0000
6477.855,1.0000,1.0000
6479.347,1.0000,1.0000
6480.839,1.0000,1.0000
6482.332,1.0000,1.0000
6483.825,1.0000,1.0000
6485.318,1.0000,1.0000
6486.811,1.0000,1.0000
6488.305,1.0000,1.0000
6489.799,1.0000,1.0000
6491.293,1.0000,1.0000
6492.789,1.0000,1.0000
6494.283,1.0000,1.0000
6495.779,1.0000,1.0000
6497.275,1.0000,1.0000
6498.771,1.0000,1.0000
6500.268,1.0000,1.0000
6501.765,1.0000,1.0000
6503.262,1.0000,1.0000
6504.760,1.0000,1.0000
6506.258,1.0000,1.0000
6507.756,1.0000,1.0000
6509.254,1.0000,1.0000
6510.753,1.0000,1.0000
6512.253,1.0000,1.0000
6513.752,1.0000,1.0000
6515.252,1.0000,1.0000
6516.753,1.0000,1.0000
6518.253,1.0000,1.0000
6519.754,1.0000,1.0000
6521.256,1.0000,1.0000
6522.758,1.0000,1.0000
6524.260,1.0000,1.0000
6525.762,1.0000,1.0000
6527.265,1.0000,1.0000
6528.768,1.0000,1.0000
6530.271,1.0000,1.0000
6531.775,1.0000,1.0000
6533.280,1.0000,1.0000
6534.784,1.0000,1.0000
6536.289,1.0000,1.0000
6537.794,1.0000,1.0000
6539.300,1.0000,1.0000
6540.806,1.0000,1.0000
6542.312,1.0000,1.0000
6543.818,1.0000,1.0000
6545.325,1.0000,1.0000
6546.833,1.0000,1.0000
6548.340,1.0000,1.0000
6549.849,1.0000,1.0000
6551.357,1.0000,1.0000
6552.866,1.0000,1.0000
6554.374,1.0000,1.0000
6555.884,1.0000,1.0000
6557.394,1.0000,1.0000
6558.904,1.0000,1.0000
6560.414,1.0000,1.0000
6561.925,1.0000,1.0000
6563.436,1.0000,1.0000
6564.947,1.0000,1.0000
6566.459,1.0000,1.0000
6567.971,1.0000,1.0000
6569.484,1.0000,1.0000
6570.997,1.0000,1.0000
6572.510,1.0000,1.0000
6574.023,1.0000,1.0000
6575.537,1.0000,1.0000
6577.051,1.0000,1.0000
6578.566,1.0000,1.0000
6580.081,1.0000,1.0000
6581.596,1.0000,1.0000
6583.112,1.0000,1.0000
6584.628,1.0000,1.0000
6586.145,1.0000,1.0000
6587.661,1.0000,1.0000
6589.178,1.0000,1.0000
6590.695,1.0000,1.0000
6592.213,1.0000,1.0000
6593.731,1.0000,1.0000
6595.250,1.0000,1.0000
6596.769,1.0000,1.0000
6598.288,1.0000,1.0000
6599.807,1.0000,1.0000
6601.327,1.0000,1.0000
6602.847,1.0000,1.0000
6604.368,1.0000,1.0000
6605.889,1.0000,1.0000
6607.410,1.0000,1.0000
6608.931,1.0000,1.0000
6610.454,1.0000,1.0000
6611.976,1.0000,1.0000
6613.498,1.0000,1.0000
6615.021,1.0000,1.0000
6616.545,1.0000,1.0000
6618.068,1.0000,1.0000
6619.592,1.0000,1.0000
6621.117,1.0000,1.0000
6622.642,1.0000,1.0000
6624.167,1.0000,1.0000
6625.692,1.0000,1.0000
6627.218,1.0000,1.0000
6628.744,1.0000,1.0000
6630.271,1.0000,1.0000
6631.797,1.0000,1.0000
6633.325,1.0000,1.0000
6634.852,1.0000,1.0000
6636.380,1.0000,1.0000
6637.909,1.0000,1.0000
6639.437,1.0000,1.0000
6640.966,1.0000,1.0000
6642.495,1.0000,1.0000
6644.025,1.0000,1.0000
6645.555,1.0000,1.0000
6647.085,1.0000,1.0000
6648.616,1.0000,1.0000
6650.147,1.0000,1.0000
6651.679,1.0000,1.0000
6653.210,1.0000,1.0000
6654.742,1.0000,1.0000
6656.275,1.0000,1.0000
6657.808,1.0000,1.0000
6659.341,1.0000,1.0000
6660.875,1.0000,1.0000
6662.408,1.0000,1.0000
6663.942,1.0000,1.0000
6665.477,1.0000,1.0000
6667.012,1.0000,1.0000
6668.547,1.0000,1.0000
6670.083,1.0000,1.0000
6671.619,1.0000,1.0000
6673.156,1.0000,1.0000
6674.692,1.0000,1.0000
6676.229,1.0000,1.0000
6677.767,1.0000,1.0000
6679.304,1.0000,1.0000
6680.843,1.0000,1.0000
6682.381,1.0000,1.0000
6683.920,1.0000,1.0000
6685.459,1.0000,1.0000
6686.999,1.0000,1.0000
6688.539,1.0000,1.0000
6690.079,1.0000,1.0000
6691.620,1.0000,1.0000
6693.160,1.0000,1.0000
6694.702,1.0000,1.0000
6696.244,1.0000,1.0000
6697.786,1.0000,1.0000
6699.328,1.0000,1.0000
6700.871,1.0000,1.0000
6702.414,1.0000,1.0000
6703.957,1.0000,1.0000
6705.501,1.0000,1.0000
6707.045,1.0000,1.0000
6708.590,1.0000,1.0000
6710.135,1.0000,1.0000
6711.680,1.0000,1.0000
6713.226,1.0000,1.0000
6714.771,1.0000,1.0000
6716.318,1.0000,1.0000
6717.864,1.0000,1.0000
6719.412,1.0000,1.0000
6720.958,1.0000,1.0000
6722.507,1.0000,1.0000
6724.055,1.0000,1.0000
6725.604,1.0000,1.0000
6727.152,1.0000,1.0000
6728.701,1.0000,1.0000
6730.250,1.0000,1.0000
6731.801,1.0000,1.0000
6733.351,1.0000,1.0000
6734.901,1.0000,1.0000
6736.453,1.0000,1.0000
6738.003,1.0000,1.0000
6739.556,1.0000,1.0000
6741.107,1.0000,1.0000
6742.660,1.0000,1.0000
6744.212,1.0000,1.0000
6745.766,1.0000,1.0000
6747.319,1.0000,1.0000
6748.873,1.0000,1.0000
6750.427,1.0000,1.0000
6751.981,1.0000,1.0000
6753.537,1.0000,1.0000
6755.091,1.0000,1.0000
6756.647,1.0000,1.0000
6758.203,1.0000,1.0000
6759.759,1.0000,1.0000
6761.316,1.0000,1.0000
6762.873,1.0000,1.0000
6764.431,1.0000,1.0000
6765.988,1.0000,1.0000
6767.547,1.0000,1.0000
6769.105,1.0000,1.0000
6770.664,1.0000,1.0000
6772.223,1.0000,1.0000
6773.782,1.0000,1.0000
6775.342,1.0000,1.0000
6776.902,1.0000,1.0000
6778.463,1.0000,1.0000
6780.024,1.0000,1.0000
6781.586,1.0000,1.0000
6783.147,1.0000,1.0000
6784.709,1.0000,1.0000
6786.272,1.0000,1.0000
6787.834,1.0000,1.0000
6789.398,1.0000,1.0000
6790.961,1.0000,1.0000
6792.525,1.0000,1.0000
6794.089,1.0000,1.0000
6795.654,1.0000,1.0000
6797.219,1.0000,1.0000
6798.784,1.0000,1.0000
6800.350,1.0000,1.0000
6801.916,1.0000,1.0000
6803.482,1.0000,1.0000
6805.049,1.0000,1.0000
6806.616,1.0000,1.0000
6808.183,1.0000,1.0000
6809.751,1.0000,1.0000
6811.320,1.0000,1.0000
6812.888,1.0000,1.0000
6814.457,1.0000,1.0000
6816.026,1.0000,1.0000
6817.596,1.0000,1.0000
6819.166,1.0000,1.0000
6820.736,1.0000,1.0000
6822.307,1.0000,1.0000
6823.878,1.0000,1.0000
6825.450,1.0000,1.0000
6827.021,1.0000,1.0000
6828.593,1.0000,1.0000
6830.166,1.0000,1.0000
6831.739,1.0000,1.0000
6833.312,1.0000,1.0000
6834.885,1.0000,1.0000
6836.459,1.0000,1.0000
6838.034,1.0000,1.0000
6839.608,1.0000,1.0000
6841.183,1.0000,1.0000
6842.759,1.0000,1.0000
6844.334,1.0000,1.0000
6845.911,1.0000,1.0000
6847.487,1.0000,1.0000
6849.064,1.0000,1.0000
6850.642,1.0000,1.0000
6852.219,1.0000,1.0000
6853.797,1.0000,1.0000
6855.375,1.0000,1.0000
6856.954,1.0000,1.0000
6858.533,1.0000,1.0000
6860.112,1.0000,1.0000
6861.692,1.0000,1.0000
6863.272,1.0000,1.0000
6864.853,1.0000,1.0000
6866.434,1.0000,1.0000
6868.015,1.0000,1.0000
6869.596,1.0000,1.0000
6871.179,1.0000,1.0000
6872.761,1.0000,1.0000
6874.344,1.0000,1.0000
6875.927,1.0000,1.0000
6877.510,1.0000,1.0000
6879.094,1.0000,1.0000
6880.678,1.0000,1.0000
6882.263,1.0000,1.0000
6883.848,1.0000,1.0000
6885.433,1.0000,1.0000
6887.018,1.0000,1.0000
6888.604,1.0000,1.0000
6890.191,1.0000,1.0000
6891.778,1.0000,1.0000
6893.364,1.0000,1.0000
6894.952,1.0000,1.0000
6896.540,1.0000,1.0000
6898.128,1.0000,1.0000
6899.717,1.0000,1.0000
6901.306,1.0000,1.0000
6902.895,1.0000,1.0000
6904.484,1.0000,1.0000
6906.074,1.0000,1.0000
6907.665,1.0000,1.0000
6909.255,1.0000,1.0000
6910.847,1.0000,1.0000
6912.438,1.0000,1.0000
6914.030,1.0000,1.0000
6915.622,1.0000,1.0000
6917.214,1.0000,1.0000
6918.807,1.0000,1.0000
6920.400,1.0000,1.0000
6921.994,1.0000,1.0000
6923.588,1.0000,1.0000
6925.183,1.0000,1.0000
6926.777,1.0000,1.0000
6928.373,1.0000,1.0000
6929.968,1.0000,1.0000
6931.564,1.0000,1.0000
6933.160,1.0000,1.0000
6934.757,1.0000,1.0000
6936.354,1.0000,1.0000
6937.951,1.0000,1.0000
6939.549,1.0000,1.0000
6941.147,1.0000,1.0000
6942.746,1.0000,1.0000
6944.344,1.0000,1.0000
6945.944,1.0000,1.0000
6947.543,1.0000,1.0000
6949.143,1.0000,1.0000
6950.743,1.0000,1.0000
6952.344,1.0000,1.0000
6953.945,1.0000,1.0000
6955.546,1.0000,1.0000
6957.148,1.0000,1.0000
6958.750,1.0000,1.0000
6960.353,1.0000,1.0000
6961.956,1.0000,1.0000
6963.559,1.0000,1.0000
6965.162,1.0000,1.0000
6966.766,1.0000,1.0000
6968.371,1.0000,1.0000
6969.976,1.0000,1.0000
6971.581,1.0000,1.0000
6973.186,1.0000,1.0000
6974.792,1.0000,1.0000
6976.398,1.0000,1.0000
6978.004,1.0000,1.0000
6979.611,1.0000,1.0000
6981.218,1.0000,1.0000
6982.826,1.0000,1.0000
6984.434,1.0000,1.0000
6986.043,1.0000,1.0000
6987.651,1.0000,1.0000
6989.261,1.0000,1.0000
6990.870,1.0000,1.0000
6992.480,1.0000,1.0000
6994.091,1.0000,1.0000
6995.701,1.0000,1.0000
6997.312,1.0000,1.0000
6998.923,1.0000,1.0000
7000.535,1.0000,1.0000
7002.147,1.0000,1.0000
7003.760,1.0000,1.0000
7005.373,1.0000,1.0000
7006.986,1.0000,1.0000
7008.600,1.0000,1.0000
7010.213,1.0000,1.0000
7011.828,1.0000,1.0000
7013.442,1.0000,1.0000
7015.058,1.0000,1.0000
7016.673,1.0000,1.0000
7018.289,1.0000,1.0000
7019.905,1.0000,1.0000
7021.521,1.0000,1.0000
7023.139,1.0000,1.0000
7024.756,1.0000,1.0000
7026.374,1.0000,1.0000
7027.992,1.0000,1.0000
7029.610,1.0000,1.0000
7031.229,1.0000,1.0000
7032.848,1.0000,1.0000
7034.468,1.0000,1.0000
7036.087,1.0000,1.0000
7037.708,1.0000,1.0000
7039.328,1.0000,1.0000
7040.950,1.0000,1.0000
7042.571,1.0000,1.0000
7044.193,1.0000,1.0000
7045.815,1.0000,1.0000
7047.438,1.0000,1.0000
7049.061,1.0000,1.0000
7050.684,1.0000,1.0000
7052.308,1.0000,1.0000
7053.932,1.0000,1.0000
7055.556,1.0000,1.0000
7057.181,1.0000,1.0000
7058.806,1.0000,1.0000
7060.432,1.0000,1.0000
7062.057,1.0000,1.0000
7063.684,1.0000,1.0000
7065.310,1.0000,1.0000
7066.937,1.0000,1.0000
7068.564,1.0000,1.0000
7070.192,1.0000,1.0000
7071.821,1.0000,1.0000
7073.450,1.0000,1.0000
7075.078,1.0000,1.0000
7076.707,1.0000,1.0000
7078.337,1.0000,1.0000
7079.967,1.0000,1.0000
7081.598,1.0000,1.0000
7083.228,1.0000,1.0000
7084.860,1.0000,1.0000
7086.491,1.0000,1.0000
7088.123,1.0000,1.0000
7089.755,1.0000,1.0000
7091.388,1.0000,1.0000
7093.021,1.0000,1.0000
7094.654,1.0000,1.0000
7096.288,1.0000,1.0000
7097.922,1.0000,1.0000
7099.557,1.0000,1.0000
7101.192,1.0000,1.0000
7102.828,1.0000,1.0000
7104.463,1.0000,1.0000
7106.098,1.0000,1.0000
7107.735,1.0000,1.0000
7109.372,1.0000,1.0000
7111.009,1.0000,1.0000
7112.646,1.0000,1.0000
7114.285,1.0000,1.0000
7115.923,1.0000,1.0000
7117.562,1.0000,1.0000
7119.201,1.0000,1.0000
7120.840,1.0000,1.0000
7122.480,1.0000,1.0000
7124.120,1.0000,1.0000
7125.761,1.0000,1.0000
7127.402,1.0000,1.0000
7129.043,1.0000,1.0000
7130.685,1.0000,1.0000
7132.327,1.0000,1.0000
7133.969,1.0000,1.0000
7135.612,1.0000,1.0000
7137.255,1.0000,1.0000
7138.899,1.0000,1.0000
7140.543,1.0000,1.0000
7142.188,1.0000,1.0000
7143.832,1.0000,1.0000
7145.477,1.0000,1.0000
7147.123,1.0000,1.0000
7148.769,1.0000,1.0000
7150.415,1.0000,1.0000
7152.062,1.0000,1.0000
7153.708,1.0000,1.0000
7155.356,1.0000,1.0000
7157.003,1.0000,1.0000
7158.652,1.0000,1.0000
7160.300,1.0000,1.0000
7161.949,1.0000,1.0000
7163.599,1.0000,1.0000
7165.248,1.0000,1.0000
7166.898,1.0000,1.0000
7168.549,1.0000,1.0000
7170.200,1.0000,1.0000
7171.851,1.0000,1.0000
7173.502,1.0000,1.0000
7175.154,1.0000,1.0000
7176.806,1.0000,1.0000
7178.459,1.0000,1.0000
7180.112,1.0000,1.0000
7181.766,1.0000,1.0000
7183.420,1.0000,1.0000
7185.074,1.0000,1.0000
7186.728,1.0000,1.0000
7188.384,1.0000,1.0000
7190.039,1.0000,1.0000
7191.694,1.0000,1.0000
7193.351,1.0000,1.0000
7195.007,1.0000,1.0000
7196.665,1.0000,1.0000
7198.321,1.0000,1.0000
7199.979,1.0000,1.0000
7201.637,1.0000,1.0000
7203.296,1.0000,1.0000
7204.954,1.0000,1.0000
7206.613,1.0000,1.0000
7208.273,1.0000,1.0000
7209.933,1.0000,1.0000
7211.594,1.0000,1.0000
7213.254,1.0000,1.0000
7214.916,1.0000,1.0000
7216.577,1.0000,1.0000
7218.239,1.0000,1.0000
7219.901,1.0000,1.0000
7221.563,1.0000,1.0000
7223.227,1.0000,1.0000
7224.890,1.0000,1.0000
7226.554,1.0000,1.0000
7228.218,1.0000,1.0000
7229.883,1.0000,1.0000
7231.547,1.0000,1.0000
7233.213,1.0000,1.0000
7234.878,1.0000,1.0000
7236.544,1.0000,1.0000
7238.211,1.0000,1.0000
7239.877,1.0000,1.0000
7241.545,1.0000,1.0000
7243.212,1.0000,1.0000
7244.881,1.0000,1.0000
7246.549,1.0000,1.0000
7248.217,1.0000,1.0000
7249.887,1.0000,1.0000
7251.556,1.0000,1.0000
7253.227,1.0000,1.0000
7254.896,1.0000,1.0000
7256.568,1.0000,1.0000
7258.239,1.0000,1.0000
7259.910,1.0000,1.0000
7261.582,1.0000,1.0000
7263.254,1.0000,1.0000
7264.927,1.0000,1.0000
7266.600,1.0000,1.0000
7268.273,1.0000,1.0000
7269.947,1.0000,1.0000
7271.621,1.0000,1.0000
7273.296,1.0000,1.0000
7274.971,1.0000,1.0000
7276.646,1.0000,1.0000
7278.321,1.0000,1.0000
7279.998,1.0000,1.0000
7281.674,1.0000,1.0000
7283.351,1.0000,1.0000
7285.028,1.0000,1.0000
7286.706,1.0000,1.0000
7288.384,1.0000,1.0000
7290.062,1.0000,1.0000
7291.741,1.0000,1.0000
7293.420,1.0000,1.0000
7295.100,1.0000,1.0000
7296.780,1.0000,1.0000
7298.460,1.0000,1.0000
7300.141,1.0000,1.0000
7301.822,1.0000,1.0000
7303.503,1.0000,1.0000
7305.186,1.0000,1.0000
7306.868,1.0000,1.0000
7308.550,1.0000,1.0000
7310.233,1.0000,1.0000
7311.917,1.0000,1.0000
7313.601,1.0000,1.0000
7315.285,1.0000,1.0000
7316.970,1.0000,1.0000
7318.654,1.0000,1.0000
7320.340,1.0000,1.0000
7322.025,1.0000,1.0000
7323.711,1.0000,1.0000
7325.398,1.0000,1.0000
7327.085,1.0000,1.0000
7328.772,1.0000,1.0000
7330.460,1.0000,1.0000
7332.148,1.0000,1.0000
7333.837,1.0000,1.0000
7335.526,1.0000,1.0000
7337.215,1.0000,1.0000
7338.904,1.0000,1.0000
7340.595,1.0000,1.0000
7342.285,1.0000,1.0000
7343.976,1.0000,1.0000
7345.667,1.0000,1.0000
7347.358,1.0000,1.0000
7349.051,1.0000,1.0000
7350.743,1.0000,1.0000
7352.436,1.0000,1.0000
7354.128,1.0000,1.0000
7355.823,1.0000,1.0000
7357.516,1.0000,1.0000
7359.211,1.0000,1.0000
7360.906,1.0000,1.0000
7362.601,1.0000,1.0000
7364.296,1.0000,1.0000
7365.992,1.0000,1.0000
7367.688,1.0000,1.0000
7369.384,1.0000,1.0000
7371.082,1.0000,1.0000
7372.779,1.0000,1.0000
7374.478,1.0000,1.0000
7376.175,1.0000,1.0000
7377.874,1.0000,1.0000
7379.573,1.0000,1.0000
7381.272,1.0000,1.0000
7382.973,1.0000,1.0000
7384.672,1.0000,1.0000
7386.373,1.0000,1.0000
7388.074,1.0000,1.0000
7389.775,1.0000,1.0000
7391.477,1.0000,1.0000
7393.180,1.0000,1.0000
7394.882,1.0000,1.0000
7396.585,1.0000,1.0000
7398.288,1.0000,1.0000
7399.992,1.0000,1.0000
7401.696,1.0000,1.0000
7403.400,1.0000,1.0000
7405.105,1.0000,1.0000
7406.811,1.0000,1.0000
7408.517,1.0000,1.0000
7410.223,1.0000,1.0000
7411.929,1.0000,1.0000
7413.636,1.0000,1.0000
7415.343,1.0000,1.0000
7417.050,1.0000,1.0000
7418.759,1.0000,1.0000
7420.467,1.0000,1.0000
7422.176,1.0000,1.0000
7423.885,1.0000,1.0000
7425.595,1.0000,1.0000
7427.305,1.0000,1.0000
7429.015,1.0000,1.0000
7430.726,1.0000,1.0000
7432.437,1.0000,1.0000
7434.148,1.0000,1.0000
7435.861,1.0000,1.0000
7437.573,1.0000,1.0000
7439.286,1.0000,1.0000
7440.999,1.0000,1.0000
7442.712,1.0000,1.0000
7444.426,1.0000,1.0000
7446.140,1.0000,1.0000
7447.855,1.0000,1.0000
7449.570,1.0000,1.0000
7451.286,1.0000,1.0000
7453.002,1.0000,1.0000
7454.718,1.0000,1.0000
7456.435,1.0000,1.0000
7458.152,1.0000,1.0000
7459.870,1.0000,1.0000
7461.587,1.0000,1.0000
7463.306,1.0000,1.0000
7465.024,1.0000,1.0000
7466.744,1.0000,1.0000
7468.463,1.0000,1.0000
7470.183,1.0000,1.0000
7471.903,1.0000,1.0000
7473.624,1.0000,1.0000
7475.345,1.0000,1.0000
7477.066,1.0000,1.0000
7478.788,1.0000,1.0000
7480.511,1.0000,1.0000
7482.233,1.0000,1.0000
7483.957,1.0000,1.0000
7485.679,1.0000,1.0000
7487.403,1.0000,1.0000
7489.127,1.0000,1.0000
7490.853,1.0000,1.0000
7492.578,1.0000,1.0000
7494.303,1.0000,1.0000
7496.028,1.0000,1.0000
7497.755,1.0000,1.0000
7499.481,1.0000,1.0000
7501.208,1.0000,1.0000
7502.936,1.0000,1.0000
7504.664,1.0000,1.0000
7506.392,1.0000,1.0000
7508.121,1.0000,1.0000
7509.850,1.0000,1.0000
7511.579,1.0000,1.0000
7513.309,1.0000,1.0000
7515.039,1.0000,1.0000
7516.769,1.0000,1.0000
7518.501,1.0000,1.0000
7520.232,1.0000,1.0000
7521.964,1.0000,1.0000
7523.695,1.0000,1.0000
7525.429,1.0000,1.0000
7527.162,1.0000,1.0000
7528.896,1.0000,1.0000
7530.629,1.0000,1.0000
7532.363,1.0000,1.0000
7534.098,1.0000,1.0000
7535.833,1.0000,1.0000
7537.568,1.0000,1.0000
7539.303,1.0000,1.0000
7541.041,1.0000,1.0000
7542.777,1.0000,1.0000
7544.514,1.0000,1.0000
7546.251,1.0000,1.0000
7547.988,1.0000,1.0000
7549.727,1.0000,1.0000
7551.465,1.0000,1.0000
7553.204,1.0000,1.0000
7554.943,1.0000,1.0000
7556.684,1.0000,1.0000
7558.424,1.0000,1.0000
7560.165,1.0000,1.0000
7561.905,1.0000,1.0000
7563.646,1.0000,1.0000
7565.389,1.0000,1.0000
7567.130,1.0000,1.0000
7568.874,1.0000,1.0000
7570.616,1.0000,1.0000
7572.360,1.0000,1.0000
7574.103,1.0000,1.0000
7575.849,1.0000,1.0000
7577.593,1.0000,1.0000
7579.337,1.0000,1.0000
7581.083,1.0000,1.0000
7582.829,1.0000,1.0000
7584.575,1.0000,1.0000
7586.321,1.0000,1.0000
7588.068,1.0000,1.0000
7589.815,1.0000,1.0000
7591.563,1.0000,1.0000
7593.312,1.0000,1.0000
7595.060,1.0000,1.0000
7596.810,1.0000,1.0000
7598.559,1.0000,1.0000
7600.309,1.0000,1.0000
7602.059,1.0000,1.0000
7603.810,1.0000,1.0000
7605.561,1.0000,1.0000
7607.312,1.0000,1.0000
7609.064,1.0000,1.0000
7610.816,1.0000,1.0000
7612.569,1.0000,1.0000
7614.322,1.0000,1.0000
7616.075,1.0000,1.0000
7617.830,1.0000,1.0000
7619.583,1.0000,1.0000
7621.339,1.0000,1.0000
7623.093,1.0000,1.0000
7624.849,1.0000,1.0000
7626.604,1.0000,1.0000
7628.361,1.0000,1.0000
7630.118,1.0000,1.0000
7631.875,1.0000,1.0000
7633.632,1.0000,1.0000
7635.391,1.0000,1.0000
7637.148,1.0000,1.0000
7638.907,1.0000,1.0000
7640.667,1.0000,1.0000
7642.425,1.0000,1.0000
7644.186,1.0000,1.0000
7645.946,1.0000,1.0000
7647.708,1.0000,1.0000
7649.468,1.0000,1.0000
7651.230,1.0000,1.0000
7652.991,1.0000,1.0000
7654.753,1.0000,1.0000
7656.517,1.0000,1.0000
7658.280,1.0000,1.0000
7660.044,1.0000,1.0000
7661.808,1.0000,1.0000
7663.572,1.0000,1.0000
7665.337,1.0000,1.0000
7667.103,1.0000,1.0000
7668.867,1.0000,1.0000
7670.633,1.0000,1.0000
7672.400,1.0000,1.0000
7674.167,1.0000,1.0000
7675.934,1.0000,1.0000
7677.702,1.0000,1.0000
7679.470,1.0000,1.0000
7681.239,1.0000,1.0000
7683.007,1.0000,1.0000
7684.776,1.0000,1.0000
7686.546,1.0000,1.0000
7688.316,1.0000,1.0000
7690.086,1.0000,1.0000
7691.857,1.0000,1.0000
7693.629,1.0000,1.0000
7695.401,1.0000,1.0000
7697.173,1.0000,1.0000
7698.946,1.0000,1.0000
7700.719,1.0000,1.0000
7702.492,1.0000,1.0000
7704.266,1.0000,1.0000
7706.039,1.0000,1.0000
7707.814,1.0000,1.0000
7709.589,1.0000,1.0000
7711.365,1.0000,1.0000
7713.140,1.0000,1.0000
7714.917,1.0000,1.0000
7716.693,1.0000,1.0000
7718.470,1.0000,1.0000
7720.248,1.0000,1.0000
7722.025,1.0000,1.0000
7723.804,1.0000,1.0000
7725.583,1.0000,1.0000
7727.362,1.0000,1.0000
7729.141,1.0000,1.0000
7730.921,1.0000,1.0000
7732.701,1.0000,1.0000
7734.482,1.0000,1.0000
7736.263,1.0000,1.0000
7738.044,1.0000,1.0000
7739.827,1.0000,1.0000
7741.609,1.0000,1.0000
7743.392,1.0000,1.0000
7745.175,1.0000,1.0000
7746.958,1.0000,1.0000
7748.743,1.0000,1.0000
7750.527,1.0000,1.0000
7752.312,1.0000,1.0000
7754.097,1.0000,1.0000
7755.883,1.0000,1.0000
7757.669,1.0000,1.0000
7759.456,1.0000,1.0000
7761.242,1.0000,1.0000
7763.029,1.0000,1.0000
7764.817,1.0000,1.0000
7766.605,1.0000,1.0000
7768.395,1.0000,1.0000
7770.183,1.0000,1.0000
7771.973,1.0000,1.0000
7773.761,1.0000,1.0000
7775.552,1.0000,1.0000
7777.343,1.0000,1.0000
7779.134,1.0000,1.0000
7780.926,1.0000,1.0000
7782.716,1.0000,1.0000
7784.509,1.0000,1.0000
7786.302,1.0000,1.0000
7788.095,1.0000,1.0000
7789.889,1.0000,1.0000
7791.682,1.0000,1.0000
7793.477,1.0000,1.0000
7795.271,1.0000,1.0000
7797.066,1.0000,1.0000
7798.861,1.0000,1.0000
7800.658,1.0000,1.0000
7802.454,1.0000,1.0000
7804.251,1.0000,1.0000
7806.048,1.0000,1.0000
7807.846,1.0000,1.0000
7809.644,1.0000,1.0000
7811.442,1.0000,1.0000
7813.242,1.0000,1.0000
7815.041,1.0000,1.0000
7816.840,1.0000,1.0000
7818.640,1.0000,1.0000
7820.441,1.0000,1.0000
7822.242,1.0000,1.0000
7824.043,1.0000,1.0000
7825.845,1.0000,1.0000
7827.647,1.0000,1.0000
7829.450,1.0000,1.0000
7831.253,1.0000,1.0000
7833.056,1.0000,1.0000
7834.859,1.0000,1.0000
7836.665,1.0000,1.0000
7838.469,1.0000,1.0000
7840.274,1.0000,1.0000
7842.079,1.0000,1.0000
7843.885,1.0000,1.0000
7845.692,1.0000,1.0000
7847.498,1.0000,1.0000
7849.306,1.0000,1.0000
7851.113,1.0000,1.0000
7852.921,1.0000,1.0000
7854.729,1.0000,1.0000
7856.539,1.0000,1.0000
7858.348,1.0000,1.0000
7860.157,1.0000,1.0000
7861.968,1.0000,1.0000
7863.777,1.0000,1.0000
7865.589,1.0000,1.0000
7867.400,1.0000,1.0000
7869.212,1.0000,1.0000
7871.024,1.0000,1.0000
7872.836,1.0000,1.0000
7874.649,1.0000,1.0000
7876.462,1.0000,1.0000
7878.277,1.0000,1.0000
7880.090,1.0000,1.0000
7881.906,1.0000,1.0000
7883.720,1.0000,1.0000
7885.536,1.0000,1.0000
7887.352,1.0000,1.0000
7889.168,1.0000,1.0000
7890.986,1.0000,1.0000
7892.802,1.0000,1.0000
7894.620,1.0000,1.0000
7896.438,1.0000,1.0000
7898.257,1.0000,1.0000
7900.076,1.0000,1.0000
7901.895,1.0000,1.0000
7903.714,1.0000,1.0000
7905.534,1.0000,1.0000
7907.355,1.0000,1.0000
7909.175,1.0000,1.0000
7910.998,1.0000,1.0000
7912.819,1.0000,1.0000
7914.642,1.0000,1.0000
7916.464,1.0000,1.0000
7918.287,1.0000,1.0000
7920.111,1.0000,1.0000
7921.934,1.0000,1.0000
7923.759,1.0000,1.0000
7925.583,1.0000,1.0000
7927.408,1.0000,1.0000
7929.234,1.0000,1.0000
7931.061,1.0000,1.0000
7932.886,1.0000,1.0000
7934.714,1.0000,1.0000
7936.540,1.0000,1.0000
7938.368,1.0000,1.0000
7940.196,1.0000,1.0000
7942.024,1.0000,1.0000
7943.854,1.0000,1.0000
7945.683,1.0000,1.0000
7947.513,1.0000,1.0000
7949.343,1.0000,1.0000
7951.173,1.0000,1.0000
7953.004,1.0000,1.0000
7954.835,1.0000,1.0000
7956.668,1.0000,1.0000
7958.500,1.0000,1.0000
7960.333,1.0000,1.0000
7962.166,1.0000,1.0000
7964.000,1.0000,1.0000
7965.833,1.0000,1.0000
7967.668,1.0000,1.0000
7969.503,1.0000,1.0000
7971.338,1.0000,1.0000
7973.174,1.0000,1.0000
7975.010,1.0000,1.0000
7976.847,1.0000,1.0000
7978.683,1.0000,1.0000
7980.521,1.0000,1.0000
7982.358,1.0000,1.0000
7984.197,1.0000,1.0000
7986.036,1.0000,1.0000
7987.874,1.0000,1.0000
7989.714,1.0000,1.0000
7991.554,1.0000,1.0000
7993.394,1.0000,1.0000
7995.235,1.0000,1.0000
7997.077,1.0000,1.0000
7998.917,1.0000,1.0000
8000.759,1.0000,1.0000
8002.602,1.0000,1.0000
8004.445,1.0000,1.0000
8006.289,1.0000,1.0000
8008.132,1.0000,1.0000
8009.977,1.0000,1.0000
8011.821,1.0000,1.0000
8013.667,1.0000,1.0000
8015.512,1.0000,1.0000
8017.357,1.0000,1.0000
8019.203,1.0000,1.0000
8021.050,1.0000,1.0000
8022.897,1.0000,1.0000
8024.745,1.0000,1.0000
8026.593,1.0000,1.0000
8028.441,1.0000,1.0000
8030.291,1.0000,1.0000
8032.140,1.0000,1.0000
8033.988,1.0000,1.0000
8035.839,1.0000,1.0000
8037.690,1.0000,1.0000
8039.541,1.0000,1.0000
8041.392,1.0000,1.0000
8043.244,1.0000,1.0000
8045.096,1.0000,1.0000
8046.949,1.0000,1.0000
8048.801,1.0000,1.0000
8050.655,1.0000,1.0000
8052.509,1.0000,1.0000
8054.363,1.0000,1.0000
8056.219,1.0000,1.0000
8058.074,1.0000,1.0000
8059.930,1.0000,1.0000
8061.785,1.0000,1.0000
8063.642,1.0000,1.0000
8065.499,1.0000,1.0000
8067.356,1.0000,1.0000
8069.214,1.0000,1.0000
8071.072,1.0000,1.0000
8072.932,1.0000,1.0000
8074.790,1.0000,1.0000
8076.650,1.0000,1.0000
8078.510,1.0000,1.0000
8080.370,1.0000,1.0000
8082.230,1.0000,1.0000
8084.091,1.0000,1.0000
8085.954,1.0000,1.0000
8087.815,1.0000,1.0000
8089.678,1.0000,1.0000
8091.541,1.0000,1.0000
8093.405,1.0000,1.0000
8095.268,1.0000,1.0000
8097.132,1.0000,1.0000
8098.997,1.0000,1.0000
8100.862,1.0000,1.0000
8102.727,1.0000,1.0000
8104.593,1.0000,1.0000
8106.460,1.0000,1.0000
8108.327,1.0000,1.0000
8110.194,1.0000,1.0000
8112.062,1.0000,1.0000
8113.930,1.0000,1.0000
8115.798,1.0000,1.0000
8117.667,1.0000,1.0000
8119.537,1.0000,1.0000
8121.406,1.0000,1.0000
8123.276,1.0000,1.0000
8125.147,1.0000,1.0000
8127.018,1.0000,1.0000
8128.890,1.0000,1.0000
8130.762,1.0000,1.0000
8132.634,1.0000,1.0000
8134.507,1.0000,1.0000
8136.380,1.0000,1.0000
8138.254,1.0000,1.0000
8140.128,1.0000,1.0000
8142.003,1.0000,1.0000
8143.877,1.0000,1.0000
8145.752,1.0000,1.0000
8147.628,1.0000,1.0000
8149.505,1.0000,1.0000
8151.382,1.0000,1.0000
8153.259,1.0000,1.0000
8155.137,1.0000,1.0000
8157.014,1.0000,1.0000
8158.893,1.0000,1.0000
8160.772,1.0000,1.0000
8162.651,1.0000,1.0000
8164.531,1.0000,1.0000
8166.411,1.0000,1.0000
8168.291,1.0000,1.0000
8170.173,1.0000,1.0000
8172.054,1.0000,1.0000
8173.937,1.0000,1.0000
8175.818,1.0000,1.0000
8177.701,1.0000,1.0000
8179.584,1.0000,1.0000
8181.468,1.0000,1.0000
8183.352,1.0000,1.0000
8185.236,1.0000,1.0000
8187.122,1.0000,1.0000
8189.007,1.0000,1.0000
8190.893,1.0000,1.0000
8192.779,1.0000,1.0000
8194.666,1.0000,1.0000
8196.553,1.0000,1.0000
8198.440,1.0000,1.0000
8200.328,1.0000,1.0000
8202.217,1.0000,1.0000
8204.105,1.0000,1.0000
8205.995,1.0000,1.0000
8207.885,1.0000,1.0000
8209.774,1.0000,1.0000
8211.665,1.0000,1.0000
8213.556,1.0000,1.0000
8215.447,1.0000,1.0000
8217.340,1.0000,1.0000
8219.231,1.0000,1.0000
8221.124,1.0000,1.0000
8223.018,1.0000,1.0000
8224.912,1.0000,1.0000
8226.806,1.0000,1.0000
8228.701,1.0000,1.0000
8230.596,1.0000,1.0000
8232.490,1.0000,1.0000
8234.386,1.0000,1.0000
8236.282,1.0000,1.0000
8238.180,1.0000,1.0000
8240.076,1.0000,1.0000
8241.974,1.0000,1.0000
8243.872,1.0000,1.0000
8245.771,1.0000,1.0000
8247.669,1.0000,1.0000
8249.568,1.0000,1.0000
8251.468,1.0000,1.0000
8253.368,1.0000,1.0000
8255.269,1.0000,1.0000
8257.170,1.0000,1.0000
8259.072,1.0000,1.0000
8260.974,1.0000,1.0000
8262.876,1.0000,1.0000
8264.779,1.0000,1.0000
8266.682,1.0000,1.0000
8268.586,1.0000,1.0000
8270.489,1.0000,1.0000
8272.395,1.0000,1.0000
8274.299,1.0000,1.0000
8276.205,1.0000,1.0000
8278.110,1.0000,1.0000
8280.017,1.0000,1.0000
8281.924,1.0000,1.0000
8283.831,1.0000,1.0000
8285.739,1.0000,1.0000
8287.646,1.0000,1.0000
8289.556,1.0000,1.0000
8291.465,1.0000,1.0000
8293.374,1.0000,1.0000
8295.284,1.0000,1.0000
8297.193,1.0000,1.0000
8299.104,1.0000,1.0000
8301.016,1.0000,1.0000
8302.928,1.0000,1.0000
8304.839,1.0000,1.0000
8306.752,1.0000,1.0000
8308.665,1.0000,1.0000
8310.579,1.0000,1.0000
8312.492,1.0000,1.0000
8314.406,1.0000,1.0000
8316.320,1.0000,1.0000
8318.235,1.0000,1.0000
8320.151,1.0000,1.0000
8322.067,1.0000,1.0000
8323.984,1.0000,1.0000
8325.900,1.0000,1.0000
8327.818,1.0000,1.0000
8329.736,1.0000,1.0000
8331.653,1.0000,1.0000
8333.572,1.0000,1.0000
8335.492,1.0000,1.0000
8337.411,1.0000,1.0000
8339.331,1.0000,1.0000
8341.252,1.0000,1.0000
8343.173,1.0000,1.0000
8345.095,1.0000,1.0000
8347.016,1.0000,1.0000
8348.938,1.0000,1.0000
8350.861,1.0000,1.0000
8352.783,1.0000,1.0000
8354.707,1.0000,1.0000
8356.632,1.0000,1.0000
8358.556,1.0000,1.0000
8360.480,1.0000,1.0000
8362.406,1.0000,1.0000
8364.331,1.0000,1.0000
8366.257,1.0000,1.0000
8368.185,1.0000,1.0000
8370.111,1.0000,1.0000
8372.039,1.0000,1.0000
8373.967,1.0000,1.0000
8375.896,1.0000,1.0000
8377.824,1.0000,1.0000
8379.754,1.0000,1.0000
8381.684,1.0000,1.0000
8383.612,1.0000,1.0000
8385.544,1.0000,1.0000
8387.475,1.0000,1.0000
8389.406,1.0000,1.0000
8391.338,1.0000,1.0000
8393.271,1.0000,1.0000
8395.203,1.0000,1.0000
8397.137,1.0000,1.0000
8399.071,1.0000,1.0000
8401.005,1.0000,1.0000
8402.939,1.0000,1.0000
8404.874,1.0000,1.0000
8406.811,1.0000,1.0000
8408.746,1.0000,1.0000
8410.683,1.0000,1.0000
8412.619,1.0000,1.0000
8414.557,1.0000,1.0000
8416.495,1.0000,1.0000
8418.433,1.0000,1.0000
8420.371,1.0000,1.0000
8422.310,1.0000,1.0000
8424.250,1.0000,1.0000
8426.190,1.0000,1.0000
8428.130,1.0000,1.0000
8430.071,1.0000,1.0000
8432.012,1.0000,1.0000
8433.954,1.0000,1.0000
8435.896,1.0000,1.0000
8437.839,1.0000,1.0000
8439.781,1.0000,1.0000
8441.727,1.0000,1.0000
8443.670,1.0000,1.0000
8445.614,1.0000,1.0000
8447.560,1.0000,1.0000
8449.504,1.0000,1.0000
8451.450,1.0000,1.0000
8453.396,1.0000,1.0000
8455.343,1.0000,1.0000
8457.290,1.0000,1.0000
8459.238,1.0000,1.0000
8461.186,1.0000,1.0000
8463.135,1.0000,1.0000
8465.083,1.0000,1.0000
8467.032,1.0000,1.0000
8468.982,1.0000,1.0000
8470.933,1.0000,1.0000
8472.884,1.0000,1.0000
8474.835,1.0000,1.0000
8476.786,1.0000,1.0000
8478.738,1.0000,1.0000
8480.690,1.0000,1.0000
8482.645,1.0000,1.0000
8484.597,1.0000,1.0000
8486.552,1.0000,1.0000
8488.505,1.0000,1.0000
8490.460,1.0000,1.0000
8492.416,1.0000,1.0000
8494.372,1.0000,1.0000
8496.327,1.0000,1.0000
8498.284,1.0000,1.0000
8500.241,1.0000,1.0000
8502.198,1.0000,1.0000
8504.156,1.0000,1.0000
8506.114,1.0000,1.0000
8508.073,1.0000,1.0000
8510.032,1.0000,1.0000
8511.993,1.0000,1.0000
8513.953,1.0000,1.0000
8515.913,1.0000,1.0000
8517.874,1.0000,1.0000
8519.836,1.0000,1.0000
8521.798,1.0000,1.0000
8523.760,1.0000,1.0000
8525.724,1.0000,1.0000
8527.687,1.0000,1.0000
8529.650,1.0000,1.0000
8531.614,1.0000,1.0000
8533.579,1.0000,1.0000
8535.545,1.0000,1.0000
8537.510,1.0000,1.0000
8539.477,1.0000,1.0000
8541.442,1.0000,1.0000
8543.410,1.0000,1.0000
8545.377,1.0000,1.0000
8547.346,1.0000,1.0000
8549.313,1.0000,1.0000
8551.282,1.0000,1.0000
8553.252,1.0000,1.0000
8555.221,1.0000,1.0000
8557.190,1.0000,1.0000
8559.161,1.0000,1.0000
8561.133,1.0000,1.0000
8563.104,1.0000,1.0000
8565.076,1.0000,1.0000
8567.049,1.0000,1.0000
8569.021,1.0000,1.0000
8570.994,1.0000,1.0000
8572.969,1.0000,1.0000
8574.942,1.0000,1.0000
8576.918,1.0000,1.0000
8578.893,1.0000,1.0000
8580.868,1.0000,1.0000
8582.845,1.0000,1.0000
8584.820,1.0000,1.0000
8586.797,1.0000,1.0000
8588.774,1.0000,1.0000
8590.753,1.0000,1.0000
8592.731,1.0000,1.0000
8594.710,1.0000,1.0000
8596.689,1.0000,1.0000
8598.669,1.0000,1.0000
8600.649,1.0000,1.0000
8602.630,1.0000,1.0000
8604.610,1.0000,1.0000
8606.593,1.0000,1.0000
8608.574,1.0000,1.0000
8610.557,1.0000,1.0000
8612.539,1.0000,1.0000
8614.523,1.0000,1.0000
8616.507,1.0000,1.0000
8618.491,1.0000,1.0000
8620.476,1.0000,1.0000
8622.461,1.0000,1.0000
8624.446,1.0000,1.0000
8626.432,1.0000,1.0000
8628.420,1.0000,1.0000
8630.406,1.0000,1.0000
8632.394,1.0000,1.0000
8634.381,1.0000,1.0000
8636.370,1.0000,1.0000
8638.359,1.0000,1.0000
8640.348,1.0000,1.0000
8642.338,1.0000,1.0000
8644.328,1.0000,1.0000
8646.319,1.0000,1.0000
8648.310,1.0000,1.0000
8650.301,1.0000,1.0000
8652.293,1.0000,1.0000
8654.286,1.0000,1.0000
8656.279,1.0000,1.0000
8658.271,1.0000,1.0000
8660.267,1.0000,1.0000
8662.260,1.0000,1.0000
8664.256,1.0000,1.0000
8666.250,1.0000,1.0000
8668.246,1.0000,1.0000
8670.242,1.0000,1.0000
8672.239,1.0000,1.0000
8674.236,1.0000,1.0000
8676.233,1.0000,1.0000
8678.231,1.0000,1.0000
8680.230,1.0000,1.0000
8682.229,1.0000,1.0000
8684.229,1.0000,1.0000
8686.229,1.0000,1.0000
8688.229,1.0000,1.0000
8690.229,1.0000,1.0000
8692.230,1.0000,1.0000
8694.232,1.0000,1.0000
8696.234,1.0000,1.0000
8698.236,1.0000,1.0000
8700.240,1.0000,1.0000
8702.244,1.0000,1.0000
8704.247,1.0000,1.0000
8706.252,1.0000,1.0000
8708.257,1.0000,1.0000
8710.262,1.0000,1.0000
8712.269,1.0000,1.0000
8714.274,1.0000,1.0000
8716.280,1.0000,1.0000
8718.289,1.0000,1.0000
8720.296,1.0000,1.0000
8722.304,1.0000,1.0000
8724.313,1.0000,1.0000
8726.322,1.0000,1.0000
8728.332,1.0000,1.0000
8730.341,1.0000,1.0000
8732.352,1.0000,1.0000
8734.362,1.0000,1.0000
8736.374,1.0000,1.0000
8738.386,1.0000,1.0000
8740.398,1.0000,1.0000
8742.411,1.0000,1.0000
8744.424,1.0000,1.0000
8746.438,1.0000,1.0000
8748.452,1.0000,1.0000
8750.468,1.0000,1.0000
8752.481,1.0000,1.0000
8754.498,1.0000,1.0000
8756.514,1.0000,1.0000
8758.531,1.0000,1.0000
8760.547,1.0000,1.0000
8762.564,1.0000,1.0000
8764.583,1.0000,1.0000
8766.601,1.0000,1.0000
8768.619,1.0000,1.0000
8770.639,1.0000,1.0000
8772.659,1.0000,1.0000
8774.679,1.0000,1.0000
8776.700,1.0000,1.0000
8778.721,1.0000,1.0000
8780.742,1.0000,1.0000
8782.765,1.0000,1.0000
8784.787,1.0000,1.0000
8786.811,1.0000,1.0000
8788.834,1.0000,1.0000
8790.857,1.0000,1.0000
8792.882,1.0000,1.0000
8794.907,1.0000,1.0000
8796.932,1.0000,1.0000
8798.957,1.0000,1.0000
8800.984,1.0000,1.0000
8803.011,1.0000,1.0000
8805.038,1.0000,1.0000
8807.065,1.0000,1.0000
8809.094,1.0000,1.0000
8811.122,1.0000,1.0000
8813.151,1.0000,1.0000
8815.181,1.0000,1.0000
8817.211,1.0000,1.0000
8819.242,1.0000,1.0000
8821.272,1.0000,1.0000
8823.304,1.0000,1.0000
8825.336,1.0000,1.0000
8827.368,1.0000,1.0000
8829.401,1.0000,1.0000
8831.434,1.0000,1.0000
8833.468,1.0000,1.0000
8835.501,1.0000,1.0000
8837.537,1.0000,1.0000
8839.572,1.0000,1.0000
8841.607,1.0000,1.0000
8843.644,1.0000,1.0000
8845.681,1.0000,1.0000
8847.717,1.0000,1.0000
8849.755,1.0000,1.0000
8851.793,1.0000,1.0000
8853.831,1.0000,1.0000
8855.870,1.0000,1.0000
8857.909,1.0000,1.0000
8859.950,1.0000,1.0000
8861.989,1.0000,1.0000
8864.030,1.0000,1.0000
8866.071,1.0000,1.0000
8868.112,1.0000,1.0000
8870.155,1.0000,1.0000
8872.197,1.0000,1.0000
8874.241,1.0000,1.0000
8876.284,1.0000,1.0000
8878.329,1.0000,1.0000
8880.374,1.0000,1.0000
8882.419,1.0000,1.0000
8884.464,1.0000,1.0000
8886.510,1.0000,1.0000
8888.557,1.0000,1.0000
8890.603,1.0000,1.0000
8892.651,1.0000,1.0000
8894.698,1.0000,1.0000
8896.747,1.0000,1.0000
8898.795,1.0000,1.0000
8900.846,1.0000,1.0000
8902.895,1.0000,1.0000
8904.944,1.0000,1.0000
8906.996,1.0000,1.0000
8909.047,1.0000,1.0000
8911.099,1.0000,1.0000
8913.150,1.0000,1.0000
8915.203,1.0000,1.0000
8917.256,1.0000,1.0000
8919.310,1.0000,1.0000
8921.363,1.0000,1.0000
8923.418,1.0000,1.0000
8925.473,1.0000,1.0000
8927.528,1.0000,1.0000
8929.584,1.0000,1.0000
8931.641,1.0000,1.0000
8933.697,1.0000,1.0000
8935.754,1.0000,1.0000
8937.812,1.0000,1.0000
8939.870,1.0000,1.0000
8941.929,1.0000,1.0000
8943.988,1.0000,1.0000
8946.048,1.0000,1.0000
8948.108,1.0000,1.0000
8950.169,1.0000,1.0000
8952.230,1.0000,1.0000
8954.292,1.0000,1.0000
8956.354,1.0000,1.0000
8958.416,1.0000,1.0000
8960.479,1.0000,1.0000
8962.542,1.0000,1.0000
8964.605,1.0000,1.0000
8966.671,1.0000,1.0000
8968.735,1.0000,1.0000
8970.802,1.0000,1.0000
8972.867,1.0000,1.0000
8974.934,1.0000,1.0000
8977.000,1.0000,1.0000
8979.067,1.0000,1.0000
8981.136,1.0000,1.0000
8983.203,1.0000,1.0000
8985.272,1.0000,1.0000
8987.341,1.0000,1.0000
8989.411,1.0000,1.0000
8991.480,1.0000,1.0000
8993.552,1.0000,1.0000
8995.623,1.0000,1.0000
8997.693,1.0000,1.0000
8999.766,1.0000,1.0000
9001.839,1.0000,1.0000
9003.912,1.0000,1.0000
9005.985,1.0000,1.0000
9008.060,1.0000,1.0000
9010.134,1.0000,1.0000
9012.208,1.0000,1.0000
9014.284,1.0000,1.0000
9016.359,1.0000,1.0000
9018.437,1.0000,1.0000
9020.513,1.0000,1.0000
9022.590,1.0000,1.0000
9024.668,1.0000,1.0000
9026.746,1.0000,1.0000
9028.825,1.0000,1.0000
9030.904,1.0000,1.0000
9032.983,1.0000,1.0000
9035.064,1.0000,1.0000
9037.145,1.0000,1.0000
9039.226,1.0000,1.0000
9041.308,1.0000,1.0000
9043.390,1.0000,1.0000
9045.472,1.0000,1.0000
9047.555,1.0000,1.0000
9049.639,1.0000,1.0000
9051.723,1.0000,1.0000
9053.807,1.0000,1.0000
9055.893,1.0000,1.0000
9057.978,1.0000,1.0000
9060.063,1.0000,1.0000
9062.149,1.0000,1.0000
9064.236,1.0000,1.0000
9066.324,1.0000,1.0000
9068.412,1.0000,1.0000
9070.500,1.0000,1.0000
9072.589,1.0000,1.0000
9074.679,1.0000,1.0000
9076.768,1.0000,1.0000
9078.858,1.0000,1.0000
9080.948,1.0000,1.0000
9083.041,1.0000,1.0000
9085.132,1.0000,1.0000
9087.224,1.0000,1.0000
9089.317,1.0000,1.0000
9091.409,1.0000,1.0000
9093.503,1.0000,1.0000
9095.597,1.0000,1.0000
9097.692,1.0000,1.0000
9099.787,1.0000,1.0000
9101.882,1.0000,1.0000
9103.979,1.0000,1.0000
9106.074,1.0000,1.0000
9108.172,1.0000,1.0000
9110.270,1.0000,1.0000
9112.368,1.0000,1.0000
9114.467,1.0000,1.0000
9116.565,1.0000,1.0000
9118.664,1.0000,1.0000
9120.764,1.0000,1.0000
9122.864,1.0000,1.0000
9124.966,1.0000,1.0000
9127.067,1.0000,1.0000
9129.168,1.0000,1.0000
9131.271,1.0000,1.0000
9133.374,1.0000,1.0000
9135.477,1.0000,1.0000
9137.581,1.0000,1.0000
9139.685,1.0000,1.0000
9141.790,1.0000,1.0000
9143.895,1.0000,1.0000
9146.001,1.0000,1.0000
9148.106,1.0000,1.0000
9150.214,1.0000,1.0000
9152.320,1.0000,1.0000
9154.429,1.0000,1.0000
9156.537,1.0000,1.0000
9158.645,1.0000,1.0000
9160.754,1.0000,1.0000
9162.863,1.0000,1.0000
9164.974,1.0000,1.0000
9167.084,1.0000,1.0000
9169.196,1.0000,1.0000
9171.307,1.0000,1.0000
9173.420,1.0000,1.0000
9175.531,1.0000,1.0000
9177.644,1.0000,1.0000
9179.759,1.0000,1.0000
9181.872,1.0000,1.0000
9183.986,1.0000,1.0000
9186.101,1.0000,1.0000
9188.217,1.0000,1.0000
9190.333,1.0000,1.0000
9192.449,1.0000,1.0000
9194.566,1.0000,1.0000
9196.684,1.0000,1.0000
9198.801,1.0000,1.0000
9200.919,1.0000,1.0000
9203.038,1.0000,1.0000
9205.157,1.0000,1.0000
9207.278,1.0000,1.0000
9209.397,1.0000,1.0000
9211.519,1.0000,1.0000
9213.640,1.0000,1.0000
9215.762,1.0000,1.0000
9217.884,1.0000,1.0000
9220.007,1.0000,1.0000
9222.130,1.0000,1.0000
9224.254,1.0000,1.0000
9226.378,1.0000,1.0000
9228.502,1.0000,1.0000
9230.628,1.0000,1.0000
9232.754,1.0000,1.0000
9234.880,1.0000,1.0000
9237.007,1.0000,1.0000
9239.133,1.0000,1.0000
9241.261,1.0000,1.0000
9243.389,1.0000,1.0000
9245.519,1.0000,1.0000
9247.646,1.0000,1.0000
9249.775,1.0000,1.0000
9251.906,1.0000,1.0000
9254.037,1.0000,1.0000
9256.168,1.0000,1.0000
9258.300,1.0000,1.0000
9260.432,1.0000,1.0000
9262.564,1.0000,1.0000
9264.697,1.0000,1.0000
9266.831,1.0000,1.0000
9268.964,1.0000,1.0000
9271.100,1.0000,1.0000
9273.234,1.0000,1.0000
9275.370,1.0000,1.0000
9277.505,1.0000,1.0000
9279.643,1.0000,1.0000
9281.779,1.0000,1.0000
9283.917,1.0000,1.0000
9286.055,1.0000,1.0000
9288.193,1.0000,1.0000
9290.332,1.0000,1.0000
9292.471,1.0000,1.0000
9294.611,1.0000,1.0000
9296.752,1.0000,1.0000
9298.893,1.0000,1.0000
9301.033,1.0000,1.0000
9303.176,1.0000,1.0000
9305.318,1.0000,1.0000
9307.461,1.0000,1.0000
9309.604,1.0000,1.0000
9311.748,1.0000,1.0000
9313.893,1.0000,1.0000
9316.037,1.0000,1.0000
9318.183,1.0000,1.0000
9320.328,1.0000,1.0000
9322.476,1.0000,1.0000
9324.622,1.0000,1.0000
9326.769,1.0000,1.0000
9328.917,1.0000,1.0000
9331.065,1.0000,1.0000
9333.214,1.0000,1.0000
9335.363,1.0000,1.0000
9337.514,1.0000,1.0000
9339.664,1.0000,1.0000
9341.814,1.0000,1.0000
9343.966,1.0000,1.0000
9346.117,1.0000,1.0000
9348.270,1.0000,1.0000
9350.422,1.0000,1.0000
9352.576,1.0000,1.0000
9354.729,1.0000,1.0000
9356.884,1.0000,1.0000
9359.038,1.0000,1.0000
9361.193,1.0000,1.0000
9363.350,1.0000,1.0000
9365.505,1.0000,1.0000
9367.662,1.0000,1.0000
9369.819,1.0000,1.0000
9371.978,1.0000,1.0000
9374.136,1.0000,1.0000
9376.295,1.0000,1.0000
9378.454,1.0000,1.0000
9380.614,1.0000,1.0000
9382.773,1.0000,1.0000
9384.934,1.0000,1.0000
9387.096,1.0000,1.0000
9389.257,1.0000,1.0000
9391.420,1.0000,1.0000
9393.581,1.0000,1.0000
9395.745,1.0000,1.0000
9397.909,1.0000,1.0000
9400.072,1.0000,1.0000
9402.238,1.0000,1.0000
9404.402,1.0000,1.0000
9406.568,1.0000,1.0000
9408.735,1.0000,1.0000
9410.901,1.0000,1.0000
9413.068,1.0000,1.0000
9415.236,1.0000,1.0000
9417.405,1.0000,1.0000
9419.573,1.0000,1.0000