WAVELENGTH,FLUX,ERROR
698.283,1.0000,1.0000
698.444,1.0000,1.0000
698.604,1.0000,1.0000
698.765,1.0000,1.0000
698.926,1.0000,1.0000
699.087,1.0000,1.0000
699.248,1.0000,1.0000
699.409,1.0000,1.0000
699.570,1.0000,1.0000
699.731,1.0000,1.0000
699.893,1.0000,1.0000
700.054,1.0000,1.0000
700.215,1.0000,1.0000
700.376,1.0000,1.0000
700.537,1.0000,1.0000
700.699,1.0000,1.0000
700.860,1.0000,1.0000
701.022,1.0000,1.0000
701.183,1.0000,1.0000
701.344,1.0000,1.0000
701.506,1.0000,1.0000
701.667,1.0000,1.0000
701.829,1.0000,1.0000
701.991,1.0000,1.0000
702.152,1.0000,1.0000
702.314,1.0000,1.0000
702.476,1.0000,1.0000
702.638,1.0000,1.0000
702.799,1.0000,1.0000
702.961,1.0000,1.0000
703.123,1.0000,1.0000
703.285,1.0000,1.0000
703.447,1.0000,1.0000
703.609,1.0000,1.0000
703.771,1.0000,1.0000
703.933,1.0000,1.0000
704.095,1.0000,1.0000
704.257,1.0000,1.0000
704.419,1.0000,1.0000
704.582,1.0000,1.0000
704.744,1.0000,1.0000
704.906,1.0000,1.0000
705.069,1.0000,1.0000
705.231,1.0000,1.0000
705.393,1.0000,1.0000
705.556,1.0000,1.0000
705.718,1.0000,1.0000
705.881,1.0000,1.0000
706.043,1.0000,1.0000
706.206,1.0000,1.0000
706.369,1.0000,1.0000
706.531,1.0000,1.0000
706.694,1.0000,1.0000
706.857,1.0000,1.0000
707.019,1.0000,1.0000
707.182,1.0000,1.0000
707.345,1.0000,1.0000
707.508,1.0000,1.0000
707.671,1.0000,1.0000
707.834,1.0000,1.0000
707.997,1.0000,1.0000
708.160,1.0000,1.0000
708.323,1.0000,1.0000
708.486,1.0000,1.0000
708.649,1.0000,1.0000
708.812,1.0000,1.0000
708.976,1.0000,1.0000
709.139,1.0000,1.0000
709.302,1.0000,1.0000
709.466,1.0000,1.0000
709.629,1.0000,1.0000
709.792,1.0000,1.0000
709.956,1.0000,1.0000
710.119,1.0000,1.0000
710.283,1.0000,1.0000
710.446,1.0000,1.0000
710.610,1.0000,1.0000
710.774,1.0000,1.0000
710.937,1.0000,1.0000
711.101,1.0000,1.0000
711.265,1.0000,1.0000
711.429,1.0000,1.0000
711.593,1.0000,1.0000
711.756,1.0000,1.0000
711.920,1.0000,1.0000
712.084,1.0000,1.0000
712.248,1.0000,1.0000
712.412,1.0000,1.0000
712.576,1.0000,1.0000
712.740,1.0000,1.0000
712.904,1.0000,1.0000
713.069,1.0000,1.0000
713.233,1.0000,1.0000
713.397,1.0000,1.0000
713.561,1.0000,1.0000
713.726,1.0000,1.0000
713.890,1.0000,1.0000
714.054,1.0000,1.0000
714.219,1.0000,1.0000
714.383,1.0000,1.0000
714.548,1.0000,1.0000
714.712,1.0000,1.0000
714.877,1.0000,1.0000
715.042,1.0000,1.0000
715.206,1.0000,1.0000
715.371,1.0000,1.0000
715.536,1.0000,1.0000
715.701,1.0000,1.0000
715.865,1.0000,1.0000
716.030,1.0000,1.0000
716.195,1.0000,1.0000
716.360,1.0000,1.0000
716.525,1.0000,1.0000
716.690,1.0000,1.0000
716.855,1.0000,1.0000
717.020,1.0000,1.0000
717.185,1.0000,1.0000
717.350,1.0000,1.0000
717.516,1.0000,1.0000
717.681,1.0000,1.0000
717.846,1.0000,1.0000
718.011,1.0000,1.0000
718.177,1.0000,1.0000
718.342,1.0000,1.0000
718.508,1.0000,1.0000
718.673,1.0000,1.0000
718.839,1.0000,1.0000
719.004,1.0000,1.0000
719.170,1.0000,1.0000
719.335,1.0000,1.0000
719.501,1.0000,1.0000
719.667,1.0000,1.0000
719.832,1.0000,1.0000
719.998,1.0000,1.0000
720.164,1.0000,1.0000
720.330,1.0000,1.0000
720.496,1.0000,1.0000
720.661,1.0000,1.0000
720.827,1.0000,1.0000
720.993,1.0000,1.0000
721.160,1.0000,1.0000
721.326,1.0000,1.0000
721.492,1.0000,1.0000
721.658,1.0000,1.0000
721.824,1.0000,1.0000
721.990,1.0000,1.0000
722.157,1.0000,1.0000
722.323,1.0000,1.0000
722.489,1.0000,1.0000
722.656,1.0000,1.0000
722.822,1.0000,1.0000
722.988,1.0000,1.0000
723.155,1.0000,1.0000
723.321,1.0000,1.0000
723.488,1.0000,1.0000
723.655,1.0000,1.0000
723.821,1.0000,1.0000
723.988,1.0000,1.0000
724.155,1.0000,1.0000
724.321,1.0000,1.0000
724.488,1.0000,1.0000
724.655,1.0000,1.0000
724.822,1.0000,1.0000
724.989,1.0000,1.0000
725.156,1.0000,1.0000
725.323,1.0000,1.0000
725.490,1.0000,1.0000
725.657,1.0000,1.0000
725.824,1.0000,1.0000
725.991,1.0000,1.0000
726.158,1.0000,1.0000
726.326,1.0000,1.0000
726.493,1.0000,1.0000
726.660,1.0000,1.0000
726.827,1.0000,1.0000
726.995,1.0000,1.0000
727.162,1.0000,1.0000
727.330,1.0000,1.0000
727.497,1.0000,1.0000
727.665,1.0000,1.0000
727.832,1.0000,1.0000
728.000,1.0000,1.0000
728.168,1.0000,1.0000
728.335,1.0000,1.0000
728.503,1.0000,1.0000
728.671,1.0000,1.0000
728.839,1.0000,1.0000
729.006,1.0000,1.0000
729.174,1.0000,1.0000
729.342,1.0000,1.0000
729.510,1.0000,1.0000
729.678,1.0000,1.0000
729.846,1.0000,1.0000
730.014,1.0000,1.0000
730.182,1.0000,1.0000
730.350,1.0000,1.0000
730.519,1.0000,1.0000
730.687,1.0000,1.0000
730.855,1.0000,1.0000
731.023,1.0000,1.0000
731.192,1.0000,1.0000
731.360,1.0000,1.0000
731.529,1.0000,1.0000
731.697,1.0000,1.0000
731.866,1.0000,1.0000
732.034,1.0000,1.0000
732.203,1.0000,1.0000
732.371,1.0000,1.0000
732.540,1.0000,1.0000
732.709,1.0000,1.0000
732.877,1.0000,1.0000
733.046,1.0000,1.0000
733.215,1.0000,1.0000
733.384,1.0000,1.0000
733.553,1.0000,1.0000
733.722,1.0000,1.0000
733.891,1.0000,1.0000
734.060,1.0000,1.0000
734.229,1.0000,1.0000
734.398,1.0000,1.0000
734.567,1.0000,1.0000
734.736,1.0000,1.0000
734.905,1.0000,1.0000
735.074,1.0000,1.0000
735.244,1.0000,1.0000
735.413,1.0000,1.0000
735.582,1.0000,1.0000
735.752,1.0000,1.0000
735.921,1.0000,1.0000
736.091,1.0000,1.0000
736.260,1.0000,1.0000
736.430,1.0000,1.0000
736.599,1.0000,1.0000
736.769,1.0000,1.0000
736.939,1.0000,1.0000
737.108,1.0000,1.0000
737.278,1.0000,1.0000
737.448,1.0000,1.0000
737.618,1.0000,1.0000
737.788,1.0000,1.0000
737.958,1.0000,1.0000
738.127,1.0000,1.0000
738.297,1.0000,1.0000
738.467,1.0000,1.0000
738.638,1.0000,1.0000
738.808,1.0000,1.0000
738.978,1.0000,1.0000
739.148,1.0000,1.0000
739.318,1.0000,1.0000
739.488,1.0000,1.0000
739.659,1.0000,1.0000
739.829,1.0000,1.0000
739.999,1.0000,1.0000
740.170,1.0000,1.0000
740.340,1.0000,1.0000
740.511,1.0000,1.0000
740.681,1.0000,1.0000
740.852,1.0000,1.0000
741.022,1.0000,1.0000
741.193,1.0000,1.0000
741.364,1.0000,1.0000
741.534,1.0000,1.0000
741.705,1.0000,1.0000
741.876,1.0000,1.0000
742.047,1.0000,1.0000
742.218,1.0000,1.0000
742.389,1.0000,1.0000
742.560,1.0000,1.0000
742.731,1.0000,1.0000
742.902,1.0000,1.0000
743.073,1.0000,1.0000
743.244,1.0000,1.0000
743.415,1.0000,1.0000
743.586,1.0000,1.0000
743.757,1.0000,1.0000
743.929,1.0000,1.0000
744.100,1.0000,1.0000
744.271,1.0000,1.0000
744.443,1.0000,1.0000
744.614,1.0000,1.0000
744.786,1.0000,1.0000
744.957,1.0000,1.0000
745.129,1.0000,1.0000
745.300,1.0000,1.0000
745.472,1.0000,1.0000
745.644,1.0000,1.0000
745.815,1.0000,1.0000
745.987,1.0000,1.0000
746.159,1.0000,1.0000
746.331,1.0000,1.0000
746.503,1.0000,1.0000
746.674,1.0000,1.0000
746.846,1.0000,1.0000
747.018,1.0000,1.0000
747.190,1.0000,1.0000
747.362,1.0000,1.0000
747.535,1.0000,1.0000
747.707,1.0000,1.0000
747.879,1.0000,1.0000
748.051,1.0000,1.0000
748.224,1.0000,1.0000
748.396,1.0000,1.0000
748.568,1.0000,1.0000
748.740,1.0000,1.0000
748.913,1.0000,1.0000
749.085,1.0000,1.0000
749.258,1.0000,1.0000
749.430,1.0000,1.0000
749.603,1.0000,1.0000
749.776,1.0000,1.0000
749.948,1.0000,1.0000
750.121,1.0000,1.0000
750.294,1.0000,1.0000
750.466,1.0000,1.0000
750.639,1.0000,1.0000
750.812,1.0000,1.0000
750.985,1.0000,1.0000
751.158,1.0000,1.0000
751.331,1.0000,1.0000
751.504,1.0000,1.0000
751.677,1.0000,1.0000
751.850,1.0000,1.0000
752.023,1.0000,1.0000
752.197,1.0000,1.0000
752.370,1.0000,1.0000
752.543,1.0000,1.0000
752.716,1.0000,1.0000
752.890,1.0000,1.0000
753.063,1.0000,1.0000
753.237,1.0000,1.0000
753.410,1.0000,1.0000
753.583,1.0000,1.0000
753.757,1.0000,1.0000
753.931,1.0000,1.0000
754.104,1.0000,1.0000
754.278,1.0000,1.0000
754.452,1.0000,1.0000
754.625,1.0000,1.0000
754.799,1.0000,1.0000
754.973,1.0000,1.0000
755.147,1.0000,1.0000
755.321,1.0000,1.0000
755.495,1.0000,1.0000
755.669,1.0000,1.0000
755.843,1.0000,1.0000
756.017,1.0000,1.0000
756.191,1.0000,1.0000
756.365,1.0000,1.0000
756.539,1.0000,1.0000
756.713,1.0000,1.0000
756.887,1.0000,1.0000
757.062,1.0000,1.0000
757.236,1.0000,1.0000
757.411,1.0000,1.0000
757.585,1.0000,1.0000
757.759,1.0000,1.0000
757.934,1.0000,1.0000
758.108,1.0000,1.0000
758.283,1.0000,1.0000
758.458,1.0000,1.0000
758.632,1.0000,1.0000
758.807,1.0000,1.0000
758.982,1.0000,1.0000
759.156,1.0000,1.0000
759.331,1.0000,1.0000
759.506,1.0000,1.0000
759.681,1.0000,1.0000
759.856,1.0000,1.0000
760.031,1.0000,1.0000
760.206,1.0000,1.0000
760.381,1.0000,1.0000
760.556,1.0000,1.0000
760.731,1.0000,1.0000
760.907,1.0000,1.0000
761.082,1.0000,1.0000
761.257,1.0000,1.0000
761.432,1.0000,1.0000
761.608,1.0000,1.0000
761.783,1.0000,1.0000
761.959,1.0000,1.0000
762.134,1.0000,1.0000
762.309,1.0000,1.0000
762.485,1.0000,1.0000
762.661,1.0000,1.0000
762.836,1.0000,1.0000
763.012,1.0000,1.0000
763.188,1.0000,1.0000
763.363,1.0000,1.0000
763.539,1.0000,1.0000
763.715,1.0000,1.0000
763.891,1.0000,1.0000
764.067,1.0000,1.0000
764.243,1.0000,1.0000
764.419,1.0000,1.0000
764.595,1.0000,1.0000
764.771,1.0000,1.0000
764.947,1.0000,1.0000
765.123,1.0000,1.0000
765.299,1.0000,1.0000
765.476,1.0000,1.0000
765.652,1.0000,1.0000
765.828,1.0000,1.0000
766.005,1.0000,1.0000
766.181,1.0000,1.0000
766.357,1.0000,1.0000
766.534,1.0000,1.0000
766.710,1.0000,1.0000
766.887,1.0000,1.0000
767.064,1.0000,1.0000
767.240,1.0000,1.0000
767.417,1.0000,1.0000
767.594,1.0000,1.0000
767.770,1.0000,1.0000
767.947,1.0000,1.0000
768.124,1.0000,1.0000
768.301,1.0000,1.0000
768.478,1.0000,1.0000
768.655,1.0000,1.0000
768.832,1.0000,1.0000
769.009,1.0000,1.0000
769.186,1.0000,1.0000
769.363,1.0000,1.0000
769.540,1.0000,1.0000
769.717,1.0000,1.0000
769.895,1.0000,1.0000
770.072,1.0000,1.0000
770.249,1.0000,1.0000
770.427,1.0000,1.0000
770.604,1.0000,1.0000
770.782,1.0000,1.0000
770.959,1.0000,1.0000
771.137,1.0000,1.0000
771.314,1.0000,1.0000
771.492,1.0000,1.0000
771.669,1.0000,1.0000
771.847,1.0000,1.0000
772.025,1.0000,1.0000
772.203,1.0000,1.0000
772.381,1.0000,1.0000
772.558,1.0000,1.0000
772.736,1.0000,1.0000
772.914,1.0000,1.0000
773.092,1.0000,1.0000
773.270,1.0000,1.0000
773.448,1.0000,1.0000
773.627,1.0000,1.0000
773.805,1.0000,1.0000
773.983,1.0000,1.0000
774.161,1.0000,1.0000
774.339,1.0000,1.0000
774.518,1.0000,1.0000
774.696,1.0000,1.0000
774.875,1.0000,1.0000
775.053,1.0000,1.0000
775.231,1.0000,1.0000
775.410,1.0000,1.0000
775.588,1.0000,1.0000
775.767,1.0000,1.0000
775.946,1.0000,1.0000
776.124,1.0000,1.0000
776.303,1.0000,1.0000
776.482,1.0000,1.0000
776.661,1.0000,1.0000
776.840,1.0000,1.0000
777.018,1.0000,1.0000
777.197,1.0000,1.0000
777.376,1.0000,1.0000
777.555,1.0000,1.0000
777.734,1.0000,1.0000
777.914,1.0000,1.0000
778.093,1.0000,1.0000
778.272,1.0000,1.0000
778.451,1.0000,1.0000
778.630,1.0000,1.0000
778.810,1.0000,1.0000
778.989,1.0000,1.0000
779.168,1.0000,1.0000
779.348,1.0000,1.0000
779.527,1.0000,1.0000
779.707,1.0000,1.0000
779.886,1.0000,1.0000
780.066,1.0000,1.0000
780.246,1.0000,1.0000
780.425,1.0000,1.0000
780.605,1.0000,1.0000
780.785,1.0000,1.0000
780.965,1.0000,1.0000
781.144,1.0000,1.0000
781.324,1.0000,1.0000
781.504,1.0000,1.0000
781.684,1.0000,1.0000
781.864,1.0000,1.0000
782.044,1.0000,1.0000
782.224,1.0000,1.0000
782.404,1.0000,1.0000
782.585,1.0000,1.0000
782.765,1.0000,1.0000
782.945,1.0000,1.0000
783.125,1.0000,1.0000
783.306,1.0000,1.0000
783.486,1.0000,1.0000
783.667,1.0000,1.0000
783.847,1.0000,1.0000
784.028,1.0000,1.0000
784.208,1.0000,1.0000
784.389,1.0000,1.0000
784.569,1.0000,1.0000
784.750,1.0000,1.0000
784.931,1.0000,1.0000
785.112,1.0000,1.0000
785.292,1.0000,1.0000
785.473,1.0000,1.0000
785.654,1.0000,1.0000
785.835,1.0000,1.0000
786.016,1.0000,1.0000
786.197,1.0000,1.0000
786.378,1.0000,1.0000
786.559,1.0000,1.0000
786.740,1.0000,1.0000
786.921,1.0000,1.0000
787.103,1.0000,1.0000
787.284,1.0000,1.0000
787.465,1.0000,1.0000
787.646,1.0000,1.0000
787.828,1.0000,1.0000
788.009,1.0000,1.0000
788.191,1.0000,1.0000
788.372,1.0000,1.0000
788.554,1.0000,1.0000
788.735,1.0000,1.0000
788.917,1.0000,1.0000
789.099,1.0000,1.0000
789.280,1.0000,1.0000
789.462,1.0000,1.0000
789.644,1.0000,1.0000
789.826,1.0000,1.0000
790.008,1.0000,1.0000
790.190,1.0000,1.0000
790.372,1.0000,1.0000
790.554,1.0000,1.0000
790.736,1.0000,1.0000
790.918,1.0000,1.0000
791.100,1.0000,1.0000
791.282,1.0000,1.0000
791.464,1.0000,1.0000
791.647,1.0000,1.0000
791.829,1.0000,1.0000
792.011,1.0000,1.0000
792.194,1.0000,1.0000
792.376,1.0000,1.0000
792.558,1.0000,1.0000
792.741,1.0000,1.0000
792.924,1.0000,1.0000
793.106,1.0000,1.0000
793.289,1.0000,1.0000
793.471,1.0000,1.0000
793.654,1.0000,1.0000
793.837,1.0000,1.0000
794.020,1.0000,1.0000
794.203,1.0000,1.0000
794.386,1.0000,1.0000
794.568,1.0000,1.0000
794.751,1.0000,1.0000
794.935,1.0000,1.0000
795.117,1.0000,1.0000
795.301,1.0000,1.0000
795.484,1.0000,1.0000
795.667,1.0000,1.0000
795.850,1.0000,1.0000
796.034,1.0000,1.0000
796.217,1.0000,1.0000
796.400,1.0000,1.0000
796.584,1.0000,1.0000
796.767,1.0000,1.0000
796.951,1.0000,1.0000
797.134,1.0000,1.0000
797.318,1.0000,1.0000
797.501,1.0000,1.0000
797.685,1.0000,1.0000
797.869,1.0000,1.0000
798.052,1.0000,1.0000
798.236,1.0000,1.0000
798.420,1.0000,1.0000
798.604,1.0000,1.0000
798.788,1.0000,1.0000
798.972,1.0000,1.0000
799.156,1.0000,1.0000
799.340,1.0000,1.0000
799.524,1.0000,1.0000
799.708,1.0000,1.0000
799.892,1.0000,1.0000
800.076,1.0000,1.0000
800.260,1.0000,1.0000
800.445,1.0000,1.0000
800.629,1.0000,1.0000
800.813,1.0000,1.0000
800.998,1.0000,1.0000
801.182,1.0000,1.0000
801.367,1.0000,1.0000
801.551,1.0000,1.0000
801.736,1.0000,1.0000
801.921,1.0000,1.0000
802.105,1.0000,1.0000
802.290,1.0000,1.0000
802.475,1.0000,1.0000
802.659,1.0000,1.0000
802.844,1.0000,1.0000
803.029,1.0000,1.0000
803.214,1.0000,1.0000
803.399,1.0000,1.0000
803.584,1.0000,1.0000
803.769,1.0000,1.0000
803.954,1.0000,1.0000
804.139,1.0000,1.0000
804.325,1.0000,1.0000
804.510,1.0000,1.0000
804.695,1.0000,1.0000
804.880,1.0000,1.0000
805.066,1.0000,1.0000
805.251,1.0000,1.0000
805.437,1.0000,1.0000
805.622,1.0000,1.0000
805.807,1.0000,1.0000
805.993,1.0000,1.0000
806.179,1.0000,1.0000
806.364,1.0000,1.0000
806.550,1.0000,1.0000
806.736,1.0000,1.0000
806.922,1.0000,1.0000
807.107,1.0000,1.0000
807.293,1.0000,1.0000
807.479,1.0000,1.0000
807.665,1.0000,1.0000
807.851,1.0000,1.0000
808.037,1.0000,1.0000
808.223,1.0000,1.0000
808.409,1.0000,1.0000
808.596,1.0000,1.0000
808.782,1.0000,1.0000
808.968,1.0000,1.0000
809.154,1.0000,1.0000
809.341,1.0000,1.0000
809.527,1.0000,1.0000
809.713,1.0000,1.0000
809.900,1.0000,1.0000
810.086,1.0000,1.0000
810.273,1.0000,1.0000
810.460,1.2015,0.7738
810.646,1.0000,1.0000
810.833,1.0000,1.0000
811.020,1.3634,0.7108
811.206,1.0000,1.0000
811.393,1.0000,1.0000
811.580,0.8570,0.7804
811.767,1.0000,1.0000
811.954,1.0000,1.0000
812.141,1.0000,1.0000
812.328,1.0000,1.0000
812.515,1.0000,1.0000
812.702,1.0000,1.0000
812.889,1.5005,0.8144
813.076,1.0000,1.0000
813.264,1.0000,1.0000
813.451,1.0000,1.0000
813.638,1.0000,1.0000
813.826,1.0000,1.0000
814.013,1.0000,1.0000
814.201,1.0000,1.0000
814.388,1.0000,1.0000
814.576,1.0000,1.0000
814.763,1.0000,1.0000
814.951,1.0000,1.0000
815.138,1.0000,1.0000
815.326,1.0000,1.0000
815.514,1.0000,1.0000
815.702,0.9882,0.7650
815.889,1.0000,1.0000
816.077,1.0000,1.0000
816.265,1.0000,1.0000
816.453,1.0000,1.0000
816.641,1.0000,1.0000
816.829,0.9479,0.7287
817.018,1.0562,0.7242
817.206,0.8202,0.7104
817.394,1.0000,1.0000
817.582,1.2576,0.7293
817.770,0.9103,0.7131
817.959,1.0000,1.0000
818.147,1.0000,1.0000
818.335,1.0000,1.0000
818.524,1.0000,1.0000
818.712,1.0344,0.7209
818.901,1.0000,1.0000
819.089,1.0000,1.0000
819.278,1.0000,1.0000
819.467,1.0000,1.0000
819.655,1.0659,0.7026
819.844,1.0000,1.0000
820.033,1.0000,1.0000
820.222,1.0000,1.0000
820.411,0.8620,0.6995
820.600,1.0000,1.0000
820.789,1.0000,1.0000
820.978,1.0000,1.0000
821.167,1.0000,1.0000
821.356,1.0000,1.0000
821.545,1.0000,1.0000
821.734,1.1147,0.4945
821.923,1.3178,0.4436
822.113,0.8885,0.4315
822.302,0.8513,0.5140
822.491,1.0000,1.0000
822.681,1.0000,1.0000
822.870,0.8727,0.5672
823.060,1.5203,0.5680
823.249,1.0000,1.0000
823.439,0.8171,0.5444
823.628,0.7265,0.6809
823.818,0.7342,0.6699
824.008,1.0000,1.0000
824.198,1.0000,1.0000
824.387,1.0000,1.0000
824.577,0.8728,0.5750
824.767,1.0000,1.0000
824.957,1.0000,1.0000
825.147,1.0828,0.5235
825.337,0.6638,0.5699
825.527,0.9214,0.7051
825.717,1.0000,1.0000
825.907,1.0000,1.0000
826.098,1.2413,0.6584
826.288,1.0000,1.0000
826.478,1.0000,1.0000
826.668,0.6359,0.5448
826.859,1.1113,0.7029
827.049,1.0000,1.0000
827.240,1.0000,1.0000
827.430,1.0000,1.0000
827.621,0.6872,0.6355
827.811,1.0000,1.0000
828.002,0.9364,0.4709
828.193,1.0004,0.7098
828.383,1.0000,1.0000
828.574,0.9134,0.4657
828.765,1.0000,1.0000
828.956,0.7460,0.4574
829.147,1.0000,1.0000
829.338,1.0000,1.0000
829.529,1.0000,1.0000
829.720,0.8781,0.7005
829.911,0.6211,0.5474
830.102,1.0000,1.0000
830.293,1.0000,1.0000
830.484,1.1374,0.7332
830.675,0.8226,0.7195
830.867,1.0000,1.0000
831.058,0.5745,0.5281
831.249,1.0399,0.5819
831.441,0.8838,0.7197
831.632,1.0000,1.0000
831.824,1.0847,0.3982
832.015,1.0149,0.4647
832.207,1.4713,0.5565
832.399,0.8933,0.6959
832.590,1.0000,1.0000
832.782,1.4854,0.5845
832.974,0.9766,0.5562
833.166,0.8530,0.4023
833.358,0.7796,0.4109
833.549,0.6399,0.4322
833.741,1.0763,0.4103
833.933,1.0000,1.0000
834.125,0.8135,0.6726
834.317,1.4435,0.5007
834.510,0.9644,0.6667
834.702,1.0000,1.0000
834.894,0.8617,0.5424
835.086,1.0000,1.0000
835.279,1.0000,1.0000
835.471,0.9645,0.3979
835.663,1.6775,0.6926
835.856,1.0000,1.0000
836.048,1.3033,0.4801
836.241,1.8530,0.6968
836.433,1.0000,1.0000
836.626,0.4964,0.4889
836.819,1.0205,0.6501
837.011,0.4496,0.4158
837.204,1.0000,1.0000
837.397,1.0000,1.0000
837.590,0.5542,0.4086
837.783,0.5767,0.4786
837.976,0.8809,0.6646
838.169,0.7511,0.4233
838.361,1.0000,1.0000
838.555,0.9599,0.6744
838.748,0.8967,0.3867
838.941,0.9806,0.3962
839.134,1.0000,1.0000
839.327,1.0000,1.0000
839.521,1.2158,0.3964
839.714,1.0000,1.0000
839.907,1.0766,0.6368
840.101,1.0000,1.0000
840.294,0.8603,0.4826
840.488,1.2803,0.6314
840.681,1.0000,1.0000
840.875,0.8465,0.3882
841.068,0.9326,0.6635
841.262,0.7129,0.5099
841.456,1.0000,1.0000
841.650,0.8603,0.6203
841.843,0.7625,0.5153
842.037,1.0000,1.0000
842.231,0.6991,0.4872
842.425,1.0858,0.5002
842.619,1.4689,0.6250
842.813,1.0716,0.6383
843.007,1.0000,1.0000
843.201,1.3062,0.6527
843.396,1.3737,0.6409
843.590,0.9284,0.6130
843.784,0.5500,0.4711
843.978,1.0000,1.0000
844.173,1.0000,1.0000
844.367,1.4231,0.6419
844.562,1.0000,1.0000
844.756,1.0000,1.0000
844.951,1.0000,1.0000
845.145,1.0000,1.0000
845.340,0.5263,0.3896
845.534,0.8639,0.6360
845.729,0.6018,0.5945
845.924,1.0000,1.0000
846.119,1.0000,1.0000
846.314,0.6358,0.3845
846.509,0.9095,0.4690
846.703,0.4639,0.4724
846.898,0.8383,0.6388
847.093,1.0000,1.0000
847.289,0.4715,0.3651
847.484,0.7041,0.4719
847.679,0.8471,0.6088
847.874,0.6172,0.6028
848.069,1.0000,1.0000
848.265,0.8700,0.6718
848.460,1.0000,1.0000
848.655,1.0000,1.0000
848.851,0.5811,0.3688
849.046,0.6631,0.3881
849.242,0.7842,0.6552
849.437,0.7985,0.6284
849.633,1.0000,1.0000
849.829,0.6513,0.5596
850.024,1.0198,0.3996
850.220,0.9042,0.3265
850.416,1.0000,1.0000
850.612,1.0000,1.0000
850.808,1.0000,1.0000
851.003,1.0000,1.0000
851.199,1.0000,1.0000
851.396,0.6267,0.5903
851.591,0.4853,0.3753
851.788,1.0000,1.0000
851.984,1.2905,0.4783
852.180,0.6017,0.5990
852.376,1.0000,1.0000
852.573,1.4739,0.6140
852.769,1.0000,1.0000
852.965,1.0000,1.0000
853.162,0.7106,0.3248
853.358,1.0507,0.3668
853.555,1.0000,1.0000
853.751,0.3336,0.3301
853.948,1.0000,1.0000
854.144,1.0000,1.0000
854.341,1.0079,0.3879
854.538,0.7667,0.3563
854.735,0.9484,0.3642
854.932,0.4111,0.4082
855.128,1.0000,1.0000
855.325,2.0390,0.5903
855.522,1.0493,0.4177
855.719,0.5780,0.3955
855.916,1.8823,0.6544
856.113,1.0000,1.0000
856.311,1.0000,1.0000
856.508,0.8159,0.3501
856.705,0.5371,0.3897
856.902,1.0000,1.0000
857.100,1.1376,0.5929
857.297,0.7082,0.6344
857.494,1.0000,1.0000
857.692,0.9288,0.5905
857.889,0.5199,0.3834
858.087,0.8727,0.6278
858.285,1.9408,0.6148
858.482,0.6472,0.6017
858.680,0.6769,0.5820
858.878,0.6145,0.5796
859.076,1.0000,1.0000
859.273,1.0131,0.5836
859.471,1.5668,0.5736
859.669,0.6586,0.3790
859.867,0.9370,0.3112
860.065,1.0000,1.0000
860.263,0.6376,0.5864
860.461,0.9609,0.5445
860.659,0.8818,0.5534
860.858,0.5545,0.5072
861.056,1.1933,0.4959
861.254,1.0000,1.0000
861.452,0.7380,0.3283
861.651,1.0000,1.0000
861.849,1.0000,1.0000
862.048,0.9445,0.5154
862.246,0.5557,0.4068
862.445,0.7871,0.5738
862.643,1.0000,1.0000
862.842,0.9324,0.4185
863.041,1.0000,1.0000
863.240,0.6585,0.3500
863.438,0.7324,0.3162
863.637,1.0000,1.0000
863.836,0.7733,0.6046
864.035,1.0000,1.0000
864.234,1.0000,1.0000
864.433,0.8574,0.5509
864.632,1.0000,1.0000
864.831,1.0000,1.0000
865.030,1.0000,1.0000
865.229,0.5462,0.4331
865.429,0.9450,0.4427
865.628,1.0000,1.0000
865.827,1.1643,0.5526
866.027,0.7437,0.5367
866.226,1.6296,0.4512
866.426,0.9392,0.5346
866.625,1.0000,1.0000
866.825,0.6922,0.5717
867.024,0.7851,0.3275
867.224,0.7682,0.4395
867.424,1.0000,1.0000
867.624,1.0000,1.0000
867.823,1.0721,0.5186
868.023,0.3781,0.3770
868.223,0.4338,0.3576
868.423,1.0000,1.0000
868.623,1.0000,1.0000
868.823,1.0000,1.0000
869.023,1.0000,1.0000
869.223,1.0000,1.0000
869.423,1.0000,1.0000
869.624,0.6949,0.5181
869.824,0.4869,0.3553
870.024,0.9487,0.5442
870.224,1.5262,0.5542
870.425,1.0000,1.0000
870.625,1.0018,0.5926
870.826,1.0561,0.5577
871.026,1.0000,1.0000
871.227,0.3275,0.3624
871.428,0.2988,0.3515
871.628,1.0000,1.0000
871.829,0.9673,0.5416
872.030,0.5856,0.3813
872.231,0.5736,0.3751
872.431,0.6938,0.5578
872.632,0.7371,0.5114
872.833,1.0000,1.0000
873.034,0.7281,0.5218
873.235,1.0000,1.0000
873.437,1.0000,1.0000
873.638,1.0000,1.0000
873.839,1.0000,1.0000
874.040,0.7301,0.5434
874.241,1.6864,0.5524
874.443,0.8864,0.4996
874.644,0.6329,0.4043
874.845,1.6330,0.5670
875.047,0.8025,0.6089
875.248,1.0000,1.0000
875.450,1.7843,0.5302
875.652,1.2324,0.5270
875.853,0.6497,0.3655
876.055,1.0000,1.0000
876.257,0.8173,0.5531
876.458,0.6485,0.4720
876.660,0.8450,0.5036
876.862,1.7024,0.5185
877.064,0.9158,0.4982
877.266,1.0000,1.0000
877.468,1.0000,1.0000
877.670,0.4780,0.2806
877.872,1.0000,1.0000
878.074,0.5901,0.5410
878.277,0.8730,0.2875
878.479,0.7581,0.3183
878.681,0.2872,0.3504
878.883,1.0000,1.0000
879.086,1.6887,0.6160
879.288,0.5905,0.5654
879.491,1.0000,1.0000
879.693,0.7183,0.2838
879.896,0.8891,0.5468
880.099,1.1157,0.5084
880.301,1.0000,1.0000
880.504,0.8029,0.3804
880.707,1.0123,0.3973
880.910,0.7054,0.3170
881.112,0.6654,0.5380
881.315,0.7181,0.5728
881.518,0.3185,0.3228
881.721,0.6675,0.4044
881.924,0.4845,0.2818
882.127,1.0000,1.0000
882.331,1.0000,1.0000
882.534,0.6920,0.5525
882.737,1.0000,1.0000
882.940,1.4101,0.5159
883.144,0.4915,0.5169
883.347,0.3197,0.3269
883.550,0.6046,0.4982
883.754,0.4646,0.3624
883.957,1.0000,1.0000
884.161,1.0000,1.0000
884.365,1.0000,1.0000
884.568,0.5312,0.4929
884.772,1.0000,1.0000
884.976,1.0000,1.0000
885.180,1.0000,1.0000
885.383,1.0000,1.0000
885.587,0.2838,0.3342
885.791,1.0000,1.0000
885.995,1.0000,1.0000
886.199,1.0000,1.0000
886.403,0.9139,0.3987
886.607,0.6391,0.5214
886.812,1.0000,1.0000
887.016,0.8847,0.5701
887.220,1.0000,1.0000
887.424,0.6767,0.3625
887.629,0.4939,0.3271
887.833,0.3034,0.3562
888.038,0.5849,0.2984
888.242,0.4285,0.2958
888.447,0.5956,0.2954
888.651,0.5669,0.3743
888.856,1.0000,1.0000
889.060,1.0000,1.0000
889.265,0.8265,0.2770
889.470,0.4794,0.2851
889.675,0.6973,0.4970
889.880,0.5147,0.2891
890.085,0.4014,0.2726
890.290,0.5018,0.4978
890.495,1.0000,1.0000
890.700,1.1324,0.5233
890.905,1.0000,1.0000
891.110,1.0000,1.0000
891.315,1.1796,0.3704
891.521,1.0000,1.0000
891.726,0.3770,0.3217
891.931,1.0000,1.0000
892.137,0.8114,0.4677
892.342,0.4084,0.2500
892.548,1.0000,1.0000
892.753,1.0000,1.0000
892.959,0.8441,0.3471
893.164,0.3119,0.3232
893.370,0.3904,0.3091
893.576,1.0000,1.0000
893.781,0.3757,0.3386
893.987,0.4961,0.3646
894.193,0.2722,0.2617
894.399,1.0000,1.0000
894.605,1.0000,1.0000
894.811,1.0000,1.0000
895.017,1.0000,1.0000
895.223,0.5094,0.5088
895.429,0.5078,0.4950
895.635,1.2211,0.5428
895.842,0.7958,0.5651
896.048,0.3954,0.4106
896.255,1.0000,1.0000
896.461,0.6355,0.4785
896.667,0.6478,0.4475
896.874,0.3928,0.3458
897.080,0.8165,0.4909
897.287,0.5916,0.3079
897.494,0.4321,0.2698
897.700,0.9434,0.5360
897.907,0.6313,0.5167
898.114,0.6695,0.4767
898.321,0.7396,0.4649
898.527,1.0000,1.0000
898.734,0.6626,0.3634
898.941,0.4445,0.4793
899.148,1.0000,1.0000
899.355,0.5164,0.3545
899.562,1.0000,1.0000
899.770,1.0000,1.0000
899.977,0.5128,0.4508
900.184,1.0000,1.0000
900.391,0.5070,0.2881
900.599,0.5931,0.2682
900.806,0.3156,0.3270
901.014,0.6485,0.2802
901.221,0.3898,0.2333
901.429,1.0000,1.0000
901.636,0.5936,0.3710
901.844,0.8906,0.5113
902.052,0.2940,0.2815
902.259,0.5917,0.3808
902.467,0.8706,0.5092
902.675,0.8290,0.5195
902.883,0.2970,0.3240
903.091,0.6933,0.4670
903.299,0.5428,0.2868
903.507,0.4474,0.2891
903.715,0.7113,0.3974
903.923,0.5430,0.4880
904.131,0.3427,0.2706
904.339,0.4035,0.2611
904.547,1.0000,1.0000
904.756,1.0000,1.0000
904.964,0.4213,0.2851
905.172,0.6675,0.2653
905.381,1.0106,0.2890
905.589,0.8509,0.4861
905.798,1.0070,0.5822
906.006,0.5402,0.2922
906.215,0.5691,0.2847
906.424,0.4273,0.3083
906.633,0.3883,0.2599
906.841,1.2689,0.5565
907.050,0.5098,0.4627
907.259,0.6013,0.3578
907.468,1.0000,1.0000
907.677,1.0000,1.0000
907.886,0.6245,0.4859
908.095,1.0000,1.0000
908.304,1.0000,1.0000
908.513,0.4730,0.4688
908.723,0.6145,0.4431
908.932,1.0000,1.0000
909.141,1.0198,0.4709
909.351,0.5164,0.2543
909.560,1.0000,1.0000
909.769,1.0000,1.0000
909.979,0.5169,0.3253
910.188,0.8194,0.2452
910.398,0.3412,0.2257
910.608,1.0000,1.0000
910.817,0.9067,0.4721
911.027,1.0000,1.0000
911.237,1.1769,0.4447
911.447,1.0000,1.0000
911.657,0.3127,0.3044
911.867,1.0000,1.0000
912.077,1.0000,1.0000
912.287,1.0000,1.0000
912.497,0.4199,0.3619
912.707,0.4961,0.2425
912.917,0.6100,0.3012
913.127,1.0000,1.0000
913.338,0.8275,0.4620
913.548,1.0000,1.0000
913.758,0.5557,0.4524
913.969,0.9918,0.4891
914.179,0.5468,0.5008
914.390,1.0000,1.0000
914.600,1.0000,1.0000
914.811,0.4770,0.4032
915.022,1.0472,0.4499
915.232,0.5359,0.4511
915.443,0.6824,0.4814
915.654,0.5449,0.4406
915.865,1.1109,0.3339
916.076,0.5195,0.2300
916.287,1.0000,1.0000
916.498,0.9636,0.4326
916.709,1.0000,1.0000
916.920,1.0000,1.0000
917.131,0.5213,0.2944
917.342,0.3397,0.2886
917.553,0.4119,0.2554
917.765,0.6417,0.3308
917.976,0.2680,0.3243
918.187,1.0000,1.0000
918.399,1.0000,1.0000
918.610,0.4866,0.2477
918.822,0.6394,0.2578
919.033,0.7857,0.2422
919.245,1.5588,0.3540
919.457,0.8590,0.3422
919.669,0.5287,0.2913
919.880,1.0000,1.0000
920.092,0.4318,0.4590
920.304,0.6632,0.2672
920.516,0.9485,0.2954
920.728,0.3599,0.2546
920.940,1.0000,1.0000
921.152,0.2726,0.2664
921.364,0.4763,0.4424
921.576,1.0000,1.0000
921.789,0.7818,0.4426
922.001,0.9731,0.4443
922.213,1.2793,0.4539
922.426,0.8450,0.4541
922.638,1.0000,1.0000
922.850,0.9741,0.3479
923.063,0.7982,0.4458
923.276,0.6838,0.2490
923.488,0.3688,0.2431
923.701,0.5684,0.4366
923.914,0.5951,0.4421
924.126,1.0434,0.4322
924.339,0.6037,0.3118
924.552,0.3357,0.2560
924.765,0.4396,0.2602
924.978,0.7934,0.2559
925.191,0.8005,0.2841
925.404,1.2987,0.6351
925.617,1.0000,1.0000
925.830,1.0000,1.0000
926.043,0.4559,0.2623
926.257,1.0000,1.0000
926.470,0.2585,0.2898
926.683,0.5854,0.2622
926.897,0.5394,0.2708
927.110,1.0000,1.0000
927.324,0.4064,0.2993
927.537,1.0000,1.0000
927.751,1.0000,1.0000
927.964,0.7225,0.4292
928.178,1.0476,0.4792
928.392,0.6560,0.2534
928.606,0.3978,0.2389
928.819,0.6846,0.4675
929.033,0.7037,0.4525
929.247,0.4440,0.2659
929.461,0.5336,0.2601
929.675,0.6196,0.2415
929.889,1.0000,1.0000
930.104,0.5340,0.2325
930.318,0.3178,0.2778
930.532,1.0000,1.0000
930.746,1.0000,1.0000
930.961,1.0000,1.0000
931.175,0.2352,0.2735
931.389,0.4873,0.2475
931.604,0.6111,0.2751
931.818,0.3956,0.2895
932.033,1.0000,1.0000
932.248,0.2492,0.2578
932.462,1.0000,1.0000
932.677,1.0000,1.0000
932.892,0.3066,0.2734
933.107,0.5748,0.4464
933.322,0.6463,0.4531
933.537,1.0664,0.4273
933.752,0.4290,0.4075
933.967,1.0000,1.0000
934.182,0.7010,0.3870
934.397,1.0000,1.0000
934.612,1.0000,1.0000
934.827,0.9709,0.3036
935.042,0.5361,0.3091
935.258,1.0000,1.0000
935.473,1.0000,1.0000
935.688,1.0000,1.0000
935.904,1.0000,1.0000
936.120,0.6919,0.2782
936.335,1.2114,0.4450
936.551,0.8407,0.2954
936.766,0.6611,0.2994
936.982,0.6131,0.4536
937.198,0.4655,0.4771
937.414,0.4391,0.2498
937.630,0.4698,0.2909
937.846,0.5693,0.2544
938.061,1.0000,1.0000
938.278,0.4829,0.4599
938.494,0.4177,0.2970
938.710,1.0000,1.0000
938.926,0.6744,0.4009
939.142,0.3245,0.2387
939.358,0.3608,0.2078
939.575,1.0000,1.0000
939.791,1.0000,1.0000
940.008,0.7264,0.4313
940.224,0.8532,0.4212
940.440,0.2187,0.2650
940.657,0.3434,0.2297
940.874,0.3642,0.2813
941.090,1.0000,1.0000
941.307,1.0000,1.0000
941.524,0.4493,0.2818
941.741,0.7405,0.2364
941.958,0.3918,0.2259
942.174,0.2492,0.2662
942.391,0.5979,0.2562
942.609,0.5047,0.2361
942.826,1.0000,1.0000
943.043,0.5317,0.2293
943.260,0.5456,0.2601
943.477,0.7183,0.4223
943.694,0.4244,0.3091
943.912,1.0000,1.0000
944.129,1.0000,1.0000
944.346,0.4403,0.4480
944.564,0.5336,0.4450
944.781,0.9244,0.4197
944.999,0.7595,0.2367
945.216,0.3521,0.2457
945.434,0.7236,0.2817
945.652,1.0000,1.0000
945.870,0.5418,0.2712
946.088,0.9289,0.2782
946.305,1.0000,1.0000
946.523,0.5759,0.4124
946.741,0.9594,0.3439
946.959,1.2073,0.3076
947.177,0.7255,0.2411
947.395,0.5257,0.4491
947.614,0.2578,0.3064
947.832,0.5804,0.2678
948.050,0.4255,0.2857
948.268,0.5955,0.3131
948.487,0.4168,0.2595
948.705,0.6369,0.3156
948.924,0.4264,0.2388
949.142,0.9134,0.2986
949.361,0.8432,0.2034
949.580,0.9170,0.2503
949.798,1.0047,0.2356
950.017,0.4800,0.2344
950.236,0.4416,0.4193
950.455,0.7097,0.3037
950.673,0.3720,0.2572
950.892,1.0000,1.0000
951.111,1.0000,1.0000
951.330,0.2876,0.2498
951.549,0.4514,0.4141
951.769,0.5780,0.4153
951.988,1.6172,0.4459
952.207,1.1709,0.8355
952.426,1.0000,1.0000
952.646,0.4634,0.2593
952.865,0.4589,0.2470
953.084,0.6680,0.3688
953.304,0.3838,0.2619
953.523,0.4478,0.2802
953.743,1.0000,1.0000
953.963,0.6357,0.3001
954.182,0.7414,0.4183
954.402,0.5675,0.2790
954.622,1.0993,0.4131
954.842,0.7657,0.2436
955.062,0.4829,0.2381
955.281,0.5815,0.3896
955.501,0.6718,0.2164
955.721,0.4984,0.2121
955.942,1.1595,0.4229
956.162,0.4052,0.3506
956.382,1.3089,0.8043
956.602,1.0000,1.0000
956.822,0.5200,0.2192
957.043,0.6397,0.2165
957.263,0.3657,0.3599
957.484,0.6970,0.4289
957.704,0.8417,0.3817
957.925,0.4447,0.2451
958.145,0.4395,0.3250
958.366,1.1250,0.3239
958.587,0.4590,0.4280
958.807,1.0000,1.0000
959.028,0.4060,0.2521
959.249,0.7067,0.4099
959.470,0.3807,0.4270
959.691,0.4345,0.3812
959.912,1.0000,1.0000
960.133,0.5021,0.2420
960.354,0.3574,0.2217
960.575,0.2901,0.2919
960.796,0.4858,0.2228
961.018,0.7164,0.4072
961.239,0.2183,0.2312
961.460,0.4797,0.2151
961.682,1.0000,1.0000
961.903,0.4821,0.4405
962.125,0.4988,0.2381
962.346,0.4585,0.2227
962.568,0.8633,0.7813
962.789,1.0244,0.3737
963.011,0.3433,0.2357
963.233,0.5296,0.2199
963.455,0.2666,0.2623
963.677,0.2474,0.2894
963.899,0.5434,0.2346
964.120,0.4699,0.4849
964.343,1.0000,1.0000
964.565,0.4604,0.3969
964.787,0.4483,0.4099
965.009,0.3469,0.3899
965.231,0.5913,0.2219
965.453,0.6630,0.3079
965.676,1.4951,0.7295
965.898,0.3846,0.3128
966.121,0.5240,0.2482
966.343,0.3619,0.2074
966.566,1.4606,0.7608
966.788,2.0658,0.7790
967.011,1.3310,0.7703
967.233,1.5893,0.7629
967.456,1.0000,1.0000
967.679,0.6149,0.2696
967.902,1.8379,0.7260
968.125,0.4711,0.3541
968.348,0.3874,0.2272
968.571,0.5426,0.3203
968.794,0.6880,0.2304
969.017,0.3392,0.1987
969.240,1.4163,0.7761
969.463,0.7852,0.3704
969.686,0.2912,0.2978
969.910,0.3082,0.2853
970.133,0.9006,0.2591
970.357,1.3103,0.2708
970.580,0.7243,0.2487
970.804,0.8023,0.2279
971.027,0.7178,0.2083
971.251,0.6713,0.2714
971.474,0.7331,0.2695
971.698,0.7195,0.2480
971.922,0.6059,0.2362
972.146,0.6085,0.2339
972.370,0.4374,0.1845
972.593,0.5762,0.2715
972.817,0.4750,0.3683
973.041,0.7504,0.2005
973.265,0.5290,0.2338
973.490,0.5361,0.2237
973.714,0.5108,0.3607
973.938,0.5402,0.3607
974.162,0.5720,0.2221
974.387,1.0000,1.0000
974.611,0.5557,0.2444
974.835,0.1973,0.2621
975.060,0.3761,0.2093
975.284,0.2043,0.2327
975.509,0.8096,0.3299
975.734,1.1476,0.4001
975.958,0.9974,0.4412
976.183,0.4920,0.2235
976.408,0.7622,0.2334
976.633,0.6142,0.2324
976.858,0.7266,0.3519
977.083,0.4757,0.2075
977.308,0.3176,0.2500
977.533,1.0000,1.0000
977.758,0.5311,0.2782
977.983,0.9376,0.3803
978.208,0.3388,0.3734
978.433,0.9778,0.7858
978.659,0.4489,0.2595
978.884,0.7333,0.2160
979.110,0.7037,0.1693
979.335,0.5776,0.1952
979.561,0.8291,0.2770
979.786,0.5304,0.2039
980.012,1.7693,0.5139
980.238,0.5204,0.2101
980.463,0.6160,0.1943
980.689,2.2934,0.5026
980.915,0.5425,0.2317
981.141,0.6995,0.2441
981.367,0.8393,0.2409
981.593,1.2399,0.2970
981.819,0.7338,0.2344
982.045,0.6345,0.2148
982.271,0.9914,0.2370
982.497,1.1917,0.2485
982.724,1.5826,0.3259
982.950,1.0038,0.2168
983.176,0.8815,0.2008
983.403,0.5962,0.1936
983.629,0.6180,0.2006
983.856,0.4460,0.1929
984.082,0.7998,0.1963
984.309,0.7558,0.2417
984.535,0.7121,0.2118
984.762,0.8661,0.2510
984.989,1.1413,0.2357
985.216,1.1339,0.1938
985.443,0.8625,0.2157
985.670,0.8796,0.2448
985.896,1.7973,0.3824
986.124,1.9070,0.4211
986.351,0.6701,0.1927
986.578,0.6106,0.1870
986.805,1.1949,0.3060
987.032,1.4728,0.2962
987.260,1.7265,0.3950
987.487,0.9988,0.2950
987.714,0.8677,0.2271
987.942,0.9456,0.3003
988.169,1.2987,0.2943
988.397,2.0090,0.4150
988.624,1.0612,0.2765
988.852,0.7411,0.1879
989.080,0.9087,0.1930
989.308,0.8875,0.1987
989.535,0.8238,0.1851
989.763,0.9587,0.1782
989.991,0.9917,0.1973
990.219,1.0365,0.1714
990.447,1.2054,0.2031
990.675,1.2608,0.1977
990.903,1.3765,0.1929
991.132,1.1100,0.1717
991.360,1.0722,0.1791
991.588,0.8529,0.1743
991.817,0.6919,0.2025
992.045,1.6832,0.3049
992.273,1.1030,0.1887
992.502,1.1308,0.1887
992.730,1.2200,0.1726
992.959,1.2056,0.1865
993.188,0.7976,0.1961
993.416,0.5052,0.1835
993.645,1.0474,0.1801
993.874,1.0248,0.1907
994.103,1.0145,0.1851
994.332,0.7864,0.1922
994.561,1.6769,0.3041
994.790,0.9028,0.1952
995.019,0.7982,0.2079
995.248,0.9983,0.2006
995.477,1.1191,0.2102
995.706,0.9322,0.2010
995.936,1.4001,0.2586
996.165,1.2803,0.2795
996.394,1.9078,0.2640
996.624,1.4629,0.2627
996.854,1.8365,0.2930
997.083,1.2862,0.2859
997.313,1.1376,0.2129
997.542,1.0259,0.1804
997.772,0.7521,0.1998
998.002,1.2254,0.2080
998.232,0.9235,0.1709
998.461,0.7467,0.1818
998.691,0.7284,0.1652
998.921,0.6295,0.1829
999.151,0.7603,0.1837
999.382,1.7478,0.3629
999.612,0.8834,0.1900
999.842,0.9480,0.1768
1000.072,0.3598,0.1692
1000.302,0.6202,0.1887
1000.533,1.2242,0.2920
1000.763,1.9920,0.3912
1000.994,1.6008,0.3445
1001.224,1.1778,0.2838
1001.455,0.6693,0.1841
1001.685,0.9308,0.2153
1001.916,1.0001,0.2158
1002.147,0.7023,0.2219
1002.378,1.1997,0.2929
1002.608,0.7344,0.3151
1002.839,0.6876,0.1983
1003.070,0.6370,0.1990
1003.301,1.9793,0.3645
1003.532,0.8645,0.2663
1003.763,0.9397,0.2731
1003.994,0.6793,0.1833
1004.226,0.7568,0.1880
1004.457,0.8846,0.1818
1004.688,1.9137,0.3229
1004.920,1.8625,0.4163
1005.151,1.5845,0.3212
1005.383,0.9232,0.2080
1005.614,0.6173,0.1949
1005.846,0.8755,0.1959
1006.077,0.4772,0.1718
1006.309,0.9723,0.1959
1006.541,1.0680,0.2056
1006.773,1.4559,0.2531
1007.004,0.8937,0.1689
1007.236,1.1635,0.1998
1007.468,0.9005,0.1899
1007.700,0.8740,0.1705
1007.932,0.7643,0.1811
1008.164,0.7086,0.1834
1008.396,0.7494,0.1969
1008.629,0.4448,0.1939
1008.861,0.7517,0.1883
1009.093,0.6129,0.1550
1009.326,0.6391,0.1757
1009.558,0.9461,0.1931
1009.791,0.9467,0.2060
1010.023,0.9402,0.2093
1010.256,0.8477,0.1913
1010.488,2.0992,0.3266
1010.721,2.2478,0.3592
1010.954,1.1576,0.2129
1011.187,0.8905,0.1693
1011.419,0.7948,0.1617
1011.652,1.0801,0.1776
1011.885,0.9750,0.1820
1012.118,0.9278,0.1784
1012.351,1.0381,0.1644
1012.585,0.8861,0.1647
1012.818,0.8872,0.1915
1013.051,1.1511,0.2128
1013.284,0.9932,0.1797
1013.518,1.4412,0.2372
1013.751,1.1797,0.2441
1013.985,0.9181,0.1817
1014.218,1.4018,0.2520
1014.452,1.1228,0.2529
1014.685,1.3039,0.2506
1014.919,2.2789,0.3176
1015.153,2.1375,0.3135
1015.386,1.6496,0.2607
1015.620,1.0983,0.1844
1015.854,0.7965,0.2115
1016.088,0.9449,0.2091
1016.322,0.8604,0.1920
1016.556,0.8476,0.1901
1016.790,1.2156,0.2494
1017.024,0.6375,0.1511
1017.258,1.7352,0.2299
1017.493,0.9910,0.1518
1017.727,1.0542,0.1645
1017.961,0.8992,0.1919
1018.196,1.6219,0.2817
1018.430,0.8425,0.1853
1018.665,1.0608,0.1900
1018.899,1.1924,0.1858
1019.134,1.0053,0.1723
1019.369,0.8573,0.1620
1019.604,1.4850,0.2459
1019.838,0.9860,0.2175
1020.073,1.3581,0.2291
1020.308,0.8724,0.1742
1020.543,0.8732,0.1656
1020.778,0.9865,0.1813
1021.013,0.7399,0.1631
1021.248,1.5112,0.2231
1021.483,2.1248,0.3272
1021.719,0.7335,0.1497
1021.954,0.5056,0.1679
1022.189,1.0260,0.2719
1022.425,1.1111,0.3022
1022.660,0.6804,0.2045
1022.896,0.8989,0.1532
1023.131,1.8300,0.2519
1023.367,1.1802,0.1897
1023.602,1.3241,0.1780
1023.838,1.1474,0.1737
1024.074,1.1363,0.1601
1024.310,1.1893,0.1807
1024.546,1.7677,0.2415
1024.781,0.9952,0.1696
1025.018,1.4263,0.2032
1025.254,1.6454,0.2418
1025.490,1.2438,0.1912
1025.726,1.7437,0.2307
1025.962,1.4590,0.2052
1026.198,0.8544,0.1720
1026.435,1.1885,0.2069
1026.671,1.9373,0.2783
1026.907,1.4594,0.2209
1027.144,2.7943,0.4017
1027.380,2.9634,0.3201
1027.617,1.1854,0.2477
1027.854,0.7475,0.2283
1028.090,0.8151,0.1569
1028.327,1.5713,0.2077
1028.564,1.0035,0.1555
1028.801,1.0428,0.1366
1029.038,1.1857,0.1377
1029.275,1.5078,0.1559
1029.512,1.2173,0.1490
1029.749,1.2224,0.1499
1029.986,0.9460,0.1455
1030.223,1.1411,0.1448
1030.460,1.2008,0.1390
1030.698,1.4723,0.1382
1030.935,1.7593,0.1472
1031.172,1.4044,0.1372
1031.410,1.6732,0.1505
1031.647,1.6062,0.1676
1031.885,1.7683,0.1706
1032.123,1.6306,0.1656
1032.360,1.5982,0.1379
1032.598,1.6362,0.1422
1032.836,1.5358,0.1455
1033.074,1.1665,0.1387
1033.312,1.4043,0.1436
1033.550,1.6962,0.1467
1033.788,1.3859,0.1332
1034.026,1.4285,0.1304
1034.264,1.6607,0.1383
1034.502,1.4859,0.1380
1034.740,1.4210,0.1242
1034.978,1.5339,0.1275
1035.217,1.7552,0.1349
1035.455,1.6016,0.1395
1035.694,1.5707,0.1381
1035.932,1.8899,0.1461
1036.171,1.3954,0.1344
1036.409,1.3039,0.1284
1036.648,1.5188,0.1314
1036.887,1.5900,0.1397
1037.125,1.3601,0.1348
1037.365,1.0444,0.1287
1037.603,1.0546,0.1391
1037.842,0.8220,0.1358
1038.081,0.7862,0.1246
1038.320,0.7687,0.1357
1038.559,0.8569,0.1424
1038.799,0.9136,0.1504
1039.038,1.0518,0.1350
1039.277,1.1444,0.1233
1039.516,1.0198,0.1259
1039.756,1.0428,0.1297
1039.995,0.7011,0.1226
1040.235,0.7810,0.1235
1040.474,0.9468,0.1292
1040.714,0.8801,0.1226
1040.953,0.8162,0.1188
1041.193,0.8571,0.1219
1041.433,0.7345,0.1199
1041.673,1.1531,0.1216
1041.913,1.0356,0.1232
1042.153,0.9690,0.1293
1042.393,0.9849,0.1269
1042.633,1.2933,0.1218
1042.873,1.0530,0.1220
1043.113,0.8860,0.1240
1043.353,0.9686,0.1254
1043.593,1.3229,0.1349
1043.834,1.2257,0.1195
1044.074,1.2633,0.1286
1044.315,1.2553,0.1284
1044.555,1.0790,0.1482
1044.796,0.9985,0.1319
1045.036,0.8930,0.1175
1045.277,0.8477,0.1157
1045.517,0.8112,0.1212
1045.758,0.8274,0.1193
1045.999,1.0145,0.1233
1046.240,1.1200,0.1271
1046.481,1.1785,0.1272
1046.722,0.9666,0.1138
1046.963,1.0247,0.1205
1047.204,1.0193,0.1232
1047.445,1.2432,0.1249
1047.687,1.1205,0.1210
1047.928,1.1395,0.1156
1048.169,1.3377,0.1275
1048.410,1.1860,0.1181
1048.652,0.9193,0.1209
1048.893,1.1484,0.1257
1049.135,1.1038,0.1129
1049.376,1.0632,0.1170
1049.618,1.3383,0.1515
1049.860,0.7995,0.1176
1050.102,0.9103,0.1547
1050.343,0.5396,0.1123
1050.585,0.7152,0.1130
1050.827,0.8044,0.1292
1051.069,1.2938,0.1534
1051.311,1.0042,0.1268
1051.553,0.9523,0.1249
1051.796,1.0081,0.1213
1052.038,1.3038,0.1342
1052.280,1.3844,0.1436
1052.522,1.0543,0.1304
1052.765,0.9067,0.1138
1053.007,1.3602,0.1558
1053.250,0.9822,0.1220
1053.492,0.9664,0.1159
1053.735,1.1873,0.1198
1053.977,1.3512,0.1221
1054.220,1.2119,0.1209
1054.463,1.3443,0.1181
1054.706,1.1003,0.1173
1054.949,1.0006,0.1200
1055.192,1.1962,0.1162
1055.435,1.1241,0.1115
1055.678,0.9696,0.1080
1055.921,1.1713,0.1111
1056.164,1.1690,0.1139
1056.407,0.8018,0.1132
1056.650,0.9306,0.1156
1056.894,1.2506,0.1635
1057.137,0.9826,0.1235
1057.381,1.2598,0.1262
1057.624,1.3044,0.1263
1057.868,1.5366,0.1321
1058.111,1.6212,0.1267
1058.355,1.4745,0.1240
1058.599,1.3160,0.1206
1058.842,1.2549,0.1267
1059.086,1.4166,0.1262
1059.330,1.3728,0.1200
1059.574,1.3962,0.1286
1059.818,1.3099,0.1139
1060.062,1.3246,0.1190
1060.306,1.2743,0.1204
1060.550,1.4422,0.1158
1060.795,1.2252,0.1128
1061.039,1.2428,0.1108
1061.283,1.2595,0.1108
1061.528,1.4845,0.1133
1061.772,1.3742,0.1142
1062.017,1.5225,0.1163
1062.261,1.6008,0.1185
1062.506,1.6243,0.1170
1062.750,1.4843,0.1129
1062.995,1.3364,0.1116
1063.240,1.0508,0.1134
1063.485,1.7807,0.1473
1063.730,1.3509,0.1271
1063.975,1.2399,0.1136
1064.220,1.2692,0.1072
1064.465,1.3642,0.1159
1064.710,1.3424,0.1262
1064.955,1.4542,0.1243
1065.200,1.4980,0.1399
1065.446,1.1914,0.1060
1065.691,1.2278,0.1049
1065.936,1.0681,0.1064
1066.182,1.2912,0.1050
1066.427,1.4034,0.1055
1066.673,1.0793,0.1018
1066.919,1.3414,0.1023
1067.164,1.6654,0.1081
1067.410,1.5047,0.1127
1067.656,1.4922,0.1135
1067.902,1.5513,0.1161
1068.148,1.3310,0.1153
1068.394,1.5657,0.1204
1068.640,1.5642,0.1114
1068.886,1.5614,0.1085
1069.132,1.3886,0.1076
1069.378,1.5284,0.1106
1069.625,1.5968,0.1157
1069.871,1.4246,0.1159
1070.117,1.4650,0.1133
1070.364,1.7172,0.1126
1070.610,1.4541,0.1123
1070.857,1.5945,0.1112
1071.103,1.6489,0.1104
1071.350,1.5739,0.1113
1071.596,1.5361,0.1131
1071.843,1.5180,0.1137
1072.090,1.7179,0.1307
1072.337,1.2588,0.1075
1072.584,1.6372,0.1081
1072.831,1.3929,0.1049
1073.078,1.4610,0.1191
1073.325,1.5009,0.1204
1073.572,1.3906,0.1178
1073.820,1.0237,0.1065
1074.067,1.4592,0.1047
1074.314,1.7959,0.1124
1074.562,1.5341,0.1092
1074.809,1.5343,0.1141
1075.057,1.4470,0.1114
1075.304,1.3049,0.1122
1075.552,1.2286,0.1051
1075.800,1.3192,0.1109
1076.047,1.3575,0.1171
1076.295,1.2980,0.1068
1076.543,1.4171,0.1112
1076.791,1.3203,0.1091
1077.039,1.0140,0.1007
1077.287,1.0877,0.0996
1077.535,1.1769,0.0991
1077.783,1.4253,0.1150
1078.031,1.1048,0.1146
1078.279,1.2328,0.1064
1078.528,1.4147,0.1031
1078.776,1.2834,0.1028
1079.025,1.2378,0.1069
1079.273,1.1574,0.1020
1079.521,1.2334,0.1084
1079.770,1.0146,0.0996
1080.019,1.1430,0.1007
1080.268,1.2083,0.1089
1080.516,1.1780,0.0996
1080.765,1.3415,0.1115
1081.014,1.1204,0.1024
1081.263,1.3526,0.1057
1081.512,1.0732,0.1038
1081.761,1.1622,0.1017
1082.010,1.1225,0.1043
1082.259,1.1131,0.1102
1082.509,0.9576,0.1009
1082.758,1.0425,0.1035
1083.007,0.9328,0.1020
1083.256,1.1075,0.1012
1083.506,1.3412,0.1036
1083.756,1.2936,0.1018
1084.005,1.0208,0.0992
1084.255,1.0692,0.0996
1084.504,1.1455,0.0979
1084.754,0.8676,0.0950
1085.004,0.8749,0.1109
1085.254,0.8426,0.0983
1085.504,1.0852,0.0947
1085.754,0.8558,0.0962
1086.004,0.7116,0.0979
1086.254,0.8905,0.0992
1086.504,1.0626,0.1024
1086.754,1.1007,0.0984
1087.004,1.1479,0.0958
1087.255,1.1221,0.0949
1087.505,1.1600,0.1021
1087.756,1.1932,0.1048
1088.006,1.2310,0.1030
1088.257,0.9947,0.0957
1088.507,1.0872,0.0986
1088.758,1.1272,0.1047
1089.009,1.1185,0.0998
1089.260,1.0431,0.0991
1089.510,0.8894,0.1021
1089.761,0.8787,0.0939
1090.012,0.6721,0.0933
1090.263,0.8800,0.0986
1090.514,0.9608,0.0975
1090.765,1.2356,0.1217
1091.017,1.1499,0.1132
1091.268,1.0334,0.1228
1091.519,0.8221,0.0965
1091.771,0.9901,0.0952
1092.022,0.9046,0.0972
1092.273,1.0323,0.0966
1092.525,0.9182,0.0924
1092.776,0.9616,0.0927
1093.028,1.2838,0.0960
1093.280,1.1523,0.0952
1093.532,1.0339,0.1033
1093.783,1.2083,0.1065
1094.035,0.7801,0.0956
1094.287,0.9769,0.0905
1094.539,0.8395,0.0904
1094.791,0.6868,0.0924
1095.043,1.2115,0.0970
1095.296,0.9332,0.1014
1095.548,0.9296,0.0977
1095.800,1.1031,0.0941
1096.052,0.7798,0.0922
1096.305,0.8100,0.0945
1096.557,0.7635,0.0930
1096.810,0.5744,0.0881
1097.062,0.6480,0.0943
1097.315,0.6784,0.0965
1097.568,0.8687,0.0984
1097.820,0.8367,0.0977
1098.073,1.0721,0.0964
1098.326,1.0884,0.1000
1098.579,1.2064,0.1017
1098.832,1.0321,0.1002
1099.085,0.9172,0.0938
1099.338,1.5188,0.1256
1099.591,1.2388,0.1175
1099.845,1.1213,0.1061
1100.098,0.9458,0.1011
1100.351,1.0106,0.1009
1100.605,1.1047,0.1054
1100.858,1.3462,0.1091
1101.112,1.2649,0.1020
1101.365,1.1549,0.0984
1101.619,1.0935,0.1039
1101.872,1.0622,0.1091
1102.126,0.8819,0.1036
1102.380,1.1433,0.1151
1102.634,1.1816,0.0975
1102.888,1.2055,0.1105
1103.142,1.0154,0.1038
1103.396,0.9247,0.0974
1103.650,1.1938,0.0992
1103.904,1.2892,0.1081
1104.158,1.3258,0.1114
1104.412,1.3221,0.1077
1104.667,1.0504,0.1054
1104.921,1.0936,0.1153
1105.176,0.9875,0.0982
1105.430,1.0624,0.0989
1105.685,1.1131,0.1041
1105.939,1.1374,0.1043
1106.194,1.1974,0.0994
1106.449,1.2053,0.1073
1106.704,1.2492,0.1121
1106.958,1.1665,0.1085
1107.213,1.1192,0.1106
1107.469,1.4634,0.1080
1107.723,1.3092,0.1070
1107.978,1.0289,0.1133
1108.234,1.4005,0.1180
1108.489,0.8311,0.0943
1108.744,0.9908,0.0962
1108.999,1.1965,0.1022
1109.255,0.9042,0.0971
1109.510,0.6961,0.0906
1109.766,0.7680,0.0862
1110.021,0.7385,0.0883
1110.277,0.8351,0.0864
1110.533,0.8302,0.0913
1110.788,0.8431,0.0906
1111.044,0.8531,0.0957
1111.300,0.9153,0.0945
1111.556,1.3402,0.0946
1111.812,1.1357,0.0917
1112.068,1.1032,0.0960
1112.324,1.1125,0.0891
1112.580,1.1600,0.1006
1112.836,1.2903,0.1005
1113.093,1.2768,0.0995
1113.349,1.0698,0.0901
1113.605,1.0944,0.0919
1113.862,1.3642,0.0923
1114.118,1.2397,0.0865
1114.375,0.9698,0.0850
1114.631,0.8835,0.0837
1114.888,0.6244,0.0851
1115.145,0.6785,0.0808
1115.402,0.7313,0.0814
1115.659,0.8942,0.0834
1115.916,1.1144,0.0878
1116.172,0.9900,0.0894
1116.430,1.3147,0.0958
1116.687,1.2662,0.0909
1116.944,1.4271,0.0983
1117.201,1.4278,0.0964
1117.458,1.4821,0.0924
1117.715,1.4503,0.0921
1117.973,1.3150,0.0954
1118.230,1.2773,0.0917
1118.488,1.1321,0.0931
1118.745,0.9263,0.0875
1119.003,0.9544,0.0905
1119.261,1.1370,0.0951
1119.519,1.2758,0.0881
1119.776,1.1728,0.0911
1120.034,0.9753,0.0885
1120.292,0.8763,0.0840
1120.550,0.7290,0.0840
1120.808,0.5455,0.0851
1121.066,0.9058,0.1101
1121.325,0.7654,0.0839
1121.583,0.9589,0.0835
1121.841,1.1574,0.0850
1122.099,1.2079,0.0889
1122.358,1.1046,0.0898
1122.616,0.9871,0.0836
1122.875,0.8749,0.0811
1123.133,0.9503,0.0830
1123.392,1.0829,0.0840
1123.651,1.0929,0.0845
1123.910,1.0383,0.0837
1124.168,1.2104,0.0866
1124.427,1.4299,0.0917
1124.686,1.2130,0.0873
1124.945,1.0889,0.0929
1125.204,1.1048,0.0922
1125.463,0.9632,0.0881
1125.722,1.2807,0.0840
1125.982,1.1525,0.0835
1126.241,1.0048,0.0821
1126.500,0.9217,0.0812
1126.760,0.7070,0.0821
1127.019,0.3876,0.0757
1127.279,0.4128,0.0923
1127.538,0.5305,0.0860
1127.798,0.6259,0.0908
1128.058,0.7153,0.0785
1128.318,1.0775,0.0986
1128.577,0.9268,0.0973
1128.837,1.1346,0.0919
1129.097,1.0686,0.0837
1129.357,1.0057,0.0847
1129.617,1.2230,0.0878
1129.877,1.2393,0.0869
1130.138,1.0421,0.0846
1130.398,1.0451,0.0833
1130.658,1.0027,0.0813
1130.918,1.0229,0.0832
1131.179,0.9208,0.0825
1131.439,0.9481,0.0791
1131.700,0.9285,0.0783
1131.961,0.5942,0.0769
1132.221,0.4999,0.0768
1132.482,0.7999,0.0858
1132.743,0.9230,0.0838
1133.004,0.8852,0.0852
1133.265,0.7639,0.0807
1133.525,0.8700,0.0799
1133.787,0.7847,0.0784
1134.048,0.8582,0.0798
1134.309,0.9983,0.0844
1134.570,1.1825,0.0887
1134.831,0.9812,0.0864
1135.093,0.8996,0.0932
1135.354,0.7367,0.0788
1135.615,0.7961,0.0768
1135.877,0.9125,0.0797
1136.139,0.9925,0.0860
1136.400,1.0800,0.0863
1136.662,1.0042,0.0788
1136.924,1.0473,0.0836
1137.186,1.0333,0.0818
1137.447,0.9794,0.0781
1137.709,0.8827,0.0730
1137.971,0.8235,0.0782
1138.233,1.0151,0.0800
1138.495,1.1329,0.0808
1138.758,1.0157,0.0801
1139.020,0.7547,0.0780
1139.282,0.8052,0.0855
1139.545,0.8158,0.0818
1139.807,0.9444,0.0826
1140.069,0.8974,0.0790
1140.332,0.8577,0.0782
1140.595,1.0643,0.0783
1140.857,1.0809,0.0817
1141.120,0.8956,0.0766
1141.383,0.8899,0.0780
1141.646,0.9891,0.0802
1141.909,0.9377,0.0809
1142.171,0.8060,0.0789
1142.435,1.0107,0.0782
1142.698,0.9767,0.0773
1142.961,0.8614,0.0757
1143.224,0.7957,0.0760
1143.487,0.9259,0.0780
1143.751,0.9608,0.0771
1144.014,0.7412,0.0717
1144.277,0.7456,0.0716
1144.541,0.5167,0.0709
1144.804,0.7792,0.0842
1145.068,0.8670,0.0790
1145.332,0.9949,0.0780
1145.596,1.1102,0.0833
1145.859,1.0091,0.0816
1146.123,1.1111,0.0823
1146.387,1.0232,0.0791
1146.651,0.8625,0.0786
1146.915,0.9627,0.0780
1147.179,0.9861,0.0794
1147.443,0.9843,0.0734
1147.708,1.0911,0.0799
1147.972,1.0139,0.0840
1148.236,0.9875,0.0748
1148.501,0.9544,0.0754
1148.765,0.8691,0.0748
1149.030,1.1337,0.0802
1149.294,1.1120,0.0782
1149.559,0.9208,0.0780
1149.824,0.9390,0.0798
1150.089,0.9947,0.0759
1150.354,1.0812,0.0746
1150.618,1.0987,0.0761
1150.883,0.9110,0.0779
1151.148,0.8549,0.0754
1151.413,0.9696,0.0773
1151.679,1.0668,0.0789
1151.944,1.0746,0.0751
1152.209,0.9804,0.0747
1152.474,1.0704,0.0762
1152.740,1.1464,0.0777
1153.005,1.0756,0.0805
1153.271,0.9959,0.0804
1153.536,1.1348,0.0820
1153.802,1.0774,0.0771
1154.068,1.2438,0.0831
1154.333,1.2221,0.0794
1154.599,1.1093,0.0804
1154.865,1.0895,0.0823
1155.131,1.1269,0.0793
1155.397,1.1328,0.0804
1155.663,1.2254,0.0788
1155.929,1.3117,0.0825
1156.196,1.1834,0.0837
1156.462,1.0076,0.0781
1156.728,0.9736,0.0780
1156.995,1.1571,0.0808
1157.261,0.9639,0.0773
1157.528,1.0148,0.0788
1157.794,1.0927,0.0782
1158.061,0.8802,0.0779
1158.327,1.0010,0.0773
1158.594,1.1713,0.0802
1158.861,1.1291,0.0780
1159.128,0.9253,0.0763
1159.395,1.0102,0.0852
1159.662,1.0137,0.0764
1159.929,1.0802,0.0805
1160.196,1.1848,0.0814
1160.463,1.1686,0.0781
1160.730,1.1615,0.0779
1160.998,1.0362,0.0773
1161.265,0.9296,0.0798
1161.532,1.0330,0.0762
1161.800,0.9076,0.0778
1162.067,0.8973,0.0833
1162.335,1.0213,0.0779
1162.603,1.1834,0.0748
1162.870,1.1364,0.0794
1163.138,1.1041,0.0782
1163.406,1.0834,0.0751
1163.674,1.1886,0.0802
1163.942,1.2139,0.0811
1164.210,1.0802,0.0780
1164.478,1.0761,0.0772
1164.746,1.0306,0.0763
1165.015,0.9860,0.0747
1165.283,1.0081,0.0796
1165.551,0.9696,0.0788
1165.819,1.0319,0.0850
1166.088,0.8434,0.0775
1166.357,0.9233,0.0726
1166.625,0.9031,0.0727
1166.894,0.9675,0.0735
1167.162,0.9015,0.0732
1167.431,1.0897,0.0762
1167.700,1.2076,0.0749
1167.969,0.9246,0.0749
1168.238,0.9330,0.0787
1168.507,0.9360,0.0722
1168.776,0.9956,0.0719
1169.045,1.0337,0.0720
1169.314,1.0549,0.0725
1169.584,0.9686,0.0745
1169.853,1.0108,0.0744
1170.123,1.0565,0.0729
1170.392,1.0966,0.0751
1170.661,1.1398,0.0733
1170.931,1.1498,0.0806
1171.201,1.0397,0.0840
1171.470,1.1892,0.0738
1171.740,1.2652,0.0761
1172.010,1.1373,0.0768
1172.280,1.0008,0.0747
1172.550,0.9533,0.0753
1172.820,1.0259,0.0786
1173.090,0.9835,0.0810
1173.360,1.0561,0.0865
1173.630,1.0122,0.0823
1173.901,0.9474,0.0768
1174.171,1.0064,0.0729
1174.441,1.0759,0.0732
1174.712,0.8385,0.0689
1174.982,1.1880,0.0916
1175.253,0.6189,0.0679
1175.523,0.7987,0.0716
1175.794,1.0296,0.0738
1176.065,0.8487,0.0724
1176.336,0.7319,0.0678
1176.607,0.8819,0.0701
1176.878,1.0624,0.0711
1177.149,1.1468,0.0733
1177.420,0.9839,0.0745
1177.691,0.8243,0.0733
1177.962,1.0866,0.0703
1178.233,1.0330,0.0726
1178.505,1.1216,0.0707
1178.776,1.0012,0.0689
1179.048,1.0247,0.0714
1179.319,1.2087,0.0748
1179.591,1.0896,0.0752
1179.862,1.1961,0.0758
1180.134,1.1525,0.0734
1180.406,1.0908,0.0720
1180.678,1.1651,0.0761
1180.949,1.2488,0.0817
1181.221,1.1126,0.0762
1181.493,1.1479,0.0718
1181.766,1.1357,0.0735
1182.038,1.1883,0.0739
1182.310,1.0770,0.0714
1182.582,1.1051,0.0693
1182.854,1.1292,0.0691
1183.127,1.1559,0.0686
1183.399,1.2031,0.0687
1183.672,1.1394,0.0677
1183.944,1.1742,0.0675
1184.217,1.1965,0.0666
1184.490,1.2673,0.0692
1184.763,1.3332,0.0690
1185.036,1.3241,0.0688
1185.308,1.3330,0.0691
1185.581,1.2087,0.0686
1185.854,1.1125,0.0748
1186.127,0.8042,0.0687
1186.401,1.0433,0.0671
1186.674,1.2721,0.0700
1186.947,1.4916,0.0695
1187.220,1.5621,0.0698
1187.494,1.5580,0.0717
1187.767,1.4317,0.0740
1188.041,1.2456,0.0729
1188.314,1.1455,0.0731
1188.588,1.3514,0.0803
1188.862,1.3361,0.0742
1189.135,1.1651,0.0668
1189.409,1.3067,0.0722
1189.683,1.2769,0.0695
1189.957,1.4910,0.0684
1190.231,1.4857,0.0711
1190.505,1.3911,0.0690
1190.779,1.3585,0.0694
1191.054,1.3429,0.0691
1191.328,1.3618,0.0692
1191.602,1.3924,0.0691
1191.877,1.3980,0.0695
1192.151,1.6733,0.0776
1192.426,1.3001,0.0689
1192.700,1.3396,0.0698
1192.975,1.4529,0.0730
1193.250,1.4446,0.0732
1193.524,1.3580,0.0715
1193.799,1.1786,0.0703
1194.074,1.2812,0.0675
1194.349,1.3757,0.0688
1194.624,1.2766,0.0650
1194.899,1.6918,0.0790
1195.175,1.7204,0.0828
1195.450,1.3997,0.0745
1195.725,1.4180,0.0733
1196.000,1.3612,0.0695
1196.276,1.4946,0.0719
1196.551,1.4461,0.0721
1196.827,1.3322,0.0685
1197.102,1.4107,0.0692
1197.378,1.4230,0.0716
1197.654,1.4175,0.0717
1197.930,1.6543,0.0724
1198.206,1.5606,0.0693
1198.481,1.5328,0.0714
1198.757,1.5395,0.0725
1199.033,1.6542,0.0705
1199.310,1.8493,0.0682
1199.586,1.7284,0.0671
1199.862,1.8021,0.0734
1200.138,1.5998,0.0712
1200.415,1.7658,0.0736
1200.691,1.8884,0.0710
1200.968,1.7412,0.0709
1201.244,1.5743,0.0704
1201.521,1.7402,0.0707
1201.797,1.7792,0.0711
1202.074,1.6827,0.0662
1202.351,1.8952,0.0656
1202.628,1.8550,0.0639
1202.905,2.5080,0.0823
1203.182,2.0339,0.0729
1203.459,1.8476,0.0729
1203.736,1.6738,0.0722
1204.013,1.8966,0.0765
1204.291,2.1674,0.0730
1204.568,2.4100,0.0805
1204.845,1.9400,0.0703
1205.123,2.3130,0.0753
1205.400,2.1886,0.0720
1205.678,2.6606,0.0778
1205.956,2.7639,0.0788
1206.233,2.7038,0.0757
1206.511,2.6312,0.0780
1206.789,2.4312,0.0749
1207.067,2.5076,0.0760
1207.345,2.4597,0.0765
1207.623,2.6492,0.0735
1207.901,3.1488,0.0703
1208.179,3.1211,0.0709
1208.457,3.1838,0.0768
1208.736,3.0025,0.0753
1209.014,2.9987,0.0732
1209.292,3.1555,0.0758
1209.571,2.9624,0.0759
1209.849,2.8401,0.0754
1210.128,3.2675,0.0743
1210.407,3.4399,0.0759
1210.685,3.4249,0.0740
1210.964,3.5585,0.0760
1211.243,3.6319,0.0765
1211.522,3.5381,0.0727
1211.801,3.6040,0.0693
1212.080,3.8448,0.0708
1212.359,3.7043,0.0726
1212.638,3.5951,0.0778
1212.918,3.7292,0.0804
1213.197,3.8930,0.0822
1213.476,4.3899,0.0851
1213.756,4.4277,0.0847
1214.035,4.1199,0.0823
1214.315,3.9340,0.0814
1214.594,4.1250,0.0830
1214.874,4.0044,0.0813
1215.154,4.2480,0.0831
1215.434,4.2162,0.0841
1215.714,4.1536,0.0848
1215.994,3.7627,0.0807
1216.274,3.5602,0.0814
1216.554,3.8252,0.0818
1216.834,3.7547,0.0811
1217.114,3.8325,0.0811
1217.394,3.8383,0.0818
1217.675,3.6536,0.0810
1217.955,3.5505,0.0794
1218.236,3.6348,0.0785
1218.516,3.7357,0.0791
1218.797,3.3659,0.0769
1219.078,3.2501,0.0764
1219.358,3.5809,0.0780
1219.639,3.5262,0.0803
1219.920,3.3257,0.0798
1220.201,3.2781,0.0769
1220.482,3.2938,0.0771
1220.763,3.1218,0.0754
1221.044,3.2867,0.0751
1221.325,2.8962,0.0728
1221.607,2.9394,0.0722
1221.888,3.0588,0.0764
1222.169,3.0086,0.0753
1222.451,2.8747,0.0730
1222.732,2.9233,0.0753
1223.014,3.0191,0.0759
1223.295,2.8933,0.0742
1223.577,2.4953,0.0688
1223.859,2.6714,0.0727
1224.141,2.7084,0.0713
1224.422,2.6861,0.0672
1224.705,2.5967,0.0676
1224.987,2.7770,0.0714
1225.269,2.6453,0.0688
1225.551,2.6408,0.0665
1225.833,2.6786,0.0687
1226.115,2.3981,0.0669
1226.398,2.3616,0.0675
1226.680,2.5615,0.0688
1226.963,2.5422,0.0674
1227.245,2.4622,0.0665
1227.528,2.5775,0.0672
1227.810,2.6713,0.0678
1228.093,2.5876,0.0676
1228.376,2.5512,0.0678
1228.659,2.4811,0.0656
1228.942,2.4400,0.0663
1229.225,2.5553,0.0679
1229.508,2.3480,0.0665
1229.791,2.2676,0.0648
1230.074,2.1622,0.0655
1230.358,2.3880,0.0683
1230.641,2.4322,0.0673
1230.924,2.3240,0.0641
1231.208,2.5849,0.0677
1231.491,2.4841,0.0670
1231.775,2.5504,0.0670
1232.058,2.5270,0.0664
1232.342,2.5432,0.0665
1232.626,2.5679,0.0678
1232.910,2.6844,0.0711
1233.194,2.6494,0.0698
1233.478,2.7086,0.0672
1233.762,2.9180,0.0704
1234.046,2.8249,0.0696
1234.330,2.9489,0.0697
1234.614,2.7980,0.0673
1234.899,2.8481,0.0681
1235.183,2.9112,0.0683
1235.467,2.9987,0.0686
1235.752,3.0428,0.0692
1236.037,2.9823,0.0684
1236.321,2.9617,0.0698
1236.606,3.0799,0.0703
1236.891,3.1863,0.0692
1237.176,3.0446,0.0676
1237.460,3.0526,0.0689
1237.745,3.0616,0.0690
1238.030,3.2648,0.0696
1238.316,3.3576,0.0686
1238.601,3.3406,0.0700
1238.886,3.2080,0.0690
1239.171,3.2176,0.0689
1239.457,3.2534,0.0694
1239.742,3.3936,0.0707
1240.028,3.6044,0.0714
1240.313,3.5965,0.0710
1240.599,3.5135,0.0719
1240.884,3.5786,0.0717
1241.170,3.4066,0.0716
1241.456,3.4482,0.0716
1241.742,3.4762,0.0719
1242.028,3.4874,0.0714
1242.314,3.2633,0.0690
1242.600,3.3422,0.0692
1242.886,3.3463,0.0689
1243.172,3.3632,0.0699
1243.459,3.2992,0.0685
1243.745,3.1609,0.0673
1244.031,3.0690,0.0672
1244.318,3.0108,0.0680
1244.604,3.0695,0.0676
1244.891,2.9742,0.0657
1245.178,2.8990,0.0662
1245.464,2.7692,0.0667
1245.751,2.8012,0.0655
1246.038,2.9102,0.0661
1246.325,2.6833,0.0653
1246.612,2.7865,0.0602
1246.899,2.6217,0.0593
1247.186,2.7265,0.0596
1247.474,2.7096,0.0601
1247.761,2.5568,0.0605
1248.048,2.7138,0.0594
1248.335,2.6080,0.0586
1248.623,2.6253,0.0592
1248.911,2.5689,0.0603
1249.198,2.5745,0.0598
1249.486,2.6420,0.0600
1249.774,2.5269,0.0593
1250.061,2.5476,0.0599
1250.349,2.5462,0.0605
1250.637,2.5395,0.0586
1250.925,2.6466,0.0611
1251.213,2.4855,0.0603
1251.501,2.4599,0.0599
1251.790,2.5277,0.0591
1252.078,2.5868,0.0585
1252.366,2.6004,0.0590
1252.655,2.6328,0.0596
1252.943,2.5173,0.0585
1253.232,2.5065,0.0580
1253.520,2.4495,0.0575
1253.809,2.5822,0.0591
1254.098,2.4744,0.0581
1254.386,2.4435,0.0570
1254.675,2.3948,0.0576
1254.964,2.3551,0.0577
1255.253,2.2271,0.0568
1255.542,2.0664,0.0555
1255.831,1.9104,0.0539
1256.120,1.8961,0.0525
1256.410,1.9638,0.0525
1256.699,1.9903,0.0537
1256.989,2.4009,0.0551
1257.278,2.4847,0.0541
1257.568,2.3916,0.0551
1257.857,2.3478,0.0563
1258.147,2.4470,0.0563
1258.437,2.4179,0.0562
1258.726,2.5520,0.0565
1259.016,2.5222,0.0565
1259.306,2.5306,0.0570
1259.596,2.5277,0.0568
1259.886,2.4286,0.0564
1260.176,2.3810,0.0569
1260.466,2.5721,0.0575
1260.757,2.4016,0.0564
1261.047,2.3200,0.0550
1261.338,2.4438,0.0558
1261.628,2.3708,0.0554
1261.919,2.2712,0.0549
1262.209,2.2762,0.0540
1262.500,2.2946,0.0544
1262.791,2.3010,0.0549
1263.081,2.2817,0.0559
1263.372,2.3541,0.0566
1263.663,2.3088,0.0565
1263.954,2.2713,0.0558
1264.245,2.2555,0.0546
1264.536,2.2754,0.0547
1264.828,2.2741,0.0558
1265.119,2.2556,0.0547
1265.410,2.1693,0.0544
1265.702,2.1290,0.0536
1265.993,2.2212,0.0536
1266.285,2.2051,0.0536
1266.576,2.1804,0.0527
1266.868,2.1477,0.0525
1267.160,2.0655,0.0538
1267.451,2.1136,0.0540
1267.743,2.0958,0.0529
1268.035,2.0536,0.0524
1268.327,2.0146,0.0519
1268.619,1.9570,0.0512
1268.911,2.0214,0.0508
1269.204,1.9672,0.0507
1269.496,1.9865,0.0508
1269.788,1.8559,0.0498
1270.081,1.9343,0.0504
1270.373,2.0256,0.0517
1270.666,1.8625,0.0524
1270.958,1.8690,0.0511
1271.251,1.7861,0.0509
1271.544,1.7416,0.0503
1271.837,1.8758,0.0519
1272.130,1.8675,0.0522
1272.422,1.8256,0.0508
1272.715,1.8559,0.0511
1273.008,1.9784,0.0524
1273.302,1.8448,0.0511
1273.595,1.7408,0.0502
1273.888,1.7134,0.0501
1274.182,1.6793,0.0510
1274.475,1.7863,0.0516
1274.768,1.7231,0.0506
1275.062,1.7384,0.0496
1275.356,1.6757,0.0492
1275.649,1.6957,0.0495
1275.943,1.7882,0.0497
1276.237,1.7414,0.0499
1276.531,1.7163,0.0505
1276.825,1.6773,0.0501
1277.119,1.5912,0.0490
1277.413,1.6721,0.0482
1277.707,1.7257,0.0495
1278.001,1.6717,0.0493
1278.296,1.7672,0.0494
1278.590,1.6811,0.0497
1278.885,1.6166,0.0487
1279.179,1.6240,0.0482
1279.474,1.6630,0.0483
1279.768,1.5427,0.0480
1280.063,1.6593,0.0488
1280.358,1.6442,0.0487
1280.653,1.5668,0.0486
1280.948,1.6129,0.0478
1281.242,1.5916,0.0465
1281.537,1.4946,0.0469
1281.833,1.6781,0.0474
1282.128,1.6235,0.0467
1282.423,1.4842,0.0463
1282.718,1.5799,0.0469
1283.014,1.4856,0.0464
1283.309,1.4840,0.0457
1283.605,1.5703,0.0457
1283.900,1.5066,0.0459
1284.196,1.5698,0.0467
1284.492,1.5200,0.0471
1284.787,1.5530,0.0462
1285.083,1.5169,0.0463
1285.379,1.5229,0.0469
1285.675,1.5655,0.0470
1285.971,1.5973,0.0463
1286.268,1.5790,0.0467
1286.564,1.4968,0.0467
1286.860,1.5141,0.0456
1287.156,1.5567,0.0454
1287.453,1.5406,0.0460
1287.749,1.5521,0.0462
1288.046,1.5664,0.0458
1288.342,1.5605,0.0459
1288.639,1.5634,0.0455
1288.936,1.5149,0.0464
1289.233,1.5011,0.0461
1289.530,1.5147,0.0465
1289.827,1.4232,0.0456
1290.124,1.5085,0.0458
1290.421,1.4371,0.0460
1290.718,1.4513,0.0459
1291.015,1.5192,0.0467
1291.312,1.5224,0.0452
1291.610,1.4378,0.0436
1291.907,1.4183,0.0429
1292.205,1.5317,0.0425
1292.502,1.4778,0.0429
1292.800,1.3330,0.0427
1293.098,1.3458,0.0423
1293.395,1.4269,0.0424
1293.693,1.4524,0.0430
1293.991,1.4885,0.0441
1294.289,1.4966,0.0446
1294.587,1.4600,0.0436
1294.885,1.4501,0.0430
1295.183,1.4681,0.0431
1295.482,1.4084,0.0432
1295.780,1.5317,0.0444
1296.079,1.5886,0.0449
1296.377,1.5948,0.0448
1296.676,1.5290,0.0450
1296.974,1.3990,0.0439
1297.273,1.4318,0.0428
1297.572,1.3699,0.0430
1297.870,1.4315,0.0426
1298.169,1.4825,0.0424
1298.468,1.4617,0.0420
1298.767,1.5005,0.0407
1299.066,1.4790,0.0410
1299.365,1.5129,0.0423
1299.665,1.5251,0.0430
1299.964,1.5125,0.0434
1300.263,1.4355,0.0432
1300.563,1.3393,0.0422
1300.862,1.4985,0.0422
1301.162,1.5662,0.0426
1301.461,1.5529,0.0440
1301.761,1.6666,0.0448
1302.061,1.7569,0.0449
1302.361,1.7321,0.0449
1302.661,1.7417,0.0452
1302.961,1.7519,0.0449
1303.261,1.7334,0.0446
1303.561,1.7209,0.0446
1303.861,1.7613,0.0447
1304.161,1.7835,0.0446
1304.462,1.7318,0.0444
1304.762,1.6492,0.0436
1305.062,1.6639,0.0437
1305.363,1.7316,0.0451
1305.664,1.7644,0.0460
1305.964,1.7462,0.0464
1306.265,1.8257,0.0473
1306.566,1.7408,0.0468
1306.867,1.7365,0.0463
1307.168,1.7505,0.0450
1307.469,1.7061,0.0437
1307.770,1.8172,0.0441
1308.071,1.7169,0.0443
1308.372,1.6391,0.0430
1308.673,1.7221,0.0428
1308.975,1.6917,0.0433
1309.276,1.5967,0.0435
1309.578,1.6612,0.0433
1309.880,1.6607,0.0432
1310.181,1.6083,0.0429
1310.483,1.6126,0.0437
1310.784,1.6830,0.0442
1311.086,1.6559,0.0438
1311.388,1.7307,0.0436
1311.690,1.6716,0.0430
1311.992,1.5492,0.0430
1312.295,1.6117,0.0431
1312.597,1.5997,0.0430
1312.899,1.5880,0.0438
1313.201,1.5413,0.0437
1313.504,1.6159,0.0425
1313.806,1.5846,0.0426
1314.109,1.5736,0.0433
1314.411,1.5202,0.0427
1314.714,1.4341,0.0423
1315.017,1.4667,0.0428
1315.320,1.5144,0.0435
1315.623,1.5141,0.0425
1315.926,1.5157,0.0426
1316.229,1.4157,0.0423
1316.532,1.4048,0.0422
1316.835,1.3804,0.0409
1317.138,1.3329,0.0414
1317.441,1.4403,0.0436
1317.745,1.3610,0.0418
1318.048,1.3267,0.0405
1318.352,1.3661,0.0418
1318.655,1.3799,0.0421
1318.959,1.3651,0.0430
1319.263,1.3523,0.0427
1319.567,1.3129,0.0419
1319.870,1.2853,0.0407
1320.174,1.2604,0.0401
1320.478,1.3146,0.0412
1320.782,1.3155,0.0414
1321.087,1.2675,0.0420
1321.391,1.3178,0.0419
1321.695,1.2784,0.0410
1322.000,1.2282,0.0400
1322.304,1.2999,0.0407
1322.609,1.3683,0.0413
1322.913,1.3354,0.0407
1323.218,1.2762,0.0401
1323.522,1.3431,0.0411
1323.827,1.3543,0.0415
1324.132,1.3099,0.0414
1324.437,1.3863,0.0411
1324.742,1.3257,0.0404
1325.047,1.4001,0.0414
1325.352,1.3494,0.0411
1325.657,1.4041,0.0414
1325.963,1.4044,0.0406
1326.268,1.3523,0.0397
1326.573,1.4456,0.0398
1326.879,1.3289,0.0404
1327.185,1.4381,0.0418
1327.490,1.4740,0.0418
1327.796,1.3981,0.0409
1328.102,1.3925,0.0405
1328.407,1.4292,0.0401
1328.713,1.4222,0.0408
1329.019,1.4342,0.0400
1329.325,1.3966,0.0384
1329.632,1.3967,0.0381
1329.938,1.3614,0.0371
1330.244,1.3014,0.0378
1330.550,1.3603,0.0388
1330.857,1.3884,0.0383
1331.163,1.3382,0.0377
1331.470,1.3053,0.0385
1331.776,1.3722,0.0401
1332.083,1.4572,0.0406
1332.390,1.4583,0.0407
1332.697,1.5466,0.0409
1333.004,1.5560,0.0418
1333.311,1.5483,0.0423
1333.618,1.4658,0.0414
1333.925,1.4729,0.0403
1334.232,1.5118,0.0402
1334.539,1.5815,0.0402
1334.846,1.6187,0.0410
1335.154,1.5078,0.0419
1335.461,1.4870,0.0420
1335.769,1.4844,0.0408
1336.077,1.5530,0.0408
1336.384,1.5141,0.0410
1336.692,1.5430,0.0412
1337.000,1.5899,0.0412
1337.308,1.5821,0.0404
1337.615,1.5553,0.0401
1337.924,1.5512,0.0404
1338.232,1.5038,0.0399
1338.540,1.5647,0.0396
1338.848,1.5298,0.0401
1339.156,1.5202,0.0398
1339.465,1.4517,0.0401
1339.773,1.5120,0.0415
1340.082,1.5287,0.0410
1340.390,1.4858,0.0409
1340.699,1.5309,0.0413
1341.008,1.4324,0.0395
1341.317,1.3925,0.0388
1341.625,1.3738,0.0401
1341.934,1.3941,0.0396
1342.244,1.3743,0.0401
1342.553,1.3697,0.0390
1342.862,1.4899,0.0397
1343.171,1.4006,0.0398
1343.480,1.4548,0.0402
1343.790,1.4190,0.0400
1344.099,1.3539,0.0395
1344.409,1.3971,0.0400
1344.718,1.3978,0.0397
1345.028,1.3865,0.0400
1345.338,1.3707,0.0401
1345.647,1.2780,0.0389
1345.957,1.2609,0.0393
1346.267,1.2498,0.0393
1346.577,1.2785,0.0397
1346.887,1.2561,0.0402
1347.198,1.2062,0.0385
1347.508,1.1837,0.0375
1347.818,1.2651,0.0394
1348.129,1.2800,0.0376
1348.439,1.1912,0.0375
1348.750,1.1704,0.0373
1349.060,1.1430,0.0371
1349.371,1.1486,0.0372
1349.682,1.1622,0.0370
1349.992,1.0676,0.0358
1350.303,1.1777,0.0368
1350.614,1.1366,0.0380
1350.925,1.0989,0.0381
1351.236,1.1015,0.0373
1351.547,1.1466,0.0368
1351.859,1.1648,0.0374
1352.170,1.1426,0.0362
1352.481,1.1057,0.0361
1352.793,1.0344,0.0357
1353.104,1.1020,0.0355
1353.416,1.0967,0.0360
1353.728,1.0628,0.0362
1354.039,1.1211,0.0371
1354.351,1.1510,0.0381
1354.663,1.1221,0.0365
1354.975,1.1004,0.0362
1355.287,1.0971,0.0359
1355.599,1.1170,0.0365
1355.911,1.0742,0.0358
1356.224,1.0931,0.0357
1356.536,1.0895,0.0359
1356.848,1.0850,0.0362
1357.161,1.0675,0.0353
1357.473,1.2427,0.0374
1357.786,1.1488,0.0365
1358.099,1.1047,0.0369
1358.411,1.0071,0.0363
1358.724,0.9964,0.0357
1359.037,1.0897,0.0348
1359.350,1.1050,0.0352
1359.663,1.0461,0.0354
1359.976,1.0149,0.0351
1360.289,1.1409,0.0356
1360.603,1.1917,0.0358
1360.916,1.2259,0.0375
1361.229,1.1493,0.0368
1361.543,1.1721,0.0356
1361.856,1.2220,0.0361
1362.170,1.1701,0.0365
1362.484,1.1187,0.0363
1362.797,1.1235,0.0360
1363.111,1.2194,0.0362
1363.425,1.2796,0.0369
1363.739,1.1283,0.0363
1364.053,1.1847,0.0368
1364.367,1.2504,0.0366
1364.682,1.1863,0.0364
1364.996,1.1512,0.0366
1365.310,1.1604,0.0366
1365.625,1.1560,0.0362
1365.939,1.1753,0.0368
1366.254,1.1885,0.0364
1366.568,1.1863,0.0365
1366.883,1.2559,0.0378
1367.198,1.2493,0.0380
1367.513,1.2493,0.0379
1367.828,1.3196,0.0377
1368.142,1.3010,0.0380
1368.457,1.3478,0.0375
1368.773,1.3368,0.0364
1369.088,1.4451,0.0373
1369.403,1.4570,0.0383
1369.718,1.3082,0.0364
1370.034,1.4480,0.0379
1370.349,1.5036,0.0389
1370.665,1.4073,0.0373
1370.981,1.3753,0.0375
1371.296,1.4215,0.0372
1371.612,1.3005,0.0361
1371.928,1.3723,0.0368
1372.244,1.3927,0.0378
1372.560,1.4274,0.0380
1372.876,1.4368,0.0371
1373.192,1.3742,0.0373
1373.508,1.3529,0.0373
1373.825,1.2961,0.0363
1374.141,1.3183,0.0367
1374.458,1.3267,0.0375
1374.774,1.4909,0.0389
1375.091,1.3683,0.0369
1375.407,1.3249,0.0369
1375.724,1.3807,0.0372
1376.041,1.2198,0.0352
1376.358,1.2276,0.0365
1376.675,1.1841,0.0369
1376.992,1.2444,0.0352
1377.309,1.2168,0.0364
1377.626,1.1308,0.0362
1377.943,1.1845,0.0376
1378.260,1.1631,0.0364
1378.578,1.2345,0.0359
1378.895,1.1692,0.0356
1379.213,1.2038,0.0361
1379.531,1.1360,0.0350
1379.848,1.1503,0.0355
1380.166,1.3514,0.0386
1380.484,1.1959,0.0368
1380.802,1.2348,0.0358
1381.120,1.2879,0.0349
1381.438,1.2397,0.0348
1381.756,1.2100,0.0346
1382.074,1.2716,0.0367
1382.392,1.3195,0.0378
1382.711,1.3393,0.0366
1383.029,1.2925,0.0367
1383.348,1.3468,0.0357
1383.666,1.4290,0.0370
1383.985,1.4532,0.0390
1384.303,1.3288,0.0366
1384.622,1.3614,0.0367
1384.941,1.3397,0.0365
1385.260,1.3614,0.0370
1385.579,1.2393,0.0353
1385.898,1.2900,0.0356
1386.217,1.3684,0.0358
1386.536,1.2822,0.0358
1386.856,1.2510,0.0357
1387.175,1.2967,0.0357
1387.495,1.2173,0.0353
1387.814,1.2466,0.0356
1388.134,1.2458,0.0350
1388.453,1.2131,0.0351
1388.773,1.3856,0.0351
1389.093,1.4140,0.0357
1389.413,1.4640,0.0364
1389.733,1.5379,0.0371
1390.053,1.4901,0.0356
1390.373,1.5756,0.0366
1390.693,1.6114,0.0369
1391.013,1.5472,0.0368
1391.334,1.6569,0.0373
1391.654,1.7427,0.0376
1391.975,1.6914,0.0375
1392.295,1.7346,0.0374
1392.616,1.7187,0.0370
1392.936,1.7357,0.0375
1393.257,1.7440,0.0385
1393.578,1.7427,0.0388
1393.899,1.7865,0.0391
1394.220,1.7405,0.0379
1394.541,1.7032,0.0385
1394.862,1.7766,0.0383
1395.183,1.7425,0.0387
1395.505,1.8045,0.0381
1395.826,1.7982,0.0378
1396.148,1.8669,0.0381
1396.469,1.8117,0.0376
1396.791,1.7784,0.0374
1397.112,1.7895,0.0367
1397.434,1.7847,0.0365
1397.756,1.8110,0.0372
1398.078,1.7480,0.0365
1398.400,1.7163,0.0368
1398.722,1.7903,0.0370
1399.044,1.7775,0.0373
1399.366,1.8244,0.0366
1399.688,1.9461,0.0378
1400.010,1.9605,0.0385
1400.333,1.9410,0.0386
1400.656,1.9511,0.0386
1400.978,1.9922,0.0386
1401.301,1.9721,0.0386
1401.623,1.9975,0.0385
1401.946,1.9640,0.0379
1402.269,1.9923,0.0377
1402.592,1.9908,0.0378
1402.915,1.8806,0.0373
1403.238,1.9210,0.0385
1403.561,1.9155,0.0387
1403.884,1.9100,0.0382
1404.208,1.8480,0.0378
1404.531,1.8813,0.0374
1404.854,1.8960,0.0369
1405.178,1.8719,0.0368
1405.501,1.8813,0.0368
1405.825,1.8262,0.0375
1406.149,1.8190,0.0368
1406.473,1.8522,0.0374
1406.797,1.7638,0.0366
1407.121,1.7220,0.0363
1407.445,1.7654,0.0363
1407.769,1.7169,0.0369
1408.093,1.6670,0.0365
1408.417,1.7395,0.0363
1408.742,1.6649,0.0362
1409.066,1.7050,0.0358
1409.390,1.7317,0.0359
1409.715,1.6424,0.0355
1410.040,1.6682,0.0356
1410.364,1.6240,0.0357
1410.689,1.6453,0.0361
1411.014,1.7245,0.0363
1411.339,1.6632,0.0363
1411.664,1.5716,0.0356
1411.989,1.5354,0.0347
1412.314,1.5296,0.0348
1412.639,1.5443,0.0356
1412.965,1.6288,0.0364
1413.290,1.6445,0.0360
1413.616,1.5069,0.0347
1413.941,1.5048,0.0348
1414.267,1.5320,0.0352
1414.592,1.5397,0.0354
1414.918,1.5537,0.0350
1415.244,1.5308,0.0348
1415.570,1.5008,0.0347
1415.896,1.4576,0.0342
1416.222,1.4876,0.0341
1416.548,1.4661,0.0340
1416.874,1.4727,0.0344
1417.200,1.4665,0.0346
1417.527,1.4423,0.0347
1417.853,1.4707,0.0343
1418.180,1.4585,0.0347
1418.506,1.4183,0.0352
1418.833,1.4607,0.0351
1419.160,1.4263,0.0345
1419.487,1.4190,0.0338
1419.813,1.4333,0.0361
1420.141,1.3727,0.0358
1420.468,1.3550,0.0339
1420.795,1.3607,0.0349
1421.122,1.3909,0.0350
1421.449,1.3335,0.0345
1421.776,1.3990,0.0343
1422.104,1.4163,0.0341
1422.431,1.3671,0.0338
1422.759,1.3316,0.0335
1423.086,1.2849,0.0334
1423.414,1.3273,0.0332
1423.742,1.4246,0.0333
1424.070,1.3287,0.0328
1424.398,1.3233,0.0330
1424.726,1.3862,0.0342
1425.054,1.3726,0.0337
1425.382,1.3508,0.0335
1425.710,1.3402,0.0327
1426.039,1.3734,0.0324
1426.367,1.3454,0.0334
1426.696,1.3655,0.0343
1427.024,1.3872,0.0338
1427.353,1.2926,0.0333
1427.681,1.3250,0.0331
1428.010,1.3729,0.0331
1428.339,1.3740,0.0330
1428.668,1.3738,0.0331
1428.997,1.2757,0.0323
1429.326,1.3105,0.0320
1429.655,1.3776,0.0324
1429.984,1.3130,0.0323
1430.314,1.3248,0.0324
1430.643,1.3320,0.0323
1430.973,1.2845,0.0322
1431.302,1.2856,0.0322
1431.632,1.2717,0.0324
1431.961,1.2318,0.0326
1432.291,1.2959,0.0318
1432.621,1.2451,0.0320
1432.951,1.2435,0.0327
1433.281,1.2359,0.0322
1433.611,1.2902,0.0319
1433.941,1.2657,0.0321
1434.271,1.2082,0.0316
1434.602,1.2201,0.0317
1434.932,1.2512,0.0318
1435.262,1.2265,0.0312
1435.593,1.2280,0.0313
1435.923,1.2364,0.0311
1436.254,1.2086,0.0309
1436.585,1.1329,0.0311
1436.916,1.2061,0.0313
1437.247,1.2724,0.0319
1437.578,1.2358,0.0312
1437.909,1.2248,0.0305
1438.240,1.2178,0.0312
1438.571,1.1947,0.0315
1438.902,1.1959,0.0315
1439.234,1.1819,0.0319
1439.565,1.2083,0.0318
1439.897,1.1881,0.0313
1440.228,1.2161,0.0308
1440.560,1.2453,0.0311
1440.891,1.2091,0.0311
1441.223,1.2162,0.0312
1441.555,1.1698,0.0311
1441.887,1.1906,0.0315
1442.219,1.2311,0.0321
1442.552,1.2107,0.0331
1442.884,1.1364,0.0322
1443.216,1.2328,0.0313
1443.548,1.2355,0.0317
1443.881,1.1656,0.0318
1444.213,1.2016,0.0312
1444.546,1.1603,0.0311
1444.879,1.1640,0.0315
1445.211,1.1934,0.0311
1445.544,1.1386,0.0303
1445.877,1.1933,0.0315
1446.210,1.3161,0.0330
1446.543,1.2535,0.0318
1446.876,1.1850,0.0317
1447.209,1.2150,0.0325
1447.542,1.2187,0.0318
1447.876,1.2230,0.0317
1448.209,1.2052,0.0314
1448.543,1.2100,0.0306
1448.876,1.2460,0.0308
1449.210,1.3057,0.0313
1449.544,1.2716,0.0316
1449.877,1.2267,0.0320
1450.211,1.2746,0.0323
1450.545,1.2520,0.0309
1450.879,1.2292,0.0314
1451.214,1.2557,0.0315
1451.548,1.2417,0.0307
1451.882,1.2489,0.0311
1452.216,1.2501,0.0309
1452.551,1.2741,0.0313
1452.885,1.2763,0.0315
1453.220,1.2470,0.0309
1453.554,1.2148,0.0304
1453.889,1.2432,0.0306
1454.224,1.2803,0.0307
1454.559,1.2108,0.0305
1454.894,1.2118,0.0301
1455.229,1.2426,0.0300
1455.564,1.2309,0.0305
1455.899,1.2078,0.0311
1456.234,1.2077,0.0310
1456.570,1.2304,0.0308
1456.905,1.2453,0.0309
1457.241,1.2391,0.0307
1457.576,1.1979,0.0306
1457.912,1.2217,0.0307
1458.248,1.1983,0.0308
1458.584,1.1823,0.0309
1458.919,1.1648,0.0305
1459.255,1.1862,0.0305
1459.591,1.2590,0.0320
1459.928,1.1874,0.0309
1460.264,1.1999,0.0304
1460.600,1.2274,0.0310
1460.936,1.2222,0.0307
1461.273,1.2221,0.0305
1461.609,1.1578,0.0304
1461.946,1.1746,0.0304
1462.283,1.2349,0.0311
1462.619,1.2281,0.0309
1462.956,1.1340,0.0305
1463.293,1.1556,0.0304
1463.630,1.1391,0.0300
1463.967,1.1164,0.0304
1464.304,1.1315,0.0304
1464.641,1.1955,0.0300
1464.979,1.1465,0.0301
1465.316,1.1602,0.0301
1465.653,1.1032,0.0300
1465.991,1.1518,0.0300
1466.329,1.1707,0.0298
1466.666,1.0973,0.0300
1467.004,1.0916,0.0298
1467.342,1.1029,0.0301
1467.680,1.1031,0.0302
1468.018,1.1310,0.0307
1468.356,1.1124,0.0304
1468.694,1.0963,0.0300
1469.032,1.1441,0.0311
1469.370,1.0800,0.0309
1469.709,1.1118,0.0309
1470.047,1.0643,0.0301
1470.386,1.0850,0.0292
1470.724,1.0988,0.0290
1471.063,1.0098,0.0291
1471.402,1.1127,0.0291
1471.741,1.0785,0.0294
1472.080,1.0661,0.0293
1472.419,1.0986,0.0291
1472.758,1.1196,0.0289
1473.097,1.0174,0.0292
1473.436,1.0637,0.0286
1473.775,1.1104,0.0292
1474.115,1.0950,0.0297
1474.454,1.0596,0.0292
1474.794,1.1293,0.0303
1475.133,1.0518,0.0292
1475.473,1.0390,0.0287
1475.813,1.0618,0.0292
1476.153,1.0637,0.0291
1476.493,1.0742,0.0285
1476.833,1.0711,0.0292
1477.173,1.1647,0.0295
1477.513,1.1339,0.0293
1477.853,1.0931,0.0296
1478.194,1.0255,0.0294
1478.534,1.0245,0.0280
1478.874,1.0795,0.0289
1479.215,1.1201,0.0296
1479.556,1.0510,0.0285
1479.896,1.0608,0.0290
1480.237,1.0842,0.0294
1480.578,1.0069,0.0286
1480.919,0.9924,0.0281
1481.260,1.0452,0.0284
1481.601,1.0483,0.0281
1481.942,1.0088,0.0279
1482.284,0.9455,0.0281
1482.625,0.9885,0.0283
1482.966,1.0296,0.0280
1483.308,1.0464,0.0287
1483.650,0.9943,0.0279
1483.991,0.9943,0.0277
1484.333,0.9885,0.0287
1484.675,0.9820,0.0289
1485.016,1.0018,0.0283
1485.359,1.0195,0.0279
1485.701,1.0108,0.0283
1486.043,1.0331,0.0286
1486.385,1.0247,0.0288
1486.727,0.9952,0.0289
1487.070,0.9782,0.0283
1487.412,1.0425,0.0283
1487.755,1.0532,0.0285
1488.097,1.0475,0.0281
1488.440,1.0310,0.0271
1488.783,1.0109,0.0273
1489.126,1.0038,0.0278
1489.468,0.9408,0.0274
1489.812,0.9835,0.0272
1490.155,0.9534,0.0277
1490.498,1.0005,0.0291
1490.841,1.0379,0.0291
1491.184,1.0102,0.0286
1491.528,1.0217,0.0285
1491.871,0.9523,0.0271
1492.215,0.9906,0.0278
1492.558,0.9606,0.0278
1492.902,0.9089,0.0281
1493.246,0.9462,0.0280
1493.590,0.9391,0.0277
1493.934,0.9628,0.0277
1494.278,0.9622,0.0276
1494.622,0.9061,0.0275
1494.966,0.9055,0.0267
1495.310,0.9217,0.0273
1495.655,0.9545,0.0275
1495.999,0.9634,0.0280
1496.344,0.9381,0.0278
1496.688,0.8890,0.0274
1497.033,0.9138,0.0268
1497.377,0.9170,0.0270
1497.722,0.8124,0.0269
1498.067,0.8509,0.0264
1498.412,0.8067,0.0261
1498.757,0.8158,0.0268
1499.102,0.8295,0.0266
1499.448,0.8550,0.0264
1499.793,0.7645,0.0268
1500.138,0.7871,0.0267
1500.484,0.8428,0.0272
1500.829,0.7429,0.0260
1501.175,0.7431,0.0260
1501.521,0.7961,0.0261
1501.866,0.7835,0.0257
1502.212,0.7462,0.0254
1502.558,0.7895,0.0258
1502.904,0.7721,0.0257
1503.250,0.7541,0.0270
1503.597,0.8031,0.0257
1503.943,0.8002,0.0260
1504.289,0.7052,0.0255
1504.635,0.7620,0.0260
1504.982,0.7898,0.0268
1505.329,0.8691,0.0284
1505.675,0.8877,0.0279
1506.022,0.7665,0.0253
1506.369,0.9057,0.0276
1506.716,0.8789,0.0280
1507.063,0.8312,0.0268
1507.410,0.9966,0.0279
1507.757,0.9412,0.0275
1508.104,0.9840,0.0278
1508.451,0.9499,0.0267
1508.799,0.9151,0.0265
1509.146,0.9275,0.0263
1509.494,0.9672,0.0267
1509.841,0.9809,0.0272
1510.189,0.8951,0.0261
1510.537,0.8862,0.0256
1510.885,0.9651,0.0271
1511.233,0.9654,0.0266
1511.581,1.0287,0.0261
1511.929,1.1047,0.0282
1512.277,0.9940,0.0266
1512.625,1.0458,0.0273
1512.973,0.9676,0.0270
1513.322,0.9476,0.0271
1513.670,1.0066,0.0271
1514.019,1.1009,0.0280
1514.368,1.0673,0.0284
1514.716,1.1087,0.0279
1515.065,1.1853,0.0285
1515.414,1.1742,0.0276
1515.763,1.2085,0.0278
1516.112,1.2810,0.0289
1516.461,1.3087,0.0283
1516.810,1.3124,0.0285
1517.160,1.2558,0.0281
1517.509,1.3152,0.0285
1517.859,1.2966,0.0283
1518.208,1.3053,0.0282
1518.558,1.4143,0.0295
1518.907,1.4028,0.0292
1519.257,1.3898,0.0290
1519.607,1.3626,0.0285
1519.957,1.4110,0.0296
1520.307,1.3782,0.0288
1520.657,1.2833,0.0281
1521.007,1.2150,0.0286
1521.358,1.2250,0.0280
1521.708,1.2795,0.0285
1522.058,1.2095,0.0276
1522.409,1.2350,0.0282
1522.759,1.2217,0.0284
1523.110,1.2627,0.0287
1523.461,1.4415,0.0296
1523.812,1.4559,0.0291
1524.163,1.5261,0.0298
1524.514,1.4743,0.0300
1524.865,1.5039,0.0303
1525.216,1.4936,0.0300
1525.567,1.3545,0.0286
1525.918,1.3925,0.0292
1526.270,1.3166,0.0285
1526.621,1.3186,0.0285
1526.973,1.3670,0.0295
1527.324,1.3197,0.0291
1527.676,1.2074,0.0273
1528.028,1.2244,0.0276
1528.380,1.2494,0.0289
1528.732,1.2913,0.0294
1529.084,1.2790,0.0299
1529.436,1.2779,0.0303
1529.788,1.0669,0.0271
1530.141,1.1889,0.0292
1530.493,1.2034,0.0288
1530.845,1.0248,0.0270
1531.198,1.1865,0.0269
1531.551,1.3459,0.0272
1531.903,1.2989,0.0271
1532.256,1.3182,0.0269
1532.609,1.3442,0.0267
1532.962,1.4010,0.0280
1533.315,1.4013,0.0275
1533.668,1.4151,0.0273
1534.021,1.4006,0.0274
1534.374,1.4849,0.0277
1534.728,1.5741,0.0281
1535.081,1.5173,0.0280
1535.435,1.5070,0.0272
1535.788,1.5164,0.0278
1536.142,1.5895,0.0287
1536.496,1.5785,0.0285
1536.849,1.5241,0.0273
1537.203,1.4722,0.0276
1537.557,1.5108,0.0280
1537.911,1.5736,0.0285
1538.266,1.6012,0.0285
1538.620,1.6859,0.0288
1538.974,1.7311,0.0290
1539.328,1.6885,0.0290
1539.683,1.7587,0.0294
1540.037,1.7577,0.0291
1540.392,1.7847,0.0294
1540.747,1.7393,0.0291
1541.102,1.7719,0.0288
1541.457,1.7830,0.0281
1541.812,1.7408,0.0275
1542.167,1.7951,0.0277
1542.522,1.7879,0.0271
1542.877,1.8515,0.0280
1543.232,1.8083,0.0276
1543.588,1.8487,0.0275
1543.943,1.8815,0.0275
1544.299,1.9399,0.0277
1544.654,1.9418,0.0281
1545.010,1.9619,0.0293
1545.366,1.9595,0.0292
1545.722,1.9476,0.0292
1546.078,1.9805,0.0294
1546.434,2.0946,0.0298
1546.790,2.1236,0.0294
1547.146,2.1250,0.0299
1547.502,2.1494,0.0301
1547.859,2.2552,0.0310
1548.215,2.3340,0.0312
1548.572,2.2913,0.0310
1548.928,2.3283,0.0309
1549.285,2.3304,0.0310
1549.642,2.2465,0.0310
1549.999,2.3172,0.0308
1550.355,2.2608,0.0305
1550.713,2.2464,0.0307
1551.070,2.2392,0.0310
1551.427,2.2003,0.0302
1551.784,2.1861,0.0306
1552.141,2.1899,0.0304
1552.499,2.1838,0.0301
1552.856,2.1798,0.0304
1553.214,2.1520,0.0303
1553.572,2.1607,0.0305
1553.930,2.1101,0.0304
1554.287,2.1104,0.0301
1554.645,2.0589,0.0295
1555.003,2.0767,0.0297
1555.361,2.1107,0.0304
1555.720,2.0344,0.0300
1556.078,1.9651,0.0294
1556.436,1.9676,0.0298
1556.795,1.9957,0.0301
1557.153,2.0405,0.0299
1557.512,1.9806,0.0293
1557.870,1.9319,0.0293
1558.229,1.9342,0.0293
1558.588,1.9427,0.0293
1558.947,1.8945,0.0291
1559.306,1.9148,0.0288
1559.665,1.9092,0.0286
1560.024,1.8571,0.0286
1560.383,1.8851,0.0285
1560.743,1.7994,0.0281
1561.102,1.7996,0.0280
1561.462,1.7669,0.0282
1561.821,1.7848,0.0284
1562.181,1.8031,0.0285
1562.541,1.8038,0.0284
1562.900,1.7874,0.0286
1563.260,1.7164,0.0287
1563.620,1.7846,0.0284
1563.980,1.7660,0.0282
1564.341,1.7466,0.0282
1564.701,1.7989,0.0284
1565.061,1.7570,0.0281
1565.422,1.7379,0.0278
1565.782,1.7176,0.0275
1566.143,1.6880,0.0277
1566.503,1.6726,0.0279
1566.864,1.7096,0.0274
1567.225,1.7521,0.0280
1567.586,1.7117,0.0278
1567.947,1.6389,0.0271
1568.308,1.6542,0.0273
1568.669,1.6479,0.0275
1569.030,1.5622,0.0272
1569.392,1.6399,0.0274
1569.753,1.6899,0.0274
1570.115,1.6800,0.0275
1570.476,1.6397,0.0273
1570.838,1.6233,0.0271
1571.199,1.6358,0.0273
1571.561,1.6469,0.0277
1571.923,1.5858,0.0272
1572.285,1.5909,0.0276
1572.647,1.6287,0.0276
1573.009,1.5569,0.0269
1573.371,1.5707,0.0268
1573.734,1.6079,0.0272
1574.096,1.5947,0.0274
1574.459,1.5634,0.0274
1574.821,1.5362,0.0271
1575.184,1.5795,0.0266
1575.547,1.5893,0.0266
1575.910,1.5359,0.0265
1576.273,1.5585,0.0264
1576.635,1.5812,0.0266
1576.999,1.5353,0.0268
1577.362,1.5477,0.0271
1577.725,1.5497,0.0266
1578.088,1.5240,0.0268
1578.452,1.5392,0.0263
1578.815,1.5762,0.0265
1579.179,1.5396,0.0262
1579.542,1.5565,0.0263
1579.906,1.5507,0.0265
1580.270,1.5220,0.0264
1580.634,1.5533,0.0264
1580.998,1.4669,0.0261
1581.362,1.5113,0.0261
1581.726,1.5648,0.0269
1582.090,1.5252,0.0269
1582.455,1.5243,0.0270
1582.819,1.4542,0.0267
1583.184,1.4976,0.0272
1583.548,1.5330,0.0273
1583.913,1.5047,0.0271
1584.278,1.4967,0.0265
1584.642,1.5246,0.0266
1585.007,1.5422,0.0267
1585.372,1.4695,0.0259
1585.738,1.4664,0.0256
1586.103,1.4979,0.0258
1586.468,1.4662,0.0257
1586.833,1.4474,0.0256
1587.199,1.5370,0.0258
1587.564,1.5152,0.0262
1587.930,1.4875,0.0259
1588.296,1.4980,0.0259
1588.661,1.4956,0.0260
1589.027,1.4723,0.0263
1589.393,1.4908,0.0263
1589.759,1.4986,0.0267
1590.125,1.4461,0.0268
1590.491,1.4649,0.0266
1590.858,1.5232,0.0260
1591.224,1.4678,0.0255
1591.590,1.5290,0.0257
1591.957,1.5690,0.0258
1592.324,1.4551,0.0264
1592.690,1.4886,0.0265
1593.057,1.5267,0.0255
1593.424,1.4610,0.0253
1593.791,1.4806,0.0253
1594.158,1.4873,0.0254
1594.525,1.4720,0.0254
1594.892,1.4841,0.0250
1595.259,1.5077,0.0251
1595.627,1.4823,0.0250
1595.994,1.4455,0.0251
1596.362,1.4761,0.0260
1596.729,1.4833,0.0260
1597.097,1.5085,0.0259
1597.465,1.5107,0.0255
1597.833,1.4428,0.0252
1598.201,1.4885,0.0254
1598.569,1.5024,0.0256
1598.937,1.4717,0.0253
1599.305,1.5033,0.0254
1599.673,1.5040,0.0255
1600.042,1.4834,0.0254
1600.410,1.4544,0.0252
1600.779,1.5257,0.0252
1601.147,1.5353,0.0255
1601.516,1.4388,0.0251
1601.885,1.4944,0.0244
1602.254,1.4790,0.0244
1602.623,1.4958,0.0245
1602.992,1.4820,0.0243
1603.361,1.4701,0.0244
1603.730,1.4669,0.0245
1604.100,1.4792,0.0243
1604.469,1.4731,0.0244
1604.838,1.4936,0.0246
1605.208,1.4603,0.0252
1605.578,1.4858,0.0253
1605.947,1.4869,0.0250
1606.317,1.4798,0.0250
1606.687,1.5521,0.0253
1607.057,1.4682,0.0250
1607.427,1.4469,0.0249
1607.797,1.4901,0.0252
1608.168,1.4753,0.0249
1608.538,1.5330,0.0248
1608.908,1.5223,0.0245
1609.279,1.5511,0.0244
1609.649,1.4996,0.0245
1610.020,1.4947,0.0250
1610.391,1.5016,0.0247
1610.762,1.4651,0.0246
1611.133,1.4979,0.0240
1611.504,1.4975,0.0242
1611.875,1.5040,0.0243
1612.246,1.5483,0.0244
1612.617,1.5085,0.0244
1612.989,1.4598,0.0246
1613.360,1.5053,0.0246
1613.732,1.4728,0.0249
1614.103,1.5054,0.0246
1614.475,1.5081,0.0244
1614.847,1.5149,0.0248
1615.219,1.5255,0.0248
1615.590,1.5374,0.0246
1615.963,1.5555,0.0255
1616.335,1.4741,0.0256
1616.707,1.4596,0.0253
1617.079,1.5338,0.0248
1617.452,1.5028,0.0246
1617.824,1.4972,0.0244
1618.197,1.4743,0.0242
1618.569,1.4864,0.0242
1618.942,1.4882,0.0245
1619.315,1.4878,0.0241
1619.688,1.5110,0.0241
1620.061,1.5091,0.0241
1620.434,1.5193,0.0242
1620.807,1.4779,0.0241
1621.180,1.4906,0.0241
1621.554,1.5272,0.0240
1621.927,1.4914,0.0242
1622.301,1.5055,0.0244
1622.674,1.5016,0.0248
1623.048,1.5018,0.0244
1623.422,1.5083,0.0242
1623.795,1.5328,0.0245
1624.169,1.4944,0.0247
1624.543,1.4578,0.0248
1624.917,1.4711,0.0245
1625.292,1.4996,0.0245
1625.666,1.5294,0.0241
1626.040,1.4906,0.0241
1626.415,1.4854,0.0240
1626.789,1.5054,0.0242
1627.164,1.4931,0.0244
1627.539,1.5401,0.0241
1627.913,1.5458,0.0239
1628.288,1.5212,0.0236
1628.663,1.5416,0.0240
1629.038,1.5616,0.0242
1629.413,1.5068,0.0243
1629.789,1.5445,0.0249
1630.164,1.5205,0.0244
1630.539,1.5180,0.0239
1630.915,1.5173,0.0239
1631.290,1.4853,0.0242
1631.666,1.5336,0.0244
1632.042,1.5242,0.0249
1632.418,1.4821,0.0252
1632.794,1.4896,0.0249
1633.170,1.5187,0.0246
1633.546,1.5369,0.0247
1633.922,1.5204,0.0244
1634.298,1.5155,0.0239
1634.675,1.4999,0.0240
1635.051,1.5017,0.0239
1635.427,1.5311,0.0241
1635.804,1.5430,0.0240
1636.181,1.5438,0.0240
1636.558,1.5170,0.0238
1636.934,1.5067,0.0237
1637.312,1.5021,0.0238
1637.689,1.4988,0.0238
1638.066,1.4830,0.0238
1638.443,1.5406,0.0242
1638.820,1.5594,0.0241
1639.198,1.5499,0.0237
1639.575,1.4764,0.0237
1639.953,1.4738,0.0236
1640.330,1.5288,0.0236
1640.708,1.4866,0.0234
1641.086,1.4985,0.0235
1641.464,1.5057,0.0234
1641.842,1.5353,0.0235
1642.220,1.4916,0.0234
1642.598,1.4916,0.0231
1642.976,1.5333,0.0234
1643.355,1.4984,0.0237
1643.733,1.5228,0.0239
1644.112,1.5262,0.0236
1644.490,1.4866,0.0237
1644.869,1.4854,0.0234
1645.248,1.4790,0.0237
1645.627,1.4715,0.0236
1646.005,1.4729,0.0233
1646.385,1.4451,0.0232
1646.764,1.4591,0.0231
1647.143,1.4511,0.0229
1647.522,1.4656,0.0232
1647.902,1.5026,0.0235
1648.281,1.4568,0.0231
1648.661,1.4466,0.0230
1649.040,1.4960,0.0229
1649.420,1.4963,0.0230
1649.800,1.4835,0.0231
1650.180,1.5015,0.0233
1650.560,1.4223,0.0234
1650.940,1.4212,0.0235
1651.320,1.4290,0.0235
1651.701,1.4638,0.0234
1652.081,1.4720,0.0231
1652.461,1.4560,0.0230
1652.842,1.4701,0.0235
1653.223,1.4906,0.0235
1653.603,1.4733,0.0236
1653.984,1.4865,0.0232
1654.365,1.4480,0.0236
1654.746,1.4689,0.0238
1655.127,1.4441,0.0236
1655.508,1.4681,0.0230
1655.889,1.4655,0.0232
1656.271,1.4675,0.0235
1656.652,1.4930,0.0235
1657.034,1.4812,0.0235
1657.415,1.4478,0.0235
1657.797,1.4155,0.0238
1658.178,1.5100,0.0241
1658.560,1.4431,0.0240
1658.942,1.4647,0.0237
1659.324,1.4696,0.0240
1659.706,1.5039,0.0240
1660.089,1.4905,0.0234
1660.471,1.4545,0.0235
1660.853,1.5033,0.0233
1661.236,1.4856,0.0231
1661.618,1.4534,0.0233
1662.001,1.4935,0.0239
1662.384,1.4887,0.0234
1662.767,1.4700,0.0236
1663.150,1.4956,0.0233
1663.533,1.4835,0.0231
1663.916,1.4801,0.0232
1664.299,1.4561,0.0222
1664.682,1.4262,0.0219
1665.065,1.4612,0.0230
1665.449,1.4571,0.0229
1665.832,1.4508,0.0222
1666.216,1.4394,0.0217
1666.600,1.4701,0.0215
1666.984,1.4555,0.0222
1667.367,1.4675,0.0230
1667.751,1.4862,0.0233
1668.135,1.5124,0.0232
1668.520,1.4915,0.0229
1668.904,1.4580,0.0232
1669.288,1.4946,0.0237
1669.672,1.5157,0.0237
1670.057,1.4759,0.0234
1670.442,1.4176,0.0234
1670.826,1.4417,0.0233
1671.211,1.4642,0.0230
1671.596,1.4414,0.0231
1671.981,1.4674,0.0230
1672.366,1.4814,0.0230
1672.751,1.4437,0.0231
1673.136,1.4322,0.0231
1673.521,1.4721,0.0229
1673.907,1.4699,0.0227
1674.292,1.4296,0.0229
1674.678,1.4455,0.0235
1675.064,1.4606,0.0233
1675.449,1.4657,0.0229
1675.835,1.4033,0.0227
1676.221,1.4608,0.0228
1676.607,1.4662,0.0232
1676.993,1.4103,0.0229
1677.379,1.4558,0.0229
1677.766,1.4123,0.0226
1678.152,1.4071,0.0230
1678.538,1.4063,0.0233
1678.925,1.4013,0.0230
1679.312,1.4152,0.0230
1679.698,1.4253,0.0230
1680.085,1.3955,0.0230
1680.472,1.3673,0.0229
1680.859,1.3843,0.0224
1681.246,1.4035,0.0228
1681.633,1.4110,0.0229
1682.021,1.3747,0.0231
1682.408,1.3687,0.0229
1682.795,1.3784,0.0221
1683.183,1.4291,0.0222
1683.571,1.4433,0.0225
1683.958,1.3949,0.0227
1684.346,1.3654,0.0227
1684.734,1.3358,0.0227
1685.122,1.3238,0.0229
1685.510,1.3235,0.0229
1685.898,1.3236,0.0228
1686.286,1.3929,0.0228
1686.675,1.3721,0.0223
1687.063,1.3430,0.0222
1687.451,1.4081,0.0231
1687.840,1.3410,0.0232
1688.229,1.3870,0.0235
1688.618,1.3566,0.0224
1689.006,1.3430,0.0221
1689.395,1.3330,0.0218
1689.784,1.3704,0.0217
1690.174,1.3696,0.0219
1690.563,1.3241,0.0219
1690.952,1.2906,0.0217
1691.342,1.3166,0.0218
1691.731,1.3624,0.0219
1692.120,1.3320,0.0220
1692.510,1.3247,0.0221
1692.900,1.3542,0.0220
1693.290,1.3649,0.0222
1693.680,1.3370,0.0219
1694.070,1.3114,0.0220
1694.460,1.3467,0.0224
1694.850,1.3749,0.0227
1695.240,1.3359,0.0225
1695.631,1.3466,0.0221
1696.021,1.3792,0.0219
1696.412,1.3514,0.0218
1696.802,1.3505,0.0218
1697.193,1.3329,0.0215
1697.584,1.3429,0.0215
1697.975,1.3396,0.0216
1698.366,1.3602,0.0218
1698.757,1.3622,0.0215
1699.148,1.3504,0.0215
1699.540,1.3260,0.0213
1699.931,1.3360,0.0214
1700.323,1.3678,0.0222
1700.714,1.3641,0.0224
1701.106,1.3652,0.0219
1701.497,1.3516,0.0222
1701.889,1.3644,0.0220
1702.281,1.3473,0.0219
1702.673,1.3582,0.0216
1703.065,1.3492,0.0218
1703.457,1.3378,0.0221
1703.850,1.3636,0.0222
1704.242,1.3883,0.0219
1704.635,1.3374,0.0217
1705.027,1.3421,0.0218
1705.420,1.3800,0.0215
1705.812,1.3549,0.0214
1706.205,1.3553,0.0217
1706.598,1.3795,0.0217
1706.991,1.3632,0.0218
1707.384,1.3486,0.0217
1707.778,1.3875,0.0217
1708.171,1.3546,0.0218
1708.564,1.3743,0.0218
1708.958,1.3861,0.0217
1709.351,1.3969,0.0215
1709.745,1.3888,0.0217
1710.139,1.3388,0.0216
1710.532,1.3698,0.0219
1710.926,1.4374,0.0223
1711.320,1.3912,0.0219
1711.714,1.3644,0.0219
1712.109,1.3472,0.0220
1712.503,1.3675,0.0218
1712.897,1.3858,0.0219
1713.292,1.3934,0.0220
1713.686,1.4121,0.0217
1714.081,1.3498,0.0213
1714.476,1.3447,0.0217
1714.870,1.4257,0.0218
1715.265,1.3965,0.0215
1715.660,1.3745,0.0215
1716.055,1.3998,0.0215
1716.451,1.3671,0.0213
1716.846,1.3673,0.0214
1717.241,1.3773,0.0215
1717.637,1.3278,0.0213
1718.032,1.3985,0.0218
1718.428,1.3626,0.0216
1718.824,1.3609,0.0214
1719.219,1.3897,0.0214
1719.615,1.3466,0.0215
1720.011,1.4206,0.0218
1720.407,1.4138,0.0215
1720.804,1.3610,0.0211
1721.200,1.3813,0.0212
1721.596,1.4300,0.0217
1721.993,1.4003,0.0219
1722.389,1.3687,0.0216
1722.786,1.3851,0.0215
1723.182,1.4081,0.0213
1723.579,1.4072,0.0215
1723.976,1.3882,0.0220
1724.373,1.4201,0.0215
1724.770,1.4003,0.0213
1725.168,1.4205,0.0214
1725.565,1.3821,0.0214
1725.962,1.3675,0.0214
1726.360,1.3698,0.0216
1726.757,1.3973,0.0216
1727.155,1.3899,0.0211
1727.553,1.3725,0.0210
1727.951,1.4094,0.0216
1728.348,1.4040,0.0215
1728.746,1.3733,0.0210
1729.145,1.3648,0.0208
1729.543,1.3972,0.0208
1729.941,1.4004,0.0210
1730.339,1.3850,0.0213
1730.738,1.4105,0.0211
1731.136,1.4145,0.0210
1731.535,1.3635,0.0209
1731.934,1.3909,0.0206
1732.333,1.3716,0.0208
1732.732,1.3845,0.0209
1733.131,1.3815,0.0210
1733.530,1.3663,0.0209
1733.929,1.3666,0.0205
1734.328,1.3742,0.0202
1734.728,1.3870,0.0202
1735.127,1.3147,0.0200
1735.527,1.3686,0.0204
1735.927,1.3891,0.0207
1736.326,1.3501,0.0205
1736.726,1.3958,0.0206
1737.126,1.3684,0.0206
1737.526,1.3749,0.0205
1737.926,1.4092,0.0204
1738.326,1.3668,0.0204
1738.727,1.4001,0.0211
1739.127,1.4218,0.0211
1739.528,1.3828,0.0209
1739.928,1.4165,0.0206
1740.329,1.4112,0.0212
1740.729,1.3926,0.0214
1741.130,1.3780,0.0208
1741.531,1.3920,0.0210
1741.932,1.3944,0.0214
1742.334,1.3882,0.0213
1742.735,1.3987,0.0209
1743.136,1.3422,0.0208
1743.538,1.4016,0.0204
1743.939,1.4106,0.0204
1744.341,1.4010,0.0206
1744.742,1.4414,0.0210
1745.144,1.3688,0.0207
1745.546,1.3893,0.0208
1745.948,1.3917,0.0205
1746.350,1.3526,0.0205
1746.752,1.3749,0.0203
1747.154,1.3544,0.0204
1747.557,1.3820,0.0200
1747.959,1.3827,0.0201
1748.362,1.3614,0.0201
1748.764,1.3456,0.0202
1749.167,1.3776,0.0208
1749.570,1.3666,0.0209
1749.973,1.3890,0.0206
1750.376,1.3545,0.0204
1750.779,1.3395,0.0205
1751.182,1.3822,0.0211
1751.585,1.3884,0.0211
1751.989,1.3765,0.0208
1752.392,1.3605,0.0207
1752.796,1.3628,0.0208
1753.199,1.3422,0.0208
1753.603,1.3426,0.0205
1754.007,1.3716,0.0207
1754.411,1.3473,0.0204
1754.815,1.3940,0.0206
1755.219,1.3772,0.0205
1755.623,1.3394,0.0207
1756.027,1.3329,0.0207
1756.432,1.3514,0.0203
1756.836,1.3497,0.0202
1757.241,1.3341,0.0203
1757.646,1.3499,0.0202
1758.050,1.3332,0.0204
1758.455,1.3403,0.0207
1758.860,1.3432,0.0204
1759.265,1.3262,0.0203
1759.670,1.3247,0.0203
1760.076,1.3395,0.0202
1760.481,1.3187,0.0206
1760.886,1.3250,0.0208
1761.292,1.3554,0.0205
1761.697,1.3037,0.0201
1762.103,1.3068,0.0202
1762.509,1.2931,0.0200
1762.915,1.2946,0.0200
1763.321,1.2913,0.0201
1763.727,1.2945,0.0203
1764.133,1.3279,0.0203
1764.539,1.3213,0.0200
1764.945,1.2987,0.0198
1765.352,1.3105,0.0196
1765.758,1.3315,0.0195
1766.165,1.2895,0.0195
1766.572,1.3207,0.0198
1766.979,1.3393,0.0201
1767.385,1.3236,0.0198
1767.793,1.3046,0.0198
1768.200,1.3115,0.0199
1768.607,1.3372,0.0199
1769.014,1.3189,0.0196
1769.421,1.3114,0.0193
1769.829,1.3311,0.0196
1770.236,1.2904,0.0200
1770.644,1.2619,0.0197
1771.052,1.3213,0.0199
1771.460,1.2932,0.0197
1771.868,1.3102,0.0197
1772.276,1.3456,0.0196
1772.684,1.3280,0.0194
1773.092,1.3108,0.0194
1773.500,1.2931,0.0195
1773.909,1.3213,0.0200
1774.317,1.3219,0.0198
1774.726,1.3172,0.0194
1775.135,1.3004,0.0195
1775.543,1.3410,0.0197
1775.952,1.3723,0.0200
1776.361,1.3507,0.0200
1776.770,1.3421,0.0198
1777.179,1.3379,0.0198
1777.589,1.3413,0.0200
1777.998,1.3992,0.0199
1778.408,1.3873,0.0202
1778.817,1.3363,0.0199
1779.227,1.3066,0.0199
1779.636,1.3926,0.0209
1780.046,1.4092,0.0218
1780.456,1.3903,0.0221
1780.866,1.3778,0.0210
1781.276,1.3943,0.0207
1781.687,1.3625,0.0204
1782.097,1.3570,0.0198
1782.507,1.3657,0.0199
1782.918,1.3759,0.0203
1783.328,1.3869,0.0205
1783.739,1.3542,0.0203
1784.150,1.3377,0.0197
1784.561,1.3556,0.0196
1784.972,1.4087,0.0201
1785.383,1.3413,0.0200
1785.794,1.3236,0.0198
1786.205,1.3907,0.0200
1786.616,1.3823,0.0199
1787.028,1.3611,0.0198
1787.439,1.3871,0.0201
1787.851,1.3864,0.0201
1788.263,1.3715,0.0201
1788.674,1.3468,0.0198
1789.086,1.3574,0.0198
1789.498,1.3332,0.0198
1789.910,1.3394,0.0198
1790.323,1.3606,0.0198
1790.735,1.3242,0.0199
1791.147,1.3194,0.0199
1791.560,1.3314,0.0195
1791.972,1.2959,0.0194
1792.385,1.3307,0.0196
1792.798,1.2931,0.0194
1793.211,1.2751,0.0192
1793.623,1.2571,0.0194
1794.037,1.2478,0.0193
1794.450,1.2558,0.0190
1794.863,1.2544,0.0192
1795.276,1.2614,0.0193
1795.690,1.2307,0.0188
1796.103,1.2202,0.0189
1796.517,1.2414,0.0193
1796.931,1.2430,0.0191
1797.344,1.2256,0.0190
1797.758,1.2377,0.0192
1798.172,1.2311,0.0191
1798.586,1.2394,0.0192
1799.000,1.2455,0.0195
1799.415,1.2310,0.0190
1799.829,1.2343,0.0191
1800.244,1.2044,0.0190
1800.658,1.2162,0.0191
1801.073,1.1993,0.0188
1801.488,1.1762,0.0187
1801.903,1.2247,0.0187
1802.318,1.2564,0.0185
1802.732,1.2194,0.0183
1803.148,1.2320,0.0183
1803.563,1.1893,0.0185
1803.978,1.2023,0.0186
1804.394,1.2362,0.0186
1804.809,1.2359,0.0185
1805.225,1.1885,0.0187
1805.641,1.2157,0.0188
1806.056,1.2136,0.0188
1806.472,1.1932,0.0190
1806.888,1.2244,0.0193
1807.304,1.2234,0.0193
1807.721,1.2207,0.0193
1808.137,1.2241,0.0195
1808.553,1.2331,0.0193
1808.970,1.2219,0.0193
1809.386,1.2430,0.0193
1809.803,1.2144,0.0190
1810.220,1.2396,0.0189
1810.637,1.2465,0.0188
1811.054,1.2425,0.0188
1811.471,1.2326,0.0187
1811.888,1.2464,0.0189
1812.305,1.2333,0.0190
1812.722,1.2583,0.0192
1813.140,1.2736,0.0190
1813.557,1.2458,0.0191
1813.975,1.2289,0.0192
1814.393,1.2603,0.0195
1814.811,1.2501,0.0196
1815.229,1.2331,0.0189
1815.646,1.2333,0.0191
1816.065,1.2617,0.0193
1816.483,1.2763,0.0191
1816.901,1.2726,0.0191
1817.320,1.2650,0.0190
1817.738,1.2516,0.0190
1818.157,1.2714,0.0189
1818.575,1.2797,0.0189
1818.994,1.2655,0.0190
1819.413,1.2631,0.0188
1819.832,1.2643,0.0187
1820.251,1.2683,0.0187
1820.670,1.2244,0.0189
1821.090,1.2380,0.0186
1821.509,1.2740,0.0184
1821.928,1.2807,0.0186
1822.348,1.2348,0.0187
1822.768,1.2662,0.0190
1823.187,1.2624,0.0189
1823.607,1.2488,0.0188
1824.027,1.2655,0.0188
1824.447,1.2360,0.0186
1824.867,1.2146,0.0187
1825.288,1.2298,0.0188
1825.708,1.2198,0.0184
1826.128,1.2096,0.0184
1826.549,1.2033,0.0184
1826.970,1.2214,0.0186
1827.390,1.2197,0.0185
1827.811,1.2201,0.0184
1828.232,1.1947,0.0182
1828.653,1.1930,0.0184
1829.074,1.1974,0.0185
1829.495,1.2011,0.0182
1829.917,1.1845,0.0181
1830.338,1.1922,0.0181
1830.760,1.1743,0.0181
1831.181,1.1723,0.0181
1831.603,1.1568,0.0180
1832.025,1.1256,0.0180
1832.447,1.1822,0.0182
1832.868,1.2039,0.0181
1833.291,1.1791,0.0183
1833.713,1.1443,0.0184
1834.135,1.1797,0.0183
1834.557,1.1712,0.0182
1834.980,1.1803,0.0182
1835.402,1.1558,0.0182
1835.825,1.1573,0.0180
1836.248,1.1863,0.0180
1836.671,1.1673,0.0183
1837.094,1.1737,0.0182
1837.517,1.1606,0.0185
1837.940,1.1694,0.0184
1838.363,1.1990,0.0184
1838.786,1.2087,0.0182
1839.210,1.2469,0.0184
1839.633,1.1912,0.0186
1840.057,1.2131,0.0185
1840.481,1.2315,0.0185
1840.905,1.2168,0.0183
1841.329,1.2473,0.0183
1841.753,1.2670,0.0181
1842.177,1.2709,0.0183
1842.601,1.2466,0.0182
1843.025,1.2806,0.0185
1843.450,1.2406,0.0183
1843.874,1.2786,0.0183
1844.299,1.2593,0.0184
1844.724,1.2937,0.0185
1845.148,1.2796,0.0189
1845.573,1.3005,0.0191
1845.998,1.3669,0.0191
1846.423,1.3321,0.0186
1846.849,1.2932,0.0186
1847.274,1.2965,0.0187
1847.699,1.2965,0.0190
1848.125,1.3410,0.0190
1848.551,1.3459,0.0187
1848.976,1.3556,0.0187
1849.402,1.3649,0.0190
1849.828,1.3816,0.0190
1850.254,1.3742,0.0189
1850.680,1.3882,0.0189
1851.106,1.3987,0.0188
1851.532,1.3968,0.0188
1851.959,1.4167,0.0190
1852.385,1.4258,0.0187
1852.812,1.4289,0.0188
1853.238,1.4457,0.0191
1853.665,1.4494,0.0195
1854.092,1.4547,0.0194
1854.519,1.4383,0.0191
1854.946,1.4480,0.0190
1855.373,1.4204,0.0188
1855.801,1.3977,0.0190
1856.228,1.4180,0.0190
1856.655,1.4425,0.0190
1857.083,1.4604,0.0191
1857.511,1.4266,0.0190
1857.938,1.4385,0.0191
1858.366,1.4699,0.0194
1858.794,1.4566,0.0190
1859.222,1.4640,0.0192
1859.650,1.4685,0.0191
1860.078,1.4416,0.0188
1860.507,1.5097,0.0191
1860.935,1.5232,0.0193
1861.364,1.4289,0.0192
1861.793,1.4627,0.0191
1862.221,1.4975,0.0187
1862.650,1.4857,0.0187
1863.079,1.4696,0.0190
1863.508,1.4728,0.0191
1863.937,1.4770,0.0188
1864.366,1.4792,0.0187
1864.796,1.5010,0.0186
1865.225,1.4794,0.0184
1865.655,1.4415,0.0182
1866.085,1.4441,0.0183
1866.514,1.4759,0.0187
1866.944,1.4591,0.0188
1867.374,1.4621,0.0187
1867.804,1.4697,0.0187
1868.234,1.4518,0.0187
1868.664,1.4954,0.0188
1869.095,1.4748,0.0186
1869.525,1.4905,0.0188
1869.956,1.4926,0.0189
1870.386,1.4585,0.0189
1870.817,1.4770,0.0190
1871.248,1.4822,0.0188
1871.679,1.4529,0.0185
1872.110,1.4676,0.0184
1872.541,1.4909,0.0185
1872.972,1.4724,0.0185
1873.403,1.4286,0.0183
1873.835,1.4574,0.0184
1874.266,1.4647,0.0187
1874.698,1.4808,0.0189
1875.130,1.4791,0.0189
1875.562,1.4894,0.0187
1875.993,1.4507,0.0186
1876.425,1.4783,0.0187
1876.857,1.5143,0.0190
1877.290,1.5079,0.0187
1877.722,1.4958,0.0188
1878.155,1.5206,0.0189
1878.587,1.5209,0.0188
1879.020,1.5181,0.0189
1879.452,1.5167,0.0186
1879.885,1.5468,0.0188
1880.318,1.5156,0.0189
1880.751,1.5204,0.0190
1881.184,1.5319,0.0193
1881.617,1.5721,0.0192
1882.051,1.5451,0.0190
1882.484,1.5547,0.0190
1882.917,1.6011,0.0192
1883.351,1.5911,0.0195
1883.785,1.5974,0.0198
1884.219,1.6224,0.0200
1884.653,1.6228,0.0197
1885.086,1.5912,0.0191
1885.521,1.5846,0.0189
1885.955,1.5888,0.0192
1886.389,1.6332,0.0191
1886.824,1.6177,0.0191
1887.258,1.6137,0.0191
1887.693,1.6410,0.0191
1888.127,1.6369,0.0196
1888.562,1.6215,0.0197
1888.997,1.6257,0.0192
1889.432,1.6569,0.0192
1889.867,1.6653,0.0192
1890.302,1.6294,0.0192
1890.738,1.6780,0.0194
1891.173,1.6837,0.0195
1891.609,1.6932,0.0195
1892.044,1.7207,0.0194
1892.480,1.6999,0.0195
1892.916,1.7132,0.0194
1893.352,1.7106,0.0196
1893.788,1.7293,0.0199
1894.224,1.7196,0.0198
1894.660,1.7257,0.0198
1895.096,1.7735,0.0198
1895.533,1.7139,0.0195
1895.969,1.7306,0.0197
1896.406,1.7759,0.0197
1896.843,1.7294,0.0198
1897.280,1.7468,0.0199
1897.716,1.7520,0.0196
1898.153,1.7492,0.0196
1898.590,1.7773,0.0198
1899.028,1.7390,0.0199
1899.465,1.7844,0.0203
1899.902,1.7777,0.0202
1900.340,1.7321,0.0198
1900.778,1.7551,0.0194
1901.215,1.7632,0.0192
1901.653,1.7657,0.0194
1902.091,1.8005,0.0196
1902.529,1.7816,0.0193
1902.967,1.7459,0.0195
1903.406,1.7615,0.0195
1903.844,1.7633,0.0196
1904.282,1.7679,0.0195
1904.721,1.7576,0.0196
1905.159,1.7563,0.0194
1905.598,1.7850,0.0195
1906.037,1.7960,0.0196
1906.476,1.7601,0.0200
1906.915,1.7600,0.0196
1907.354,1.7821,0.0194
1907.793,1.7711,0.0194
1908.233,1.8034,0.0197
1908.672,1.7387,0.0197
1909.112,1.7449,0.0193
1909.551,1.7377,0.0188
1909.991,1.7627,0.0188
1910.431,1.7272,0.0188
1910.871,1.7460,0.0190
1911.311,1.7418,0.0190
1911.751,1.7149,0.0187
1912.191,1.6882,0.0188
1912.631,1.7140,0.0190
1913.072,1.7026,0.0190
1913.512,1.6902,0.0186
1913.953,1.6830,0.0186
1914.394,1.6510,0.0189
1914.835,1.6450,0.0191
1915.276,1.6825,0.0190
1915.717,1.6513,0.0187
1916.158,1.6485,0.0185
1916.599,1.6716,0.0183
1917.041,1.6631,0.0185
1917.482,1.6722,0.0186
1917.924,1.6636,0.0187
1918.365,1.6384,0.0182
1918.807,1.6499,0.0182
1919.249,1.6536,0.0185
1919.691,1.6239,0.0184
1920.133,1.5934,0.0183
1920.575,1.5994,0.0182
1921.017,1.5938,0.0180
1921.460,1.5967,0.0178
1921.902,1.5734,0.0179
1922.345,1.5585,0.0177
1922.788,1.6041,0.0185
1923.230,1.5541,0.0183
1923.673,1.5188,0.0182
1924.116,1.5525,0.0179
1924.559,1.5345,0.0178
1925.002,1.4986,0.0177
1925.446,1.5064,0.0177
1925.889,1.5226,0.0178
1926.333,1.5136,0.0176
1926.776,1.4794,0.0175
1927.220,1.5003,0.0175
1927.664,1.4927,0.0173
1928.108,1.4705,0.0173
1928.552,1.5050,0.0175
1928.996,1.4927,0.0174
1929.440,1.4794,0.0173
1929.884,1.4545,0.0174
1930.329,1.4808,0.0176
1930.773,1.4716,0.0177
1931.218,1.4697,0.0178
1931.663,1.4666,0.0178
1932.108,1.4358,0.0176
1932.552,1.4616,0.0174
1932.997,1.4451,0.0173
1933.443,1.4310,0.0172
1933.888,1.4281,0.0172
1934.333,1.4128,0.0175
1934.779,1.4033,0.0174
1935.224,1.4107,0.0169
1935.670,1.4205,0.0168
1936.116,1.3879,0.0167
1936.562,1.4032,0.0168
1937.007,1.4054,0.0168
1937.453,1.3888,0.0168
1937.900,1.3873,0.0167
1938.346,1.3587,0.0168
1938.792,1.3678,0.0170
1939.239,1.3727,0.0167
1939.686,1.3381,0.0166
1940.132,1.3597,0.0166
1940.579,1.3529,0.0169
1941.026,1.3538,0.0172
1941.473,1.3503,0.0169
1941.920,1.3542,0.0166
1942.367,1.3481,0.0166
1942.814,1.3565,0.0167
1943.262,1.3190,0.0165
1943.709,1.3578,0.0166
1944.157,1.3249,0.0165
1944.604,1.3538,0.0164
1945.052,1.3405,0.0163
1945.500,1.3091,0.0164
1945.948,1.3151,0.0168
1946.396,1.3295,0.0172
1946.844,1.3420,0.0171
1947.293,1.3473,0.0170
1947.741,1.3332,0.0169
1948.190,1.3214,0.0169
1948.638,1.3104,0.0170
1949.087,1.3196,0.0171
1949.536,1.3267,0.0171
1949.985,1.3100,0.0172
1950.434,1.2841,0.0170
1950.883,1.3007,0.0169
1951.333,1.2911,0.0168
1951.782,1.2742,0.0166
1952.231,1.2988,0.0166
1952.681,1.2981,0.0169
1953.130,1.2834,0.0169
1953.580,1.2917,0.0169
1954.030,1.2799,0.0168
1954.480,1.2791,0.0168
1954.930,1.2798,0.0168
1955.381,1.2798,0.0165
1955.831,1.2491,0.0164
1956.281,1.2868,0.0165
1956.732,1.2731,0.0164
1957.182,1.2303,0.0161
1957.633,1.2783,0.0165
1958.084,1.2918,0.0167
1958.535,1.2548,0.0167
1958.986,1.2473,0.0167
1959.437,1.2503,0.0165
1959.888,1.2578,0.0163
1960.339,1.2400,0.0165
1960.791,1.2501,0.0166
1961.242,1.2557,0.0168
1961.694,1.2782,0.0166
1962.146,1.2410,0.0165
1962.598,1.2198,0.0164
1963.050,1.2444,0.0163
1963.502,1.2467,0.0162
1963.954,1.2509,0.0165
1964.406,1.2253,0.0166
1964.859,1.2202,0.0165
1965.311,1.2370,0.0164
1965.764,1.2202,0.0163
1966.216,1.2307,0.0165
1966.669,1.2485,0.0163
1967.122,1.2081,0.0161
1967.575,1.2109,0.0162
1968.028,1.2174,0.0161
1968.481,1.2516,0.0161
1968.935,1.2360,0.0162
1969.388,1.1867,0.0163
1969.842,1.2077,0.0163
1970.295,1.2238,0.0159
1970.749,1.2215,0.0158
1971.203,1.1930,0.0158
1971.657,1.1849,0.0157
1972.111,1.1971,0.0159
1972.565,1.2004,0.0160
1973.019,1.1987,0.0159
1973.474,1.1849,0.0158
1973.928,1.1990,0.0158
1974.383,1.1881,0.0157
1974.837,1.2104,0.0157
1975.292,1.2033,0.0159
1975.747,1.2239,0.0163
1976.202,1.2215,0.0161
1976.657,1.2152,0.0158
1977.112,1.2234,0.0156
1977.568,1.2241,0.0156
1978.023,1.1917,0.0159
1978.478,1.2075,0.0161
1978.934,1.2089,0.0161
1979.390,1.2245,0.0161
1979.845,1.1987,0.0163
1980.302,1.1899,0.0165
1980.757,1.2309,0.0166
1981.214,1.2189,0.0164
1981.670,1.1919,0.0161
1982.126,1.2320,0.0159
1982.583,1.2255,0.0157
1983.039,1.1988,0.0159
1983.496,1.1905,0.0159
1983.952,1.1996,0.0160
1984.410,1.2027,0.0159
1984.866,1.2443,0.0157
1985.323,1.1853,0.0154
1985.781,1.1682,0.0155
1986.238,1.1939,0.0155
1986.695,1.2119,0.0155
1987.153,1.2356,0.0157
1987.610,1.2111,0.0156
1988.068,1.2321,0.0155
1988.526,1.2382,0.0160
1988.984,1.2448,0.0161
1989.442,1.1953,0.0162
1989.900,1.2287,0.0165
1990.358,1.2377,0.0163
1990.817,1.1941,0.0158
1991.275,1.1986,0.0159
1991.734,1.1964,0.0161
1992.192,1.1894,0.0161
1992.651,1.2151,0.0162
1993.110,1.2253,0.0159
1993.569,1.2209,0.0155
1994.028,1.2270,0.0155
1994.488,1.2156,0.0156
1994.947,1.2058,0.0156
1995.406,1.2249,0.0157
1995.866,1.2104,0.0156
1996.325,1.2137,0.0157
1996.785,1.2385,0.0158
1997.245,1.1853,0.0157
1997.705,1.1763,0.0156
1998.165,1.1840,0.0154
1998.625,1.2190,0.0155
1999.085,1.1931,0.0155
1999.546,1.2043,0.0156
2000.006,1.1836,0.0156
2000.467,1.2034,0.0160
2000.927,1.2017,0.0161
2001.388,1.2002,0.0157
2001.849,1.2258,0.0156
2002.310,1.2197,0.0156
2002.771,1.2001,0.0156
2003.232,1.2058,0.0156
2003.693,1.2087,0.0158
2004.155,1.2094,0.0159
2004.616,1.1937,0.0155
2005.078,1.1888,0.0155
2005.540,1.2196,0.0158
2006.002,1.2214,0.0160
2006.464,1.2170,0.0162
2006.926,1.1998,0.0161
2007.388,1.2028,0.0160
2007.850,1.2239,0.0159
2008.312,1.1937,0.0155
2008.775,1.1933,0.0155
2009.238,1.2080,0.0155
2009.700,1.1782,0.0156
2010.163,1.1757,0.0154
2010.626,1.1971,0.0155
2011.089,1.1990,0.0156
2011.552,1.2122,0.0158
2012.015,1.2009,0.0159
2012.479,1.2002,0.0158
2012.942,1.2036,0.0155
2013.406,1.2132,0.0159
2013.869,1.2134,0.0162
2014.333,1.1954,0.0164
2014.797,1.2003,0.0162
2015.261,1.1835,0.0158
2015.725,1.1647,0.0156
2016.189,1.1895,0.0159
2016.653,1.1995,0.0159
2017.118,1.1874,0.0160
2017.582,1.2006,0.0157
2018.047,1.2187,0.0153
2018.512,1.2207,0.0154
2018.977,1.2246,0.0157
2019.442,1.2116,0.0158
2019.907,1.2042,0.0156
2020.372,1.1864,0.0155
2020.837,1.2026,0.0157
2021.302,1.2062,0.0157
2021.768,1.1931,0.0157
2022.233,1.2138,0.0159
2022.699,1.1744,0.0161
2023.165,1.2072,0.0165
2023.631,1.2333,0.0161
2024.097,1.2099,0.0155
2024.563,1.1961,0.0156
2025.029,1.1830,0.0158
2025.496,1.1971,0.0156
2025.962,1.1810,0.0153
2026.429,1.1800,0.0154
2026.895,1.1889,0.0152
2027.362,1.1910,0.0152
2027.829,1.2000,0.0156
2028.296,1.2168,0.0156
2028.763,1.2091,0.0155
2029.230,1.1835,0.0155
2029.697,1.1875,0.0156
2030.165,1.1922,0.0160
2030.632,1.1733,0.0158
2031.100,1.1940,0.0157
2031.568,1.2053,0.0156
2032.036,1.2137,0.0157
2032.504,1.2086,0.0159
2032.971,1.1886,0.0160
2033.440,1.1914,0.0159
2033.908,1.2094,0.0157
2034.376,1.2242,0.0155
2034.845,1.2088,0.0155
2035.313,1.1799,0.0153
2035.782,1.1759,0.0151
2036.251,1.1955,0.0150
2036.720,1.1817,0.0150
2037.189,1.1839,0.0151
2037.658,1.1854,0.0151
2038.127,1.1674,0.0152
2038.597,1.1899,0.0155
2039.066,1.2175,0.0153
2039.536,1.2073,0.0153
2040.005,1.2040,0.0154
2040.475,1.1937,0.0153
2040.945,1.2137,0.0153
2041.415,1.2166,0.0151
2041.885,1.1831,0.0151
2042.355,1.1947,0.0154
2042.826,1.1883,0.0155
2043.296,1.2110,0.0154
2043.767,1.2173,0.0155
2044.237,1.1885,0.0156
2044.708,1.1824,0.0152
2045.179,1.2065,0.0156
2045.650,1.2079,0.0157
2046.121,1.1904,0.0154
2046.592,1.2056,0.0155
2047.063,1.1717,0.0153
2047.535,1.2171,0.0155
2048.006,1.2066,0.0156
2048.478,1.2041,0.0156
2048.949,1.2112,0.0155
2049.422,1.2115,0.0157
2049.894,1.2016,0.0158
2050.365,1.1965,0.0157
2050.838,1.2129,0.0153
2051.310,1.2283,0.0155
2051.782,1.2284,0.0152
2052.255,1.2052,0.0151
2052.727,1.2237,0.0152
2053.200,1.2201,0.0156
2053.673,1.2241,0.0157
2054.146,1.2044,0.0152
2054.619,1.2013,0.0150
2055.092,1.2103,0.0150
2055.565,1.1885,0.0149
2056.039,1.2348,0.0151
2056.512,1.2369,0.0151
2056.986,1.2315,0.0157
2057.459,1.2355,0.0151
2057.933,1.1857,0.0147
2058.407,1.2009,0.0150
2058.881,1.2299,0.0151
2059.355,1.2138,0.0150
2059.830,1.2306,0.0152
2060.304,1.2418,0.0152
2060.779,1.2264,0.0153
2061.253,1.1984,0.0151
2061.728,1.2404,0.0149
2062.203,1.2305,0.0147
2062.677,1.2331,0.0148
2063.152,1.2539,0.0150
2063.627,1.2572,0.0151
2064.103,1.2622,0.0153
2064.578,1.2631,0.0150
2065.053,1.2604,0.0148
2065.529,1.2480,0.0148
2066.005,1.2399,0.0149
2066.480,1.2576,0.0149
2066.956,1.2660,0.0147
2067.432,1.2596,0.0146
2067.908,1.2325,0.0146
2068.385,1.2476,0.0147
2068.861,1.2693,0.0148
2069.337,1.2820,0.0149
2069.814,1.2533,0.0147
2070.291,1.2261,0.0146
2070.767,1.2501,0.0145
2071.244,1.2240,0.0144
2071.721,1.2164,0.0147
2072.198,1.2651,0.0153
2072.676,1.2770,0.0157
2073.153,1.2971,0.0156
2073.630,1.2737,0.0154
2074.108,1.2876,0.0158
2074.585,1.2799,0.0158
2075.063,1.2782,0.0160
2075.541,1.3168,0.0160
2076.019,1.2782,0.0153
2076.497,1.2772,0.0150
2076.975,1.2451,0.0150
2077.453,1.2339,0.0149
2077.932,1.2448,0.0148
2078.410,1.2572,0.0148
2078.889,1.2556,0.0149
2079.368,1.2381,0.0149
2079.847,1.2460,0.0150
2080.325,1.2594,0.0150
2080.804,1.2315,0.0147
2081.284,1.2216,0.0146
2081.763,1.2610,0.0149
2082.242,1.2645,0.0150
2082.722,1.2531,0.0150
2083.202,1.2322,0.0148
2083.681,1.2250,0.0148
2084.161,1.1922,0.0147
2084.641,1.2340,0.0145
2085.121,1.2342,0.0146
2085.602,1.2169,0.0149
2086.082,1.2064,0.0150
2086.562,1.2032,0.0151
2087.042,1.2013,0.0149
2087.523,1.2077,0.0146
2088.004,1.2139,0.0146
2088.485,1.2462,0.0147
2088.966,1.2342,0.0149
2089.447,1.2395,0.0148
2089.928,1.2310,0.0147
2090.409,1.2169,0.0148
2090.891,1.2176,0.0148
2091.372,1.2154,0.0147
2091.854,1.2093,0.0146
2092.335,1.1971,0.0147
2092.817,1.1899,0.0148
2093.299,1.1963,0.0147
2093.781,1.1687,0.0146
2094.263,1.1769,0.0148
2094.746,1.1771,0.0149
2095.228,1.1923,0.0147
2095.710,1.1876,0.0145
2096.193,1.1650,0.0144
2096.676,1.1659,0.0145
2097.159,1.1900,0.0147
2097.642,1.1738,0.0148
2098.125,1.1781,0.0150
2098.608,1.1927,0.0150
2099.091,1.1962,0.0148
2099.574,1.1819,0.0148
2100.058,1.1814,0.0148
2100.542,1.1681,0.0147
2101.025,1.1760,0.0146
2101.509,1.1854,0.0149
2101.993,1.1719,0.0148
2102.477,1.1733,0.0147
2102.961,1.1870,0.0149
2103.446,1.1641,0.0146
2103.930,1.1610,0.0144
2104.415,1.1767,0.0145
2104.899,1.1614,0.0147
2105.384,1.1702,0.0149
2105.869,1.1783,0.0149
2106.354,1.1889,0.0146
2106.839,1.1824,0.0146
2107.324,1.1474,0.0147
2107.809,1.1541,0.0149
2108.294,1.1640,0.0151
2108.780,1.1645,0.0152
2109.266,1.1650,0.0152
2109.751,1.1480,0.0153
2110.237,1.1376,0.0150
2110.723,1.1469,0.0147
2111.209,1.1865,0.0151
2111.696,1.1583,0.0150
2112.182,1.1374,0.0149
2112.668,1.1676,0.0149
2113.155,1.1236,0.0145
2113.641,1.1101,0.0146
2114.128,1.1235,0.0147
2114.615,1.1382,0.0146
2115.102,1.1300,0.0146
2115.589,1.1375,0.0147
2116.076,1.1494,0.0146
2116.563,1.1601,0.0144
2117.051,1.1462,0.0143
2117.539,1.1310,0.0144
2118.026,1.1290,0.0149
2118.514,1.1246,0.0159
2119.002,1.1130,0.0159
2119.490,1.1298,0.0153
2119.978,1.1709,0.0148
2120.466,1.1396,0.0151
2120.954,1.0934,0.0151
2121.443,1.0922,0.0149
2121.931,1.1204,0.0146
2122.420,1.1137,0.0144
2122.908,1.1142,0.0144
2123.397,1.1140,0.0147
2123.886,1.0963,0.0149
2124.375,1.0919,0.0149
2124.865,1.0926,0.0147
2125.354,1.1133,0.0145
2125.844,1.1027,0.0145
2126.333,1.1130,0.0148
2126.823,1.1170,0.0148
2127.312,1.1211,0.0148
2127.802,1.1108,0.0147
2128.292,1.1007,0.0147
2128.782,1.1049,0.0146
2129.273,1.1400,0.0152
2129.763,1.1412,0.0156
2130.253,1.1077,0.0157
2130.744,1.1162,0.0153
2131.235,1.1072,0.0145
2131.726,1.1136,0.0145
2132.217,1.0875,0.0146
2132.708,1.1083,0.0147
2133.198,1.1353,0.0150
2133.690,1.1069,0.0149
2134.181,1.1170,0.0148
2134.673,1.1235,0.0146
2135.164,1.1065,0.0144
2135.656,1.1063,0.0146
2136.148,1.1258,0.0151
2136.640,1.1205,0.0152
2137.132,1.1034,0.0154
2137.624,1.1218,0.0148
2138.116,1.0948,0.0143
2138.609,1.0963,0.0140
2139.101,1.1204,0.0149
2139.594,1.1059,0.0151
2140.086,1.0875,0.0149
2140.579,1.1109,0.0144
2141.072,1.1331,0.0146
2141.565,1.1300,0.0149
2142.058,1.0978,0.0149
2142.552,1.0841,0.0146
2143.045,1.1067,0.0146
2143.539,1.1186,0.0150
2144.032,1.1248,0.0155
2144.526,1.1588,0.0158
2145.020,1.1195,0.0155
2145.514,1.0898,0.0149
2146.008,1.0813,0.0149
2146.502,1.0923,0.0150
2146.996,1.0848,0.0146
2147.491,1.0622,0.0144
2147.985,1.0961,0.0143
2148.480,1.0961,0.0142
2148.975,1.0988,0.0141
2149.469,1.0796,0.0139
2149.964,1.1001,0.0141
2150.459,1.1344,0.0145
2150.955,1.1017,0.0147
2151.450,1.0846,0.0146
2151.946,1.1020,0.0146
2152.441,1.1455,0.0146
2152.937,1.1127,0.0147
2153.433,1.1080,0.0148
2153.928,1.0683,0.0148
2154.425,1.0382,0.0146
2154.921,1.0712,0.0142
2155.417,1.1019,0.0142
2155.913,1.0971,0.0144
2156.410,1.0919,0.0144
2156.906,1.0919,0.0143
2157.403,1.0869,0.0142
2157.900,1.1049,0.0144
2158.397,1.1403,0.0146
2158.894,1.1203,0.0146
2159.391,1.1084,0.0146
2159.888,1.1271,0.0148
2160.386,1.1109,0.0144
2160.883,1.0861,0.0142
2161.381,1.1183,0.0142
2161.879,1.1317,0.0143
2162.376,1.1013,0.0141
2162.874,1.0601,0.0141
2163.372,1.0915,0.0142
2163.871,1.0875,0.0143
2164.369,1.0796,0.0142
2164.867,1.0801,0.0141
2165.366,1.0777,0.0140
2165.865,1.0963,0.0142
2166.363,1.0982,0.0143
2166.862,1.0823,0.0141
2167.361,1.0640,0.0138
2167.860,1.0793,0.0138
2168.359,1.0705,0.0140
2168.859,1.0586,0.0140
2169.358,1.0898,0.0143
2169.858,1.1041,0.0145
2170.357,1.0754,0.0140
2170.857,1.0653,0.0139
2171.357,1.1032,0.0140
2171.857,1.1182,0.0140
2172.357,1.0813,0.0141
2172.858,1.0982,0.0142
2173.358,1.1059,0.0142
2173.859,1.0966,0.0142
2174.359,1.1031,0.0140
2174.860,1.0854,0.0137
2175.361,1.0751,0.0136
2175.862,1.0743,0.0136
2176.363,1.0888,0.0137
2176.864,1.1030,0.0139
2177.365,1.0954,0.0140
2177.867,1.1018,0.0141
2178.368,1.1027,0.0142
2178.870,1.0740,0.0140
2179.372,1.0637,0.0140
2179.874,1.0935,0.0143
2180.375,1.0783,0.0145
2180.877,1.0554,0.0144
2181.380,1.0624,0.0143
2181.882,1.0514,0.0142
2182.385,1.0456,0.0139
2182.887,1.0810,0.0140
2183.390,1.0688,0.0140
2183.893,1.0492,0.0137
2184.396,1.0716,0.0135
2184.899,1.0593,0.0136
2185.402,1.0606,0.0136
2185.905,1.0303,0.0137
2186.408,1.0429,0.0136
2186.912,1.0551,0.0134
2187.416,1.0510,0.0136
2187.919,1.0682,0.0136
2188.423,1.0387,0.0136
2188.927,1.0563,0.0139
2189.431,1.0839,0.0140
2189.935,1.0905,0.0139
2190.440,1.0819,0.0141
2190.944,1.0572,0.0141
2191.448,1.0456,0.0139
2191.953,1.0360,0.0137
2192.458,1.0478,0.0137
2192.963,1.0362,0.0139
2193.468,1.0439,0.0139
2193.973,1.0368,0.0138
2194.478,1.0315,0.0138
2194.984,1.0567,0.0139
2195.489,1.0348,0.0138
2195.995,1.0288,0.0137
2196.500,1.0434,0.0136
2197.006,1.0307,0.0135
2197.512,1.0359,0.0136
2198.018,1.0299,0.0138
2198.524,1.0452,0.0137
2199.031,1.0566,0.0136
2199.537,1.0527,0.0139
2200.044,1.0335,0.0138
2200.550,1.0414,0.0136
2201.057,1.0447,0.0138
2201.564,1.0354,0.0137
2202.071,1.0354,0.0138
2202.578,1.0358,0.0138
2203.085,1.0300,0.0139
2203.593,1.0336,0.0140
2204.100,1.0400,0.0141
2204.607,1.0230,0.0139
2205.115,1.0009,0.0138
2205.623,1.0236,0.0138
2206.131,1.0080,0.0138
2206.639,1.0317,0.0141
2207.147,1.0626,0.0143
2207.655,1.0593,0.0144
2208.164,1.0453,0.0143
2208.672,1.0327,0.0142
2209.181,1.0458,0.0139
2209.690,1.0591,0.0138
2210.198,1.0440,0.0137
2210.708,1.0364,0.0139
2211.217,1.0551,0.0141
2211.726,1.0537,0.0144
2212.235,1.0246,0.0142
2212.745,1.0361,0.0141
2213.254,1.0433,0.0144
2213.764,1.0384,0.0145
2214.273,1.0286,0.0144
2214.784,1.0133,0.0140
2215.294,1.0416,0.0142
2215.804,1.0566,0.0146
2216.314,1.0490,0.0145
2216.824,1.0469,0.0143
2217.335,1.0393,0.0142
2217.845,1.0704,0.0144
2218.356,1.0500,0.0145
2218.867,1.0693,0.0140
2219.378,1.0631,0.0140
2219.889,1.0530,0.0142
2220.400,1.0562,0.0143
2220.912,1.0476,0.0143
2221.423,1.0456,0.0142
2221.935,1.0612,0.0140
2222.447,1.0643,0.0139
2222.958,1.0547,0.0140
2223.470,1.0768,0.0141
2223.982,1.0421,0.0139
2224.494,1.0382,0.0140
2225.007,1.0610,0.0143
2225.519,1.0954,0.0149
2226.031,1.0803,0.0152
2226.544,1.0778,0.0153
2227.057,1.0949,0.0155
2227.570,1.0876,0.0153
2228.083,1.0511,0.0155
2228.596,1.1154,0.0157
2229.109,1.0939,0.0153
2229.622,1.0249,0.0144
2230.136,1.0532,0.0143
2230.649,1.0625,0.0148
2231.163,1.0283,0.0147
2231.677,1.0202,0.0142
2232.191,1.0225,0.0141
2232.705,1.0453,0.0143
2233.219,1.0466,0.0145
2233.733,1.0014,0.0143
2234.248,1.0186,0.0146
2234.762,1.0171,0.0145
2235.277,1.0024,0.0147
2235.792,1.0222,0.0148
2236.306,0.9859,0.0148
2236.821,1.0109,0.0155
2237.336,1.0402,0.0162
2237.852,1.0364,0.0161
2238.367,1.0620,0.0156
2238.882,1.0513,0.0153
2239.398,1.0096,0.0151
2239.914,1.0339,0.0154
2240.429,1.0047,0.0152
2240.945,1.0258,0.0147
2241.461,1.0193,0.0144
2241.978,0.9987,0.0145
2242.494,1.0152,0.0146
2243.010,1.0110,0.0144
2243.527,1.0095,0.0144
2244.043,1.0383,0.0143
2244.560,1.0304,0.0146
2245.077,1.0062,0.0148
2245.594,1.0327,0.0158
2246.111,1.0431,0.0165
2246.629,1.0175,0.0161
2247.146,1.0209,0.0152
2247.663,1.0232,0.0152
2248.181,0.9994,0.0152
2248.699,0.9941,0.0151
2249.217,1.0183,0.0153
2249.735,1.0527,0.0156
2250.253,1.0654,0.0155
2250.771,1.0284,0.0150
2251.289,1.0075,0.0145
2251.808,1.0141,0.0145
2252.326,1.0165,0.0144
2252.845,1.0302,0.0144
2253.364,1.0421,0.0146
2253.883,1.0188,0.0150
2254.402,1.0034,0.0148
2254.921,1.0207,0.0142
2255.440,1.0133,0.0143
2255.959,1.0199,0.0142
2256.479,1.0386,0.0146
2256.999,1.0600,0.0153
2257.518,1.0462,0.0153
2258.038,1.0396,0.0152
2258.558,1.0132,0.0148
2259.078,0.9806,0.0147
2259.599,1.0117,0.0144
2260.119,1.0299,0.0145
2260.639,1.0145,0.0143
2261.160,1.0357,0.0142
2261.681,1.0482,0.0143
2262.201,1.0641,0.0150
2262.722,1.0525,0.0152
2263.243,1.0594,0.0149
2263.765,1.0290,0.0141
2264.286,1.0202,0.0137
2264.807,1.0489,0.0145
2265.329,1.0486,0.0159
2265.851,1.0432,0.0159
2266.373,1.0352,0.0155
2266.895,1.0056,0.0146
2267.417,0.9694,0.0143
2267.939,1.0194,0.0142
2268.461,1.0304,0.0140
2268.983,1.0146,0.0139
2269.506,1.0576,0.0142
2270.028,1.0594,0.0143
2270.551,1.0436,0.0141
2271.074,1.0398,0.0139
2271.597,1.0202,0.0139
2272.120,1.0448,0.0142
2272.643,1.0872,0.0143
2273.167,1.0779,0.0143
2273.690,1.0613,0.0140
2274.214,1.0299,0.0141
2274.738,1.0252,0.0150
2275.261,1.0549,0.0155
2275.785,1.0670,0.0152
2276.309,1.0674,0.0143
2276.833,1.0615,0.0139
2277.358,1.0629,0.0138
2277.882,1.0352,0.0139
2278.407,1.0374,0.0143
2278.931,1.0651,0.0144
2279.456,1.0667,0.0140
2279.981,1.0615,0.0138
2280.506,1.0402,0.0138
2281.031,1.0405,0.0139
2281.557,1.0478,0.0142
2282.082,1.0524,0.0142
2282.608,1.0447,0.0142
2283.133,1.0894,0.0140
2283.659,1.0660,0.0141
2284.185,1.0664,0.0144
2284.711,1.0444,0.0143
2285.237,1.0195,0.0143
2285.763,1.0578,0.0145
2286.290,1.0743,0.0145
2286.816,1.0956,0.0144
2287.343,1.0518,0.0140
2287.870,1.0455,0.0138
2288.396,1.0728,0.0137
2288.924,1.0724,0.0139
2289.451,1.0487,0.0138
2289.978,1.0682,0.0137
2290.505,1.0741,0.0136
2291.033,1.0648,0.0138
2291.560,1.0793,0.0139
2292.088,1.0654,0.0138
2292.616,1.0445,0.0136
2293.144,1.0686,0.0140
2293.672,1.0727,0.0145
2294.200,1.0694,0.0143
2294.728,1.0617,0.0139
2295.257,1.0680,0.0139
2295.785,1.0690,0.0144
2296.314,1.0564,0.0144
2296.843,1.0759,0.0142
2297.372,1.0985,0.0142
2297.901,1.0752,0.0141
2298.430,1.0720,0.0141
2298.959,1.1034,0.0141
2299.489,1.1096,0.0141
2300.018,1.0888,0.0140
2300.548,1.0887,0.0139
2301.078,1.0919,0.0141
2301.608,1.0721,0.0139
2302.137,1.0667,0.0138
2302.668,1.1300,0.0139
2303.198,1.1220,0.0139
2303.729,1.0733,0.0139
2304.259,1.0938,0.0140
2304.790,1.1026,0.0139
2305.320,1.0946,0.0139
2305.851,1.1236,0.0139
2306.382,1.1357,0.0145
2306.913,1.1091,0.0146
2307.445,1.0699,0.0139
2307.976,1.0864,0.0140
2308.508,1.0766,0.0143
2309.039,1.0875,0.0145
2309.571,1.0684,0.0146
2310.103,1.0877,0.0146
2310.635,1.0813,0.0145
2311.167,1.0988,0.0142
2311.699,1.1143,0.0141
2312.231,1.0844,0.0139
2312.764,1.0828,0.0141
2313.296,1.0858,0.0143
2313.829,1.0613,0.0142
2314.362,1.0879,0.0144
2314.895,1.1123,0.0143
2315.428,1.1073,0.0139
2315.961,1.0975,0.0139
2316.495,1.1024,0.0138
2317.028,1.0965,0.0137
2317.562,1.0925,0.0139
2318.095,1.1148,0.0140
2318.629,1.1085,0.0141
2319.163,1.0850,0.0140
2319.697,1.0961,0.0140
2320.231,1.1001,0.0142
2320.766,1.0712,0.0141
2321.300,1.0881,0.0143
2321.834,1.0849,0.0144
2322.369,1.0844,0.0143
2322.904,1.0949,0.0146
2323.439,1.1014,0.0148
2323.974,1.1191,0.0145
2324.509,1.1162,0.0142
2325.044,1.1290,0.0143
2325.580,1.1216,0.0141
2326.115,1.1252,0.0140
2326.651,1.1035,0.0140
2327.187,1.0927,0.0140
2327.723,1.0890,0.0140
2328.259,1.1341,0.0140
2328.795,1.0817,0.0143
2329.331,1.0866,0.0144
2329.868,1.1180,0.0142
2330.405,1.0934,0.0139
2330.941,1.0918,0.0139
2331.478,1.1107,0.0140
2332.015,1.0899,0.0138
2332.552,1.0913,0.0141
2333.089,1.1086,0.0145
2333.626,1.1050,0.0146
2334.164,1.1024,0.0145
2334.701,1.0427,0.0140
2335.239,1.0680,0.0134
2335.776,1.0674,0.0133
2336.314,1.0709,0.0136
2336.853,1.0546,0.0138
2337.391,1.0734,0.0141
2337.929,1.0626,0.0140
2338.467,1.0825,0.0136
2339.006,1.0716,0.0133
2339.544,1.0525,0.0134
2340.083,1.1019,0.0137
2340.622,1.1353,0.0140
2341.161,1.1181,0.0142
2341.700,1.0887,0.0143
2342.240,1.0704,0.0142
2342.779,1.1108,0.0141
2343.318,1.1386,0.0143
2343.858,1.0848,0.0143
2344.398,1.1058,0.0140
2344.938,1.0584,0.0140
2345.478,1.0615,0.0143
2346.018,1.0919,0.0142
2346.558,1.0529,0.0145
2347.098,1.0768,0.0149
2347.639,1.0615,0.0145
2348.179,1.0658,0.0142
2348.720,1.0502,0.0140
2349.261,1.0374,0.0142
2349.802,1.0815,0.0143
2350.343,1.0730,0.0141
2350.885,1.0659,0.0139
2351.426,1.0629,0.0136
2351.967,1.0713,0.0137
2352.509,1.0726,0.0139
2353.051,1.0642,0.0140
2353.593,1.0294,0.0138
2354.135,1.0373,0.0138
2354.677,1.0652,0.0139
2355.219,1.0626,0.0141
2355.761,1.0454,0.0142
2356.304,1.0537,0.0139
2356.846,1.0708,0.0141
2357.389,1.0584,0.0144
2357.932,1.0701,0.0146
2358.475,1.0487,0.0145
2359.018,1.0491,0.0143
2359.561,1.0935,0.0150
2360.105,1.1533,0.0163
2360.648,1.1770,0.0169
2361.192,1.1542,0.0166
2361.736,1.1441,0.0165
2362.280,1.1504,0.0162
2362.823,1.1058,0.0154
2363.368,1.0891,0.0146
2363.912,1.0678,0.0144
2364.456,1.0854,0.0146
2365.001,1.0997,0.0148
2365.545,1.0994,0.0146
2366.090,1.0259,0.0144
2366.635,1.0345,0.0143
2367.180,1.0531,0.0141
2367.725,1.0419,0.0138
2368.270,1.0595,0.0140
2368.816,1.0423,0.0135
2369.361,1.0319,0.0135
2369.907,1.0750,0.0138
2370.453,1.0665,0.0137
2370.999,1.0828,0.0140
2371.545,1.1229,0.0153
2372.091,1.1415,0.0162
2372.637,1.1602,0.0160
2373.183,1.1237,0.0155
2373.730,1.0862,0.0143
2374.276,1.0696,0.0143
2374.823,1.1178,0.0153
2375.370,1.1240,0.0153
2375.917,1.0806,0.0143
2376.464,1.0165,0.0130
2377.011,1.0072,0.0130
2377.559,1.0506,0.0134
2378.106,1.0927,0.0141
2378.654,1.1188,0.0144
2379.202,1.0791,0.0142
2379.750,1.0797,0.0137
2380.298,1.0370,0.0140
2380.846,1.0627,0.0154
2381.394,1.0829,0.0159
2381.943,1.0732,0.0159
2382.491,1.0755,0.0153
2383.040,1.0554,0.0147
2383.589,1.0788,0.0144
2384.137,1.0820,0.0141
2384.687,1.1226,0.0147
2385.236,1.1201,0.0154
2385.785,1.1133,0.0154
2386.334,1.1334,0.0149
2386.884,1.1043,0.0146
2387.434,1.0902,0.0142
2387.983,1.0856,0.0137
2388.533,1.1130,0.0137
2389.083,1.1306,0.0143
2389.634,1.1417,0.0150
2390.184,1.1503,0.0150
2390.734,1.1046,0.0139
2391.285,1.0814,0.0136
2391.835,1.0820,0.0142
2392.386,1.0871,0.0151
2392.937,1.1343,0.0162
2393.488,1.1309,0.0161
2394.039,1.1502,0.0152
2394.591,1.1347,0.0146
2395.142,1.1043,0.0143
2395.694,1.1021,0.0141
2396.245,1.1016,0.0140
2396.797,1.0973,0.0139
2397.349,1.0840,0.0138
2397.901,1.0907,0.0138
2398.453,1.0968,0.0146
2399.006,1.1315,0.0152
2399.558,1.1200,0.0154
2400.111,1.1134,0.0149
2400.664,1.1057,0.0144
2401.216,1.0817,0.0142
2401.769,1.1122,0.0149
2402.322,1.1687,0.0159
2402.875,1.1463,0.0154
2403.429,1.1333,0.0148
2403.982,1.1163,0.0140
2404.536,1.1133,0.0138
2405.090,1.0804,0.0139
2405.644,1.0584,0.0141
2406.198,1.0803,0.0144
2406.752,1.0775,0.0141
2407.306,1.1045,0.0140
2407.860,1.0799,0.0138
2408.415,1.0966,0.0134
2408.969,1.1221,0.0138
2409.524,1.1346,0.0145
2410.079,1.1625,0.0149
2410.634,1.1417,0.0152
2411.189,1.1034,0.0145
2411.744,1.1142,0.0138
2412.300,1.1173,0.0141
2412.855,1.1509,0.0146
2413.411,1.1502,0.0150
2413.967,1.1281,0.0151
2414.522,1.1152,0.0145
2415.079,1.1012,0.0142
2415.635,1.1048,0.0142
2416.191,1.0993,0.0137
2416.747,1.1105,0.0136
2417.304,1.1410,0.0138
2417.861,1.1225,0.0137
2418.417,1.0957,0.0135
2418.975,1.0992,0.0138
2419.531,1.1354,0.0140
2420.089,1.1020,0.0140
2420.646,1.0735,0.0139
2421.203,1.1090,0.0140
2421.761,1.1235,0.0145
2422.319,1.1395,0.0149
2422.876,1.1278,0.0147
2423.435,1.0847,0.0145
2423.992,1.1004,0.0145
2424.551,1.0801,0.0153
2425.109,1.1160,0.0160
2425.667,1.1393,0.0158
2426.226,1.0920,0.0146
2426.785,1.0958,0.0141
2427.344,1.0985,0.0138
2427.903,1.0729,0.0136
2428.462,1.0806,0.0135
2429.021,1.0959,0.0135
2429.581,1.1008,0.0136
2430.140,1.0875,0.0137
2430.700,1.0956,0.0137
2431.259,1.1258,0.0137
2431.819,1.1095,0.0139
2432.379,1.0917,0.0142
2432.939,1.0900,0.0147
2433.500,1.1027,0.0146
2434.060,1.1448,0.0146
2434.621,1.1341,0.0147
2435.181,1.1340,0.0148
2435.742,1.1270,0.0149
2436.303,1.1265,0.0149
2436.864,1.1382,0.0146
2437.425,1.1140,0.0140
2437.987,1.1107,0.0138
2438.548,1.1194,0.0142
2439.109,1.1033,0.0144
2439.671,1.1035,0.0144
2440.233,1.1422,0.0145
2440.795,1.1246,0.0144
2441.357,1.0660,0.0135
2441.919,1.0513,0.0134
2442.481,1.0640,0.0137
2443.044,1.0728,0.0139
2443.607,1.0584,0.0140
2444.169,1.0603,0.0139
2444.732,1.0600,0.0139
2445.295,1.0571,0.0137
2445.858,1.0661,0.0135
2446.422,1.0728,0.0132
2446.985,1.0626,0.0133
2447.548,1.0593,0.0134
2448.112,1.0609,0.0134
2448.676,1.0525,0.0134
2449.240,1.0379,0.0132
2449.804,1.0651,0.0132
2450.368,1.0849,0.0134
2450.932,1.0627,0.0136
2451.497,1.0748,0.0134
2452.061,1.0996,0.0138
2452.626,1.1073,0.0146
2453.191,1.1268,0.0151
2453.755,1.0987,0.0151
2454.321,1.0709,0.0142
2454.886,1.0984,0.0141
2455.451,1.0965,0.0141
2456.017,1.0784,0.0138
2456.582,1.0811,0.0135
2457.148,1.0652,0.0132
2457.714,1.0593,0.0135
2458.280,1.0339,0.0138
2458.846,1.0246,0.0135
2459.412,1.0497,0.0137
2459.978,1.0740,0.0138
2460.545,1.0952,0.0138
2461.111,1.0885,0.0138
2461.678,1.0707,0.0138
2462.245,1.0565,0.0135
2462.812,1.0463,0.0133
2463.379,1.0846,0.0140
2463.947,1.1011,0.0140
2464.514,1.0874,0.0136
2465.082,1.0945,0.0134
2465.649,1.0511,0.0134
2466.217,1.0512,0.0134
2466.785,1.0760,0.0137
2467.353,1.0505,0.0140
2467.921,1.0655,0.0147
2468.490,1.0979,0.0152
2469.058,1.1120,0.0149
2469.626,1.1248,0.0141
2470.195,1.0875,0.0136
2470.764,1.0847,0.0135
2471.333,1.0940,0.0136
2471.902,1.1133,0.0139
2472.471,1.1350,0.0142
2473.041,1.1188,0.0146
2473.610,1.1144,0.0144
2474.180,1.0996,0.0143
2474.750,1.0701,0.0137
2475.320,1.0802,0.0138
2475.890,1.0949,0.0141
2476.460,1.1185,0.0146
2477.030,1.1305,0.0153
2477.601,1.1255,0.0155
2478.171,1.1212,0.0156
2478.742,1.1295,0.0153
2479.313,1.1597,0.0153
2479.884,1.1392,0.0150
2480.455,1.1177,0.0148
2481.026,1.1156,0.0148
2481.597,1.1276,0.0146
2482.169,1.1088,0.0144
2482.740,1.1268,0.0141
2483.312,1.1309,0.0140
2483.884,1.1083,0.0141
2484.456,1.0883,0.0139
2485.028,1.0884,0.0142
2485.600,1.1054,0.0149
2486.173,1.0944,0.0148
2486.745,1.1093,0.0147
2487.318,1.1017,0.0145
2487.891,1.1143,0.0144
2488.463,1.0902,0.0143
2489.037,1.0824,0.0141
2489.610,1.1140,0.0143
2490.183,1.1012,0.0146
2490.757,1.0942,0.0146
2491.330,1.0721,0.0145
2491.904,1.0927,0.0143
2492.478,1.1058,0.0141
2493.052,1.0779,0.0138
2493.626,1.0860,0.0140
2494.200,1.0789,0.0140
2494.774,1.1185,0.0145
2495.349,1.1127,0.0146
2495.924,1.0952,0.0140
2496.499,1.0622,0.0134
2497.073,1.0737,0.0135
2497.648,1.0947,0.0141
2498.224,1.1117,0.0143
2498.799,1.0777,0.0141
2499.374,1.0719,0.0139
2499.950,1.0589,0.0134
2500.526,1.0501,0.0133
2501.101,1.0461,0.0136
2501.677,1.0504,0.0137
2502.253,1.0577,0.0133
2502.830,1.0380,0.0131
2503.406,1.0420,0.0134
2503.982,1.0426,0.0138
2504.559,1.0437,0.0135
2505.136,1.0422,0.0134
2505.713,1.0416,0.0136
2506.290,1.0610,0.0135
2506.867,1.0642,0.0133
2507.444,1.0332,0.0132
2508.022,1.0308,0.0133
2508.599,1.0429,0.0134
2509.177,1.0220,0.0133
2509.755,1.0276,0.0136
2510.333,1.0528,0.0137
2510.911,1.0292,0.0135
2511.489,1.0215,0.0137
2512.067,1.0563,0.0138
2512.646,1.0620,0.0137
2513.224,1.0450,0.0138
2513.803,1.0761,0.0144
2514.382,1.0963,0.0151
2514.961,1.0824,0.0149
2515.540,1.1108,0.0150
2516.120,1.0780,0.0152
2516.699,1.0514,0.0149
2517.279,1.0340,0.0141
2517.858,1.0488,0.0141
2518.438,1.0673,0.0141
2519.018,1.0406,0.0138
2519.598,1.0486,0.0138
2520.178,1.0568,0.0138
2520.759,1.0445,0.0137
2521.339,1.0094,0.0133
2521.920,1.0224,0.0131
2522.501,1.0363,0.0131
2523.082,1.0385,0.0131
2523.663,1.0339,0.0133
2524.244,1.0345,0.0135
2524.825,1.0443,0.0138
2525.406,1.0523,0.0137
2525.988,1.0414,0.0144
2526.570,1.0824,0.0151
2527.152,1.0902,0.0152
2527.733,1.0926,0.0149
2528.316,1.0549,0.0140
2528.898,1.0275,0.0135
2529.480,1.0753,0.0142
2530.063,1.0899,0.0147
2530.646,1.0728,0.0141
2531.228,1.0464,0.0138
2531.811,1.0223,0.0135
2532.394,1.0211,0.0129
2532.977,1.0272,0.0128
2533.561,1.0320,0.0130
2534.144,1.0364,0.0134
2534.728,1.0347,0.0135
2535.311,1.0320,0.0134
2535.895,1.0417,0.0134
2536.479,1.0143,0.0137
2537.063,1.0458,0.0137
2537.647,1.0532,0.0135
2538.232,1.0145,0.0131
2538.816,1.0238,0.0131
2539.401,1.0152,0.0132
2539.986,1.0081,0.0139
2540.571,1.0662,0.0150
2541.156,1.1101,0.0157
2541.741,1.0620,0.0151
2542.326,1.0631,0.0142
2542.912,1.0397,0.0136
2543.498,1.0507,0.0136
2544.083,1.0390,0.0136
2544.669,1.0212,0.0137
2545.255,1.0594,0.0141
2545.841,1.0306,0.0141
2546.427,1.0327,0.0140
2547.014,1.0372,0.0134
2547.600,1.0101,0.0129
2548.187,1.0103,0.0133
2548.774,1.0453,0.0142
2549.361,1.0628,0.0148
2549.948,1.0486,0.0148
2550.535,1.0504,0.0145
2551.122,1.0773,0.0142
2551.710,1.0550,0.0140
2552.297,1.0186,0.0139
2552.885,1.0109,0.0136
2553.473,1.0382,0.0136
2554.061,1.0015,0.0134
2554.649,0.9920,0.0136
2555.238,1.0077,0.0139
2555.826,0.9914,0.0147
2556.415,1.0100,0.0153
2557.003,1.0080,0.0148
2557.592,0.9950,0.0143
2558.181,0.9902,0.0145
2558.770,0.9944,0.0148
2559.360,1.0239,0.0148
2559.949,1.0490,0.0153
2560.538,1.0488,0.0155
2561.128,1.0568,0.0153
2561.718,1.0354,0.0147
2562.308,1.0149,0.0147
2562.898,1.0464,0.0148
2563.488,1.0517,0.0145
2564.078,1.0443,0.0137
2564.669,1.0175,0.0137
2565.259,1.0002,0.0141
2565.850,1.0112,0.0143
2566.441,1.0091,0.0139
2567.032,1.0087,0.0139
2567.623,1.0005,0.0138
2568.214,1.0039,0.0144
2568.806,1.0003,0.0145
2569.397,1.0043,0.0143
2569.989,1.0347,0.0142
2570.581,1.0065,0.0138
2571.173,0.9933,0.0139
2571.765,1.0024,0.0144
2572.357,1.0079,0.0146
2572.950,1.0197,0.0147
2573.542,1.0241,0.0139
2574.135,0.9882,0.0135
2574.728,0.9885,0.0138
2575.321,0.9739,0.0142
2575.914,0.9832,0.0140
2576.507,0.9853,0.0138
2577.100,0.9848,0.0136
2577.694,0.9677,0.0135
2578.287,0.9631,0.0138
2578.881,0.9653,0.0140
2579.475,1.0185,0.0145
2580.069,1.0462,0.0148
2580.663,1.0390,0.0148
2581.257,1.0071,0.0141
2581.852,0.9927,0.0139
2582.446,1.0030,0.0145
2583.041,1.0146,0.0142
2583.636,1.0018,0.0139
2584.231,1.0066,0.0137
2584.826,0.9924,0.0135
2585.421,1.0028,0.0137
2586.017,1.0324,0.0140
2586.612,1.0100,0.0140
2587.208,0.9787,0.0138
2587.803,0.9755,0.0137
2588.399,0.9744,0.0134
2588.996,0.9634,0.0129
2589.592,0.9472,0.0128
2590.188,0.9630,0.0129
2590.784,0.9753,0.0131
2591.381,1.0076,0.0138
2591.978,0.9509,0.0140
2592.575,0.9777,0.0138
2593.172,0.9804,0.0132
2593.769,0.9693,0.0127
2594.366,0.9474,0.0125
2594.964,0.9594,0.0128
2595.561,1.0038,0.0137
2596.159,1.0283,0.0148
2596.757,1.0191,0.0148
2597.355,1.0138,0.0152
2597.953,1.0146,0.0149
2598.551,0.9874,0.0139
2599.150,1.0082,0.0135
2599.748,1.0108,0.0136
2600.347,0.9915,0.0138
2600.946,1.0055,0.0143
2601.545,0.9941,0.0146
2602.144,0.9891,0.0144
2602.743,0.9854,0.0140
2603.342,0.9994,0.0137
2603.942,1.0192,0.0137
2604.542,1.0256,0.0137
2605.141,1.0410,0.0139
2605.741,1.0254,0.0144
2606.341,1.0567,0.0145
2606.942,1.0743,0.0144
2607.542,1.0186,0.0140
2608.142,0.9927,0.0139
2608.743,0.9959,0.0142
2609.344,0.9788,0.0139
2609.945,0.9822,0.0135
2610.545,1.0137,0.0135
2611.147,0.9900,0.0134
2611.748,0.9881,0.0137
2612.350,1.0075,0.0147
2612.951,1.0257,0.0152
2613.553,1.0360,0.0148
2614.155,1.0251,0.0140
2614.757,1.0470,0.0140
2615.359,1.0540,0.0140
2615.961,1.0585,0.0146
2616.563,1.0490,0.0154
2617.166,1.0891,0.0155
2617.769,1.0560,0.0148
2618.372,1.0449,0.0141
2618.975,1.0314,0.0140
2619.578,0.9950,0.0139
2620.181,0.9913,0.0137
2620.784,1.0003,0.0136
2621.388,0.9525,0.0136
2621.992,0.9807,0.0135
2622.595,0.9860,0.0134
2623.199,1.0008,0.0132
2623.803,0.9897,0.0134
2624.408,0.9851,0.0140
2625.012,0.9908,0.0143
2625.616,1.0025,0.0144
2626.221,0.9926,0.0136
2626.826,0.9896,0.0134
2627.431,0.9944,0.0136
2628.036,1.0483,0.0142
2628.641,1.0562,0.0143
2629.246,1.0413,0.0141
2629.852,1.0101,0.0136
2630.457,0.9689,0.0136
2631.063,0.9645,0.0139
2631.669,0.9734,0.0135
2632.275,0.9683,0.0131
2632.881,0.9543,0.0130
2633.488,0.9819,0.0132
2634.094,0.9733,0.0131
2634.701,0.9509,0.0131
2635.307,0.9505,0.0132
2635.914,0.9496,0.0133
2636.521,0.9520,0.0130
2637.128,0.9593,0.0129
2637.736,0.9473,0.0130
2638.343,0.9375,0.0134
2638.951,0.9322,0.0135
2639.558,0.9523,0.0136
2640.166,0.9331,0.0135
2640.774,0.9534,0.0136
2641.382,0.9605,0.0141
2641.991,0.9536,0.0139
2642.599,0.9622,0.0134
2643.208,0.9335,0.0130
2643.816,0.9146,0.0131
2644.425,0.9599,0.0135
2645.034,0.9502,0.0134
2645.643,0.9035,0.0129
2646.252,0.8995,0.0129
2646.862,0.8951,0.0128
2647.471,0.8952,0.0128
2648.081,0.9026,0.0127
2648.691,0.8832,0.0126
2649.301,0.8893,0.0128
2649.911,0.9084,0.0131
2650.521,0.8907,0.0129
2651.132,0.9134,0.0131
2651.742,0.9111,0.0129
2652.353,0.9224,0.0130
2652.964,0.9168,0.0133
2653.574,0.8884,0.0136
2654.186,0.9043,0.0135
2654.797,0.8945,0.0128
2655.408,0.8991,0.0131
2656.020,0.9084,0.0134
2656.631,0.8985,0.0133
2657.243,0.8887,0.0130
2657.855,0.8962,0.0132
2658.467,0.8882,0.0132
2659.079,0.8963,0.0132
2659.692,0.9091,0.0132
2660.304,0.8944,0.0132
2660.917,0.8837,0.0133
2661.529,0.8739,0.0133
2662.142,0.8985,0.0134
2662.755,0.9156,0.0136
2663.369,0.8971,0.0136
2663.982,0.9002,0.0137
2664.595,0.9119,0.0136
2665.209,0.9040,0.0131
2665.823,0.9052,0.0131
2666.437,0.9161,0.0133
2667.051,0.9089,0.0131
2667.665,0.9077,0.0131
2668.279,0.9076,0.0134
2668.894,0.9102,0.0135
2669.508,0.8839,0.0135
2670.123,0.8751,0.0137
2670.738,0.8922,0.0137
2671.353,0.9063,0.0140
2671.968,0.9085,0.0140
2672.583,0.8862,0.0139
2673.199,0.8972,0.0137
2673.815,0.8980,0.0138
2674.430,0.8819,0.0138
2675.046,0.8561,0.0136
2675.662,0.8690,0.0132
2676.278,0.9076,0.0134
2676.895,0.8900,0.0133
2677.511,0.8654,0.0129
2678.128,0.8807,0.0131
2678.744,0.8842,0.0132
2679.361,0.8851,0.0132
2679.978,0.8720,0.0131
2680.595,0.8944,0.0131
2681.213,0.9080,0.0134
2681.830,0.8780,0.0133
2682.448,0.8978,0.0131
2683.065,0.9200,0.0133
2683.683,0.8898,0.0134
2684.301,0.8761,0.0133
2684.920,0.8766,0.0130
2685.538,0.8747,0.0129
2686.156,0.8767,0.0130
2686.775,0.9108,0.0131
2687.394,0.8901,0.0131
2688.012,0.9043,0.0133
2688.632,0.8911,0.0135
2689.251,0.8859,0.0133
2689.870,0.9033,0.0132
2690.490,0.8829,0.0129
2691.109,0.8865,0.0129
2691.729,0.9072,0.0131
2692.348,0.8935,0.0135
2692.969,0.8552,0.0134
2693.589,0.8599,0.0134
2694.209,0.9057,0.0134
2694.830,0.9035,0.0132
2695.450,0.8906,0.0132
2696.071,0.8882,0.0132
2696.692,0.8908,0.0133
2697.313,0.9067,0.0135
2697.934,0.9311,0.0135
2698.555,0.9528,0.0140
2699.177,0.9519,0.0147
2699.798,0.9598,0.0146
2700.420,0.9685,0.0145
2701.042,0.9531,0.0144
2701.664,0.9416,0.0145
2702.286,0.9415,0.0149
2702.908,0.9215,0.0149
2703.531,0.9304,0.0145
2704.153,0.9432,0.0143
2704.776,0.9300,0.0142
2705.399,0.9666,0.0145
2706.022,0.9439,0.0147
2706.645,0.9531,0.0144
2707.268,0.9164,0.0139
2707.892,0.9261,0.0139
2708.515,0.9379,0.0144
2709.139,0.9193,0.0148
2709.763,0.9344,0.0148
2710.387,0.8888,0.0142
2711.011,0.8672,0.0136
2711.635,0.8796,0.0139
2712.260,0.9212,0.0143
2712.884,0.9050,0.0144
2713.509,0.8899,0.0142
2714.134,0.8766,0.0143
2714.759,0.9095,0.0142
2715.384,0.9114,0.0137
2716.010,0.8980,0.0137
2716.635,0.9115,0.0137
2717.260,0.9194,0.0136
2717.886,0.9472,0.0140
2718.512,0.9550,0.0141
2719.138,0.9217,0.0138
2719.764,0.9485,0.0144
2720.391,0.9682,0.0146
2721.017,0.9725,0.0145
2721.644,0.9648,0.0145
2722.271,0.9279,0.0148
2722.897,0.9365,0.0153
2723.524,0.9636,0.0155
2724.152,0.9235,0.0155
2724.779,0.9490,0.0151
2725.406,0.9534,0.0150
2726.034,0.9528,0.0147
2726.662,0.9589,0.0151
2727.290,0.9504,0.0152
2727.918,0.9711,0.0147
2728.546,0.9266,0.0139
2729.174,0.9223,0.0138
2729.803,0.9258,0.0137
2730.431,0.9427,0.0136
2731.060,0.9495,0.0135
2731.689,0.9394,0.0135
2732.318,0.9571,0.0143
2732.948,0.9792,0.0150
2733.577,0.9832,0.0150
2734.206,0.9649,0.0143
2734.836,0.9757,0.0142
2735.466,0.9643,0.0140
2736.096,0.9543,0.0139
2736.726,0.9718,0.0146
2737.356,0.9654,0.0150
2737.986,0.9891,0.0161
2738.617,1.0478,0.0163
2739.248,1.0178,0.0156
2739.878,0.9683,0.0145
2740.509,0.9958,0.0145
2741.140,0.9913,0.0145
2741.772,0.9965,0.0147
2742.403,0.9753,0.0151
2743.035,0.9668,0.0156
2743.666,1.0202,0.0160
2744.298,1.0434,0.0156
2744.930,1.0494,0.0150
2745.562,1.0442,0.0148
2746.194,1.0054,0.0149
2746.827,1.0120,0.0150
2747.459,1.0229,0.0155
2748.092,1.0297,0.0159
2748.725,1.0090,0.0159
2749.358,1.0227,0.0156
2749.991,1.0169,0.0147
2750.624,1.0232,0.0151
2751.258,1.0526,0.0152
2751.891,1.0089,0.0148
2752.525,1.0116,0.0145
2753.159,1.0041,0.0145
2753.793,0.9938,0.0150
2754.427,0.9807,0.0153
2755.061,0.9890,0.0160
2755.696,1.0084,0.0163
2756.331,0.9992,0.0161
2756.965,1.0180,0.0158
2757.600,0.9953,0.0160
2758.235,0.9561,0.0160
2758.870,0.9547,0.0157
2759.506,1.0260,0.0161
2760.141,1.0526,0.0158
2760.777,1.0269,0.0158
2761.412,1.0154,0.0148
2762.048,1.0065,0.0148
2762.685,0.9981,0.0146
2763.321,1.0182,0.0148
2763.957,1.0138,0.0145
2764.594,0.9837,0.0140
2765.230,1.0143,0.0140
2765.867,0.9902,0.0141
2766.504,1.0059,0.0144
2767.141,1.0008,0.0144
2767.778,1.0201,0.0142
2768.416,1.0680,0.0151
2769.053,1.0750,0.0161
2769.691,1.0673,0.0160
2770.329,1.0380,0.0161
2770.967,1.0201,0.0156
2771.604,1.0306,0.0153
2772.243,1.0659,0.0157
2772.881,1.1076,0.0162
2773.520,1.0946,0.0163
2774.159,1.0684,0.0159
2774.797,1.0644,0.0163
2775.436,1.0799,0.0161
2776.076,1.0866,0.0160
2776.715,1.0784,0.0160
2777.354,1.0770,0.0156
2777.994,1.1037,0.0152
2778.634,1.1295,0.0153
2779.273,1.1082,0.0155
2779.914,1.0931,0.0156
2780.553,1.1040,0.0157
2781.194,1.1363,0.0154
2781.834,1.1379,0.0150
2782.475,1.1216,0.0150
2783.116,1.1362,0.0153
2783.757,1.1546,0.0161
2784.398,1.1546,0.0169
2785.039,1.1041,0.0160
2785.680,1.0957,0.0149
2786.322,1.1336,0.0154
2786.963,1.2159,0.0166
2787.605,1.2504,0.0175
2788.247,1.1975,0.0163
2788.889,1.1218,0.0152
2789.531,1.1288,0.0151
2790.174,1.1640,0.0153
2790.817,1.1576,0.0159
2791.459,1.2037,0.0161
2792.102,1.1876,0.0156
2792.745,1.1675,0.0152
2793.388,1.1458,0.0149
2794.031,1.1518,0.0151
2794.675,1.1560,0.0148
2795.318,1.1446,0.0144
2795.962,1.1599,0.0146
2796.606,1.1543,0.0148
2797.250,1.1466,0.0148
2797.894,1.1575,0.0151
2798.538,1.2359,0.0158
2799.183,1.2612,0.0161
2799.827,1.2401,0.0164
2800.472,1.2282,0.0160
2801.117,1.2467,0.0158
2801.762,1.2705,0.0157
2802.407,1.2755,0.0157
2803.053,1.2597,0.0163
2803.698,1.2755,0.0166
2804.344,1.2475,0.0163
2804.990,1.2087,0.0159
2805.636,1.2258,0.0155
2806.282,1.2169,0.0152
2806.928,1.1840,0.0150
2807.574,1.2030,0.0152
2808.221,1.1946,0.0158
2808.868,1.1816,0.0160
2809.514,1.1922,0.0159
2810.162,1.1911,0.0155
2810.809,1.1910,0.0152
2811.456,1.1768,0.0152
2812.104,1.1861,0.0156
2812.751,1.1903,0.0164
2813.399,1.1857,0.0172
2814.047,1.1578,0.0173
2814.695,1.1562,0.0169
2815.343,1.1252,0.0169
2815.991,1.0613,0.0172
2816.640,1.0617,0.0171
2817.288,1.0863,0.0166
2817.937,1.0627,0.0162
2818.586,1.0739,0.0162
2819.235,1.0912,0.0162
2819.884,1.0812,0.0160
2820.534,1.0808,0.0162
2821.183,1.0709,0.0160
2821.833,1.0611,0.0155
2822.483,1.0690,0.0153
2823.133,1.0749,0.0155
2823.783,1.0487,0.0157
2824.433,1.0642,0.0161
2825.083,1.0612,0.0159
2825.734,1.0392,0.0153
2826.385,1.0311,0.0150
2827.036,1.0380,0.0151
2827.687,1.0197,0.0153
2828.338,1.0305,0.0155
2828.989,0.9895,0.0156
2829.641,0.9729,0.0157
2830.292,0.9908,0.0158
2830.944,1.0128,0.0157
2831.596,1.0082,0.0151
2832.248,1.0294,0.0153
2832.900,0.9648,0.0157
2833.553,0.9800,0.0157
2834.205,0.9969,0.0157
2834.858,0.9671,0.0151
2835.511,0.9937,0.0149
2836.164,1.0289,0.0153
2836.817,0.9982,0.0156
2837.470,0.9862,0.0155
2838.123,0.9762,0.0147
2838.777,0.9888,0.0150
2839.431,0.9856,0.0157
2840.085,0.9278,0.0153
2840.739,0.9529,0.0154
2841.393,0.9388,0.0152
2842.047,0.9291,0.0150
2842.702,0.9492,0.0153
2843.356,0.9426,0.0159
2844.011,0.9308,0.0160
2844.666,0.8982,0.0161
2845.321,0.9012,0.0168
2845.976,0.8855,0.0165
2846.632,0.8953,0.0163
2847.287,0.9565,0.0164
2847.943,0.9492,0.0162
2848.599,0.9544,0.0161
2849.255,0.9659,0.0156
2849.911,0.9472,0.0160
2850.567,0.9348,0.0164
2851.224,0.9085,0.0158
2851.880,0.9462,0.0158
2852.537,0.9542,0.0153
2853.194,0.9429,0.0154
2853.851,0.9632,0.0162
2854.508,0.9982,0.0173
2855.166,0.9445,0.0171
2855.823,0.9736,0.0177
2856.481,0.9941,0.0175
2857.138,0.9756,0.0164
2857.796,1.0070,0.0164
2858.455,0.9610,0.0163
2859.113,0.9816,0.0164
2859.771,0.9951,0.0165
2860.430,1.0080,0.0166
2861.088,1.0051,0.0164
2861.747,0.9653,0.0166
2862.406,0.9457,0.0166
2863.065,0.9820,0.0166
2863.725,1.0258,0.0168
2864.384,1.0142,0.0172
2865.044,0.9515,0.0162
2865.704,0.9740,0.0169
2866.364,0.9828,0.0177
2867.024,0.9315,0.0168
2867.684,0.9627,0.0158
2868.344,0.9382,0.0160
2869.005,0.9389,0.0156
2869.666,0.9500,0.0151
2870.326,0.9368,0.0153
2870.987,0.9179,0.0154
2871.648,0.9369,0.0151
2872.310,0.9193,0.0151
2872.971,0.9035,0.0149
2873.633,0.9129,0.0150
2874.294,0.9225,0.0156
2874.957,0.9377,0.0164
2875.619,0.9569,0.0164
2876.281,0.9724,0.0157
2876.943,0.9593,0.0155
2877.606,0.9611,0.0157
2878.269,0.9516,0.0161
2878.931,0.9201,0.0162
2879.594,0.9624,0.0162
2880.257,0.9404,0.0157
2880.920,0.9455,0.0159
2881.584,0.9569,0.0159
2882.248,0.9510,0.0155
2882.911,0.9744,0.0159
2883.575,0.9116,0.0155
2884.239,0.9109,0.0153
2884.903,0.9384,0.0156
2885.568,0.9451,0.0164
2886.232,0.9299,0.0166
2886.897,0.9164,0.0159
2887.562,0.9031,0.0156
2888.227,0.9051,0.0155
2888.892,0.9106,0.0155
2889.557,0.8986,0.0153
2890.223,0.9201,0.0155
2890.888,0.9149,0.0160
2891.554,0.9248,0.0163
2892.220,0.8860,0.0157
2892.886,0.8920,0.0156
2893.552,0.9168,0.0157
2894.218,0.9190,0.0152
2894.885,0.9171,0.0151
2895.552,0.9506,0.0155
2896.218,0.9226,0.0158
2896.885,0.9176,0.0160
2897.552,0.9343,0.0157
2898.219,0.9063,0.0152
2898.887,0.9039,0.0153
2899.554,0.9163,0.0159
2900.222,0.8982,0.0162
2900.890,0.8900,0.0165
2901.558,0.9095,0.0172
2902.226,0.9053,0.0175
2902.895,0.8973,0.0167
2903.563,0.8868,0.0162
2904.232,0.8701,0.0162
2904.901,0.8564,0.0162
2905.570,0.8968,0.0157
2906.239,0.9080,0.0159
2906.908,0.9067,0.0169
2907.577,0.8947,0.0164
2908.247,0.9205,0.0159
2908.917,0.9018,0.0162
2909.587,0.8907,0.0161
2910.257,0.8580,0.0160
2910.927,0.8956,0.0167
2911.597,0.8860,0.0169
2912.268,0.9153,0.0169
2912.938,0.8854,0.0163
2913.609,0.8883,0.0155
2914.280,0.9096,0.0159
2914.951,0.9357,0.0163
2915.623,0.9488,0.0169
2916.294,0.9034,0.0171
2916.965,0.8971,0.0175
2917.637,0.9299,0.0176
2918.309,0.9228,0.0166
2918.981,0.9168,0.0156
2919.653,0.9546,0.0162
2920.326,0.9399,0.0166
2920.998,0.9647,0.0167
2921.671,0.9360,0.0170
2922.344,0.9508,0.0169
2923.017,0.9375,0.0170
2923.690,0.9366,0.0169
2924.363,0.9208,0.0168
2925.037,0.8972,0.0167
2925.710,0.8697,0.0169
2926.384,0.8644,0.0170
2927.058,0.8773,0.0183
2927.732,0.9015,0.0181
2928.406,0.8812,0.0172
2929.080,0.9052,0.0163
2929.755,0.9111,0.0166
2930.430,0.9689,0.0163
2931.104,0.9299,0.0159
2931.779,0.9260,0.0157
2932.454,0.9103,0.0159
2933.130,0.9142,0.0159
2933.805,0.9380,0.0160
2934.481,0.9697,0.0171
2935.156,0.9931,0.0176
2935.833,0.9589,0.0175
2936.509,0.9805,0.0169
2937.185,0.9515,0.0167
2937.861,0.9267,0.0163
2938.538,0.9135,0.0161
2939.215,0.8802,0.0163
2939.891,0.9252,0.0166
2940.568,0.8812,0.0157
2941.246,0.9149,0.0154
2941.923,0.9006,0.0153
2942.600,0.8532,0.0152
2943.278,0.9055,0.0152
2943.956,0.9133,0.0155
2944.634,0.8731,0.0157
2945.312,0.8625,0.0156
2945.990,0.9422,0.0161
2946.668,0.9579,0.0164
2947.347,0.9194,0.0158
2948.026,0.9210,0.0158
2948.705,0.9216,0.0161
2949.384,0.9155,0.0158
2950.063,0.9344,0.0171
2950.742,0.9377,0.0181
2951.422,0.9218,0.0166
2952.101,0.9220,0.0161
2952.781,0.8953,0.0163
2953.461,0.9179,0.0165
2954.141,0.9146,0.0166
2954.822,0.8776,0.0170
2955.502,0.8691,0.0177
2956.183,0.8668,0.0179
2956.864,0.8750,0.0178
2957.544,0.8595,0.0174
2958.226,0.8983,0.0175
2958.907,0.8797,0.0172
2959.588,0.8354,0.0166
2960.270,0.8331,0.0171
2960.951,0.8580,0.0181
2961.633,0.8257,0.0172
2962.315,0.8409,0.0162
2962.997,0.8889,0.0159
2963.680,0.8625,0.0157
2964.362,0.8884,0.0165
2965.045,0.8633,0.0169
2965.728,0.8720,0.0168
2966.411,0.8850,0.0167
2967.094,0.8810,0.0170
2967.777,0.9007,0.0175
2968.461,0.8618,0.0172
2969.144,0.8804,0.0176
2969.828,0.8878,0.0176
2970.512,0.8693,0.0176
2971.196,0.9037,0.0175
2971.880,0.9021,0.0167
2972.564,0.8676,0.0160
2973.249,0.8571,0.0159
2973.934,0.8846,0.0157
2974.618,0.8571,0.0161
2975.304,0.8593,0.0158
2975.989,0.8779,0.0157
2976.674,0.8637,0.0156
2977.360,0.8997,0.0158
2978.045,0.8872,0.0159
2978.731,0.8463,0.0161
2979.417,0.8454,0.0158
2980.103,0.8357,0.0162
2980.789,0.8675,0.0167
2981.476,0.8708,0.0166
2982.162,0.8735,0.0163
2982.849,0.8707,0.0158
2983.536,0.8764,0.0160
2984.223,0.9360,0.0162
2984.910,0.8877,0.0157
2985.598,0.8842,0.0159
2986.285,0.8989,0.0170
2986.973,0.8767,0.0174
2987.661,0.8551,0.0169
2988.349,0.8673,0.0157
2989.037,0.8587,0.0157
2989.725,0.8429,0.0157
2990.414,0.8615,0.0161
2991.102,0.8638,0.0165
2991.791,0.8611,0.0172
2992.480,0.8733,0.0175
2993.169,0.8408,0.0163
2993.858,0.8455,0.0157
2994.548,0.8576,0.0155
2995.238,0.8829,0.0163
2995.927,0.8749,0.0165
2996.617,0.9232,0.0172
2997.307,0.9018,0.0176
2997.998,0.8942,0.0175
2998.688,0.8624,0.0176
2999.378,0.8499,0.0179
3000.069,0.8345,0.0177
3000.760,0.8535,0.0181
3001.451,0.8574,0.0180
3002.142,0.8229,0.0173
3002.834,0.8553,0.0170
3003.525,0.8555,0.0176
3004.217,0.8290,0.0183
3004.909,0.8235,0.0186
3005.601,0.8808,0.0179
3006.293,0.8787,0.0169
3006.985,0.8497,0.0160
3007.678,0.8659,0.0159
3008.370,0.8596,0.0167
3009.063,0.8745,0.0168
3009.756,0.9007,0.0170
3010.449,0.8629,0.0170
3011.142,0.8458,0.0164
3011.836,0.8626,0.0165
3012.529,0.8728,0.0173
3013.223,0.8327,0.0182
3013.917,0.7828,0.0180
3014.611,0.7799,0.0180
3015.305,0.7871,0.0178
3016.000,0.8461,0.0173
3016.694,0.8327,0.0166
3017.389,0.7809,0.0173
3018.084,0.8129,0.0176
3018.779,0.8084,0.0173
3019.474,0.8171,0.0168
3020.169,0.8327,0.0168
3020.865,0.8436,0.0166
3021.560,0.8303,0.0165
3022.256,0.8427,0.0164
3022.952,0.8397,0.0171
3023.648,0.8175,0.0174
3024.345,0.8291,0.0171
3025.041,0.8711,0.0169
3025.738,0.8252,0.0172
3026.435,0.7792,0.0168
3027.132,0.8030,0.0160
3027.828,0.8044,0.0157
3028.526,0.7899,0.0156
3029.223,0.8281,0.0160
3029.921,0.8324,0.0172
3030.619,0.8044,0.0177
3031.316,0.8229,0.0176
3032.014,0.8294,0.0186
3032.713,0.8305,0.0185
3033.411,0.8233,0.0175
3034.110,0.8336,0.0167
3034.808,0.8147,0.0164
3035.507,0.8157,0.0166
3036.206,0.7982,0.0168
3036.906,0.8010,0.0170
3037.605,0.8150,0.0167
3038.304,0.7953,0.0160
3039.004,0.8253,0.0165
3039.704,0.8332,0.0175
3040.404,0.8023,0.0179
3041.104,0.7795,0.0178
3041.804,0.7697,0.0178
3042.505,0.7680,0.0177
3043.206,0.7870,0.0170
3043.906,0.8144,0.0164
3044.607,0.7949,0.0157
3045.308,0.7989,0.0159
3046.010,0.7926,0.0162
3046.711,0.7910,0.0163
3047.413,0.8001,0.0163
3048.115,0.8042,0.0159
3048.816,0.7999,0.0161
3049.519,0.8037,0.0166
3050.221,0.8083,0.0165
3050.923,0.8166,0.0166
3051.626,0.8628,0.0172
3052.329,0.8119,0.0174
3053.031,0.7556,0.0174
3053.735,0.7853,0.0180
3054.438,0.7752,0.0185
3055.141,0.7991,0.0184
3055.845,0.7450,0.0176
3056.548,0.7902,0.0176
3057.252,0.7982,0.0183
3057.956,0.7825,0.0183
3058.660,0.8171,0.0170
3059.365,0.7932,0.0160
3060.069,0.7804,0.0170
3060.774,0.7351,0.0174
3061.479,0.7616,0.0171
3062.184,0.7952,0.0172
3062.889,0.8190,0.0178
3063.594,0.8118,0.0180
3064.300,0.7782,0.0177
3065.006,0.7686,0.0171
3065.711,0.7617,0.0167
3066.417,0.7762,0.0167
3067.124,0.7859,0.0168
3067.830,0.7665,0.0170
3068.536,0.7891,0.0174
3069.243,0.7653,0.0168
3069.950,0.8068,0.0165
3070.657,0.8009,0.0168
3071.364,0.7803,0.0173
3072.071,0.7994,0.0172
3072.779,0.7771,0.0164
3073.486,0.8047,0.0165
3074.194,0.7986,0.0167
3074.902,0.8186,0.0170
3075.610,0.8557,0.0180
3076.318,0.8296,0.0181
3077.027,0.7739,0.0179
3077.735,0.7527,0.0172
3078.444,0.7909,0.0168
3079.153,0.7695,0.0170
3079.862,0.7559,0.0170
3080.571,0.7629,0.0168
3081.281,0.7811,0.0165
3081.990,0.7590,0.0156
3082.700,0.7914,0.0159
3083.410,0.7826,0.0163
3084.120,0.7626,0.0171
3084.830,0.7492,0.0181
3085.541,0.7748,0.0179
3086.251,0.7739,0.0170
3086.962,0.7989,0.0169
3087.673,0.8194,0.0171
3088.384,0.7735,0.0162
3089.095,0.8169,0.0160
3089.806,0.7834,0.0167
3090.518,0.7759,0.0168
3091.230,0.7498,0.0168
3091.941,0.7270,0.0161
3092.654,0.7561,0.0155
3093.366,0.7718,0.0154
3094.078,0.7950,0.0156
3094.791,0.7842,0.0156
3095.503,0.7936,0.0159
3096.216,0.7590,0.0164
3096.929,0.7484,0.0172
3097.642,0.7573,0.0177
3098.356,0.7758,0.0178
3099.069,0.7614,0.0172
3099.783,0.7838,0.0171
3100.497,0.7760,0.0179
3101.211,0.8006,0.0184
3101.925,0.7728,0.0185
3102.639,0.7746,0.0185
3103.354,0.7482,0.0180
3104.068,0.7753,0.0181
3104.783,0.7721,0.0184
3105.498,0.7873,0.0182
3106.213,0.7998,0.0184
3106.928,0.8032,0.0174
3107.644,0.7671,0.0167
3108.360,0.7530,0.0175
3109.076,0.7404,0.0172
3109.792,0.7780,0.0171
3110.508,0.8013,0.0172
3111.224,0.7955,0.0170
3111.940,0.7919,0.0173
3112.657,0.7715,0.0171
3113.374,0.7494,0.0163
3114.091,0.7851,0.0163
3114.808,0.8090,0.0163
3115.525,0.7887,0.0164
3116.243,0.8003,0.0176
3116.960,0.7408,0.0178
3117.678,0.7717,0.0181
3118.396,0.8209,0.0176
3119.114,0.8135,0.0170
3119.833,0.8074,0.0171
3120.551,0.7766,0.0170
3121.270,0.7569,0.0174
3121.988,0.7706,0.0188
3122.707,0.8369,0.0190
3123.426,0.7918,0.0183
3124.146,0.8130,0.0180
3124.865,0.7703,0.0170
3125.585,0.7888,0.0168
3126.305,0.8038,0.0169
3127.024,0.7912,0.0170
3127.744,0.7796,0.0169
3128.465,0.7635,0.0169
3129.185,0.8065,0.0167
3129.906,0.8052,0.0166
3130.626,0.7656,0.0164
3131.348,0.7850,0.0168
3132.069,0.7600,0.0169
3132.790,0.7752,0.0165
3133.511,0.7898,0.0162
3134.233,0.8023,0.0171
3134.955,0.7833,0.0181
3135.677,0.7686,0.0182
3136.399,0.7712,0.0177
3137.121,0.7816,0.0170
3137.844,0.7799,0.0168
3138.566,0.7860,0.0170
3139.289,0.7887,0.0176
3140.012,0.7860,0.0176
3140.735,0.7825,0.0177
3141.458,0.7731,0.0176
3142.181,0.7800,0.0173
3142.905,0.7564,0.0169
3143.629,0.7839,0.0172
3144.353,0.7854,0.0170
3145.077,0.7552,0.0161
3145.801,0.7436,0.0157
3146.526,0.7679,0.0161
3147.250,0.8005,0.0164
3147.975,0.7796,0.0167
3148.700,0.7291,0.0166
3149.425,0.7511,0.0176
3150.150,0.7852,0.0170
3150.876,0.7436,0.0169
3151.601,0.7716,0.0177
3152.327,0.8109,0.0178
3153.053,0.7654,0.0173
3153.779,0.7766,0.0169
3154.505,0.7846,0.0190
3155.232,0.7786,0.0192
3155.958,0.7915,0.0184
3156.685,0.7951,0.0173
3157.412,0.7526,0.0170
3158.139,0.7987,0.0167
3158.867,0.8314,0.0173
3159.594,0.8161,0.0171
3160.322,0.8210,0.0168
3161.049,0.7822,0.0165
3161.777,0.8087,0.0167
3162.505,0.7964,0.0171
3163.234,0.8182,0.0182
3163.962,0.7955,0.0178
3164.691,0.7967,0.0173
3165.419,0.7888,0.0171
3166.148,0.7659,0.0168
3166.878,0.8007,0.0171
3167.607,0.7799,0.0183
3168.336,0.7853,0.0196
3169.066,0.8022,0.0192
3169.796,0.8034,0.0171
3170.526,0.8003,0.0169
3171.256,0.8446,0.0174
3171.986,0.8737,0.0181
3172.717,0.8282,0.0180
3173.447,0.8240,0.0182
3174.178,0.8170,0.0186
3174.909,0.8542,0.0185
3175.640,0.8328,0.0186
3176.371,0.8681,0.0190
3177.103,0.8463,0.0189
3177.834,0.8597,0.0183
3178.566,0.8841,0.0190
3179.298,0.8320,0.0191
3180.030,0.8348,0.0198
3180.763,0.8666,0.0196
3181.495,0.8381,0.0191
3182.228,0.8317,0.0184
3182.961,0.8097,0.0185
3183.694,0.8395,0.0193
3184.427,0.8181,0.0196
3185.160,0.8360,0.0186
3185.894,0.8309,0.0179
3186.627,0.8299,0.0174
3187.361,0.8211,0.0174
3188.095,0.8216,0.0174
3188.829,0.8355,0.0176
3189.564,0.8348,0.0172
3190.298,0.8215,0.0171
3191.033,0.8368,0.0170
3191.768,0.8128,0.0167
3192.503,0.7991,0.0167
3193.238,0.8127,0.0171
3193.973,0.8665,0.0176
3194.709,0.8326,0.0179
3195.445,0.8306,0.0181
3196.180,0.8526,0.0183
3196.917,0.8391,0.0192
3197.653,0.8416,0.0198
3198.389,0.8483,0.0200
3199.125,0.8227,0.0198
3199.862,0.8034,0.0191
3200.599,0.8113,0.0186
3201.336,0.8036,0.0185
3202.073,0.8236,0.0185
3202.811,0.8085,0.0180
3203.548,0.8215,0.0178
3204.286,0.8257,0.0174
3205.024,0.7864,0.0175
3205.762,0.8188,0.0177
3206.500,0.7898,0.0180
3207.239,0.7985,0.0174
3207.977,0.8203,0.0173
3208.716,0.8079,0.0176
3209.455,0.8044,0.0179
3210.194,0.8005,0.0181
3210.933,0.8182,0.0183
3211.673,0.8152,0.0183
3212.412,0.8062,0.0182
3213.152,0.8026,0.0179
3213.892,0.8060,0.0174
3214.632,0.7981,0.0175
3215.373,0.8057,0.0176
3216.113,0.8258,0.0173
3216.854,0.8224,0.0179
3217.594,0.7992,0.0186
3218.335,0.8319,0.0199
3219.076,0.8557,0.0201
3219.818,0.8318,0.0202
3220.559,0.7857,0.0191
3221.301,0.7644,0.0184
3222.043,0.7965,0.0189
3222.785,0.7929,0.0195
3223.527,0.7678,0.0188
3224.269,0.8087,0.0194
3225.012,0.8289,0.0200
3225.754,0.8033,0.0191
3226.497,0.7534,0.0181
3227.240,0.7200,0.0196
3227.983,0.7893,0.0201
3228.727,0.8024,0.0188
3229.470,0.8110,0.0187
3230.214,0.8032,0.0201
3230.958,0.7988,0.0200
3231.702,0.7952,0.0203
3232.446,0.7844,0.0197
3233.190,0.8103,0.0193
3233.935,0.7870,0.0186
3234.680,0.7935,0.0185
3235.425,0.7995,0.0179
3236.170,0.7959,0.0178
3236.915,0.7727,0.0184
3237.660,0.7513,0.0185
3238.406,0.7606,0.0185
3239.152,0.7777,0.0193
3239.897,0.8042,0.0189
3240.644,0.7981,0.0185
3241.390,0.7875,0.0183
3242.136,0.8200,0.0188
3242.883,0.8044,0.0191
3243.630,0.7849,0.0205
3244.377,0.7473,0.0204
3245.124,0.7979,0.0212
3245.871,0.7916,0.0203
3246.619,0.7465,0.0189
3247.366,0.7959,0.0188
3248.114,0.7673,0.0192
3248.862,0.7162,0.0194
3249.610,0.7397,0.0187
3250.359,0.7613,0.0181
3251.107,0.7730,0.0175
3251.856,0.7653,0.0176
3252.605,0.7592,0.0180
3253.354,0.8021,0.0191
3254.103,0.8359,0.0195
3254.852,0.7700,0.0183
3255.602,0.7649,0.0180
3256.352,0.7887,0.0180
3257.101,0.8055,0.0180
3257.851,0.8189,0.0176
3258.602,0.8110,0.0183
3259.352,0.8016,0.0196
3260.103,0.7452,0.0201
3260.853,0.7544,0.0186
3261.604,0.8028,0.0182
3262.355,0.7621,0.0174
3263.107,0.7698,0.0178
3263.858,0.7972,0.0180
3264.610,0.7380,0.0170
3265.362,0.7544,0.0177
3266.113,0.7603,0.0185
3266.866,0.7599,0.0187
3267.618,0.7453,0.0187
3268.370,0.7697,0.0179
3269.123,0.7640,0.0184
3269.876,0.7435,0.0190
3270.629,0.7680,0.0191
3271.382,0.7795,0.0199
3272.135,0.7462,0.0233
3272.889,0.7691,0.0235
3273.643,0.8300,0.0215
3274.396,0.8409,0.0193
3275.151,0.7544,0.0191
3275.905,0.7856,0.0203
3276.659,0.7922,0.0209
3277.414,0.7746,0.0205
3278.169,0.7404,0.0196
3278.923,0.7088,0.0194
3279.678,0.7616,0.0198
3280.434,0.7724,0.0187
3281.189,0.7584,0.0192
3281.945,0.7460,0.0194
3282.701,0.7449,0.0190
3283.457,0.7687,0.0185
3284.213,0.7611,0.0189
3284.969,0.7575,0.0199
3285.726,0.7737,0.0201
3286.482,0.7526,0.0225
3287.239,0.7888,0.0242
3287.996,0.8409,0.0228
3288.753,0.7979,0.0199
3289.510,0.7309,0.0192
3290.268,0.7605,0.0204
3291.026,0.7860,0.0209
3291.783,0.7449,0.0205
3292.542,0.7658,0.0197
3293.300,0.7478,0.0199
3294.058,0.7570,0.0199
3294.817,0.7641,0.0197
3295.575,0.7391,0.0194
3296.334,0.7502,0.0185
3297.094,0.7125,0.0179
3297.853,0.7510,0.0182
3298.612,0.7689,0.0182
3299.372,0.7605,0.0189
3300.132,0.7468,0.0197
3300.892,0.7903,0.0198
3301.652,0.7966,0.0199
3302.412,0.7393,0.0206
3303.173,0.7415,0.0223
3303.933,0.8128,0.0231
3304.694,0.8070,0.0246
3305.455,0.7800,0.0254
3306.217,0.7800,0.0237
3306.978,0.7626,0.0220
3307.739,0.7615,0.0227
3308.501,0.7454,0.0218
3309.263,0.7708,0.0199
3310.025,0.7464,0.0197
3310.787,0.7440,0.0205
3311.550,0.7395,0.0202
3312.312,0.7669,0.0202
3313.075,0.7487,0.0186
3313.838,0.7063,0.0184
3314.601,0.7750,0.0195
3315.364,0.7843,0.0205
3316.128,0.7821,0.0215
3316.892,0.7937,0.0216
3317.656,0.7687,0.0208
3318.419,0.7765,0.0200
3319.184,0.7253,0.0195
3319.948,0.7185,0.0191
3320.712,0.7236,0.0202
3321.477,0.7061,0.0205
3322.242,0.7488,0.0195
3323.007,0.7635,0.0194
3323.772,0.6996,0.0202
3324.538,0.6375,0.0216
3325.303,0.7115,0.0217
3326.069,0.7254,0.0201
3326.835,0.6945,0.0197
3327.601,0.7278,0.0204
3328.367,0.7510,0.0215
3329.134,0.7505,0.0218
3329.901,0.7948,0.0212
3330.667,0.7295,0.0196
3331.434,0.6989,0.0195
3332.202,0.7363,0.0202
3332.969,0.7258,0.0200
3333.737,0.7169,0.0191
3334.504,0.7070,0.0195
3335.272,0.7220,0.0200
3336.040,0.7143,0.0196
3336.808,0.7025,0.0191
3337.577,0.6795,0.0195
3338.345,0.6932,0.0202
3339.114,0.7029,0.0202
3339.883,0.6883,0.0197
3340.652,0.7259,0.0195
3341.422,0.7176,0.0194
3342.191,0.7066,0.0188
3342.961,0.7121,0.0192
3343.730,0.6732,0.0199
3344.500,0.7212,0.0202
3345.271,0.7452,0.0196
3346.041,0.7081,0.0190
3346.812,0.7183,0.0197
3347.582,0.7028,0.0202
3348.353,0.6959,0.0195
3349.125,0.7060,0.0206
3349.896,0.7227,0.0214
3350.667,0.6793,0.0207
3351.439,0.6691,0.0202
3352.210,0.6817,0.0208
3352.982,0.6931,0.0218
3353.755,0.7121,0.0223
3354.527,0.7478,0.0213
3355.299,0.7505,0.0226
3356.072,0.7116,0.0230
3356.845,0.7019,0.0216
3357.618,0.7307,0.0215
3358.391,0.6750,0.0213
3359.165,0.7034,0.0213
3359.938,0.7946,0.0233
3360.712,0.7568,0.0236
3361.486,0.6938,0.0214
3362.260,0.7077,0.0208
3363.034,0.7158,0.0217
3363.809,0.6640,0.0217
3364.583,0.6654,0.0215
3365.358,0.6715,0.0213
3366.133,0.6810,0.0210
3366.908,0.6874,0.0203
3367.684,0.7008,0.0200
3368.459,0.7068,0.0214
3369.235,0.6928,0.0228
3370.010,0.6693,0.0222
3370.787,0.7077,0.0203
3371.563,0.6865,0.0207
3372.339,0.7012,0.0209
3373.116,0.6730,0.0206
3373.893,0.6428,0.0212
3374.670,0.6748,0.0210
3375.447,0.5937,0.0209
3376.224,0.6291,0.0211
3377.002,0.6960,0.0207
3377.779,0.7139,0.0207
3378.557,0.6938,0.0215
3379.335,0.6970,0.0220
3380.113,0.7515,0.0225
3380.892,0.7474,0.0221
3381.670,0.7628,0.0224
3382.449,0.7432,0.0226
3383.228,0.6993,0.0220
3384.007,0.7451,0.0213
3384.786,0.7470,0.0217
3385.566,0.7353,0.0221
3386.345,0.7197,0.0222
3387.125,0.7201,0.0223
3387.905,0.7226,0.0219
3388.686,0.7118,0.0207
3389.466,0.6751,0.0198
3390.247,0.6913,0.0207
3391.027,0.6785,0.0207
3391.808,0.6982,0.0208
3392.589,0.7274,0.0212
3393.370,0.7121,0.0210
3394.152,0.7412,0.0209
3394.933,0.7078,0.0215
3395.715,0.6801,0.0212
3396.497,0.7116,0.0211
3397.280,0.7461,0.0220
3398.062,0.7416,0.0243
3398.844,0.7183,0.0266
3399.627,0.7227,0.0249
3400.410,0.7471,0.0232
3401.193,0.7067,0.0218
3401.976,0.6927,0.0219
3402.760,0.7432,0.0226
3403.543,0.7290,0.0218
3404.327,0.6679,0.0221
3405.111,0.7335,0.0223
3405.895,0.6943,0.0224
3406.679,0.7303,0.0226
3407.464,0.7151,0.0226
3408.249,0.6891,0.0214
3409.033,0.7265,0.0213
3409.819,0.7311,0.0221
3410.604,0.7140,0.0225
3411.389,0.7495,0.0225
3412.175,0.7187,0.0219
3412.960,0.6808,0.0219
3413.746,0.7145,0.0234
3414.533,0.7205,0.0236
3415.319,0.7551,0.0219
3416.105,0.7383,0.0212
3416.892,0.6475,0.0209
3417.679,0.6857,0.0212
3418.466,0.6551,0.0216
3419.253,0.7194,0.0242
3420.041,0.7354,0.0247
3420.828,0.7186,0.0244
3421.616,0.6978,0.0236
3422.404,0.6710,0.0216
3423.192,0.6921,0.0226
3423.980,0.6970,0.0211
3424.769,0.6812,0.0198
3425.558,0.6584,0.0201
3426.346,0.7031,0.0214
3427.135,0.7170,0.0222
3427.925,0.7181,0.0216
3428.714,0.7084,0.0208
3429.504,0.6984,0.0209
3430.293,0.7206,0.0218
3431.083,0.6786,0.0220
3431.874,0.6661,0.0260
3432.664,0.7771,0.0313
3433.454,0.7717,0.0328
3434.245,0.6534,0.0292
3435.036,0.6719,0.0269
3435.827,0.6468,0.0271
3436.618,0.6219,0.0279
3437.410,0.6957,0.0274
3438.201,0.6831,0.0265
3438.993,0.7088,0.0247
3439.785,0.7128,0.0235
3440.577,0.6875,0.0229
3441.369,0.7536,0.0245
3442.162,0.6729,0.0248
3442.954,0.6877,0.0236
3443.747,0.7634,0.0249
3444.541,0.7652,0.0254
3445.333,0.6735,0.0247
3446.127,0.7146,0.0258
3446.920,0.6971,0.0259
3447.714,0.7064,0.0245
3448.508,0.7397,0.0263
3449.302,0.7038,0.0270
3450.097,0.6443,0.0252
3450.891,0.7402,0.0245
3451.686,0.6949,0.0238
3452.481,0.6270,0.0241
3453.276,0.6111,0.0238
3454.071,0.6407,0.0229
3454.866,0.6487,0.0227
3455.662,0.6007,0.0236
3456.458,0.6256,0.0240
3457.254,0.6565,0.0234
3458.050,0.6806,0.0231
3458.846,0.6450,0.0227
3459.643,0.6728,0.0222
3460.440,0.6519,0.0232
3461.237,0.6901,0.0246
3462.034,0.7103,0.0260
3462.831,0.6842,0.0256
3463.628,0.6734,0.0243
3464.426,0.7211,0.0236
3465.224,0.7284,0.0231
3466.021,0.6309,0.0228
3466.820,0.6484,0.0232
3467.618,0.6935,0.0232
3468.417,0.6501,0.0246
3469.215,0.6731,0.0236
3470.014,0.6827,0.0237
3470.813,0.6895,0.0223
3471.613,0.6769,0.0219
3472.412,0.6551,0.0226
3473.212,0.6802,0.0223
3474.012,0.6715,0.0216
3474.812,0.6807,0.0222
3475.612,0.7159,0.0218
3476.412,0.6729,0.0214
3477.213,0.6384,0.0222
3478.013,0.6389,0.0235
3478.815,0.6631,0.0237
3479.616,0.6876,0.0234
3480.417,0.6593,0.0228
3481.219,0.6330,0.0228
3482.020,0.6378,0.0224
3482.822,0.6485,0.0235
3483.624,0.6796,0.0300
3484.426,0.7516,0.0347
3485.229,0.7891,0.0347
3486.031,0.8009,0.0309
3486.834,0.7278,0.0278
3487.637,0.7166,0.0253
3488.440,0.6929,0.0243
3489.243,0.6652,0.0243
3490.047,0.6779,0.0245
3490.851,0.7013,0.0235
3491.655,0.7376,0.0230
3492.458,0.7269,0.0228
3493.263,0.6575,0.0224
3494.067,0.6640,0.0225
3494.872,0.6459,0.0225
3495.677,0.6393,0.0234
3496.482,0.6395,0.0237
3497.287,0.6585,0.0234
3498.092,0.7063,0.0235
3498.898,0.6423,0.0240
3499.704,0.6796,0.0270
3500.510,0.6986,0.0303
3501.316,0.7091,0.0326
3502.122,0.7263,0.0306
3502.928,0.7394,0.0255
3503.735,0.6391,0.0220
3504.542,0.6149,0.0222
3505.349,0.6545,0.0240
3506.156,0.6792,0.0248
3506.964,0.6437,0.0233
3507.771,0.6740,0.0230
3508.579,0.6200,0.0219
3509.387,0.6320,0.0224
3510.195,0.6507,0.0227
3511.004,0.6784,0.0241
3511.812,0.6699,0.0237
3512.621,0.6152,0.0225
3513.430,0.6785,0.0223
3514.239,0.6790,0.0244
3515.048,0.6563,0.0262
3515.857,0.6312,0.0243
3516.667,0.6545,0.0229
3517.477,0.6335,0.0233
3518.287,0.6456,0.0228
3519.097,0.6586,0.0239
3519.908,0.6128,0.0268
3520.718,0.6702,0.0289
3521.529,0.7195,0.0273
3522.340,0.6872,0.0271
3523.151,0.6624,0.0249
3523.962,0.6505,0.0240
3524.774,0.6231,0.0243
3525.586,0.6458,0.0239
3526.398,0.6607,0.0248
3527.210,0.6157,0.0274
3528.022,0.6322,0.0271
3528.834,0.6391,0.0252
3529.647,0.6070,0.0242
3530.460,0.6131,0.0244
3531.273,0.5951,0.0253
3532.086,0.6240,0.0263
3532.899,0.6759,0.0298
3533.713,0.6395,0.0310
3534.527,0.6297,0.0291
3535.341,0.6402,0.0251
3536.155,0.5980,0.0230
3536.969,0.6214,0.0236
3537.784,0.5703,0.0237
3538.598,0.5895,0.0240
3539.413,0.5844,0.0240
3540.228,0.6097,0.0239
3541.044,0.6516,0.0252
3541.859,0.6510,0.0292
3542.675,0.7032,0.0290
3543.490,0.6832,0.0270
3544.307,0.7025,0.0267
3545.123,0.6506,0.0288
3545.939,0.5968,0.0303
3546.756,0.6304,0.0342
3547.572,0.7195,0.0390
3548.389,0.7018,0.0390
3549.207,0.6432,0.0349
3550.024,0.6020,0.0299
3550.841,0.6160,0.0309
3551.659,0.6224,0.0301
3552.477,0.5829,0.0278
3553.295,0.5697,0.0277
3554.113,0.5838,0.0289
3554.932,0.6106,0.0298
3555.750,0.5957,0.0294
3556.569,0.6266,0.0282
3557.388,0.5967,0.0254
3558.208,0.5652,0.0245
3559.027,0.6159,0.0275
3559.847,0.6041,0.0283
3560.666,0.6103,0.0281
3561.486,0.6604,0.0271
3562.306,0.6123,0.0280
3563.127,0.6149,0.0333
3563.947,0.5396,0.0450
3564.768,0.6302,0.0453
3565.589,0.6931,0.0360
3566.410,0.5894,0.0300
3567.231,0.5796,0.0288
3568.053,0.5579,0.0296
3568.875,0.5589,0.0289
3569.696,0.5857,0.0294
3570.518,0.5643,0.0299
3571.341,0.5383,0.0295
3572.163,0.5448,0.0314
3572.986,0.5440,0.0306
3573.808,0.6022,0.0357
3574.631,0.6492,0.0454
3575.455,0.6693,0.0440
3576.278,0.7203,0.0435
3577.102,0.5512,0.0366
3577.925,0.5590,0.0384
3578.749,0.6396,0.0382
3579.573,0.6863,0.0311
3580.398,0.5646,0.0284
3581.222,0.5686,0.0294
3582.047,0.6316,0.0325
3582.872,0.5564,0.0377
3583.697,0.5793,0.0366
3584.522,0.6544,0.0315
3585.348,0.6172,0.0292
3586.173,0.5550,0.0273
3586.999,0.6079,0.0274
3587.825,0.6139,0.0277
3588.651,0.5935,0.0267
3589.478,0.5554,0.0281
3590.304,0.5853,0.0346
3591.131,0.6588,0.0376
3591.958,0.6238,0.0319
3592.785,0.6389,0.0286
3593.613,0.5721,0.0292
3594.440,0.5352,0.0305
3595.268,0.5101,0.0302
3596.096,0.5650,0.0309
3596.924,0.5770,0.0410
3597.752,0.6337,0.0557
3598.581,0.6771,0.0535
3599.410,0.6404,0.0377
3600.239,0.5148,0.0315
3601.068,0.5696,0.0322
3601.897,0.5873,0.0294
3602.726,0.5598,0.0287
3603.556,0.5679,0.0305
3604.386,0.6046,0.0399
3605.216,0.6638,0.0395
3606.046,0.6540,0.0324
3606.876,0.5458,0.0290
3607.707,0.5085,0.0297
3608.538,0.5117,0.0292
3609.369,0.5521,0.0314
3610.200,0.5595,0.0437
3611.031,0.6395,0.0507
3611.863,0.6652,0.0455
3612.695,0.6148,0.0394
3613.527,0.5884,0.0345
3614.359,0.5527,0.0340
3615.191,0.5898,0.0332
3616.024,0.5976,0.0292
3616.856,0.5102,0.0264
3617.689,0.5629,0.0295
3618.522,0.5587,0.0284
3619.356,0.5977,0.0288
3620.189,0.5711,0.0354
3621.023,0.6207,0.0362
3621.857,0.5968,0.0318
3622.691,0.5039,0.0298
3623.525,0.5247,0.0294
3624.360,0.5898,0.0334
3625.194,0.6079,0.0451
3626.029,0.5612,0.0495
3626.864,0.6048,0.0432
3627.699,0.5772,0.0291
3628.535,0.6115,0.0286
3629.370,0.5929,0.0294
3630.206,0.5400,0.0292
3631.042,0.5679,0.0280
3631.878,0.5584,0.0284
3632.715,0.5741,0.0274
3633.551,0.5644,0.0278
3634.388,0.5351,0.0283
3635.225,0.5339,0.0268
3636.062,0.6111,0.0285
3636.899,0.6387,0.0328
3637.737,0.5611,0.0320
3638.574,0.5915,0.0313
3639.412,0.5906,0.0282
3640.250,0.5412,0.0258
3641.089,0.6322,0.0307
3641.927,0.6449,0.0349
3642.766,0.6163,0.0349
3643.605,0.5336,0.0320
3644.444,0.5360,0.0285
3645.283,0.5355,0.0267
3646.123,0.5295,0.0263
3646.962,0.5388,0.0266
3647.802,0.5309,0.0270
3648.642,0.5263,0.0263
3649.482,0.5766,0.0271
3650.323,0.5733,0.0262
3651.164,0.5302,0.0285
3652.004,0.5553,0.0285
3652.845,0.5188,0.0291
3653.686,0.6048,0.0300
3654.528,0.5873,0.0285
3655.369,0.5489,0.0273
3656.211,0.5676,0.0292
3657.053,0.5678,0.0307
3657.895,0.5277,0.0287
3658.738,0.5994,0.0285
3659.580,0.6094,0.0325
3660.423,0.5844,0.0335
3661.266,0.6270,0.0320
3662.109,0.5846,0.0283
3662.952,0.6141,0.0286
3663.796,0.5584,0.0279
3664.640,0.5413,0.0270
3665.484,0.5928,0.0282
3666.328,0.5456,0.0289
3667.172,0.5074,0.0272
3668.017,0.5967,0.0286
3668.861,0.5294,0.0289
3669.706,0.5426,0.0286
3670.551,0.5761,0.0282
3671.396,0.5254,0.0278
3672.242,0.5441,0.0267
3673.087,0.5477,0.0281
3673.933,0.5301,0.0305
3674.780,0.5503,0.0281
3675.626,0.5662,0.0274
3676.472,0.5425,0.0290
3677.319,0.5547,0.0301
3678.166,0.5348,0.0285
3679.013,0.5589,0.0282
3679.860,0.5852,0.0288
3680.707,0.5799,0.0291
3681.555,0.5662,0.0292
3682.403,0.5812,0.0279
3683.250,0.6284,0.0292
3684.099,0.5557,0.0328
3684.947,0.5210,0.0311
3685.796,0.5473,0.0290
3686.645,0.5283,0.0308
3687.494,0.5806,0.0331
3688.343,0.5490,0.0329
3689.192,0.5637,0.0333
3690.042,0.5177,0.0325
3690.892,0.4924,0.0299
3691.741,0.5637,0.0297
3692.592,0.5455,0.0297
3693.442,0.5599,0.0299
3694.292,0.5263,0.0296
3695.143,0.5798,0.0306
3695.994,0.6127,0.0332
3696.845,0.5470,0.0303
3697.697,0.5644,0.0308
3698.548,0.5156,0.0318
3699.400,0.5453,0.0319
3700.252,0.5784,0.0319
3701.104,0.5644,0.0328
3701.956,0.5409,0.0338
3702.809,0.5520,0.0331
3703.661,0.6087,0.0308
3704.514,0.5750,0.0302
3705.367,0.5256,0.0303
3706.220,0.5364,0.0290
3707.074,0.5783,0.0294
3707.928,0.5550,0.0310
3708.781,0.5414,0.0336
3709.636,0.5819,0.0344
3710.490,0.5955,0.0322
3711.344,0.5996,0.0302
3712.199,0.6172,0.0291
3713.054,0.5737,0.0294
3713.909,0.6131,0.0303
3714.764,0.6167,0.0295
3715.620,0.5619,0.0331
3716.476,0.5671,0.0349
3717.331,0.5933,0.0316
3718.188,0.5481,0.0322
3719.043,0.5453,0.0313
3719.900,0.5218,0.0311
3720.757,0.5162,0.0319
3721.614,0.5719,0.0325
3722.470,0.5665,0.0325
3723.328,0.4876,0.0332
3724.185,0.4679,0.0339
3725.043,0.4792,0.0320
3725.901,0.5359,0.0328
3726.759,0.5926,0.0330
3727.617,0.5615,0.0333
3728.475,0.5420,0.0365
3729.334,0.5348,0.0335
3730.193,0.5646,0.0302
3731.052,0.6022,0.0321
3731.911,0.6210,0.0336
3732.770,0.5982,0.0323
3733.630,0.6076,0.0332
3734.490,0.7010,0.0353
3735.350,0.5788,0.0338
3736.210,0.5141,0.0345
3737.070,0.5577,0.0366
3737.931,0.5450,0.0371
3738.792,0.5037,0.0347
3739.653,0.6161,0.0421
3740.514,0.5934,0.0498
3741.375,0.5546,0.0531
3742.237,0.5691,0.0482
3743.099,0.6469,0.0460
3743.960,0.6147,0.0512
3744.823,0.5896,0.0514
3745.685,0.5649,0.0460
3746.548,0.5005,0.0375
3747.411,0.5330,0.0461
3748.273,0.6770,0.0524
3749.136,0.7041,0.0544
3750.000,0.5699,0.0504
3750.864,0.5795,0.0406
3751.727,0.5070,0.0343
3752.592,0.4319,0.0315
3753.456,0.5405,0.0362
3754.320,0.5907,0.0433
3755.184,0.5992,0.0415
3756.049,0.5976,0.0323
3756.914,0.5628,0.0320
3757.779,0.5659,0.0318
3758.645,0.6053,0.0331
3759.510,0.5638,0.0324
3760.376,0.5879,0.0321
3761.242,0.5833,0.0308
3762.108,0.5604,0.0329
3762.974,0.5214,0.0339
3763.841,0.4687,0.0296
3764.708,0.4898,0.0353
3765.575,0.4340,0.0414
3766.442,0.4558,0.0392
3767.309,0.4987,0.0416
3768.177,0.5886,0.0442
3769.045,0.7116,0.0600
3769.912,0.6342,0.0621
3770.781,0.7271,0.0658
3771.649,0.6077,0.0489
3772.518,0.5516,0.0414
3773.386,0.7096,0.0559
3774.255,0.6479,0.0509
3775.124,0.6286,0.0401
3775.994,0.4910,0.0382
3776.863,0.4985,0.0369
3777.733,0.5385,0.0391
3778.603,0.5495,0.0460
3779.473,0.5654,0.0420
3780.343,0.4799,0.0382
3781.214,0.4847,0.0389
3782.085,0.4761,0.0350
3782.956,0.4711,0.0342
3783.827,0.4653,0.0380
3784.698,0.4486,0.0340
3785.570,0.5160,0.0369
3786.442,0.5441,0.0429
3787.313,0.5682,0.0423
3788.186,0.4815,0.0374
3789.058,0.4525,0.0367
3789.930,0.4739,0.0381
3790.803,0.4409,0.0388
3791.677,0.4306,0.0322
3792.550,0.4899,0.0371
3793.423,0.7264,0.0559
3794.297,1.0813,0.0893
3795.170,0.8568,0.0997
3796.044,0.4703,0.0467
3796.918,0.4526,0.0404
3797.793,0.4858,0.0481
3798.667,0.4960,0.0395
3799.542,0.4546,0.0354
3800.417,0.4680,0.0373
3801.292,0.5011,0.0568
3802.168,0.5458,0.0515
3803.043,0.4423,0.0401
3803.919,0.3779,0.0400
3804.795,0.4267,0.0409
3805.671,0.4557,0.0385
3806.548,0.4372,0.0357
3807.424,0.5501,0.0578
3808.301,0.5476,0.0770
3809.178,0.8374,0.0776
3810.055,0.6504,0.0481
3810.933,0.3746,0.0346
3811.810,0.5052,0.0385
3812.688,0.5055,0.0399
3813.566,0.4558,0.0342
3814.444,0.5208,0.0323
3815.323,0.5434,0.0343
3816.201,0.5060,0.0380
3817.080,0.5197,0.0437
3817.959,0.5234,0.0545
3818.838,0.5165,0.0518
3819.718,0.4962,0.0448
3820.597,0.4701,0.0434
3821.477,0.4902,0.0421
3822.357,0.5130,0.0358
3823.237,0.6414,0.0532
3824.118,0.6159,0.0888
3824.999,0.6721,0.0889
3825.879,0.5925,0.0514
3826.760,0.4276,0.0325
3827.641,0.4980,0.0381
3828.523,0.5411,0.0377
3829.405,0.5382,0.0361
3830.287,0.4957,0.0349
3831.168,0.4611,0.0328
3832.051,0.4124,0.0348
3832.933,0.4674,0.0346
3833.816,0.4259,0.0345
3834.699,0.4234,0.0314
3835.582,0.4954,0.0335
3836.465,0.5216,0.0417
3837.349,0.4825,0.0439
3838.233,0.5680,0.0398
3839.116,0.4645,0.0348
3840.000,0.4466,0.0366
3840.885,0.5105,0.0405
3841.769,0.5956,0.0637
3842.654,0.7717,0.0623
3843.539,0.6019,0.0440
3844.424,0.4408,0.0366
3845.309,0.4139,0.0389
3846.195,0.3698,0.0400
3847.080,0.4594,0.0337
3847.966,0.5355,0.0335
3848.852,0.4365,0.0312
3849.739,0.4660,0.0348
3850.625,0.4583,0.0345
3851.512,0.4876,0.0320
3852.399,0.5179,0.0326
3853.286,0.4922,0.0342
3854.173,0.4808,0.0359
3855.061,0.4853,0.0350
3855.949,0.5111,0.0342
3856.837,0.5568,0.0361
3857.725,0.5797,0.0376
3858.613,0.5430,0.0357
3859.502,0.4404,0.0339
3860.391,0.4989,0.0364
3861.280,0.5321,0.0436
3862.169,0.5175,0.0453
3863.058,0.4859,0.0386
3863.948,0.4611,0.0349
3864.838,0.4200,0.0364
3865.728,0.5254,0.0370
3866.618,0.4934,0.0339
3867.509,0.4758,0.0318
3868.399,0.4678,0.0316
3869.290,0.4599,0.0334
3870.181,0.6256,0.0527
3871.072,0.4468,0.0472
3871.964,0.4947,0.0400
3872.855,0.5202,0.0329
3873.747,0.4816,0.0328
3874.639,0.4674,0.0350
3875.531,0.4499,0.0357
3876.424,0.4656,0.0367
3877.316,0.4747,0.0381
3878.209,0.4864,0.0349
3879.103,0.4945,0.0366
3879.996,0.5140,0.0400
3880.890,0.5035,0.0375
3881.783,0.4495,0.0336
3882.677,0.4855,0.0351
3883.571,0.5194,0.0443
3884.465,0.4822,0.0475
3885.360,0.4441,0.0404
3886.255,0.4661,0.0342
3887.150,0.4683,0.0324
3888.045,0.4221,0.0318
3888.940,0.4130,0.0323
3889.836,0.4404,0.0332
3890.731,0.4479,0.0333
3891.627,0.4137,0.0363
3892.524,0.5448,0.0408
3893.420,0.4215,0.0411
3894.317,0.4119,0.0416
3895.213,0.5061,0.0403
3896.111,0.4650,0.0421
3897.008,0.4475,0.0446
3897.905,0.6248,0.0434
3898.803,0.5417,0.0456
3899.701,0.5774,0.0531
3900.598,0.5586,0.0481
3901.497,0.4368,0.0479
3902.396,0.5429,0.0444
3903.294,0.4683,0.0414
3904.193,0.3800,0.0405
3905.092,0.4079,0.0375
3905.991,0.4876,0.0397
3906.891,0.4616,0.0439
3907.790,0.5023,0.0499
3908.690,0.4396,0.0484
3909.591,0.5418,0.0475
3910.491,0.5550,0.0467
3911.391,0.4708,0.0461
3912.292,0.4836,0.0473
3913.193,0.4983,0.0502
3914.094,0.4485,0.0463
3914.996,0.3775,0.0483
3915.897,0.4498,0.0472
3916.799,0.5252,0.0464
3917.701,0.4129,0.0434
3918.603,0.3935,0.0392
3919.505,0.5075,0.0384
3920.408,0.5096,0.0393
3921.311,0.4551,0.0391
3922.214,0.4242,0.0375
3923.117,0.4740,0.0338
3924.020,0.5225,0.0393
3924.924,0.4445,0.0428
3925.828,0.4129,0.0406
3926.732,0.4662,0.0377
3927.636,0.4849,0.0349
3928.541,0.4708,0.0357
3929.446,0.5017,0.0376
3930.350,0.4551,0.0406
3931.256,0.4355,0.0388
3932.161,0.4639,0.0381
3933.066,0.4974,0.0398
3933.972,0.4484,0.0362
3934.878,0.4418,0.0349
3935.784,0.4824,0.0358
3936.690,0.4473,0.0340
3937.597,0.4526,0.0346
3938.504,0.4611,0.0347
3939.411,0.4735,0.0331
3940.318,0.5737,0.0347
3941.225,0.4744,0.0356
3942.133,0.4692,0.0364
3943.041,0.5419,0.0426
3943.949,0.4670,0.0375
3944.857,0.4726,0.0352
3945.765,0.6039,0.0384
3946.674,0.5378,0.0386
3947.583,0.5445,0.0390
3948.492,0.5028,0.0421
3949.401,0.4898,0.0434
3950.311,0.6029,0.0422
3951.221,0.5319,0.0372
3952.130,0.4350,0.0346
3953.041,0.3836,0.0361
3953.951,0.3957,0.0385
3954.861,0.4613,0.0421
3955.772,0.4567,0.0425
3956.683,0.4528,0.0457
3957.594,0.6034,0.0595
3958.506,0.5507,0.0621
3959.417,0.5733,0.0578
3960.329,0.5767,0.0593
3961.241,0.5618,0.0603
3962.153,0.5315,0.0519
3963.066,0.3807,0.0436
3963.978,0.5473,0.0475
3964.891,0.6608,0.0677
3965.804,0.6296,0.0656
3966.718,0.5386,0.0541
3967.631,0.3971,0.0513
3968.545,0.4941,0.0540
3969.458,0.4610,0.0471
3970.373,0.4742,0.0447
3971.287,0.5946,0.0516
3972.201,0.6025,0.0534
3973.116,0.4833,0.0441
3974.031,0.4255,0.0399
3974.946,0.4608,0.0387
3975.862,0.4949,0.0364
3976.777,0.5027,0.0396
3977.693,0.5319,0.0393
3978.609,0.5535,0.0380
3979.525,0.4763,0.0377
3980.442,0.4611,0.0402
3981.358,0.4827,0.0450
3982.275,0.4038,0.0410
3983.192,0.3667,0.0508
3984.109,0.3991,0.0517
3985.027,0.4679,0.0498
3985.945,0.6052,0.0519
3986.863,0.6384,0.0725
3987.781,0.7084,0.0761
3988.699,0.8253,0.0709
3989.617,0.5261,0.0604
3990.536,0.5114,0.0534
3991.455,0.5955,0.0631
3992.374,0.4757,0.0624
3993.294,0.3659,0.0501
3994.213,0.3803,0.0445
3995.133,0.4827,0.0424
3996.053,0.4744,0.0398
3996.973,0.5059,0.0427
3997.894,0.5030,0.0514
3998.815,0.4954,0.0524
3999.736,0.4581,0.0434
4000.656,0.4129,0.0404
4001.578,0.4149,0.0418
4002.499,0.4114,0.0410
4003.421,0.4790,0.0408
4004.343,0.5331,0.0436
4005.265,0.5685,0.0543
4006.188,0.5850,0.0645
4007.110,0.3946,0.0534
4008.033,0.3856,0.0468
4008.956,0.4093,0.0505
4009.879,0.3601,0.0508
4010.802,0.3209,0.0482
4011.726,0.4442,0.0463
4012.650,0.5422,0.0458
4013.574,0.8334,0.0755
4014.498,0.6924,0.0863
4015.422,0.5324,0.0686
4016.347,0.4999,0.0562
4017.272,0.3606,0.0511
4018.197,0.4795,0.0494
4019.123,0.4789,0.0462
4020.048,0.4239,0.0439
4020.974,0.5442,0.0487
4021.900,0.6651,0.0606
4022.826,0.4323,0.0528
4023.752,0.3932,0.0480
4024.679,0.3359,0.0518
4025.606,0.3202,0.0579
4026.533,0.3619,0.0515
4027.460,0.5075,0.0439
4028.388,0.6970,0.0570
4029.315,0.7399,0.0786
4030.243,0.4852,0.0800
4031.171,0.5456,0.0665
4032.100,0.4959,0.0502
4033.029,0.5157,0.0510
4033.957,0.4457,0.0489
4034.886,0.4989,0.0477
4035.815,0.4643,0.0461
4036.745,0.4782,0.0418
4037.674,0.4738,0.0410
4038.604,0.4551,0.0452
4039.534,0.5810,0.0551
4040.464,0.4959,0.0700
4041.395,0.4732,0.0576
4042.325,0.3640,0.0500
4043.256,0.2862,0.0499
4044.187,0.3415,0.0446
4045.119,0.3505,0.0484
4046.050,0.5518,0.0656
4046.982,0.4096,0.0762
4047.914,0.4009,0.0722
4048.846,0.4146,0.0557
4049.778,0.3165,0.0482
4050.711,0.4072,0.0531
4051.644,0.4888,0.0532
4052.577,0.4200,0.0481
4053.510,0.4863,0.0445
4054.444,0.4918,0.0402
4055.377,0.3955,0.0394
4056.311,0.4303,0.0468
4057.245,0.4227,0.0522
4058.179,0.4614,0.0530
4059.114,0.4549,0.0523
4060.049,0.4276,0.0626
4060.984,0.4602,0.0622
4061.919,0.4234,0.0507
4062.855,0.3226,0.0466
4063.790,0.4036,0.0469
4064.726,0.4897,0.0483
4065.662,0.6304,0.0719
4066.598,0.7618,0.0816
4067.535,0.5266,0.0631
4068.471,0.5045,0.0455
4069.408,0.3668,0.0455
4070.346,0.2826,0.0416
4071.283,0.3604,0.0407
4072.220,0.3919,0.0421
4073.158,0.4130,0.0424
4074.096,0.3750,0.0392
4075.034,0.3991,0.0406
4075.973,0.3636,0.0426
4076.911,0.4089,0.0402
4077.850,0.4237,0.0434
4078.789,0.3072,0.0429
4079.729,0.4148,0.0412
4080.668,0.4638,0.0405
4081.608,0.4861,0.0451
4082.548,0.5060,0.0532
4083.488,0.5328,0.0614
4084.428,0.5295,0.0516
4085.369,0.4378,0.0466
4086.310,0.4411,0.0505
4087.251,0.5592,0.0690
4088.192,0.5636,0.0741
4089.133,0.5005,0.0622
4090.075,0.3646,0.0484
4091.017,0.3490,0.0504
4091.959,0.4249,0.0475
4092.901,0.4094,0.0455
4093.844,0.3557,0.0447
4094.786,0.4855,0.0437
4095.729,0.4827,0.0462
4096.673,0.3498,0.0478
4097.616,0.3717,0.0462
4098.560,0.4662,0.0457
4099.503,0.4724,0.0461
4100.448,0.4355,0.0449
4101.392,0.4768,0.0416
4102.336,0.4259,0.0412
4103.281,0.4116,0.0459
4104.226,0.4454,0.0520
4105.171,0.4455,0.0560
4106.116,0.4495,0.0542
4107.062,0.5116,0.0579
4108.008,0.4933,0.0523
4108.954,0.4651,0.0478
4109.900,0.4200,0.0500
4110.847,0.4620,0.0474
4111.793,0.5270,0.0519
4112.740,0.4860,0.0712
4113.687,0.4345,0.0718
4114.635,0.4258,0.0540
4115.582,0.4227,0.0481
4116.530,0.3682,0.0441
4117.478,0.3678,0.0475
4118.426,0.4433,0.0501
4119.375,0.4273,0.0466
4120.323,0.4374,0.0490
4121.272,0.4762,0.0565
4122.221,0.4025,0.0534
4123.170,0.4220,0.0508
4124.120,0.3924,0.0442
4125.069,0.3979,0.0477
4126.020,0.4777,0.0470
4126.970,0.4177,0.0464
4127.920,0.2930,0.0527
4128.871,0.3475,0.0529
4129.821,0.4111,0.0514
4130.772,0.3917,0.0513
4131.724,0.4480,0.0506
4132.675,0.3802,0.0533
4133.627,0.3644,0.0530
4134.579,0.4748,0.0495
4135.531,0.4295,0.0495
4136.483,0.5169,0.0482
4137.436,0.5131,0.0514
4138.388,0.4185,0.0539
4139.341,0.3947,0.0536
4140.295,0.4748,0.0511
4141.248,0.5184,0.0493
4142.202,0.4774,0.0492
4143.156,0.4480,0.0462
4144.110,0.3853,0.0442
4145.064,0.3102,0.0505
4146.019,0.7122,0.3671
4146.974,0.2509,0.2609
4147.929,0.9441,0.1741
4148.884,0.2797,0.1024
4149.839,0.1351,0.0957
4150.795,0.2731,0.1039
4151.750,0.2503,0.0968
4152.707,0.2977,0.0921
4153.663,0.4297,0.0936
4154.620,0.5525,0.0819
4155.576,0.7235,0.0861
4156.534,0.6224,0.0934
4157.491,0.6074,0.0959
4158.448,0.9227,0.1039
4159.406,0.5485,0.1470
4160.363,0.8670,0.1566
4161.321,0.9865,0.1218
4162.280,0.9118,0.1019
4163.238,0.7678,0.0996
4164.197,0.5707,0.1311
4165.156,0.6325,0.2166
4166.115,0.6105,0.1938
4167.075,0.7309,0.1491
4168.034,0.6721,0.1046
4168.994,0.4691,0.0891
4169.954,0.4580,0.0993
4170.914,0.5056,0.0915
4171.875,0.6834,0.0892
4172.835,0.5634,0.0899
4173.796,0.5006,0.0889
4174.758,0.4827,0.0837
4175.719,0.3640,0.0832
4176.681,0.7009,0.0922
4177.643,0.6391,0.0942
4178.604,0.5635,0.0879
4179.567,0.6638,0.0874
4180.529,0.7677,0.0950
4181.492,0.7044,0.1147
4182.455,0.7179,0.1226
4183.418,1.0261,0.1069
4184.381,0.8435,0.0907
4185.345,0.7515,0.0985
4186.309,0.6427,0.1268
4187.273,0.3023,0.1432
4188.237,0.9495,0.1224
4189.202,0.5906,0.0985
4190.166,0.4999,0.0924
4191.131,0.5250,0.0878
4192.097,0.4916,0.0875
4193.062,0.5656,0.0862
4194.027,0.4317,0.0848
4194.993,0.4933,0.0862
4195.959,0.6076,0.0897
4196.926,0.6051,0.0899
4197.892,0.5235,0.0885
4198.859,0.5302,0.0943
4199.826,0.6545,0.0963
4200.792,0.6213,0.0967
4201.760,0.5315,0.0982
4202.728,0.5290,0.0947
4203.696,0.5246,0.0939
4204.664,0.4859,0.0944
4205.632,0.7310,0.1055
4206.601,0.6277,0.1176
4207.569,0.6087,0.1032
4208.538,0.5447,0.0912
4209.507,0.4237,0.1001
4210.477,0.4128,0.1238
4211.446,0.3752,0.1222
4212.416,0.5131,0.1054
4213.386,0.4666,0.0977
4214.356,0.3886,0.1012
4215.327,0.4332,0.0971
4216.297,0.5223,0.0937
4217.269,0.5376,0.1098
4218.240,0.5849,0.1172
4219.211,0.6894,0.1274
4220.183,0.7621,0.1425
4221.155,1.0137,0.1602
4222.127,1.2833,0.1724
4223.099,0.6296,0.1801
4224.071,1.0283,0.1869
4225.044,0.7467,0.1918
4226.018,0.4453,0.1899
4226.990,0.5004,0.1968
4227.964,0.3945,0.1923
4228.938,0.3531,0.1808
4229.911,0.4433,0.1816
4230.885,0.2939,0.1740
4231.860,0.4560,0.1596
4232.834,0.7188,0.1555
4233.809,0.6158,0.1328
4234.784,0.9532,0.1513
4235.759,0.6351,0.1480
4236.735,0.8882,0.1870
4237.710,1.2114,0.1925
4238.686,1.1682,0.2050
4239.662,1.0939,0.2281
4240.639,1.2802,0.2400
4241.615,1.3002,0.2428
4242.592,0.9885,0.1877
4243.569,0.9369,0.1853
4244.546,0.9680,0.1979
4245.524,0.5523,0.1773
4246.501,0.4174,0.1814
4247.479,0.7024,0.1688
4248.457,0.4726,0.1533
4249.436,0.3833,0.1572
4250.415,0.6771,0.1527
4251.393,0.7693,0.1396
4252.372,0.5040,0.1375
4253.352,0.5140,0.1355
4254.331,0.6670,0.1331
4255.311,0.7378,0.1303
4256.291,0.6130,0.1115
4257.271,0.5500,0.1136
4258.251,0.9956,0.1254
4259.231,0.5126,0.1074
4260.212,0.4627,0.1196
4261.194,0.4852,0.1158
4262.175,0.5171,0.1127
4263.156,0.8248,0.1118
4264.138,0.5929,0.1147
4265.120,0.7690,0.1222
4266.102,0.7255,0.1066
4267.085,0.5884,0.1033
4268.067,0.5415,0.1055
4269.050,0.5001,0.0982
4270.033,0.4808,0.0982
4271.017,0.6934,0.1004
4272.000,0.6670,0.1039
4272.984,0.4723,0.0983
4273.968,0.3957,0.0991
4274.952,0.5545,0.1113
4275.937,0.7036,0.1060
4276.921,0.5202,0.0977
4277.906,0.5633,0.1119
4278.892,0.6002,0.1143
4279.876,0.4709,0.1231
4280.862,0.3507,0.1276
4281.848,0.3078,0.1117
4282.834,0.2663,0.1143
4283.820,0.3998,0.1143
4284.807,0.3524,0.1145
4285.793,0.3654,0.1238
4286.781,0.8162,0.1312
4287.768,1.0177,0.1430
4288.755,1.4494,0.1575
4289.743,1.5515,0.2312
4290.730,1.4873,0.3487
4291.719,1.4964,0.3150
4292.707,1.4118,0.3101
4293.696,1.1736,0.3167
4294.685,0.8276,0.3336
4295.673,1.0906,0.2330
4296.663,1.2901,0.1588
4297.652,1.0591,0.2091
4298.642,0.6735,0.3521
4299.631,1.0000,1.0000
4300.622,0.5003,0.2746
4301.612,0.9196,0.1788
4302.603,0.8184,0.1515
4303.594,0.8109,0.1423
4304.584,1.0351,0.1595
4305.576,0.2350,0.1988
4306.567,0.4988,0.1977
4307.559,0.8457,0.1709
4308.551,0.8147,0.1368
4309.543,0.5536,0.1169
4310.536,0.3458,0.1250
4311.528,0.2718,0.1268
4312.521,0.2463,0.1361
4313.515,0.4387,0.1378
4314.508,0.3826,0.1423
4315.501,0.2566,0.1334
4316.495,0.5896,0.1351
4317.489,0.8591,0.1531
4318.483,0.8226,0.2004
4319.478,1.3054,0.2575
4320.473,1.6389,0.2593
4321.467,1.9474,0.2593
4322.463,1.6906,0.4725
4323.458,1.0000,1.0000
4324.454,1.2025,0.4912
4325.450,1.6542,0.2962
4326.446,1.0562,0.2346
4327.442,0.4425,0.3171
4328.438,1.0000,1.0000
4329.436,0.4035,0.2098
4330.432,0.5827,0.1596
4331.430,0.5611,0.1636
4332.427,0.6637,0.1650
4333.425,0.7189,0.1662
4334.422,0.6108,0.1958
4335.421,0.5848,0.1680
4336.419,0.6968,0.1329
4337.418,0.8396,0.1420
4338.417,0.7856,0.1252
4339.416,0.6736,0.1179
4340.415,0.7436,0.1316
4341.415,0.7269,0.1613
4342.414,0.7129,0.2519
4343.414,0.4138,0.3094
4344.415,0.4281,0.2101
4345.415,0.8400,0.1544
4346.416,0.8550,0.1981
4347.417,0.4985,0.2086
4348.418,1.1262,0.2208
4349.419,1.3428,0.1595
4350.421,1.7211,0.2414
4351.422,1.2092,0.4789
4352.425,1.0000,1.0000
4353.427,0.4598,0.3662
4354.430,0.9062,0.2034
4355.432,0.5231,0.1913
4356.436,0.6258,0.1942
4357.438,0.9697,0.1804
4358.442,0.6702,0.1604
4359.446,1.0476,0.2562
4360.449,0.8109,0.3769
4361.454,1.0000,1.0000
4362.458,0.4606,0.2059
4363.463,1.2853,0.2390
4364.467,0.7924,0.3579
4365.473,1.4551,0.2343
4366.478,1.2983,0.1714
4367.483,2.4265,0.3781
4368.489,1.0479,0.5779
4369.495,1.0000,1.0000
4370.501,1.0364,0.3290
4371.508,1.2005,0.1655
4372.514,1.0000,1.0000
4373.521,1.0000,1.0000
4374.529,0.4788,0.1569
4375.536,0.6128,0.1425
4376.543,0.5679,0.1384
4377.552,0.6595,0.1234
4378.560,0.9930,0.1680
4379.568,1.1209,0.2731
4380.577,0.3865,0.2775
4381.585,1.0000,1.0000
4382.594,0.9564,0.2110
4383.604,1.0206,0.2319
4384.613,1.0290,0.1585
4385.623,1.1113,0.1849
4386.633,1.7418,0.4208
4387.643,1.1841,0.5181
4388.653,1.0000,1.0000
4389.664,0.5061,0.1886
4390.675,0.5918,0.1548
4391.686,0.4804,0.1661
4392.697,0.4870,0.1651
4393.708,0.3835,0.1435
4394.720,0.3929,0.1292
4395.732,0.5705,0.1173
4396.745,0.3830,0.1186
4397.757,0.6721,0.1256
4398.770,0.6327,0.1491
4399.783,0.4842,0.1378
4400.796,1.0968,0.1444
4401.810,1.2089,0.1949
4402.823,0.2632,0.2214
4403.837,0.2510,0.1668
4404.852,0.6718,0.1769
4405.866,0.7492,0.1590
4406.880,1.1678,0.1452
4407.896,2.3928,0.2420
4408.910,1.0000,1.0000
4409.926,1.0000,1.0000
4410.941,0.7550,0.1436
4411.957,0.5890,0.1212
4412.973,0.3215,0.1299
4413.989,0.4170,0.1355
4415.005,0.6569,0.1276
4416.022,0.4788,0.1365
4417.040,0.4596,0.1337
4418.057,0.5352,0.1220
4419.074,0.3101,0.1247
4420.091,0.5938,0.1236
4421.109,0.5108,0.1225
4422.127,0.5921,0.1321
4423.146,0.7406,0.1387
4424.164,0.9008,0.1325
4425.183,1.1912,0.1575
4426.202,1.2499,0.1815
4427.222,0.5225,0.1945
4428.241,0.8208,0.1549
4429.261,0.7574,0.1299
4430.281,0.5383,0.1337
4431.301,1.2573,0.1983
4432.321,0.4809,0.2479
4433.342,1.0000,1.0000
4434.363,0.3563,0.1417
4435.384,0.5407,0.1267
4436.406,0.2000,0.1406
4437.427,0.5914,0.1396
4438.449,0.6091,0.1320
4439.471,0.5020,0.1365
4440.494,0.4893,0.1471
4441.517,0.4435,0.1455
4442.539,0.3913,0.1320
4443.562,0.4812,0.1279
4444.585,0.5440,0.1250
4445.609,0.4759,0.1297
4446.633,0.4757,0.1241
4447.657,0.5319,0.1333
4448.681,0.6276,0.1367
4449.705,0.7253,0.1326
4450.730,0.6704,0.1326
4451.755,0.9900,0.1307
4452.780,1.0230,0.1577
4453.806,0.8072,0.1751
4454.832,0.6738,0.1591
4455.857,0.7367,0.1394
4456.883,0.8144,0.1505
4457.910,1.2288,0.2069
4458.936,0.4619,0.2156
4459.963,0.2008,0.1684
4460.990,0.7237,0.1361
4462.018,0.5854,0.1329
4463.045,0.4873,0.1239
4464.073,0.7067,0.1215
4465.101,0.8575,0.1482
4466.129,0.6812,0.1490
4467.157,0.5096,0.1198
4468.186,0.7619,0.1274
4469.215,0.9280,0.1267
4470.244,0.6229,0.1477
4471.274,0.3833,0.1494
4472.303,0.4904,0.1322
4473.333,0.7112,0.1389
4474.364,0.6985,0.1382
4475.394,0.6787,0.1375
4476.424,0.8486,0.1402
4477.455,0.7406,0.1314
4478.487,0.7585,0.1246
4479.518,0.7014,0.1295
4480.549,0.4172,0.1491
4481.581,1.1667,0.1524
4482.613,0.4668,0.1689
4483.646,0.5013,0.1645
4484.678,0.8154,0.1385
4485.711,0.9239,0.1434
4486.744,1.0185,0.1856
4487.777,0.4115,0.1842
4488.811,0.1214,0.1410
4489.844,0.4483,0.1375
4490.878,0.7743,0.1383
4491.913,0.6335,0.1455
4492.947,0.3266,0.1279
4493.981,0.6663,0.1279
4495.016,1.0000,1.0000
4496.052,1.0000,1.0000
4497.087,1.0000,1.0000
4498.122,1.0000,1.0000
4499.158,1.0000,1.0000
4500.194,1.0000,1.0000
4501.230,1.0000,1.0000
4502.267,1.0000,1.0000
4503.304,1.0000,1.0000
4504.341,1.0000,1.0000
4505.378,1.0000,1.0000
4506.416,1.0000,1.0000
4507.454,1.0000,1.0000
4508.492,1.0000,1.0000
4509.530,1.0000,1.0000
4510.568,1.0000,1.0000
4511.607,1.0000,1.0000
4512.646,1.0000,1.0000
4513.685,1.0000,1.0000
4514.725,1.0000,1.0000
4515.765,1.0000,1.0000
4516.804,1.0000,1.0000
4517.844,1.0000,1.0000
4518.885,1.0000,1.0000
4519.925,1.0000,1.0000
4520.966,1.0000,1.0000
4522.007,1.0000,1.0000
4523.049,1.0000,1.0000
4524.090,1.0000,1.0000
4525.132,1.0000,1.0000
4526.174,1.0000,1.0000
4527.217,1.0000,1.0000
4528.259,1.0000,1.0000
4529.302,1.0000,1.0000
4530.345,1.0000,1.0000
4531.388,1.0000,1.0000
4532.432,1.0000,1.0000
4533.476,1.0000,1.0000
4534.520,1.0000,1.0000
4535.563,1.0000,1.0000
4536.608,1.0000,1.0000
4537.652,1.0000,1.0000
4538.698,1.0000,1.0000
4539.743,1.0000,1.0000
4540.789,1.0000,1.0000
4541.834,1.0000,1.0000
4542.880,1.0000,1.0000
4543.926,1.0000,1.0000
4544.972,1.0000,1.0000
4546.019,1.0000,1.0000
4547.066,1.0000,1.0000
4548.113,1.0000,1.0000
4549.161,1.0000,1.0000
4550.208,1.0000,1.0000
4551.256,1.0000,1.0000
4552.304,1.0000,1.0000
4553.353,1.0000,1.0000
4554.401,1.0000,1.0000
4555.450,1.0000,1.0000
4556.499,1.0000,1.0000
4557.548,1.0000,1.0000
4558.598,1.0000,1.0000
4559.647,1.0000,1.0000
4560.697,1.0000,1.0000
4561.748,1.0000,1.0000
4562.798,1.0000,1.0000
4563.849,1.0000,1.0000
4564.900,1.0000,1.0000
4565.951,1.0000,1.0000
4567.002,1.0000,1.0000
4568.055,1.0000,1.0000
4569.106,1.0000,1.0000
4570.158,1.0000,1.0000
4571.211,1.0000,1.0000
4572.263,1.0000,1.0000
4573.316,1.0000,1.0000
4574.370,1.0000,1.0000
4575.423,1.0000,1.0000
4576.477,1.0000,1.0000
4577.531,1.0000,1.0000
4578.585,1.0000,1.0000
4579.639,1.0000,1.0000
4580.693,1.0000,1.0000
4581.749,1.0000,1.0000
4582.804,1.0000,1.0000
4583.859,1.0000,1.0000
4584.915,1.0000,1.0000
4585.970,1.0000,1.0000
4587.027,1.0000,1.0000
4588.083,1.0000,1.0000
4589.139,1.0000,1.0000
4590.196,1.0000,1.0000
4591.253,1.0000,1.0000
4592.311,1.0000,1.0000
4593.368,1.0000,1.0000
4594.426,1.0000,1.0000
4595.484,1.0000,1.0000
4596.542,1.0000,1.0000
4597.601,1.0000,1.0000
4598.660,1.0000,1.0000
4599.718,1.0000,1.0000
4600.778,1.0000,1.0000
4601.837,1.0000,1.0000
4602.897,1.0000,1.0000
4603.957,1.0000,1.0000
4605.017,1.0000,1.0000
4606.078,1.0000,1.0000
4607.138,1.0000,1.0000
4608.199,1.0000,1.0000
4609.260,1.0000,1.0000
4610.322,1.0000,1.0000
4611.384,1.0000,1.0000
4612.445,1.0000,1.0000
4613.508,1.0000,1.0000
4614.570,1.0000,1.0000
4615.633,1.0000,1.0000
4616.696,1.0000,1.0000
4617.759,1.0000,1.0000
4618.822,1.0000,1.0000
4619.886,1.0000,1.0000
4620.950,1.0000,1.0000
4622.014,1.0000,1.0000
4623.078,1.0000,1.0000
4624.143,1.0000,1.0000
4625.208,1.0000,1.0000
4626.273,1.0000,1.0000
4627.338,1.0000,1.0000
4628.404,1.0000,1.0000
4629.470,1.0000,1.0000
4630.536,1.0000,1.0000
4631.603,1.0000,1.0000
4632.669,1.0000,1.0000
4633.735,1.0000,1.0000
4634.803,1.0000,1.0000
4635.870,1.0000,1.0000
4636.938,1.0000,1.0000
4638.006,1.0000,1.0000
4639.074,1.0000,1.0000
4640.142,1.0000,1.0000
4641.210,1.0000,1.0000
4642.279,1.0000,1.0000
4643.348,1.0000,1.0000
4644.417,1.0000,1.0000
4645.487,1.0000,1.0000
4646.557,1.0000,1.0000
4647.627,1.0000,1.0000
4648.697,1.0000,1.0000
4649.768,1.0000,1.0000
4650.839,1.0000,1.0000
4651.909,1.0000,1.0000
4652.981,1.0000,1.0000
4654.052,1.0000,1.0000
4655.124,1.0000,1.0000
4656.196,1.0000,1.0000
4657.269,1.0000,1.0000
4658.341,1.0000,1.0000
4659.414,1.0000,1.0000
4660.487,1.0000,1.0000
4661.560,1.0000,1.0000
4662.633,1.0000,1.0000
4663.707,1.0000,1.0000
4664.781,1.0000,1.0000
4665.855,1.0000,1.0000
4666.930,1.0000,1.0000
4668.004,1.0000,1.0000
4669.080,1.0000,1.0000
4670.155,1.0000,1.0000
4671.230,1.0000,1.0000
4672.306,1.0000,1.0000
4673.382,1.0000,1.0000
4674.458,1.0000,1.0000
4675.534,1.0000,1.0000
4676.611,1.0000,1.0000
4677.688,1.0000,1.0000
4678.766,1.0000,1.0000
4679.843,1.0000,1.0000
4680.920,1.0000,1.0000
4681.999,1.0000,1.0000
4683.077,1.0000,1.0000
4684.155,1.0000,1.0000
4685.233,1.0000,1.0000
4686.312,1.0000,1.0000
4687.392,1.0000,1.0000
4688.471,1.0000,1.0000
4689.551,1.0000,1.0000
4690.631,1.0000,1.0000
4691.711,1.0000,1.0000
4692.792,1.0000,1.0000
4693.872,1.0000,1.0000
4694.953,1.0000,1.0000
4696.034,1.0000,1.0000
4697.116,1.0000,1.0000
4698.198,1.0000,1.0000
4699.279,1.0000,1.0000
4700.362,1.0000,1.0000
4701.444,1.0000,1.0000
4702.527,1.0000,1.0000
4703.609,1.0000,1.0000
4704.692,1.0000,1.0000
4705.776,1.0000,1.0000
4706.860,1.0000,1.0000
4707.944,1.0000,1.0000
4709.028,1.0000,1.0000
4710.112,1.0000,1.0000
4711.197,1.0000,1.0000
4712.282,1.0000,1.0000
4713.367,1.0000,1.0000
4714.453,1.0000,1.0000
4715.538,1.0000,1.0000
4716.624,1.0000,1.0000
4717.710,1.0000,1.0000
4718.796,1.0000,1.0000
4719.883,1.0000,1.0000
4720.970,1.0000,1.0000
4722.057,1.0000,1.0000
4723.145,1.0000,1.0000
4724.232,1.0000,1.0000
4725.320,1.0000,1.0000
4726.409,1.0000,1.0000
4727.497,1.0000,1.0000
4728.585,1.0000,1.0000
4729.675,1.0000,1.0000
4730.764,1.0000,1.0000
4731.853,1.0000,1.0000
4732.943,1.0000,1.0000
4734.033,1.0000,1.0000
4735.123,1.0000,1.0000
4736.213,1.0000,1.0000
4737.304,1.0000,1.0000
4738.395,1.0000,1.0000
4739.486,1.0000,1.0000
4740.577,1.0000,1.0000
4741.669,1.0000,1.0000
4742.761,1.0000,1.0000
4743.853,1.0000,1.0000
4744.946,1.0000,1.0000
4746.038,1.0000,1.0000
4747.131,1.0000,1.0000
4748.225,1.0000,1.0000
4749.318,1.0000,1.0000
4750.412,1.0000,1.0000
4751.505,1.0000,1.0000
4752.600,1.0000,1.0000
4753.694,1.0000,1.0000
4754.789,1.0000,1.0000
4755.884,1.0000,1.0000
4756.979,1.0000,1.0000
4758.075,1.0000,1.0000
4759.170,1.0000,1.0000
4760.267,1.0000,1.0000
4761.363,1.0000,1.0000
4762.459,1.0000,1.0000
4763.556,1.0000,1.0000
4764.653,1.0000,1.0000
4765.750,1.0000,1.0000
4766.847,1.0000,1.0000
4767.945,1.0000,1.0000
4769.043,1.0000,1.0000
4770.142,1.0000,1.0000
4771.240,1.0000,1.0000
4772.339,1.0000,1.0000
4773.438,1.0000,1.0000
4774.537,1.0000,1.0000
4775.637,1.0000,1.0000
4776.736,1.0000,1.0000
4777.836,1.0000,1.0000
4778.937,1.0000,1.0000
4780.037,1.0000,1.0000
4781.138,1.0000,1.0000
4782.239,1.0000,1.0000
4783.340,1.0000,1.0000
4784.442,1.0000,1.0000
4785.543,1.0000,1.0000
4786.646,1.0000,1.0000
4787.748,1.0000,1.0000
4788.851,1.0000,1.0000
4789.953,1.0000,1.0000
4791.056,1.0000,1.0000
4792.159,1.0000,1.0000
4793.263,1.0000,1.0000
4794.367,1.0000,1.0000
4795.471,1.0000,1.0000
4796.575,1.0000,1.0000
4797.680,1.0000,1.0000
4798.784,1.0000,1.0000
4799.890,1.0000,1.0000
4800.995,1.0000,1.0000
4802.101,1.0000,1.0000
4803.207,1.0000,1.0000
4804.312,1.0000,1.0000
4805.419,1.0000,1.0000
4806.526,1.0000,1.0000
4807.632,1.0000,1.0000
4808.739,1.0000,1.0000
4809.847,1.0000,1.0000
4810.955,1.0000,1.0000
4812.062,1.0000,1.0000
4813.170,1.0000,1.0000
4814.279,1.0000,1.0000
4815.388,1.0000,1.0000
4816.497,1.0000,1.0000
4817.606,1.0000,1.0000
4818.715,1.0000,1.0000
4819.825,1.0000,1.0000
4820.935,1.0000,1.0000
4822.045,1.0000,1.0000
4823.155,1.0000,1.0000
4824.266,1.0000,1.0000
4825.377,1.0000,1.0000
4826.488,1.0000,1.0000
4827.600,1.0000,1.0000
4828.711,1.0000,1.0000
4829.823,1.0000,1.0000
4830.936,1.0000,1.0000
4832.048,1.0000,1.0000
4833.161,1.0000,1.0000
4834.274,1.0000,1.0000
4835.387,1.0000,1.0000
4836.501,1.0000,1.0000
4837.614,1.0000,1.0000
4838.729,1.0000,1.0000
4839.843,1.0000,1.0000
4840.957,1.0000,1.0000
4842.072,1.0000,1.0000
4843.187,1.0000,1.0000
4844.302,1.0000,1.0000
4845.418,1.0000,1.0000
4846.534,1.0000,1.0000
4847.650,1.0000,1.0000
4848.767,1.0000,1.0000
4849.883,1.0000,1.0000
4851.000,1.0000,1.0000
4852.117,1.0000,1.0000
4853.234,1.0000,1.0000
4854.352,1.0000,1.0000
4855.470,1.0000,1.0000
4856.588,1.0000,1.0000
4857.706,1.0000,1.0000
4858.825,1.0000,1.0000
4859.944,1.0000,1.0000
4861.063,1.0000,1.0000
4862.183,1.0000,1.0000
4863.302,1.0000,1.0000
4864.422,1.0000,1.0000
4865.542,1.0000,1.0000
4866.663,1.0000,1.0000
4867.783,1.0000,1.0000
4868.904,1.0000,1.0000
4870.026,1.0000,1.0000
4871.147,1.0000,1.0000
4872.269,1.0000,1.0000
4873.391,1.0000,1.0000
4874.514,1.0000,1.0000
4875.636,1.0000,1.0000
4876.758,1.0000,1.0000
4877.881,1.0000,1.0000
4879.005,1.0000,1.0000
4880.128,1.0000,1.0000
4881.252,1.0000,1.0000
4882.376,1.0000,1.0000
4883.500,1.0000,1.0000
4884.625,1.0000,1.0000
4885.750,1.0000,1.0000
4886.875,1.0000,1.0000
4888.000,1.0000,1.0000
4889.126,1.0000,1.0000
4890.252,1.0000,1.0000
4891.378,1.0000,1.0000
4892.505,1.0000,1.0000
4893.631,1.0000,1.0000
4894.758,1.0000,1.0000
4895.886,1.0000,1.0000
4897.013,1.0000,1.0000
4898.141,1.0000,1.0000
4899.269,1.0000,1.0000
4900.397,1.0000,1.0000
4901.525,1.0000,1.0000
4902.654,1.0000,1.0000
4903.783,1.0000,1.0000
4904.912,1.0000,1.0000
4906.042,1.0000,1.0000
4907.171,1.0000,1.0000
4908.302,1.0000,1.0000
4909.432,1.0000,1.0000
4910.563,1.0000,1.0000
4911.693,1.0000,1.0000
4912.825,1.0000,1.0000
4913.956,1.0000,1.0000
4915.088,1.0000,1.0000
4916.220,1.0000,1.0000
4917.352,1.0000,1.0000
4918.484,1.0000,1.0000
4919.617,1.0000,1.0000
4920.750,1.0000,1.0000
4921.883,1.0000,1.0000
4923.016,1.0000,1.0000
4924.150,1.0000,1.0000
4925.284,1.0000,1.0000
4926.418,1.0000,1.0000
4927.552,1.0000,1.0000
4928.688,1.0000,1.0000
4929.822,1.0000,1.0000
4930.958,1.0000,1.0000
4932.093,1.0000,1.0000
4933.229,1.0000,1.0000
4934.365,1.0000,1.0000
4935.501,1.0000,1.0000
4936.638,1.0000,1.0000
4937.775,1.0000,1.0000
4938.912,1.0000,1.0000
4940.049,1.0000,1.0000
4941.187,1.0000,1.0000
4942.325,1.0000,1.0000
4943.463,1.0000,1.0000
4944.601,1.0000,1.0000
4945.740,1.0000,1.0000
4946.878,1.0000,1.0000
4948.018,1.0000,1.0000
4949.158,1.0000,1.0000
4950.297,1.0000,1.0000
4951.437,1.0000,1.0000
4952.577,1.0000,1.0000
4953.718,1.0000,1.0000
4954.858,1.0000,1.0000
4956.000,1.0000,1.0000
4957.141,1.0000,1.0000
4958.282,1.0000,1.0000
4959.424,1.0000,1.0000
4960.566,1.0000,1.0000
4961.708,1.0000,1.0000
4962.851,1.0000,1.0000
4963.994,1.0000,1.0000
4965.137,1.0000,1.0000
4966.281,1.0000,1.0000
4967.424,1.0000,1.0000
4968.568,1.0000,1.0000
4969.712,1.0000,1.0000
4970.856,1.0000,1.0000
4972.001,1.0000,1.0000
4973.147,1.0000,1.0000
4974.292,1.0000,1.0000
4975.438,1.0000,1.0000
4976.583,1.0000,1.0000
4977.729,1.0000,1.0000
4978.875,1.0000,1.0000
4980.021,1.0000,1.0000
4981.169,1.0000,1.0000
4982.316,1.0000,1.0000
4983.463,1.0000,1.0000
4984.611,1.0000,1.0000
4985.758,1.0000,1.0000
4986.907,1.0000,1.0000
4988.055,1.0000,1.0000
4989.204,1.0000,1.0000
4990.353,1.0000,1.0000
4991.502,1.0000,1.0000
4992.651,1.0000,1.0000
4993.801,1.0000,1.0000
4994.951,1.0000,1.0000
4996.102,1.0000,1.0000
4997.252,1.0000,1.0000
4998.403,1.0000,1.0000
4999.554,1.0000,1.0000
5000.705,1.0000,1.0000
5001.856,1.0000,1.0000
5003.009,1.0000,1.0000
5004.161,1.0000,1.0000
5005.313,1.0000,1.0000
5006.466,1.0000,1.0000
5007.619,1.0000,1.0000
5008.772,1.0000,1.0000
5009.925,1.0000,1.0000
5011.079,1.0000,1.0000
5012.233,1.0000,1.0000
5013.388,1.0000,1.0000
5014.542,1.0000,1.0000
5015.696,1.0000,1.0000
5016.852,1.0000,1.0000
5018.007,1.0000,1.0000
5019.162,1.0000,1.0000
5020.318,1.0000,1.0000
5021.474,1.0000,1.0000
5022.631,1.0000,1.0000
5023.787,1.0000,1.0000
5024.944,1.0000,1.0000
5026.102,1.0000,1.0000
5027.259,1.0000,1.0000
5028.417,1.0000,1.0000
5029.575,1.0000,1.0000
5030.733,1.0000,1.0000
5031.891,1.0000,1.0000
5033.050,1.0000,1.0000
5034.209,1.0000,1.0000
5035.369,1.0000,1.0000
5036.528,1.0000,1.0000
5037.688,1.0000,1.0000
5038.848,1.0000,1.0000
5040.008,1.0000,1.0000
5041.169,1.0000,1.0000
5042.330,1.0000,1.0000
5043.491,1.0000,1.0000
5044.653,1.0000,1.0000
5045.814,1.0000,1.0000
5046.977,1.0000,1.0000
5048.138,1.0000,1.0000
5049.301,1.0000,1.0000
5050.464,1.0000,1.0000
5051.627,1.0000,1.0000
5052.790,1.0000,1.0000
5053.954,1.0000,1.0000
5055.118,1.0000,1.0000
5056.282,1.0000,1.0000
5057.446,1.0000,1.0000
5058.610,1.0000,1.0000
5059.775,1.0000,1.0000
5060.941,1.0000,1.0000
5062.106,1.0000,1.0000
5063.272,1.0000,1.0000
5064.438,1.0000,1.0000
5065.604,1.0000,1.0000
5066.771,1.0000,1.0000
5067.938,1.0000,1.0000
5069.104,1.0000,1.0000
5070.272,1.0000,1.0000
5071.439,1.0000,1.0000
5072.607,1.0000,1.0000
5073.776,1.0000,1.0000
5074.944,1.0000,1.0000
5076.113,1.0000,1.0000
5077.282,1.0000,1.0000
5078.451,1.0000,1.0000
5079.620,1.0000,1.0000
5080.790,1.0000,1.0000
5081.960,1.0000,1.0000
5083.130,1.0000,1.0000
5084.301,1.0000,1.0000
5085.472,1.0000,1.0000
5086.643,1.0000,1.0000
5087.814,1.0000,1.0000
5088.986,1.0000,1.0000
5090.158,1.0000,1.0000
5091.330,1.0000,1.0000
5092.502,1.0000,1.0000
5093.675,1.0000,1.0000
5094.849,1.0000,1.0000
5096.021,1.0000,1.0000
5097.195,1.0000,1.0000
5098.369,1.0000,1.0000
5099.543,1.0000,1.0000
5100.717,1.0000,1.0000
5101.892,1.0000,1.0000
5103.067,1.0000,1.0000
5104.242,1.0000,1.0000
5105.417,1.0000,1.0000
5106.593,1.0000,1.0000
5107.769,1.0000,1.0000
5108.945,1.0000,1.0000
5110.122,1.0000,1.0000
5111.298,1.0000,1.0000
5112.476,1.0000,1.0000
5113.653,1.0000,1.0000
5114.831,1.0000,1.0000
5116.008,1.0000,1.0000
5117.187,1.0000,1.0000
5118.365,1.0000,1.0000
5119.544,1.0000,1.0000
5120.723,1.0000,1.0000
5121.902,1.0000,1.0000
5123.082,1.0000,1.0000
5124.261,1.0000,1.0000
5125.441,1.0000,1.0000
5126.622,1.0000,1.0000
5127.802,1.0000,1.0000
5128.983,1.0000,1.0000
5130.164,1.0000,1.0000
5131.345,1.0000,1.0000
5132.527,1.0000,1.0000
5133.709,1.0000,1.0000
5134.891,1.0000,1.0000
5136.074,1.0000,1.0000
5137.256,1.0000,1.0000
5138.439,1.0000,1.0000
5139.623,1.0000,1.0000
5140.806,1.0000,1.0000
5141.990,1.0000,1.0000
5143.174,1.0000,1.0000
5144.359,1.0000,1.0000
5145.543,1.0000,1.0000
5146.729,1.0000,1.0000
5147.914,1.0000,1.0000
5149.099,1.0000,1.0000
5150.285,1.0000,1.0000
5151.471,1.0000,1.0000
5152.657,1.0000,1.0000
5153.844,1.0000,1.0000
5155.030,1.0000,1.0000
5156.218,1.0000,1.0000
5157.405,1.0000,1.0000
5158.593,1.0000,1.0000
5159.781,1.0000,1.0000
5160.969,1.0000,1.0000
5162.158,1.0000,1.0000
5163.346,1.0000,1.0000
5164.535,1.0000,1.0000
5165.725,1.0000,1.0000
5166.915,1.0000,1.0000
5168.104,1.0000,1.0000
5169.294,1.0000,1.0000
5170.485,1.0000,1.0000
5171.675,1.0000,1.0000
5172.866,1.0000,1.0000
5174.058,1.0000,1.0000
5175.249,1.0000,1.0000
5176.441,1.0000,1.0000
5177.633,1.0000,1.0000
5178.825,1.0000,1.0000
5180.018,1.0000,1.0000
5181.210,1.0000,1.0000
5182.404,1.0000,1.0000
5183.597,1.0000,1.0000
5184.791,1.0000,1.0000
5185.985,1.0000,1.0000
5187.180,1.0000,1.0000
5188.374,1.0000,1.0000
5189.568,1.0000,1.0000
5190.764,1.0000,1.0000
5191.959,1.0000,1.0000
5193.154,1.0000,1.0000
5194.350,1.0000,1.0000
5195.546,1.0000,1.0000
5196.743,1.0000,1.0000
5197.940,1.0000,1.0000
5199.137,1.0000,1.0000
5200.334,1.0000,1.0000
5201.532,1.0000,1.0000
5202.729,1.0000,1.0000
5203.928,1.0000,1.0000
5205.126,1.0000,1.0000
5206.325,1.0000,1.0000
5207.523,1.0000,1.0000
5208.723,1.0000,1.0000
5209.922,1.0000,1.0000
5211.122,1.0000,1.0000
5212.322,1.0000,1.0000
5213.522,1.0000,1.0000
5214.723,1.0000,1.0000
5215.924,1.0000,1.0000
5217.125,1.0000,1.0000
5218.327,1.0000,1.0000
5219.528,1.0000,1.0000
5220.730,1.0000,1.0000
5221.933,1.0000,1.0000
5223.135,1.0000,1.0000
5224.338,1.0000,1.0000
5225.541,1.0000,1.0000
5226.744,1.0000,1.0000
5227.948,1.0000,1.0000
5229.152,1.0000,1.0000
5230.356,1.0000,1.0000
5231.561,1.0000,1.0000
5232.765,1.0000,1.0000
5233.971,1.0000,1.0000
5235.175,1.0000,1.0000
5236.381,1.0000,1.0000
5237.587,1.0000,1.0000
5238.793,1.0000,1.0000
5240.000,1.0000,1.0000
5241.206,1.0000,1.0000
5242.413,1.0000,1.0000
5243.621,1.0000,1.0000
5244.828,1.0000,1.0000
5246.036,1.0000,1.0000
5247.244,1.0000,1.0000
5248.452,1.0000,1.0000
5249.661,1.0000,1.0000
5250.870,1.0000,1.0000
5252.079,1.0000,1.0000
5253.289,1.0000,1.0000
5254.499,1.0000,1.0000
5255.708,1.0000,1.0000
5256.918,1.0000,1.0000
5258.129,1.0000,1.0000
5259.340,1.0000,1.0000
5260.551,1.0000,1.0000
5261.763,1.0000,1.0000
5262.974,1.0000,1.0000
5264.187,1.0000,1.0000
5265.398,1.0000,1.0000
5266.611,1.0000,1.0000
5267.824,1.0000,1.0000
5269.037,1.0000,1.0000
5270.250,1.0000,1.0000
5271.464,1.0000,1.0000
5272.678,1.0000,1.0000
5273.892,1.0000,1.0000
5275.107,1.0000,1.0000
5276.322,1.0000,1.0000
5277.536,1.0000,1.0000
5278.752,1.0000,1.0000
5279.967,1.0000,1.0000
5281.183,1.0000,1.0000
5282.399,1.0000,1.0000
5283.616,1.0000,1.0000
5284.833,1.0000,1.0000
5286.050,1.0000,1.0000
5287.268,1.0000,1.0000
5288.485,1.0000,1.0000
5289.703,1.0000,1.0000
5290.920,1.0000,1.0000
5292.139,1.0000,1.0000
5293.358,1.0000,1.0000
5294.577,1.0000,1.0000
5295.796,1.0000,1.0000
5297.016,1.0000,1.0000
5298.235,1.0000,1.0000
5299.456,1.0000,1.0000
5300.676,1.0000,1.0000
5301.896,1.0000,1.0000
5303.118,1.0000,1.0000
5304.339,1.0000,1.0000
5305.561,1.0000,1.0000
5306.782,1.0000,1.0000
5308.004,1.0000,1.0000
5309.226,1.0000,1.0000
5310.449,1.0000,1.0000
5311.672,1.0000,1.0000
5312.895,1.0000,1.0000
5314.119,1.0000,1.0000
5315.343,1.0000,1.0000
5316.566,1.0000,1.0000
5317.791,1.0000,1.0000
5319.016,1.0000,1.0000
5320.240,1.0000,1.0000
5321.466,1.0000,1.0000
5322.691,1.0000,1.0000
5323.917,1.0000,1.0000
5325.143,1.0000,1.0000
5326.369,1.0000,1.0000
5327.596,1.0000,1.0000
5328.822,1.0000,1.0000
5330.049,1.0000,1.0000
5331.277,1.0000,1.0000
5332.505,1.0000,1.0000
5333.732,1.0000,1.0000
5334.961,1.0000,1.0000
5336.189,1.0000,1.0000
5337.418,1.0000,1.0000
5338.648,1.0000,1.0000
5339.877,1.0000,1.0000
5341.106,1.0000,1.0000
5342.337,1.0000,1.0000
5343.567,1.0000,1.0000
5344.797,1.0000,1.0000
5346.028,1.0000,1.0000
5347.259,1.0000,1.0000
5348.491,1.0000,1.0000
5349.723,1.0000,1.0000
5350.955,1.0000,1.0000
5352.187,1.0000,1.0000
5353.419,1.0000,1.0000
5354.652,1.0000,1.0000
5355.885,1.0000,1.0000
5357.118,1.0000,1.0000
5358.352,1.0000,1.0000
5359.586,1.0000,1.0000
5360.820,1.0000,1.0000
5362.055,1.0000,1.0000
5363.290,1.0000,1.0000
5364.525,1.0000,1.0000
5365.760,1.0000,1.0000
5366.996,1.0000,1.0000
5368.231,1.0000,1.0000
5369.468,1.0000,1.0000
5370.705,1.0000,1.0000
5371.941,1.0000,1.0000
5373.179,1.0000,1.0000
5374.416,1.0000,1.0000
5375.653,1.0000,1.0000
5376.891,1.0000,1.0000
5378.129,1.0000,1.0000
5379.368,1.0000,1.0000
5380.607,1.0000,1.0000
5381.846,1.0000,1.0000
5383.085,1.0000,1.0000
5384.325,1.0000,1.0000
5385.564,1.0000,1.0000
5386.805,1.0000,1.0000
5388.045,1.0000,1.0000
5389.286,1.0000,1.0000
5390.527,1.0000,1.0000
5391.769,1.0000,1.0000
5393.010,1.0000,1.0000
5394.252,1.0000,1.0000
5395.495,1.0000,1.0000
5396.737,1.0000,1.0000
5397.979,1.0000,1.0000
5399.223,1.0000,1.0000
5400.466,1.0000,1.0000
5401.709,1.0000,1.0000
5402.954,1.0000,1.0000
5404.198,1.0000,1.0000
5405.442,1.0000,1.0000
5406.688,1.0000,1.0000
5407.933,1.0000,1.0000
5409.178,1.0000,1.0000
5410.423,1.0000,1.0000
5411.669,1.0000,1.0000
5412.916,1.0000,1.0000
5414.162,1.0000,1.0000
5415.409,1.0000,1.0000
5416.656,1.0000,1.0000
5417.903,1.0000,1.0000
5419.151,1.0000,1.0000
5420.399,1.0000,1.0000
5421.647,1.0000,1.0000
5422.896,1.0000,1.0000
5424.145,1.0000,1.0000
5425.394,1.0000,1.0000
5426.643,1.0000,1.0000
5427.893,1.0000,1.0000
5429.143,1.0000,1.0000
5430.393,1.0000,1.0000
5431.644,1.0000,1.0000
5432.895,1.0000,1.0000
5434.145,1.0000,1.0000
5435.397,1.0000,1.0000
5436.648,1.0000,1.0000
5437.901,1.0000,1.0000
5439.152,1.0000,1.0000
5440.405,1.0000,1.0000
5441.658,1.0000,1.0000
5442.911,1.0000,1.0000
5444.165,1.0000,1.0000
5445.418,1.0000,1.0000
5446.672,1.0000,1.0000
5447.927,1.0000,1.0000
5449.181,1.0000,1.0000
5450.436,1.0000,1.0000
5451.691,1.0000,1.0000
5452.947,1.0000,1.0000
5454.202,1.0000,1.0000
5455.458,1.0000,1.0000
5456.715,1.0000,1.0000
5457.971,1.0000,1.0000
5459.229,1.0000,1.0000
5460.485,1.0000,1.0000
5461.743,1.0000,1.0000
5463.000,1.0000,1.0000
5464.259,1.0000,1.0000
5465.517,1.0000,1.0000
5466.775,1.0000,1.0000
5468.035,1.0000,1.0000
5469.294,1.0000,1.0000
5470.554,1.0000,1.0000
5471.813,1.0000,1.0000
5473.073,1.0000,1.0000
5474.333,1.0000,1.0000
5475.594,1.0000,1.0000
5476.855,1.0000,1.0000
5478.116,1.0000,1.0000
5479.378,1.0000,1.0000
5480.640,1.0000,1.0000
5481.902,1.0000,1.0000
5483.164,1.0000,1.0000
5484.427,1.0000,1.0000
5485.689,1.0000,1.0000
5486.953,1.0000,1.0000
5488.217,1.0000,1.0000
5489.480,1.0000,1.0000
5490.745,1.0000,1.0000
5492.009,1.0000,1.0000
5493.274,1.0000,1.0000
5494.539,1.0000,1.0000
5495.804,1.0000,1.0000
5497.070,1.0000,1.0000
5498.336,1.0000,1.0000
5499.602,1.0000,1.0000
5500.868,1.0000,1.0000
5502.135,1.0000,1.0000
5503.402,1.0000,1.0000
5504.669,1.0000,1.0000
5505.937,1.0000,1.0000
5507.205,1.0000,1.0000
5508.473,1.0000,1.0000
5509.742,1.0000,1.0000
5511.011,1.0000,1.0000
5512.280,1.0000,1.0000
5513.549,1.0000,1.0000
5514.819,1.0000,1.0000
5516.089,1.0000,1.0000
5517.359,1.0000,1.0000
5518.629,1.0000,1.0000
5519.900,1.0000,1.0000
5521.172,1.0000,1.0000
5522.443,1.0000,1.0000
5523.715,1.0000,1.0000
5524.987,1.0000,1.0000
5526.259,1.0000,1.0000
5527.532,1.0000,1.0000
5528.805,1.0000,1.0000
5530.078,1.0000,1.0000
5531.352,1.0000,1.0000
5532.625,1.0000,1.0000
5533.899,1.0000,1.0000
5535.174,1.0000,1.0000
5536.448,1.0000,1.0000
5537.723,1.0000,1.0000
5538.999,1.0000,1.0000
5540.274,1.0000,1.0000
5541.550,1.0000,1.0000
5542.826,1.0000,1.0000
5544.103,1.0000,1.0000
5545.379,1.0000,1.0000
5546.656,1.0000,1.0000
5547.934,1.0000,1.0000
5549.211,1.0000,1.0000
5550.489,1.0000,1.0000
5551.767,1.0000,1.0000
5553.046,1.0000,1.0000
5554.325,1.0000,1.0000
5555.604,1.0000,1.0000
5556.883,1.0000,1.0000
5558.163,1.0000,1.0000
5559.443,1.0000,1.0000
5560.723,1.0000,1.0000
5562.003,1.0000,1.0000
5563.284,1.0000,1.0000
5564.565,1.0000,1.0000
5565.847,1.0000,1.0000
5567.128,1.0000,1.0000
5568.411,1.0000,1.0000
5569.693,1.0000,1.0000
5570.976,1.0000,1.0000
5572.258,1.0000,1.0000
5573.542,1.0000,1.0000
5574.825,1.0000,1.0000
5576.109,1.0000,1.0000
5577.393,1.0000,1.0000
5578.677,1.0000,1.0000
5579.962,1.0000,1.0000
5581.248,1.0000,1.0000
5582.533,1.0000,1.0000
5583.818,1.0000,1.0000
5585.104,1.0000,1.0000
5586.390,1.0000,1.0000
5587.677,1.0000,1.0000
5588.963,1.0000,1.0000
5590.250,1.0000,1.0000
5591.538,1.0000,1.0000
5592.825,1.0000,1.0000
5594.113,1.0000,1.0000
5595.401,1.0000,1.0000
5596.690,1.0000,1.0000
5597.979,1.0000,1.0000
5599.268,1.0000,1.0000
5600.558,1.0000,1.0000
5601.847,1.0000,1.0000
5603.137,1.0000,1.0000
5604.427,1.0000,1.0000
5605.718,1.0000,1.0000
5607.009,1.0000,1.0000
5608.300,1.0000,1.0000
5609.592,1.0000,1.0000
5610.883,1.0000,1.0000
5612.175,1.0000,1.0000
5613.468,1.0000,1.0000
5614.761,1.0000,1.0000
5616.054,1.0000,1.0000
5617.347,1.0000,1.0000
5618.641,1.0000,1.0000
5619.934,1.0000,1.0000
5621.229,1.0000,1.0000
5622.523,1.0000,1.0000
5623.818,1.0000,1.0000
5625.113,1.0000,1.0000
5626.409,1.0000,1.0000
5627.704,1.0000,1.0000
5629.000,1.0000,1.0000
5630.296,1.0000,1.0000
5631.593,1.0000,1.0000
5632.890,1.0000,1.0000
5634.187,1.0000,1.0000
5635.484,1.0000,1.0000
5636.782,1.0000,1.0000
5638.080,1.0000,1.0000
5639.379,1.0000,1.0000
5640.677,1.0000,1.0000
5641.976,1.0000,1.0000
5643.275,1.0000,1.0000
5644.575,1.0000,1.0000
5645.875,1.0000,1.0000
5647.175,1.0000,1.0000
5648.476,1.0000,1.0000
5649.776,1.0000,1.0000
5651.077,1.0000,1.0000
5652.378,1.0000,1.0000
5653.680,1.0000,1.0000
5654.982,1.0000,1.0000
5656.284,1.0000,1.0000
5657.587,1.0000,1.0000
5658.890,1.0000,1.0000
5660.193,1.0000,1.0000
5661.497,1.0000,1.0000
5662.800,1.0000,1.0000
5664.104,1.0000,1.0000
5665.409,1.0000,1.0000
5666.713,1.0000,1.0000
5668.018,1.0000,1.0000
5669.324,1.0000,1.0000
5670.629,1.0000,1.0000
5671.935,1.0000,1.0000
5673.241,1.0000,1.0000
5674.547,1.0000,1.0000
5675.854,1.0000,1.0000
5677.161,1.0000,1.0000
5678.469,1.0000,1.0000
5679.776,1.0000,1.0000
5681.084,1.0000,1.0000
5682.393,1.0000,1.0000
5683.702,1.0000,1.0000
5685.010,1.0000,1.0000
5686.319,1.0000,1.0000
5687.629,1.0000,1.0000
5688.938,1.0000,1.0000
5690.249,1.0000,1.0000
5691.559,1.0000,1.0000
5692.870,1.0000,1.0000
5694.181,1.0000,1.0000
5695.492,1.0000,1.0000
5696.804,1.0000,1.0000
5698.115,1.0000,1.0000
5699.428,1.0000,1.0000
5700.740,1.0000,1.0000
5702.053,1.0000,1.0000
5703.366,1.0000,1.0000
5704.680,1.0000,1.0000
5705.993,1.0000,1.0000
5707.307,1.0000,1.0000
5708.622,1.0000,1.0000
5709.936,1.0000,1.0000
5711.251,1.0000,1.0000
5712.566,1.0000,1.0000
5713.882,1.0000,1.0000
5715.198,1.0000,1.0000
5716.514,1.0000,1.0000
5717.831,1.0000,1.0000
5719.147,1.0000,1.0000
5720.464,1.0000,1.0000
5721.781,1.0000,1.0000
5723.099,1.0000,1.0000
5724.417,1.0000,1.0000
5725.735,1.0000,1.0000
5727.054,1.0000,1.0000
5728.373,1.0000,1.0000
5729.691,1.0000,1.0000
5731.011,1.0000,1.0000
5732.331,1.0000,1.0000
5733.651,1.0000,1.0000
5734.972,1.0000,1.0000
5736.292,1.0000,1.0000
5737.613,1.0000,1.0000
5738.935,1.0000,1.0000
5740.256,1.0000,1.0000
5741.578,1.0000,1.0000
5742.900,1.0000,1.0000
5744.222,1.0000,1.0000
5745.545,1.0000,1.0000
5746.868,1.0000,1.0000
5748.191,1.0000,1.0000
5749.515,1.0000,1.0000
5750.839,1.0000,1.0000
5752.164,1.0000,1.0000
5753.489,1.0000,1.0000
5754.813,1.0000,1.0000
5756.139,1.0000,1.0000
5757.464,1.0000,1.0000
5758.790,1.0000,1.0000
5760.116,1.0000,1.0000
5761.443,1.0000,1.0000
5762.770,1.0000,1.0000
5764.097,1.0000,1.0000
5765.424,1.0000,1.0000
5766.751,1.0000,1.0000
5768.080,1.0000,1.0000
5769.408,1.0000,1.0000
5770.736,1.0000,1.0000
5772.065,1.0000,1.0000
5773.395,1.0000,1.0000
5774.725,1.0000,1.0000
5776.054,1.0000,1.0000
5777.384,1.0000,1.0000
5778.715,1.0000,1.0000
5780.045,1.0000,1.0000
5781.376,1.0000,1.0000
5782.708,1.0000,1.0000
5784.040,1.0000,1.0000
5785.372,1.0000,1.0000
5786.704,1.0000,1.0000
5788.036,1.0000,1.0000
5789.369,1.0000,1.0000
5790.703,1.0000,1.0000
5792.036,1.0000,1.0000
5793.370,1.0000,1.0000
5794.704,1.0000,1.0000
5796.038,1.0000,1.0000
5797.373,1.0000,1.0000
5798.708,1.0000,1.0000
5800.043,1.0000,1.0000
5801.379,1.0000,1.0000
5802.715,1.0000,1.0000
5804.051,1.0000,1.0000
5805.388,1.0000,1.0000
5806.725,1.0000,1.0000
5808.062,1.0000,1.0000
5809.399,1.0000,1.0000
5810.738,1.0000,1.0000
5812.076,1.0000,1.0000
5813.414,1.0000,1.0000
5814.752,1.0000,1.0000
5816.092,1.0000,1.0000
5817.431,1.0000,1.0000
5818.771,1.0000,1.0000
5820.110,1.0000,1.0000
5821.451,1.0000,1.0000
5822.792,1.0000,1.0000
5824.132,1.0000,1.0000
5825.474,1.0000,1.0000
5826.815,1.0000,1.0000
5828.157,1.0000,1.0000
5829.499,1.0000,1.0000
5830.842,1.0000,1.0000
5832.185,1.0000,1.0000
5833.527,1.0000,1.0000
5834.871,1.0000,1.0000
5836.214,1.0000,1.0000
5837.559,1.0000,1.0000
5838.903,1.0000,1.0000
5840.247,1.0000,1.0000
5841.592,1.0000,1.0000
5842.938,1.0000,1.0000
5844.283,1.0000,1.0000
5845.629,1.0000,1.0000
5846.975,1.0000,1.0000
5848.322,1.0000,1.0000
5849.668,1.0000,1.0000
5851.016,1.0000,1.0000
5852.363,1.0000,1.0000
5853.710,1.0000,1.0000
5855.059,1.0000,1.0000
5856.407,1.0000,1.0000
5857.756,1.0000,1.0000
5859.104,1.0000,1.0000
5860.454,1.0000,1.0000
5861.803,1.0000,1.0000
5863.153,1.0000,1.0000
5864.503,1.0000,1.0000
5865.854,1.0000,1.0000
5867.205,1.0000,1.0000
5868.556,1.0000,1.0000
5869.908,1.0000,1.0000
5871.259,1.0000,1.0000
5872.611,1.0000,1.0000
5873.963,1.0000,1.0000
5875.316,1.0000,1.0000
5876.669,1.0000,1.0000
5878.022,1.0000,1.0000
5879.376,1.0000,1.0000
5880.730,1.0000,1.0000
5882.084,1.0000,1.0000
5883.439,1.0000,1.0000
5884.794,1.0000,1.0000
5886.149,1.0000,1.0000
5887.504,1.0000,1.0000
5888.860,1.0000,1.0000
5890.216,1.0000,1.0000
5891.573,1.0000,1.0000
5892.929,1.0000,1.0000
5894.287,1.0000,1.0000
5895.644,1.0000,1.0000
5897.001,1.0000,1.0000
5898.359,1.0000,1.0000
5899.718,1.0000,1.0000
5901.077,1.0000,1.0000
5902.436,1.0000,1.0000
5903.794,1.0000,1.0000
5905.154,1.0000,1.0000
5906.514,1.0000,1.0000
5907.874,1.0000,1.0000
5909.234,1.0000,1.0000
5910.596,1.0000,1.0000
5911.957,1.0000,1.0000
5913.318,1.0000,1.0000
5914.680,1.0000,1.0000
5916.042,1.0000,1.0000
5917.405,1.0000,1.0000
5918.767,1.0000,1.0000
5920.130,1.0000,1.0000
5921.493,1.0000,1.0000
5922.857,1.0000,1.0000
5924.221,1.0000,1.0000
5925.585,1.0000,1.0000
5926.950,1.0000,1.0000
5928.315,1.0000,1.0000
5929.680,1.0000,1.0000
5931.045,1.0000,1.0000
5932.411,1.0000,1.0000
5933.777,1.0000,1.0000
5935.144,1.0000,1.0000
5936.510,1.0000,1.0000
5937.878,1.0000,1.0000
5939.245,1.0000,1.0000
5940.613,1.0000,1.0000
5941.981,1.0000,1.0000
5943.349,1.0000,1.0000
5944.718,1.0000,1.0000
5946.087,1.0000,1.0000
5947.456,1.0000,1.0000
5948.826,1.0000,1.0000
5950.195,1.0000,1.0000
5951.566,1.0000,1.0000
5952.937,1.0000,1.0000
5954.307,1.0000,1.0000
5955.678,1.0000,1.0000
5957.050,1.0000,1.0000
5958.422,1.0000,1.0000
5959.794,1.0000,1.0000
5961.167,1.0000,1.0000
5962.539,1.0000,1.0000
5963.912,1.0000,1.0000
5965.286,1.0000,1.0000
5966.659,1.0000,1.0000
5968.034,1.0000,1.0000
5969.408,1.0000,1.0000
5970.782,1.0000,1.0000
5972.157,1.0000,1.0000
5973.533,1.0000,1.0000
5974.909,1.0000,1.0000
5976.285,1.0000,1.0000
5977.661,1.0000,1.0000
5979.037,1.0000,1.0000
5980.414,1.0000,1.0000
5981.791,1.0000,1.0000
5983.169,1.0000,1.0000
5984.546,1.0000,1.0000
5985.925,1.0000,1.0000
5987.303,1.0000,1.0000
5988.682,1.0000,1.0000
5990.061,1.0000,1.0000
5991.440,1.0000,1.0000
5992.820,1.0000,1.0000
5994.200,1.0000,1.0000
5995.581,1.0000,1.0000
5996.961,1.0000,1.0000
5998.342,1.0000,1.0000
5999.724,1.0000,1.0000
6001.105,1.0000,1.0000
6002.487,1.0000,1.0000
6003.870,1.0000,1.0000
6005.252,1.0000,1.0000
6006.635,1.0000,1.0000
6008.018,1.0000,1.0000
6009.402,1.0000,1.0000
6010.786,1.0000,1.0000
6012.170,1.0000,1.0000
6013.555,1.0000,1.0000
6014.939,1.0000,1.0000
6016.324,1.0000,1.0000
6017.710,1.0000,1.0000
6019.096,1.0000,1.0000
6020.482,1.0000,1.0000
6021.868,1.0000,1.0000
6023.255,1.0000,1.0000
6024.642,1.0000,1.0000
6026.030,1.0000,1.0000
6027.417,1.0000,1.0000
6028.805,1.0000,1.0000
6030.193,1.0000,1.0000
6031.582,1.0000,1.0000
6032.971,1.0000,1.0000
6034.360,1.0000,1.0000
6035.750,1.0000,1.0000
6037.140,1.0000,1.0000
6038.530,1.0000,1.0000
6039.921,1.0000,1.0000
6041.312,1.0000,1.0000
6042.703,1.0000,1.0000
6044.095,1.0000,1.0000
6045.486,1.0000,1.0000
6046.878,1.0000,1.0000
6048.271,1.0000,1.0000
6049.664,1.0000,1.0000
6051.057,1.0000,1.0000
6052.450,1.0000,1.0000
6053.844,1.0000,1.0000
6055.238,1.0000,1.0000
6056.633,1.0000,1.0000
6058.027,1.0000,1.0000
6059.423,1.0000,1.0000
6060.818,1.0000,1.0000
6062.214,1.0000,1.0000
6063.610,1.0000,1.0000
6065.006,1.0000,1.0000
6066.403,1.0000,1.0000
6067.800,1.0000,1.0000
6069.197,1.0000,1.0000
6070.595,1.0000,1.0000
6071.993,1.0000,1.0000
6073.391,1.0000,1.0000
6074.790,1.0000,1.0000
6076.188,1.0000,1.0000
6077.588,1.0000,1.0000
6078.988,1.0000,1.0000
6080.387,1.0000,1.0000
6081.787,1.0000,1.0000
6083.188,1.0000,1.0000
6084.589,1.0000,1.0000
6085.990,1.0000,1.0000
6087.392,1.0000,1.0000
6088.793,1.0000,1.0000
6090.196,1.0000,1.0000
6091.598,1.0000,1.0000
6093.001,1.0000,1.0000
6094.404,1.0000,1.0000
6095.808,1.0000,1.0000
6097.211,1.0000,1.0000
6098.616,1.0000,1.0000
6100.020,1.0000,1.0000
6101.425,1.0000,1.0000
6102.830,1.0000,1.0000
6104.235,1.0000,1.0000
6105.641,1.0000,1.0000
6107.046,1.0000,1.0000
6108.453,1.0000,1.0000
6109.860,1.0000,1.0000
6111.267,1.0000,1.0000
6112.674,1.0000,1.0000
6114.082,1.0000,1.0000
6115.490,1.0000,1.0000
6116.898,1.0000,1.0000
6118.307,1.0000,1.0000
6119.715,1.0000,1.0000
6121.125,1.0000,1.0000
6122.535,1.0000,1.0000
6123.944,1.0000,1.0000
6125.355,1.0000,1.0000
6126.765,1.0000,1.0000
6128.176,1.0000,1.0000
6129.587,1.0000,1.0000
6130.999,1.0000,1.0000
6132.411,1.0000,1.0000
6133.823,1.0000,1.0000
6135.236,1.0000,1.0000
6136.648,1.0000,1.0000
6138.062,1.0000,1.0000
6139.475,1.0000,1.0000
6140.889,1.0000,1.0000
6142.303,1.0000,1.0000
6143.718,1.0000,1.0000
6145.133,1.0000,1.0000
6146.547,1.0000,1.0000
6147.963,1.0000,1.0000
6149.379,1.0000,1.0000
6150.795,1.0000,1.0000
6152.211,1.0000,1.0000
6153.628,1.0000,1.0000
6155.045,1.0000,1.0000
6156.463,1.0000,1.0000
6157.880,1.0000,1.0000
6159.298,1.0000,1.0000
6160.717,1.0000,1.0000
6162.136,1.0000,1.0000
6163.555,1.0000,1.0000
6164.974,1.0000,1.0000
6166.394,1.0000,1.0000
6167.814,1.0000,1.0000
6169.234,1.0000,1.0000
6170.655,1.0000,1.0000
6172.076,1.0000,1.0000
6173.497,1.0000,1.0000
6174.919,1.0000,1.0000
6176.341,1.0000,1.0000
6177.763,1.0000,1.0000
6179.186,1.0000,1.0000
6180.609,1.0000,1.0000
6182.032,1.0000,1.0000
6183.456,1.0000,1.0000
6184.879,1.0000,1.0000
6186.304,1.0000,1.0000
6187.729,1.0000,1.0000
6189.153,1.0000,1.0000
6190.579,1.0000,1.0000
6192.004,1.0000,1.0000
6193.430,1.0000,1.0000
6194.856,1.0000,1.0000
6196.283,1.0000,1.0000
6197.710,1.0000,1.0000
6199.137,1.0000,1.0000
6200.564,1.0000,1.0000
6201.993,1.0000,1.0000
6203.420,1.0000,1.0000
6204.849,1.0000,1.0000
6206.278,1.0000,1.0000
6207.708,1.0000,1.0000
6209.137,1.0000,1.0000
6210.567,1.0000,1.0000
6211.998,1.0000,1.0000
6213.427,1.0000,1.0000
6214.858,1.0000,1.0000
6216.290,1.0000,1.0000
6217.721,1.0000,1.0000
6219.153,1.0000,1.0000
6220.585,1.0000,1.0000
6222.018,1.0000,1.0000
6223.451,1.0000,1.0000
6224.884,1.0000,1.0000
6226.317,1.0000,1.0000
6227.751,1.0000,1.0000
6229.185,1.0000,1.0000
6230.620,1.0000,1.0000
6232.055,1.0000,1.0000
6233.490,1.0000,1.0000
6234.925,1.0000,1.0000
6236.361,1.0000,1.0000
6237.797,1.0000,1.0000
6239.233,1.0000,1.0000
6240.670,1.0000,1.0000
6242.107,1.0000,1.0000
6243.545,1.0000,1.0000
6244.983,1.0000,1.0000
6246.421,1.0000,1.0000
6247.859,1.0000,1.0000
6249.298,1.0000,1.0000
6250.737,1.0000,1.0000
6252.176,1.0000,1.0000
6253.616,1.0000,1.0000
6255.057,1.0000,1.0000
6256.497,1.0000,1.0000
6257.938,1.0000,1.0000
6259.379,1.0000,1.0000
6260.820,1.0000,1.0000
6262.263,1.0000,1.0000
6263.704,1.0000,1.0000
6265.147,1.0000,1.0000
6266.589,1.0000,1.0000
6268.033,1.0000,1.0000
6269.476,1.0000,1.0000
6270.920,1.0000,1.0000
6272.364,1.0000,1.0000
6273.809,1.0000,1.0000
6275.253,1.0000,1.0000
6276.698,1.0000,1.0000
6278.144,1.0000,1.0000
6279.589,1.0000,1.0000
6281.035,1.0000,1.0000
6282.482,1.0000,1.0000
6283.929,1.0000,1.0000
6285.376,1.0000,1.0000
6286.823,1.0000,1.0000
6288.271,1.0000,1.0000
6289.719,1.0000,1.0000
6291.167,1.0000,1.0000
6292.616,1.0000,1.0000
6294.065,1.0000,1.0000
6295.515,1.0000,1.0000
6296.964,1.0000,1.0000
6298.415,1.0000,1.0000
6299.865,1.0000,1.0000
6301.316,1.0000,1.0000
6302.767,1.0000,1.0000
6304.218,1.0000,1.0000
6305.670,1.0000,1.0000
6307.123,1.0000,1.0000
6308.575,1.0000,1.0000
6310.027,1.0000,1.0000
6311.480,1.0000,1.0000
6312.934,1.0000,1.0000
6314.388,1.0000,1.0000
6315.842,1.0000,1.0000
6317.296,1.0000,1.0000
6318.751,1.0000,1.0000
6320.206,1.0000,1.0000
6321.662,1.0000,1.0000
6323.117,1.0000,1.0000
6324.574,1.0000,1.0000
6326.030,1.0000,1.0000
6327.487,1.0000,1.0000
6328.944,1.0000,1.0000
6330.401,1.0000,1.0000
6331.859,1.0000,1.0000
6333.317,1.0000,1.0000
6334.776,1.0000,1.0000
6336.235,1.0000,1.0000
6337.694,1.0000,1.0000
6339.153,1.0000,1.0000
6340.613,1.0000,1.0000
6342.073,1.0000,1.0000
6343.533,1.0000,1.0000
6344.994,1.0000,1.0000
6346.456,1.0000,1.0000
6347.917,1.0000,1.0000
6349.379,1.0000,1.0000
6350.841,1.0000,1.0000
6352.303,1.0000,1.0000
6353.767,1.0000,1.0000
6355.229,1.0000,1.0000
6356.693,1.0000,1.0000
6358.157,1.0000,1.0000
6359.621,1.0000,1.0000
6361.086,1.0000,1.0000
6362.551,1.0000,1.0000
6364.016,1.0000,1.0000
6365.481,1.0000,1.0000
6366.947,1.0000,1.0000
6368.413,1.0000,1.0000
6369.880,1.0000,1.0000
6371.347,1.0000,1.0000
6372.814,1.0000,1.0000
6374.282,1.0000,1.0000
6375.750,1.0000,1.0000
6377.218,1.0000,1.0000
6378.687,1.0000,1.0000
6380.155,1.0000,1.0000
6381.625,1.0000,1.0000
6383.094,1.0000,1.0000
6384.564,1.0000,1.0000
6386.034,1.0000,1.0000
6387.505,1.0000,1.0000
6388.976,1.0000,1.0000
6390.447,1.0000,1.0000
6391.918,1.0000,1.0000
6393.391,1.0000,1.0000
6394.863,1.0000,1.0000
6396.336,1.0000,1.0000
6397.809,1.0000,1.0000
6399.282,1.0000,1.0000
6400.756,1.0000,1.0000
6402.229,1.0000,1.0000
6403.704,1.0000,1.0000
6405.179,1.0000,1.0000
6406.653,1.0000,1.0000
6408.129,1.0000,1.0000
6409.604,1.0000,1.0000
6411.081,1.0000,1.0000
6412.557,1.0000,1.0000
6414.034,1.0000,1.0000
6415.511,1.0000,1.0000
6416.988,1.0000,1.0000
6418.466,1.0000,1.0000
6419.944,1.0000,1.0000
6421.422,1.0000,1.0000
6422.901,1.0000,1.0000
6424.380,1.0000,1.0000
6425.860,1.0000,1.0000
6427.339,1.0000,1.0000
6428.820,1.0000,1.0000
6430.300,1.0000,1.0000
6431.781,1.0000,1.0000
6433.262,1.0000,1.0000
6434.744,1.0000,1.0000
6436.226,1.0000,1.0000
6437.708,1.0000,1.0000
6439.190,1.0000,1.0000
6440.673,1.0000,1.0000
6442.156,1.0000,1.0000
6443.640,1.0000,1.0000
6445.124,1.0000,1.0000
6446.607,1.0000,1.0000
6448.092,1.0000,1.0000
6449.577,1.0000,1.0000
6451.062,1.0000,1.0000
6452.548,1.0000,1.0000
6454.034,1.0000,1.0000
6455.520,1.0000,1.0000
6457.007,1.0000,1.0000
6458.494,1.0000,1.0000
6459.981,1.0000,1.0000
6461.469,1.0000,1.0000
6462.957,1.0000,1.0000
6464.445,1.0000,1.0000
6465.934,1.0000,1.0000
6467.423,1.0000,1.0000
6468.912,1.0000,1.0000
6470.401,1.0000,1.0000
6471.892,1.0000,1.0000
6473.382,1.0000,1.0000
6474.873,1.0000,1.0000
6476.364,1.0000,1.0000
6477.855,1.0000,1.0000
6479.347,1.0000,1.0000
6480.839,1.0000,1.0000
6482.332,1.0000,1.0000
6483.825,1.0000,1.0000
6485.318,1.0000,1.0000
6486.811,1.0000,1.0000
6488.305,1.0000,1.0000
6489.799,1.0000,1.0000
6491.293,1.0000,1.0000
6492.789,1.0000,1.0000
6494.283,1.0000,1.0000
6495.779,1.0000,1.0000
6497.275,1.0000,1.0000
6498.771,1.0000,1.0000
6500.268,1.0000,1.0000
6501.765,1.0000,1.0000
6503.262,1.0000,1.0000
6504.760,1.0000,1.0000
6506.258,1.0000,1.0000
6507.756,1.0000,1.0000
6509.254,1.0000,1.0000
6510.753,1.0000,1.0000
6512.253,1.0000,1.0000
6513.752,1.0000,1.0000
6515.252,1.0000,1.0000
6516.753,1.0000,1.0000
6518.253,1.0000,1.0000
6519.754,1.0000,1.0000
6521.256,1.0000,1.0000
6522.758,1.0000,1.0000
6524.260,1.0000,1.0000
6525.762,1.0000,1.0000
6527.265,1.0000,1.0000
6528.768,1.0000,1.0000
6530.271,1.0000,1.0000
6531.775,1.0000,1.0000
6533.280,1.0000,1.0000
6534.784,1.0000,1.0000
6536.289,1.0000,1.0000
6537.794,1.0000,1.0000
6539.300,1.0000,1.0000
6540.806,1.0000,1.0000
6542.312,1.0000,1.0000
6543.818,1.0000,1.0000
6545.325,1.0000,1.0000
6546.833,1.0000,1.0000
6548.340,1.0000,1.0000
6549.849,1.0000,1.0000
6551.357,1.0000,1.0000
6552.866,1.0000,1.0000
6554.374,1.0000,1.0000
6555.884,1.0000,1.0000
6557.394,1.0000,1.0000
6558.904,1.0000,1.0000
6560.414,1.0000,1.0000
6561.925,1.0000,1.0000
6563.436,1.0000,1.0000
6564.947,1.0000,1.0000
6566.459,1.0000,1.0000
6567.971,1.0000,1.0000
6569.484,1.0000,1.0000
6570.997,1.0000,1.0000
6572.510,1.0000,1.0000
6574.023,1.0000,1.0000
6575.537,1.0000,1.0000
6577.051,1.0000,1.0000
6578.566,1.0000,1.0000
6580.081,1.0000,1.0000
6581.596,1.0000,1.0000
6583.112,1.0000,1.0000
6584.628,1.0000,1.0000
6586.145,1.0000,1.0000
6587.661,1.0000,1.0000
6589.178,1.0000,1.0000
6590.695,1.0000,1.0000
6592.213,1.0000,1.0000
6593.731,1.0000,1.0000
6595.250,1.0000,1.0000
6596.769,1.0000,1.0000
6598.288,1.0000,1.0000
6599.807,1.0000,1.0000
6601.327,1.0000,1.0000
6602.847,1.0000,1.0000
6604.368,1.0000,1.0000
6605.889,1.0000,1.0000
6607.410,1.0000,1.0000
6608.931,1.0000,1.0000
6610.454,1.0000,1.0000
6611.976,1.0000,1.0000
6613.498,1.0000,1.0000
6615.021,1.0000,1.0000
6616.545,1.0000,1.0000
6618.068,1.0000,1.0000
6619.592,1.0000,1.0000
6621.117,1.0000,1.0000
6622.642,1.0000,1.0000
6624.167,1.0000,1.0000
6625.692,1.0000,1.0000
6627.218,1.0000,1.0000
6628.744,1.0000,1.0000
6630.271,1.0000,1.0000
6631.797,1.0000,1.0000
6633.325,1.0000,1.0000
6634.852,1.0000,1.0000
6636.380,1.0000,1.0000
6637.909,1.0000,1.0000
6639.437,1.0000,1.0000
6640.966,1.0000,1.0000
6642.495,1.0000,1.0000
6644.025,1.0000,1.0000
6645.555,1.0000,1.0000
6647.085,1.0000,1.0000
6648.616,1.0000,1.0000
6650.147,1.0000,1.0000
6651.679,1.0000,1.0000
6653.210,1.0000,1.0000
6654.742,1.0000,1.0000
6656.275,1.0000,1.0000
6657.808,1.0000,1.0000
6659.341,1.0000,1.0000
6660.875,1.0000,1.0000
6662.408,1.0000,1.0000
6663.942,1.0000,1.0000
6665.477,1.0000,1.0000
6667.012,1.0000,1.0000
6668.547,1.0000,1.0000
6670.083,1.0000,1.0000
6671.619,1.0000,1.0000
6673.156,1.0000,1.0000
6674.692,1.0000,1.0000
6676.229,1.0000,1.0000
6677.767,1.0000,1.0000
6679.304,1.0000,1.0000
6680.843,1.0000,1.0000
6682.381,1.0000,1.0000
6683.920,1.0000,1.0000
6685.459,1.0000,1.0000
6686.999,1.0000,1.0000
6688.539,1.0000,1.0000
6690.079,1.0000,1.0000
6691.620,1.0000,1.0000
6693.160,1.0000,1.0000
6694.702,1.0000,1.0000
6696.244,1.0000,1.0000
6697.786,1.0000,1.0000
6699.328,1.0000,1.0000
6700.871,1.0000,1.0000
6702.414,1.0000,1.0000
6703.957,1.0000,1.0000
6705.501,1.0000,1.0000
6707.045,1.0000,1.0000
6708.590,1.0000,1.0000
6710.135,1.0000,1.0000
6711.680,1.0000,1.0000
6713.226,1.0000,1.0000
6714.771,1.0000,1.0000
6716.318,1.0000,1.0000
6717.864,1.0000,1.0000
6719.412,1.0000,1.0000
6720.958,1.0000,1.0000
6722.507,1.0000,1.0000
6724.055,1.0000,1.0000
6725.604,1.0000,1.0000
6727.152,1.0000,1.0000
6728.701,1.0000,1.0000
6730.250,1.0000,1.0000
6731.801,1.0000,1.0000
6733.351,1.0000,1.0000
6734.901,1.0000,1.0000
6736.453,1.0000,1.0000
6738.003,1.0000,1.0000
6739.556,1.0000,1.0000
6741.107,1.0000,1.0000
6742.660,1.0000,1.0000
6744.212,1.0000,1.0000
6745.766,1.0000,1.0000
6747.319,1.0000,1.0000
6748.873,1.0000,1.0000
6750.427,1.0000,1.0000
6751.981,1.0000,1.0000
6753.537,1.0000,1.0000
6755.091,1.0000,1.0000
6756.647,1.0000,1.0000
6758.203,1.0000,1.0000
6759.759,1.0000,1.0000
6761.316,1.0000,1.0000
6762.873,1.0000,1.0000
6764.431,1.0000,1.0000
6765.988,1.0000,1.0000
6767.547,1.0000,1.0000
6769.105,1.0000,1.0000
6770.664,1.0000,1.0000
6772.223,1.0000,1.0000
6773.782,1.0000,1.0000
6775.342,1.0000,1.0000
6776.902,1.0000,1.0000
6778.463,1.0000,1.0000
6780.024,1.0000,1.0000
6781.586,1.0000,1.0000
6783.147,1.0000,1.0000
6784.709,1.0000,1.0000
6786.272,1.0000,1.0000
6787.834,1.0000,1.0000
6789.398,1.0000,1.0000
6790.961,1.0000,1.0000
6792.525,1.0000,1.0000
6794.089,1.0000,1.0000
6795.654,1.0000,1.0000
6797.219,1.0000,1.0000
6798.784,1.0000,1.0000
6800.350,1.0000,1.0000
6801.916,1.0000,1.0000
6803.482,1.0000,1.0000
6805.049,1.0000,1.0000
6806.616,1.0000,1.0000
6808.183,1.0000,1.0000
6809.751,1.0000,1.0000
6811.320,1.0000,1.0000
6812.888,1.0000,1.0000
6814.457,1.0000,1.0000
6816.026,1.0000,1.0000
6817.596,1.0000,1.0000
6819.166,1.0000,1.0000
6820.736,1.0000,1.0000
6822.307,1.0000,1.0000
6823.878,1.0000,1.0000
6825.450,1.0000,1.0000
6827.021,1.0000,1.0000
6828.593,1.0000,1.0000
6830.166,1.0000,1.0000
6831.739,1.0000,1.0000
6833.312,1.0000,1.0000
6834.885,1.0000,1.0000
6836.459,1.0000,1.0000
6838.034,1.0000,1.0000
6839.608,1.0000,1.0000
6841.183,1.0000,1.0000
6842.759,1.0000,1.0000
6844.334,1.0000,1.0000
6845.911,1.0000,1.0000
6847.487,1.0000,1.0000
6849.064,1.0000,1.0000
6850.642,1.0000,1.0000
6852.219,1.0000,1.0000
6853.797,1.0000,1.0000
6855.375,1.0000,1.0000
6856.954,1.0000,1.0000
6858.533,1.0000,1.0000
6860.112,1.0000,1.0000
6861.692,1.0000,1.0000
6863.272,1.0000,1.0000
6864.853,1.0000,1.0000
6866.434,1.0000,1.0000
6868.015,1.0000,1.0000
6869.596,1.0000,1.0000
6871.179,1.0000,1.0000
6872.761,1.0000,1.0000
6874.344,1.0000,1.0000
6875.927,1.0000,1.0000
6877.510,1.0000,1.0000
6879.094,1.0000,1.0000
6880.678,1.0000,1.0000
6882.263,1.0000,1.0000
6883.848,1.0000,1.0000
6885.433,1.0000,1.0000
6887.018,1.0000,1.0000
6888.604,1.0000,1.0000
6890.191,1.0000,1.0000
6891.778,1.0000,1.0000
6893.364,1.0000,1.0000
6894.952,1.0000,1.0000
6896.540,1.0000,1.0000
6898.128,1.0000,1.0000
6899.717,1.0000,1.0000
6901.306,1.0000,1.0000
6902.895,1.0000,1.0000
6904.484,1.0000,1.0000
6906.074,1.0000,1.0000
6907.665,1.0000,1.0000
6909.255,1.0000,1.0000
6910.847,1.0000,1.0000
6912.438,1.0000,1.0000
6914.030,1.0000,1.0000
6915.622,1.0000,1.0000
6917.214,1.0000,1.0000
6918.807,1.0000,1.0000
6920.400,1.0000,1.0000
6921.994,1.0000,1.0000
6923.588,1.0000,1.0000
6925.183,1.0000,1.0000
6926.777,1.0000,1.0000
6928.373,1.0000,1.0000
6929.968,1.0000,1.0000
6931.564,1.0000,1.0000
6933.160,1.0000,1.0000
6934.757,1.0000,1.0000
6936.354,1.0000,1.0000
6937.951,1.0000,1.0000
6939.549,1.0000,1.0000
6941.147,1.0000,1.0000
6942.746,1.0000,1.0000
6944.344,1.0000,1.0000
6945.944,1.0000,1.0000
6947.543,1.0000,1.0000
6949.143,1.0000,1.0000
6950.743,1.0000,1.0000
6952.344,1.0000,1.0000
6953.945,1.0000,1.0000
6955.546,1.0000,1.0000
6957.148,1.0000,1.0000
6958.750,1.0000,1.0000
6960.353,1.0000,1.0000
6961.956,1.0000,1.0000
6963.559,1.0000,1.0000
6965.162,1.0000,1.0000
6966.766,1.0000,1.0000
6968.371,1.0000,1.0000
6969.976,1.0000,1.0000
6971.581,1.0000,1.0000
6973.186,1.0000,1.0000
6974.792,1.0000,1.0000
6976.398,1.0000,1.0000
6978.004,1.0000,1.0000
6979.611,1.0000,1.0000
6981.218,1.0000,1.0000
6982.826,1.0000,1.0000
6984.434,1.0000,1.0000
6986.043,1.0000,1.0000
6987.651,1.0000,1.0000
6989.261,1.0000,1.0000
6990.870,1.0000,1.0000
6992.480,1.0000,1.0000
6994.091,1.0000,1.0000
6995.701,1.0000,1.0000
6997.312,1.0000,1.0000
6998.923,1.0000,1.0000
7000.535,1.0000,1.0000
7002.147,1.0000,1.0000
7003.760,1.0000,1.0000
7005.373,1.0000,1.0000
7006.986,1.0000,1.0000
7008.600,1.0000,1.0000
7010.213,1.0000,1.0000
7011.828,1.0000,1.0000
7013.442,1.0000,1.0000
7015.058,1.0000,1.0000
7016.673,1.0000,1.0000
7018.289,1.0000,1.0000
7019.905,1.0000,1.0000
7021.521,1.0000,1.0000
7023.139,1.0000,1.0000
7024.756,1.0000,1.0000
7026.374,1.0000,1.0000
7027.992,1.0000,1.0000
7029.610,1.0000,1.0000
7031.229,1.0000,1.0000
7032.848,1.0000,1.0000
7034.468,1.0000,1.0000
7036.087,1.0000,1.0000
7037.708,1.0000,1.0000
7039.328,1.0000,1.0000
7040.950,1.0000,1.0000
7042.571,1.0000,1.0000
7044.193,1.0000,1.0000
7045.815,1.0000,1.0000
7047.438,1.0000,1.0000
7049.061,1.0000,1.0000
7050.684,1.0000,1.0000
7052.308,1.0000,1.0000
7053.932,1.0000,1.0000
7055.556,1.0000,1.0000
7057.181,1.0000,1.0000
7058.806,1.0000,1.0000
7060.432,1.0000,1.0000
7062.057,1.0000,1.0000
7063.684,1.0000,1.0000
7065.310,1.0000,1.0000
7066.937,1.0000,1.0000
7068.564,1.0000,1.0000
7070.192,1.0000,1.0000
7071.821,1.0000,1.0000
7073.450,1.0000,1.0000
7075.078,1.0000,1.0000
7076.707,1.0000,1.0000
7078.337,1.0000,1.0000
7079.967,1.0000,1.0000
7081.598,1.0000,1.0000
7083.228,1.0000,1.0000
7084.860,1.0000,1.0000
7086.491,1.0000,1.0000
7088.123,1.0000,1.0000
7089.755,1.0000,1.0000
7091.388,1.0000,1.0000
7093.021,1.0000,1.0000
7094.654,1.0000,1.0000
7096.288,1.0000,1.0000
7097.922,1.0000,1.0000
7099.557,1.0000,1.0000
7101.192,1.0000,1.0000
7102.828,1.0000,1.0000
7104.463,1.0000,1.0000
7106.098,1.0000,1.0000
7107.735,1.0000,1.0000
7109.372,1.0000,1.0000
7111.009,1.0000,1.0000
7112.646,1.0000,1.0000
7114.285,1.0000,1.0000
7115.923,1.0000,1.0000
7117.562,1.0000,1.0000
7119.201,1.0000,1.0000
7120.840,1.0000,1.0000
7122.480,1.0000,1.0000
7124.120,1.0000,1.0000
7125.761,1.0000,1.0000
7127.402,1.0000,1.0000
7129.043,1.0000,1.0000
7130.685,1.0000,1.0000
7132.327,1.0000,1.0000
7133.969,1.0000,1.0000
7135.612,1.0000,1.0000
7137.255,1.0000,1.0000
7138.899,1.0000,1.0000
7140.543,1.0000,1.0000
7142.188,1.0000,1.0000
7143.832,1.0000,1.0000
7145.477,1.0000,1.0000
7147.123,1.0000,1.0000
7148.769,1.0000,1.0000
7150.415,1.0000,1.0000
7152.062,1.0000,1.0000
7153.708,1.0000,1.0000
7155.356,1.0000,1.0000
7157.003,1.0000,1.0000
7158.652,1.0000,1.0000
7160.300,1.0000,1.0000
7161.949,1.0000,1.0000
7163.599,1.0000,1.0000
7165.248,1.0000,1.0000
7166.898,1.0000,1.0000
7168.549,1.0000,1.0000
7170.200,1.0000,1.0000
7171.851,1.0000,1.0000
7173.502,1.0000,1.0000
7175.154,1.0000,1.0000
7176.806,1.0000,1.0000
7178.459,1.0000,1.0000
7180.112,1.0000,1.0000
7181.766,1.0000,1.0000
7183.420,1.0000,1.0000
7185.074,1.0000,1.0000
7186.728,1.0000,1.0000
7188.384,1.0000,1.0000
7190.039,1.0000,1.0000
7191.694,1.0000,1.0000
7193.351,1.0000,1.0000
7195.007,1.0000,1.0000
7196.665,1.0000,1.0000
7198.321,1.0000,1.0000
7199.979,1.0000,1.0000
7201.637,1.0000,1.0000
7203.296,1.0000,1.0000
7204.954,1.0000,1.0000
7206.613,1.0000,1.0000
7208.273,1.0000,1.0000
7209.933,1.0000,1.0000
7211.594,1.0000,1.0000
7213.254,1.0000,1.0000
7214.916,1.0000,1.0000
7216.577,1.0000,1.0000
7218.239,1.0000,1.0000
7219.901,1.0000,1.0000
7221.563,1.0000,1.0000
7223.227,1.0000,1.0000
7224.890,1.0000,1.0000
7226.554,1.0000,1.0000
7228.218,1.0000,1.0000
7229.883,1.0000,1.0000
7231.547,1.0000,1.0000
7233.213,1.0000,1.0000
7234.878,1.0000,1.0000
7236.544,1.0000,1.0000
7238.211,1.0000,1.0000
7239.877,1.0000,1.0000
7241.545,1.0000,1.0000
7243.212,1.0000,1.0000
7244.881,1.0000,1.0000
7246.549,1.0000,1.0000
7248.217,1.0000,1.0000
7249.887,1.0000,1.0000
7251.556,1.0000,1.0000
7253.227,1.0000,1.0000
7254.896,1.0000,1.0000
7256.568,1.0000,1.0000
7258.239,1.0000,1.0000
7259.910,1.0000,1.0000
7261.582,1.0000,1.0000
7263.254,1.0000,1.0000
7264.927,1.0000,1.0000
7266.600,1.0000,1.0000
7268.273,1.0000,1.0000
7269.947,1.0000,1.0000
7271.621,1.0000,1.0000
7273.296,1.0000,1.0000
7274.971,1.0000,1.0000
7276.646,1.0000,1.0000
7278.321,1.0000,1.0000
7279.998,1.0000,1.0000
7281.674,1.0000,1.0000
7283.351,1.0000,1.0000
7285.028,1.0000,1.0000
7286.706,1.0000,1.0000
7288.384,1.0000,1.0000
7290.062,1.0000,1.0000
7291.741,1.0000,1.0000
7293.420,1.0000,1.0000
7295.100,1.0000,1.0000
7296.780,1.0000,1.0000
7298.460,1.0000,1.0000
7300.141,1.0000,1.0000
7301.822,1.0000,1.0000
7303.503,1.0000,1.0000
7305.186,1.0000,1.0000
7306.868,1.0000,1.0000
7308.550,1.0000,1.0000
7310.233,1.0000,1.0000
7311.917,1.0000,1.0000
7313.601,1.0000,1.0000
7315.285,1.0000,1.0000
7316.970,1.0000,1.0000
7318.654,1.0000,1.0000
7320.340,1.0000,1.0000
7322.025,1.0000,1.0000
7323.711,1.0000,1.0000
7325.398,1.0000,1.0000
7327.085,1.0000,1.0000
7328.772,1.0000,1.0000
7330.460,1.0000,1.0000
7332.148,1.0000,1.0000
7333.837,1.0000,1.0000
7335.526,1.0000,1.0000
7337.215,1.0000,1.0000
7338.904,1.0000,1.0000
7340.595,1.0000,1.0000
7342.285,1.0000,1.0000
7343.976,1.0000,1.0000
7345.667,1.0000,1.0000
7347.358,1.0000,1.0000
7349.051,1.0000,1.0000
7350.743,1.0000,1.0000
7352.436,1.0000,1.0000
7354.128,1.0000,1.0000
7355.823,1.0000,1.0000
7357.516,1.0000,1.0000
7359.211,1.0000,1.0000
7360.906,1.0000,1.0000
7362.601,1.0000,1.0000
7364.296,1.0000,1.0000
7365.992,1.0000,1.0000
7367.688,1.0000,1.0000
7369.384,1.0000,1.0000
7371.082,1.0000,1.0000
7372.779,1.0000,1.0000
7374.478,1.0000,1.0000
7376.175,1.0000,1.0000
7377.874,1.0000,1.0000
7379.573,1.0000,1.0000
7381.272,1.0000,1.0000
7382.973,1.0000,1.0000
7384.672,1.0000,1.0000
7386.373,1.0000,1.0000
7388.074,1.0000,1.0000
7389.775,1.0000,1.0000
7391.477,1.0000,1.0000
7393.180,1.0000,1.0000
7394.882,1.0000,1.0000
7396.585,1.0000,1.0000
7398.288,1.0000,1.0000
7399.992,1.0000,1.0000
7401.696,1.0000,1.0000
7403.400,1.0000,1.0000
7405.105,1.0000,1.0000
7406.811,1.0000,1.0000
7408.517,1.0000,1.0000
7410.223,1.0000,1.0000
7411.929,1.0000,1.0000
7413.636,1.0000,1.0000
7415.343,1.0000,1.0000
7417.050,1.0000,1.0000
7418.759,1.0000,1.0000
7420.467,1.0000,1.0000
7422.176,1.0000,1.0000
7423.885,1.0000,1.0000
7425.595,1.0000,1.0000
7427.305,1.0000,1.0000
7429.015,1.0000,1.0000
7430.726,1.0000,1.0000
7432.437,1.0000,1.0000
7434.148,1.0000,1.0000
7435.861,1.0000,1.0000
7437.573,1.0000,1.0000
7439.286,1.0000,1.0000
7440.999,1.0000,1.0000
7442.712,1.0000,1.0000
7444.426,1.0000,1.0000
7446.140,1.0000,1.0000
7447.855,1.0000,1.0000
7449.570,1.0000,1.0000
7451.286,1.0000,1.0000
7453.002,1.0000,1.0000
7454.718,1.0000,1.0000
7456.435,1.0000,1.0000
7458.152,1.0000,1.0000
7459.870,1.0000,1.0000
7461.587,1.0000,1.0000
7463.306,1.0000,1.0000
7465.024,1.0000,1.0000
7466.744,1.0000,1.0000
7468.463,1.0000,1.0000
7470.183,1.0000,1.0000
7471.903,1.0000,1.0000
7473.624,1.0000,1.0000
7475.345,1.0000,1.0000
7477.066,1.0000,1.0000
7478.788,1.0000,1.0000
7480.511,1.0000,1.0000
7482.233,1.0000,1.0000
7483.957,1.0000,1.0000
7485.679,1.0000,1.0000
7487.403,1.0000,1.0000
7489.127,1.0000,1.0000
7490.853,1.0000,1.0000
7492.578,1.0000,1.0000
7494.303,1.0000,1.0000
7496.028,1.0000,1.0000
7497.755,1.0000,1.0000
7499.481,1.0000,1.0000
7501.208,1.0000,1.0000
7502.936,1.0000,1.0000
7504.664,1.0000,1.0000
7506.392,1.0000,1.0000
7508.121,1.0000,1.0000
7509.850,1.0000,1.0000
7511.579,1.0000,1.0000
7513.309,1.0000,1.0000
7515.039,1.0000,1.0000
7516.769,1.0000,1.0000
7518.501,1.0000,1.0000
7520.232,1.0000,1.0000
7521.964,1.0000,1.0000
7523.695,1.0000,1.0000
7525.429,1.0000,1.0000
7527.162,1.0000,1.0000
7528.896,1.0000,1.0000
7530.629,1.0000,1.0000
7532.363,1.0000,1.0000
7534.098,1.0000,1.0000
7535.833,1.0000,1.0000
7537.568,1.0000,1.0000
7539.303,1.0000,1.0000
7541.041,1.0000,1.0000
7542.777,1.0000,1.0000
7544.514,1.0000,1.0000
7546.251,1.0000,1.0000
7547.988,1.0000,1.0000
7549.727,1.0000,1.0000
7551.465,1.0000,1.0000
7553.204,1.0000,1.0000
7554.943,1.0000,1.0000
7556.684,1.0000,1.0000
7558.424,1.0000,1.0000
7560.165,1.0000,1.0000
7561.905,1.0000,1.0000
7563.646,1.0000,1.0000
7565.389,1.0000,1.0000
7567.130,1.0000,1.0000
7568.874,1.0000,1.0000
7570.616,1.0000,1.0000
7572.360,1.0000,1.0000
7574.103,1.0000,1.0000
7575.849,1.0000,1.0000
7577.593,1.0000,1.0000
7579.337,1.0000,1.0000
7581.083,1.0000,1.0000
7582.829,1.0000,1.0000
7584.575,1.0000,1.0000
7586.321,1.0000,1.0000
7588.068,1.0000,1.0000
7589.815,1.0000,1.0000
7591.563,1.0000,1.0000
7593.312,1.0000,1.0000
7595.060,1.0000,1.0000
7596.810,1.0000,1.0000
7598.559,1.0000,1.0000
7600.309,1.0000,1.0000
7602.059,1.0000,1.0000
7603.810,1.0000,1.0000
7605.561,1.0000,1.0000
7607.312,1.0000,1.0000
7609.064,1.0000,1.0000
7610.816,1.0000,1.0000
7612.569,1.0000,1.0000
7614.322,1.0000,1.0000
7616.075,1.0000,1.0000
7617.830,1.0000,1.0000
7619.583,1.0000,1.0000
7621.339,1.0000,1.0000
7623.093,1.0000,1.0000
7624.849,1.0000,1.0000
7626.604,1.0000,1.0000
7628.361,1.0000,1.0000
7630.118,1.0000,1.0000
7631.875,1.0000,1.0000
7633.632,1.0000,1.0000
7635.391,1.0000,1.0000
7637.148,1.0000,1.0000
7638.907,1.0000,1.0000
7640.667,1.0000,1.0000
7642.425,1.0000,1.0000
7644.186,1.0000,1.0000
7645.946,1.0000,1.0000
7647.708,1.0000,1.0000
7649.468,1.0000,1.0000
7651.230,1.0000,1.0000
7652.991,1.0000,1.0000
7654.753,1.0000,1.0000
7656.517,1.0000,1.0000
7658.280,1.0000,1.0000
7660.044,1.0000,1.0000
7661.808,1.0000,1.0000
7663.572,1.0000,1.0000
7665.337,1.0000,1.0000
7667.103,1.0000,1.0000
7668.867,1.0000,1.0000
7670.633,1.0000,1.0000
7672.400,1.0000,1.0000
7674.167,1.0000,1.0000
7675.934,1.0000,1.0000
7677.702,1.0000,1.0000
7679.470,1.0000,1.0000
7681.239,1.0000,1.0000
7683.007,1.0000,1.0000
7684.776,1.0000,1.0000
7686.546,1.0000,1.0000
7688.316,1.0000,1.0000
7690.086,1.0000,1.0000
7691.857,1.0000,1.0000
7693.629,1.0000,1.0000
7695.401,1.0000,1.0000
7697.173,1.0000,1.0000
7698.946,1.0000,1.0000
7700.719,1.0000,1.0000
7702.492,1.0000,1.0000
7704.266,1.0000,1.0000
7706.039,1.0000,1.0000
7707.814,1.0000,1.0000
7709.589,1.0000,1.0000
7711.365,1.0000,1.0000
7713.140,1.0000,1.0000
7714.917,1.0000,1.0000
7716.693,1.0000,1.0000
7718.470,1.0000,1.0000
7720.248,1.0000,1.0000
7722.025,1.0000,1.0000
7723.804,1.0000,1.0000
7725.583,1.0000,1.0000
7727.362,1.0000,1.0000
7729.141,1.0000,1.0000
7730.921,1.0000,1.0000
7732.701,1.0000,1.0000
7734.482,1.0000,1.0000
7736.263,1.0000,1.0000
7738.044,1.0000,1.0000
7739.827,1.0000,1.0000
7741.609,1.0000,1.0000
7743.392,1.0000,1.0000
7745.175,1.0000,1.0000
7746.958,1.0000,1.0000
7748.743,1.0000,1.0000
7750.527,1.0000,1.0000
7752.312,1.0000,1.0000
7754.097,1.0000,1.0000
7755.883,1.0000,1.0000
7757.669,1.0000,1.0000
7759.456,1.0000,1.0000
7761.242,1.0000,1.0000
7763.029,1.0000,1.0000
7764.817,1.0000,1.0000
7766.605,1.0000,1.0000
7768.395,1.0000,1.0000
7770.183,1.0000,1.0000
7771.973,1.0000,1.0000
7773.761,1.0000,1.0000
7775.552,1.0000,1.0000
7777.343,1.0000,1.0000
7779.134,1.0000,1.0000
7780.926,1.0000,1.0000
7782.716,1.0000,1.0000
7784.509,1.0000,1.0000
7786.302,1.0000,1.0000
7788.095,1.0000,1.0000
7789.889,1.0000,1.0000
7791.682,1.0000,1.0000
7793.477,1.0000,1.0000
7795.271,1.0000,1.0000
7797.066,1.0000,1.0000
7798.861,1.0000,1.0000
7800.658,1.0000,1.0000
7802.454,1.0000,1.0000
7804.251,1.0000,1.0000
7806.048,1.0000,1.0000
7807.846,1.0000,1.0000
7809.644,1.0000,1.0000
7811.442,1.0000,1.0000
7813.242,1.0000,1.0000
7815.041,1.0000,1.0000
7816.840,1.0000,1.0000
7818.640,1.0000,1.0000
7820.441,1.0000,1.0000
7822.242,1.0000,1.0000
7824.043,1.0000,1.0000
7825.845,1.0000,1.0000
7827.647,1.0000,1.0000
7829.450,1.0000,1.0000
7831.253,1.0000,1.0000
7833.056,1.0000,1.0000
7834.859,1.0000,1.0000
7836.665,1.0000,1.0000
7838.469,1.0000,1.0000
7840.274,1.0000,1.0000
7842.079,1.0000,1.0000
7843.885,1.0000,1.0000
7845.692,1.0000,1.0000
7847.498,1.0000,1.0000
7849.306,1.0000,1.0000
7851.113,1.0000,1.0000
7852.921,1.0000,1.0000
7854.729,1.0000,1.0000
7856.539,1.0000,1.0000
7858.348,1.0000,1.0000
7860.157,1.0000,1.0000
7861.968,1.0000,1.0000
7863.777,1.0000,1.0000
7865.589,1.0000,1.0000
7867.400,1.0000,1.0000
7869.212,1.0000,1.0000
7871.024,1.0000,1.0000
7872.836,1.0000,1.0000
7874.649,1.0000,1.0000
7876.462,1.0000,1.0000
7878.277,1.0000,1.0000
7880.090,1.0000,1.0000
7881.906,1.0000,1.0000
7883.720,1.0000,1.0000
7885.536,1.0000,1.0000
7887.352,1.0000,1.0000
7889.168,1.0000,1.0000
7890.986,1.0000,1.0000
7892.802,1.0000,1.0000
7894.620,1.0000,1.0000
7896.438,1.0000,1.0000
7898.257,1.0000,1.0000
7900.076,1.0000,1.0000
7901.895,1.0000,1.0000
7903.714,1.0000,1.0000
7905.534,1.0000,1.0000
7907.355,1.0000,1.0000
7909.175,1.0000,1.0000
7910.998,1.0000,1.0000
7912.819,1.0000,1.0000
7914.642,1.0000,1.0000
7916.464,1.0000,1.0000
7918.287,1.0000,1.0000
7920.111,1.0000,1.0000
7921.934,1.0000,1.0000
7923.759,1.0000,1.0000
7925.583,1.0000,1.0000
7927.408,1.0000,1.0000
7929.234,1.0000,1.0000
7931.061,1.0000,1.0000
7932.886,1.0000,1.0000
7934.714,1.0000,1.0000
7936.540,1.0000,1.0000
7938.368,1.0000,1.0000
7940.196,1.0000,1.0000
7942.024,1.0000,1.0000
7943.854,1.0000,1.0000
7945.683,1.0000,1.0000
7947.513,1.0000,1.0000
7949.343,1.0000,1.0000
7951.173,1.0000,1.0000
7953.004,1.0000,1.0000
7954.835,1.0000,1.0000
7956.668,1.0000,1.0000
7958.500,1.0000,1.0000
7960.333,1.0000,1.0000
7962.166,1.0000,1.0000
7964.000,1.0000,1.0000
7965.833,1.0000,1.0000
7967.668,1.0000,1.0000
7969.503,1.0000,1.0000
7971.338,1.0000,1.0000
7973.174,1.0000,1.0000
7975.010,1.0000,1.0000
7976.847,1.0000,1.0000
7978.683,1.0000,1.0000
7980.521,1.0000,1.0000
7982.358,1.0000,1.0000
7984.197,1.0000,1.0000
7986.036,1.0000,1.0000
7987.874,1.0000,1.0000
7989.714,1.0000,1.0000
7991.554,1.0000,1.0000
7993.394,1.0000,1.0000
7995.235,1.0000,1.0000
7997.077,1.0000,1.0000
7998.917,1.0000,1.0000
8000.759,1.0000,1.0000
8002.602,1.0000,1.0000
8004.445,1.0000,1.0000
8006.289,1.0000,1.0000
8008.132,1.0000,1.0000
8009.977,1.0000,1.0000
8011.821,1.0000,1.0000
8013.667,1.0000,1.0000
8015.512,1.0000,1.0000
8017.357,1.0000,1.0000
8019.203,1.0000,1.0000
8021.050,1.0000,1.0000
8022.897,1.0000,1.0000
8024.745,1.0000,1.0000
8026.593,1.0000,1.0000
8028.441,1.0000,1.0000
8030.291,1.0000,1.0000
8032.140,1.0000,1.0000
8033.988,1.0000,1.0000
8035.839,1.0000,1.0000
8037.690,1.0000,1.0000
8039.541,1.0000,1.0000
8041.392,1.0000,1.0000
8043.244,1.0000,1.0000
8045.096,1.0000,1.0000
8046.949,1.0000,1.0000
8048.801,1.0000,1.0000
8050.655,1.0000,1.0000
8052.509,1.0000,1.0000
8054.363,1.0000,1.0000
8056.219,1.0000,1.0000
8058.074,1.0000,1.0000
8059.930,1.0000,1.0000
8061.785,1.0000,1.0000
8063.642,1.0000,1.0000
8065.499,1.0000,1.0000
8067.356,1.0000,1.0000
8069.214,1.0000,1.0000
8071.072,1.0000,1.0000
8072.932,1.0000,1.0000
8074.790,1.0000,1.0000
8076.650,1.0000,1.0000
8078.510,1.0000,1.0000
8080.370,1.0000,1.0000
8082.230,1.0000,1.0000
8084.091,1.0000,1.0000
8085.954,1.0000,1.0000
8087.815,1.0000,1.0000
8089.678,1.0000,1.0000
8091.541,1.0000,1.0000
8093.405,1.0000,1.0000
8095.268,1.0000,1.0000
8097.132,1.0000,1.0000
8098.997,1.0000,1.0000
8100.862,1.0000,1.0000
8102.727,1.0000,1.0000
8104.593,1.0000,1.0000
8106.460,1.0000,1.0000
8108.327,1.0000,1.0000
8110.194,1.0000,1.0000
8112.062,1.0000,1.0000
8113.930,1.0000,1.0000
8115.798,1.0000,1.0000
8117.667,1.0000,1.0000
8119.537,1.0000,1.0000
8121.406,1.0000,1.0000
8123.276,1.0000,1.0000
8125.147,1.0000,1.0000
8127.018,1.0000,1.0000
8128.890,1.0000,1.0000
8130.762,1.0000,1.0000
8132.634,1.0000,1.0000
8134.507,1.0000,1.0000
8136.380,1.0000,1.0000
8138.254,1.0000,1.0000
8140.128,1.0000,1.0000
8142.003,1.0000,1.0000
8143.877,1.0000,1.0000
8145.752,1.0000,1.0000
8147.628,1.0000,1.0000
8149.505,1.0000,1.0000
8151.382,1.0000,1.0000
8153.259,1.0000,1.0000
8155.137,1.0000,1.0000
8157.014,1.0000,1.0000
8158.893,1.0000,1.0000
8160.772,1.0000,1.0000
8162.651,1.0000,1.0000
8164.531,1.0000,1.0000
8166.411,1.0000,1.0000
8168.291,1.0000,1.0000
8170.173,1.0000,1.0000
8172.054,1.0000,1.0000
8173.937,1.0000,1.0000
8175.818,1.0000,1.0000
8177.701,1.0000,1.0000
8179.584,1.0000,1.0000
8181.468,1.0000,1.0000
8183.352,1.0000,1.0000
8185.236,1.0000,1.0000
8187.122,1.0000,1.0000
8189.007,1.0000,1.0000
8190.893,1.0000,1.0000
8192.779,1.0000,1.0000
8194.666,1.0000,1.0000
8196.553,1.0000,1.0000
8198.440,1.0000,1.0000
8200.328,1.0000,1.0000
8202.217,1.0000,1.0000
8204.105,1.0000,1.0000
8205.995,1.0000,1.0000
8207.885,1.0000,1.0000
8209.774,1.0000,1.0000
8211.665,1.0000,1.0000
8213.556,1.0000,1.0000
8215.447,1.0000,1.0000
8217.340,1.0000,1.0000
8219.231,1.0000,1.0000
8221.124,1.0000,1.0000
8223.018,1.0000,1.0000
8224.912,1.0000,1.0000
8226.806,1.0000,1.0000
8228.701,1.0000,1.0000
8230.596,1.0000,1.0000
8232.490,1.0000,1.0000
8234.386,1.0000,1.0000
8236.282,1.0000,1.0000
8238.180,1.0000,1.0000
8240.076,1.0000,1.0000
8241.974,1.0000,1.0000
8243.872,1.0000,1.0000
8245.771,1.0000,1.0000
8247.669,1.0000,1.0000
8249.568,1.0000,1.0000
8251.468,1.0000,1.0000
8253.368,1.0000,1.0000
8255.269,1.0000,1.0000
8257.170,1.0000,1.0000
8259.072,1.0000,1.0000
8260.974,1.0000,1.0000
8262.876,1.0000,1.0000
8264.779,1.0000,1.0000
8266.682,1.0000,1.0000
8268.586,1.0000,1.0000
8270.489,1.0000,1.0000
8272.395,1.0000,1.0000
8274.299,1.0000,1.0000
8276.205,1.0000,1.0000
8278.110,1.0000,1.0000
8280.017,1.0000,1.0000
8281.924,1.0000,1.0000
8283.831,1.0000,1.0000
8285.739,1.0000,1.0000
8287.646,1.0000,1.0000
8289.556,1.0000,1.0000
8291.465,1.0000,1.0000
8293.374,1.0000,1.0000
8295.284,1.0000,1.0000
8297.193,1.0000,1.0000
8299.104,1.0000,1.0000
8301.016,1.0000,1.0000
8302.928,1.0000,1.0000
8304.839,1.0000,1.0000
8306.752,1.0000,1.0000
8308.665,1.0000,1.0000
8310.579,1.0000,1.0000
8312.492,1.0000,1.0000
8314.406,1.0000,1.0000
8316.320,1.0000,1.0000
8318.235,1.0000,1.0000
8320.151,1.0000,1.0000
8322.067,1.0000,1.0000
8323.984,1.0000,1.0000
8325.900,1.0000,1.0000
8327.818,1.0000,1.0000
8329.736,1.0000,1.0000
8331.653,1.0000,1.0000
8333.572,1.0000,1.0000
8335.492,1.0000,1.0000
8337.411,1.0000,1.0000
8339.331,1.0000,1.0000
8341.252,1.0000,1.0000
8343.173,1.0000,1.0000
8345.095,1.0000,1.0000
8347.016,1.0000,1.0000
8348.938,1.0000,1.0000
8350.861,1.0000,1.0000
8352.783,1.0000,1.0000
8354.707,1.0000,1.0000
8356.632,1.0000,1.0000
8358.556,1.0000,1.0000
8360.480,1.0000,1.0000
8362.406,1.0000,1.0000
8364.331,1.0000,1.0000
8366.257,1.0000,1.0000
8368.185,1.0000,1.0000
8370.111,1.0000,1.0000
8372.039,1.0000,1.0000
8373.967,1.0000,1.0000
8375.896,1.0000,1.0000
8377.824,1.0000,1.0000
8379.754,1.0000,1.0000
8381.684,1.0000,1.0000
8383.612,1.0000,1.0000
8385.544,1.0000,1.0000
8387.475,1.0000,1.0000
8389.406,1.0000,1.0000
8391.338,1.0000,1.0000
8393.271,1.0000,1.0000
8395.203,1.0000,1.0000
8397.137,1.0000,1.0000
8399.071,1.0000,1.0000
8401.005,1.0000,1.0000
8402.939,1.0000,1.0000
8404.874,1.0000,1.0000
8406.811,1.0000,1.0000
8408.746,1.0000,1.0000
8410.683,1.0000,1.0000
8412.619,1.0000,1.0000
8414.557,1.0000,1.0000
8416.495,1.0000,1.0000
8418.433,1.0000,1.0000
8420.371,1.0000,1.0000
8422.310,1.0000,1.0000
8424.250,1.0000,1.0000
8426.190,1.0000,1.0000
8428.130,1.0000,1.0000
8430.071,1.0000,1.0000
8432.012,1.0000,1.0000
8433.954,1.0000,1.0000
8435.896,1.0000,1.0000
8437.839,1.0000,1.0000
8439.781,1.0000,1.0000
8441.727,1.0000,1.0000
8443.670,1.0000,1.0000
8445.614,1.0000,1.0000
8447.560,1.0000,1.0000
8449.504,1.0000,1.0000
8451.450,1.0000,1.0000
8453.396,1.0000,1.0000
8455.343,1.0000,1.0000
8457.290,1.0000,1.0000
8459.238,1.0000,1.0000
8461.186,1.0000,1.0000
8463.135,1.0000,1.0000
8465.083,1.0000,1.0000
8467.032,1.0000,1.0000
8468.982,1.0000,1.0000
8470.933,1.0000,1.0000
8472.884,1.0000,1.0000
8474.835,1.0000,1.0000
8476.786,1.0000,1.0000
8478.738,1.0000,1.0000
8480.690,1.0000,1.0000
8482.645,1.0000,1.0000
8484.597,1.0000,1.0000
8486.552,1.0000,1.0000
8488.505,1.0000,1.0000
8490.460,1.0000,1.0000
8492.416,1.0000,1.0000
8494.372,1.0000,1.0000
8496.327,1.0000,1.0000
8498.284,1.0000,1.0000
8500.241,1.0000,1.0000
8502.198,1.0000,1.0000
8504.156,1.0000,1.0000
8506.114,1.0000,1.0000
8508.073,1.0000,1.0000
8510.032,1.0000,1.0000
8511.993,1.0000,1.0000
8513.953,1.0000,1.0000
8515.913,1.0000,1.0000
8517.874,1.0000,1.0000
8519.836,1.0000,1.0000
8521.798,1.0000,1.0000
8523.760,1.0000,1.0000
8525.724,1.0000,1.0000
8527.687,1.0000,1.0000
8529.650,1.0000,1.0000
8531.614,1.0000,1.0000
8533.579,1.0000,1.0000
8535.545,1.0000,1.0000
8537.510,1.0000,1.0000
8539.477,1.0000,1.0000
8541.442,1.0000,1.0000
8543.410,1.0000,1.0000
8545.377,1.0000,1.0000
8547.346,1.0000,1.0000
8549.313,1.0000,1.0000
8551.282,1.0000,1.0000
8553.252,1.0000,1.0000
8555.221,1.0000,1.0000
8557.190,1.0000,1.0000
8559.161,1.0000,1.0000
8561.133,1.0000,1.0000
8563.104,1.0000,1.0000
8565.076,1.0000,1.0000
8567.049,1.0000,1.0000
8569.021,1.0000,1.0000
8570.994,1.0000,1.0000
8572.969,1.0000,1.0000
8574.942,1.0000,1.0000
8576.918,1.0000,1.0000
8578.893,1.0000,1.0000
8580.868,1.0000,1.0000
8582.845,1.0000,1.0000
8584.820,1.0000,1.0000
8586.797,1.0000,1.0000
8588.774,1.0000,1.0000
8590.753,1.0000,1.0000
8592.731,1.0000,1.0000
8594.710,1.0000,1.0000
8596.689,1.0000,1.0000
8598.669,1.0000,1.0000
8600.649,1.0000,1.0000
8602.630,1.0000,1.0000
8604.610,1.0000,1.0000
8606.593,1.0000,1.0000
8608.574,1.0000,1.0000
8610.557,1.0000,1.0000
8612.539,1.0000,1.0000
8614.523,1.0000,1.0000
8616.507,1.0000,1.0000
8618.491,1.0000,1.0000
8620.476,1.0000,1.0000
8622.461,1.0000,1.0000
8624.446,1.0000,1.0000
8626.432,1.0000,1.0000
8628.420,1.0000,1.0000
8630.406,1.0000,1.0000
8632.394,1.0000,1.0000
8634.381,1.0000,1.0000
8636.370,1.0000,1.0000
8638.359,1.0000,1.0000
8640.348,1.0000,1.0000
8642.338,1.0000,1.0000
8644.328,1.0000,1.0000
8646.319,1.0000,1.0000
8648.310,1.0000,1.0000
8650.301,1.0000,1.0000
8652.293,1.0000,1.0000
8654.286,1.0000,1.0000
8656.279,1.0000,1.0000
8658.271,1.0000,1.0000
8660.267,1.0000,1.0000
8662.260,1.0000,1.0000
8664.256,1.0000,1.0000
8666.250,1.0000,1.0000
8668.246,1.0000,1.0000
8670.242,1.0000,1.0000
8672.239,1.0000,1.0000
8674.236,1.0000,1.0000
8676.233,1.0000,1.0000
8678.231,1.0000,1.0000
8680.230,1.0000,1.0000
8682.229,1.0000,1.0000
8684.229,1.0000,1.0000
8686.229,1.0000,1.0000
8688.229,1.0000,1.0000
8690.229,1.0000,1.0000
8692.230,1.0000,1.0000
8694.232,1.0000,1.0000
8696.234,1.0000,1.0000
8698.236,1.0000,1.0000
8700.240,1.0000,1.0000
8702.244,1.0000,1.0000
8704.247,1.0000,1.0000
8706.252,1.0000,1.0000
8708.257,1.0000,1.0000
8710.262,1.0000,1.0000
8712.269,1.0000,1.0000
8714.274,1.0000,1.0000
8716.280,1.0000,1.0000
8718.289,1.0000,1.0000
8720.296,1.0000,1.0000
8722.304,1.0000,1.0000
8724.313,1.0000,1.0000
8726.322,1.0000,1.0000
8728.332,1.0000,1.0000
8730.341,1.0000,1.0000
8732.352,1.0000,1.0000
8734.362,1.0000,1.0000
8736.374,1.0000,1.0000
8738.386,1.0000,1.0000
8740.398,1.0000,1.0000
8742.411,1.0000,1.0000
8744.424,1.0000,1.0000
8746.438,1.0000,1.0000
8748.452,1.0000,1.0000
8750.468,1.0000,1.0000
8752.481,1.0000,1.0000
8754.498,1.0000,1.0000
8756.514,1.0000,1.0000
8758.531,1.0000,1.0000
8760.547,1.0000,1.0000
8762.564,1.0000,1.0000
8764.583,1.0000,1.0000
8766.601,1.0000,1.0000
8768.619,1.0000,1.0000
8770.639,1.0000,1.0000
8772.659,1.0000,1.0000
8774.679,1.0000,1.0000
8776.700,1.0000,1.0000
8778.721,1.0000,1.0000
8780.742,1.0000,1.0000
8782.765,1.0000,1.0000
8784.787,1.0000,1.0000
8786.811,1.0000,1.0000
8788.834,1.0000,1.0000
8790.857,1.0000,1.0000
8792.882,1.0000,1.0000
8794.907,1.0000,1.0000
8796.932,1.0000,1.0000
8798.957,1.0000,1.0000
8800.984,1.0000,1.0000
8803.011,1.0000,1.0000
8805.038,1.0000,1.0000
8807.065,1.0000,1.0000
8809.094,1.0000,1.0000
8811.122,1.0000,1.0000
8813.151,1.0000,1.0000
8815.181,1.0000,1.0000
8817.211,1.0000,1.0000
8819.242,1.0000,1.0000
8821.272,1.0000,1.0000
8823.304,1.0000,1.0000
8825.336,1.0000,1.0000
8827.368,1.0000,1.0000
8829.401,1.0000,1.0000
8831.434,1.0000,1.0000
8833.468,1.0000,1.0000
8835.501,1.0000,1.0000
8837.537,1.0000,1.0000
8839.572,1.0000,1.0000
8841.607,1.0000,1.0000
8843.644,1.0000,1.0000
8845.681,1.0000,1.0000
8847.717,1.0000,1.0000
8849.755,1.0000,1.0000
8851.793,1.0000,1.0000
8853.831,1.0000,1.0000
8855.870,1.0000,1.0000
8857.909,1.0000,1.0000
8859.950,1.0000,1.0000
8861.989,1.0000,1.0000
8864.030,1.0000,1.0000
8866.071,1.0000,1.0000
8868.112,1.0000,1.0000
8870.155,1.0000,1.0000
8872.197,1.0000,1.0000
8874.241,1.0000,1.0000
8876.284,1.0000,1.0000
8878.329,1.0000,1.0000
8880.374,1.0000,1.0000
8882.419,1.0000,1.0000
8884.464,1.0000,1.0000
8886.510,1.0000,1.0000
8888.557,1.0000,1.0000
8890.603,1.0000,1.0000
8892.651,1.0000,1.0000
8894.698,1.0000,1.0000
8896.747,1.0000,1.0000
8898.795,1.0000,1.0000
8900.846,1.0000,1.0000
8902.895,1.0000,1.0000
8904.944,1.0000,1.0000
8906.996,1.0000,1.0000
8909.047,1.0000,1.0000
8911.099,1.0000,1.0000
8913.150,1.0000,1.0000
8915.203,1.0000,1.0000
8917.256,1.0000,1.0000
8919.310,1.0000,1.0000
8921.363,1.0000,1.0000
8923.418,1.0000,1.0000
8925.473,1.0000,1.0000
8927.528,1.0000,1.0000
8929.584,1.0000,1.0000
8931.641,1.0000,1.0000
8933.697,1.0000,1.0000
8935.754,1.0000,1.0000
8937.812,1.0000,1.0000
8939.870,1.0000,1.0000
8941.929,1.0000,1.0000
8943.988,1.0000,1.0000
8946.048,1.0000,1.0000
8948.108,1.0000,1.0000
8950.169,1.0000,1.0000
8952.230,1.0000,1.0000
8954.292,1.0000,1.0000
8956.354,1.0000,1.0000
8958.416,1.0000,1.0000
8960.479,1.0000,1.0000
8962.542,1.0000,1.0000
8964.605,1.0000,1.0000
8966.671,1.0000,1.0000
8968.735,1.0000,1.0000
8970.802,1.0000,1.0000
8972.867,1.0000,1.0000
8974.934,1.0000,1.0000
8977.000,1.0000,1.0000
8979.067,1.0000,1.0000
8981.136,1.0000,1.0000
8983.203,1.0000,1.0000
8985.272,1.0000,1.0000
8987.341,1.0000,1.0000
8989.411,1.0000,1.0000
8991.480,1.0000,1.0000
8993.552,1.0000,1.0000
8995.623,1.0000,1.0000
8997.693,1.0000,1.0000
8999.766,1.0000,1.0000
9001.839,1.0000,1.0000
9003.912,1.0000,1.0000
9005.985,1.0000,1.0000
9008.060,1.0000,1.0000
9010.134,1.0000,1.0000
9012.208,1.0000,1.0000
9014.284,1.0000,1.0000
9016.359,1.0000,1.0000
9018.437,1.0000,1.0000
9020.513,1.0000,1.0000
9022.590,1.0000,1.0000
9024.668,1.0000,1.0000
9026.746,1.0000,1.0000
9028.825,1.0000,1.0000
9030.904,1.0000,1.0000
9032.983,1.0000,1.0000
9035.064,1.0000,1.0000
9037.145,1.0000,1.0000
9039.226,1.0000,1.0000
9041.308,1.0000,1.0000
9043.390,1.0000,1.0000
9045.472,1.0000,1.0000
9047.555,1.0000,1.0000
9049.639,1.0000,1.0000
9051.723,1.0000,1.0000
9053.807,1.0000,1.0000
9055.893,1.0000,1.0000
9057.978,1.0000,1.0000
9060.063,1.0000,1.0000
9062.149,1.0000,1.0000
9064.236,1.0000,1.0000
9066.324,1.0000,1.0000
9068.412,1.0000,1.0000
9070.500,1.0000,1.0000
9072.589,1.0000,1.0000
9074.679,1.0000,1.0000
9076.768,1.0000,1.0000
9078.858,1.0000,1.0000
9080.948,1.0000,1.0000
9083.041,1.0000,1.0000
9085.132,1.0000,1.0000
9087.224,1.0000,1.0000
9089.317,1.0000,1.0000
9091.409,1.0000,1.0000
9093.503,1.0000,1.0000
9095.597,1.0000,1.0000
9097.692,1.0000,1.0000
9099.787,1.0000,1.0000
9101.882,1.0000,1.0000
9103.979,1.0000,1.0000
9106.074,1.0000,1.0000
9108.172,1.0000,1.0000
9110.270,1.0000,1.0000
9112.368,1.0000,1.0000
9114.467,1.0000,1.0000
9116.565,1.0000,1.0000
9118.664,1.0000,1.0000
9120.764,1.0000,1.0000
9122.864,1.0000,1.0000
9124.966,1.0000,1.0000
9127.067,1.0000,1.0000
9129.168,1.0000,1.0000
9131.271,1.0000,1.0000
9133.374,1.0000,1.0000
9135.477,1.0000,1.0000
9137.581,1.0000,1.0000
9139.685,1.0000,1.0000
9141.790,1.0000,1.0000
9143.895,1.0000,1.0000
9146.001,1.0000,1.0000
9148.106,1.0000,1.0000
9150.214,1.0000,1.0000
9152.320,1.0000,1.0000
9154.429,1.0000,1.0000
9156.537,1.0000,1.0000
9158.645,1.0000,1.0000
9160.754,1.0000,1.0000
9162.863,1.0000,1.0000
9164.974,1.0000,1.0000
9167.084,1.0000,1.0000
9169.196,1.0000,1.0000
9171.307,1.0000,1.0000
9173.420,1.0000,1.0000
9175.531,1.0000,1.0000
9177.644,1.0000,1.0000
9179.759,1.0000,1.0000
9181.872,1.0000,1.0000
9183.986,1.0000,1.0000
9186.101,1.0000,1.0000
9188.217,1.0000,1.0000
9190.333,1.0000,1.0000
9192.449,1.0000,1.0000
9194.566,1.0000,1.0000
9196.684,1.0000,1.0000
9198.801,1.0000,1.0000
9200.919,1.0000,1.0000
9203.038,1.0000,1.0000
9205.157,1.0000,1.0000
9207.278,1.0000,1.0000
9209.397,1.0000,1.0000
9211.519,1.0000,1.0000
9213.640,1.0000,1.0000
9215.762,1.0000,1.0000
9217.884,1.0000,1.0000
9220.007,1.0000,1.0000
9222.130,1.0000,1.0000
9224.254,1.0000,1.0000
9226.378,1.0000,1.0000
9228.502,1.0000,1.0000
9230.628,1.0000,1.0000
9232.754,1.0000,1.0000
9234.880,1.0000,1.0000
9237.007,1.0000,1.0000
9239.133,1.0000,1.0000
9241.261,1.0000,1.0000
9243.389,1.0000,1.0000
9245.519,1.0000,1.0000
9247.646,1.0000,1.0000
9249.775,1.0000,1.0000
9251.906,1.0000,1.0000
9254.037,1.0000,1.0000
9256.168,1.0000,1.0000
9258.300,1.0000,1.0000
9260.432,1.0000,1.0000
9262.564,1.0000,1.0000
9264.697,1.0000,1.0000
9266.831,1.0000,1.0000
9268.964,1.0000,1.0000
9271.100,1.0000,1.0000
9273.234,1.0000,1.0000
9275.370,1.0000,1.0000
9277.505,1.0000,1.0000
9279.643,1.0000,1.0000
9281.779,1.0000,1.0000
9283.917,1.0000,1.0000
9286.055,1.0000,1.0000
9288.193,1.0000,1.0000
9290.332,1.0000,1.0000
9292.471,1.0000,1.0000
9294.611,1.0000,1.0000
9296.752,1.0000,1.0000
9298.893,1.0000,1.0000
9301.033,1.0000,1.0000
9303.176,1.0000,1.0000
9305.318,1.0000,1.0000
9307.461,1.0000,1.0000
9309.604,1.0000,1.0000
9311.748,1.0000,1.0000
9313.893,1.0000,1.0000
9316.037,1.0000,1.0000
9318.183,1.0000,1.0000
9320.328,1.0000,1.0000
9322.476,1.0000,1.0000
9324.622,1.0000,1.0000
9326.769,1.0000,1.0000
9328.917,1.0000,1.0000
9331.065,1.0000,1.0000
9333.214,1.0000,1.0000
9335.363,1.0000,1.0000
9337.514,1.0000,1.0000
9339.664,1.0000,1.0000
9341.814,1.0000,1.0000
9343.966,1.0000,1.0000
9346.117,1.0000,1.0000
9348.270,1.0000,1.0000
9350.422,1.0000,1.0000
9352.576,1.0000,1.0000
9354.729,1.0000,1.0000
9356.884,1.0000,1.0000
9359.038,1.0000,1.0000
9361.193,1.0000,1.0000
9363.350,1.0000,1.0000
9365.505,1.0000,1.0000
9367.662,1.0000,1.0000
9369.819,1.0000,1.0000
9371.978,1.0000,1.0000
9374.136,1.0000,1.0000
9376.295,1.0000,1.0000
9378.454,1.0000,1.0000
9380.614,1.0000,1.0000
9382.773,1.0000,1.0000
9384.934,1.0000,1.0000
9387.096,1.0000,1.0000
9389.257,1.0000,1.0000
9391.420,1.0000,1.0000
9393.581,1.0000,1.0000
9395.745,1.0000,1.0000
9397.909,1.0000,1.0000
9400.072,1.0000,1.0000
9402.238,1.0000,1.0000
9404.402,1.0000,1.0000
9406.568,1.0000,1.0000
9408.735,1.0000,1.0000
9410.901,1.0000,1.0000
9413.068,1.0000,1.0000
9415.236,1.0000,1.0000
9417.405,1.0000,1.0000
9419.573,1.0000,1.0000