WAVELENGTH,FLUX,ERROR
698.283,1.0000,1.0000
698.444,1.0000,1.0000
698.604,1.0000,1.0000
698.765,1.0000,1.0000
698.926,1.0000,1.0000
699.087,1.0000,1.0000
699.248,1.0000,1.0000
699.409,1.0000,1.0000
699.570,1.0000,1.0000
699.731,1.0000,1.0000
699.893,1.0000,1.0000
700.054,1.0000,1.0000
700.215,1.0000,1.0000
700.376,1.0000,1.0000
700.537,1.0000,1.0000
700.699,1.0000,1.0000
700.860,1.0000,1.0000
701.022,1.0000,1.0000
701.183,1.0000,1.0000
701.344,1.0000,1.0000
701.506,1.0000,1.0000
701.667,1.0000,1.0000
701.829,1.0000,1.0000
701.991,1.0000,1.0000
702.152,1.0000,1.0000
702.314,1.0000,1.0000
702.476,1.0000,1.0000
702.638,1.0000,1.0000
702.799,1.0000,1.0000
702.961,1.0000,1.0000
703.123,1.0000,1.0000
703.285,1.0000,1.0000
703.447,1.0000,1.0000
703.609,1.0000,1.0000
703.771,1.0000,1.0000
703.933,1.0000,1.0000
704.095,1.0000,1.0000
704.257,1.0000,1.0000
704.419,1.0000,1.0000
704.582,1.0000,1.0000
704.744,1.0000,1.0000
704.906,1.0000,1.0000
705.069,1.0000,1.0000
705.231,1.0000,1.0000
705.393,1.0000,1.0000
705.556,1.0000,1.0000
705.718,1.0000,1.0000
705.881,1.0000,1.0000
706.043,1.0000,1.0000
706.206,1.0000,1.0000
706.369,1.0000,1.0000
706.531,1.0000,1.0000
706.694,1.0000,1.0000
706.857,1.0000,1.0000
707.019,1.0000,1.0000
707.182,1.0000,1.0000
707.345,1.0000,1.0000
707.508,1.0000,1.0000
707.671,1.0000,1.0000
707.834,1.0000,1.0000
707.997,1.0000,1.0000
708.160,1.1061,0.9543
708.323,1.2861,0.9570
708.486,1.1908,0.9513
708.649,1.0000,1.0000
708.812,1.0000,1.0000
708.976,1.1202,0.9536
709.139,1.0000,1.0000
709.302,1.0000,1.0000
709.466,1.0000,1.0000
709.629,1.0000,1.0000
709.792,1.0000,1.0000
709.956,1.0000,1.0000
710.119,1.0000,1.0000
710.283,1.0000,1.0000
710.446,1.0000,1.0000
710.610,1.0000,1.0000
710.774,1.0965,0.9521
710.937,1.0000,1.0000
711.101,1.0000,1.0000
711.265,1.0000,1.0000
711.429,1.0000,1.0000
711.593,1.0000,1.0000
711.756,1.2778,0.9501
711.920,1.0000,1.0000
712.084,1.0000,1.0000
712.248,1.2329,0.9473
712.412,1.0000,1.0000
712.576,1.0000,1.0000
712.740,1.3560,0.9695
712.904,1.1910,0.9930
713.069,1.0000,1.0000
713.233,1.0000,1.0000
713.397,1.2387,0.9306
713.561,1.0000,1.0000
713.726,1.2912,0.9631
713.890,1.0000,1.0000
714.054,1.2536,0.9552
714.219,1.6596,0.9401
714.383,1.2242,0.9754
714.548,1.0674,0.9899
714.712,1.1356,0.9723
714.877,1.0000,1.0000
715.042,1.0000,1.0000
715.206,1.0000,1.0000
715.371,1.9825,0.9291
715.536,1.1281,0.9699
715.701,1.1489,0.9719
715.865,1.2332,0.9881
716.030,1.1769,0.9705
716.195,1.1321,0.9768
716.360,1.0000,1.0000
716.525,1.0000,1.0000
716.690,1.2308,0.9650
716.855,1.0000,1.0000
717.020,1.2494,0.9227
717.185,1.1422,0.9892
717.350,1.0000,1.0000
717.516,1.0961,0.9734
717.681,1.0000,1.0000
717.846,1.0000,1.0000
718.011,1.0000,1.0000
718.177,1.0000,1.0000
718.342,1.3597,0.9615
718.508,1.1282,0.9869
718.673,1.0000,1.0000
718.839,1.0000,1.0000
719.004,1.0000,1.0000
719.170,1.4578,0.9590
719.335,1.1135,0.6820
719.501,1.3219,0.6748
719.667,1.1085,0.9901
719.832,1.0000,1.0000
719.998,1.1629,0.9891
720.164,1.1357,0.6527
720.330,1.0000,1.0000
720.496,1.4259,0.9553
720.661,1.0171,0.6951
720.827,1.8217,0.9067
720.993,1.5381,0.9261
721.160,1.0000,1.0000
721.326,1.3280,0.9511
721.492,1.0000,1.0000
721.658,1.0943,0.9633
721.824,1.1272,0.9892
721.990,0.8029,0.6762
722.157,1.2264,0.9458
722.323,1.0631,0.9856
722.489,1.3689,0.9215
722.656,1.2074,0.6666
722.822,1.2508,0.9869
722.988,1.0545,0.9867
723.155,1.6036,0.6692
723.321,1.0480,0.6197
723.488,0.8912,0.6271
723.655,1.0162,0.6194
723.821,1.0000,1.0000
723.988,0.9711,0.5911
724.155,1.2547,0.6007
724.321,1.2094,0.9306
724.488,1.3171,0.9183
724.655,1.1563,0.8404
724.822,1.5252,0.8383
724.989,1.0029,0.8313
725.156,1.1268,0.9342
725.323,1.4833,0.9358
725.490,1.0972,0.5987
725.657,1.6573,0.8555
725.824,1.3104,0.8245
725.991,1.2814,0.8173
726.158,1.5088,0.8865
726.326,1.0301,0.6301
726.493,1.0654,0.9528
726.660,1.3794,0.9096
726.827,0.7226,0.6136
726.995,1.1505,0.9431
727.162,1.2071,0.6486
727.330,1.3915,0.6910
727.497,1.5110,0.5698
727.665,1.1899,0.9549
727.832,1.3645,0.9585
728.000,0.9974,0.5760
728.168,1.1205,0.5888
728.335,1.0243,0.7691
728.503,1.5843,0.9526
728.671,1.0514,0.9478
728.839,1.5268,0.7623
729.006,1.6117,0.5457
729.174,0.6185,0.5774
729.342,1.8547,0.7771
729.510,1.2695,0.9554
729.678,1.0000,1.0000
729.846,0.8939,0.5549
730.014,1.0390,0.6172
730.182,1.1757,0.9853
730.350,1.0595,0.9828
730.519,1.0000,1.0000
730.687,1.3445,0.9869
730.855,1.3490,0.8009
731.023,1.2108,0.7622
731.192,1.1671,0.9505
731.360,1.2630,0.8633
731.529,1.1540,0.5345
731.697,1.0672,0.5972
731.866,1.2384,0.9000
732.034,1.0736,0.7797
732.203,1.0196,0.8813
732.371,0.7894,0.5617
732.540,1.9036,0.5113
732.709,0.8716,0.5128
732.877,1.4835,0.8967
733.046,0.7609,0.5692
733.215,1.0095,0.7661
733.384,1.3772,0.8629
733.553,0.9935,0.5904
733.722,1.2964,0.5973
733.891,1.2422,0.9857
734.060,1.0594,0.7855
734.229,1.1873,0.5475
734.398,1.3685,0.5496
734.567,1.5509,0.8773
734.736,1.1290,0.7301
734.905,0.8339,0.5500
735.074,1.4386,0.8770
735.244,1.7087,0.8424
735.413,0.9627,0.5885
735.582,0.6771,0.6017
735.752,1.4156,0.7452
735.921,1.2042,0.6989
736.091,1.1188,0.8912
736.260,1.6876,0.5854
736.430,1.1698,0.7176
736.599,0.9690,0.7808
736.769,1.1798,0.4940
736.939,1.3127,0.7446
737.108,1.4062,0.7367
737.278,1.3469,0.4657
737.448,2.1024,0.8611
737.618,0.7651,0.5367
737.788,1.0188,0.5320
737.958,1.9164,0.7535
738.127,1.1656,0.9742
738.297,0.9995,0.7734
738.467,0.9741,0.5111
738.638,1.3820,0.5399
738.808,1.2234,0.9802
738.978,1.1143,0.8873
739.148,1.0463,0.5248
739.318,1.0000,1.0000
739.488,1.6733,0.7155
739.659,1.4800,0.6449
739.829,1.0000,1.0000
739.999,1.8212,0.9158
740.170,1.6072,0.7375
740.340,1.2354,0.4426
740.511,1.5903,0.6665
740.681,1.5319,0.8442
740.852,1.0125,0.4535
741.022,1.8800,0.6709
741.193,1.0211,0.4933
741.364,1.1063,0.4725
741.534,0.9956,0.7411
741.705,1.7820,0.7163
741.876,2.0634,0.9029
742.047,1.0364,0.5215
742.218,1.0000,1.0000
742.389,1.5169,0.6701
742.560,1.2715,0.5664
742.731,0.9126,0.7806
742.902,0.6966,0.5176
743.073,0.9860,0.7783
743.244,0.8142,0.5109
743.415,1.4216,0.9036
743.586,1.5434,0.7967
743.757,1.8454,0.6473
743.929,1.0315,0.9236
744.100,1.2750,0.7576
744.271,1.2029,0.7534
744.443,1.3008,0.7154
744.614,2.1113,0.6106
744.786,2.1294,0.7072
744.957,1.4392,0.5120
745.129,1.0000,1.0000
745.300,1.8317,0.7335
745.472,1.3602,0.5961
745.644,1.2555,0.7549
745.815,0.9990,0.7298
745.987,1.7270,0.6891
746.159,1.7402,0.5753
746.331,1.5304,0.6811
746.503,1.3414,0.3928
746.674,1.9863,0.6066
746.846,1.0186,0.4558
747.018,1.3813,0.3778
747.190,1.8210,0.7027
747.362,1.7247,0.6666
747.535,1.4094,0.6193
747.707,1.5196,0.3631
747.879,0.7281,0.4311
748.051,1.4206,0.4902
748.224,1.0572,0.4584
748.396,1.0236,0.7869
748.568,1.3060,0.3981
748.740,1.3360,0.4313
748.913,1.3340,0.7560
749.085,1.5068,0.7004
749.258,1.2558,0.5948
749.430,0.9107,0.6295
749.603,0.9863,0.6575
749.776,1.4003,0.4562
749.948,2.0850,0.5633
750.121,1.6217,0.8183
750.294,1.6642,0.4546
750.466,1.4383,0.5541
750.639,2.1767,0.6564
750.812,2.5670,0.6520
750.985,0.9645,0.3738
751.158,1.4146,0.5664
751.331,1.2717,0.4391
751.504,1.1433,0.4053
751.677,0.8917,0.4010
751.850,1.1634,0.6141
752.023,1.3926,0.6074
752.197,1.8565,0.5700
752.370,0.9684,0.3663
752.543,1.3310,0.3548
752.716,1.8248,0.4911
752.890,1.5112,0.6725
753.063,0.9857,0.5530
753.237,1.6937,0.4954
753.410,1.1968,0.4179
753.583,1.5104,0.5552
753.757,0.9447,0.4900
753.931,1.1895,0.4994
754.104,1.4373,0.5043
754.278,0.7486,0.3806
754.452,1.2365,0.6511
754.625,1.4903,0.5882
754.799,1.9449,0.5653
754.973,2.2609,0.6301
755.147,1.8171,0.5533
755.321,0.7889,0.3924
755.495,1.5504,0.5242
755.669,1.2134,0.3963
755.843,1.8973,0.4941
756.017,1.0604,0.3796
756.191,1.2579,0.4198
756.365,1.3071,0.3872
756.539,1.4850,0.3809
756.713,1.0153,0.3638
756.887,1.5083,0.5958
757.062,1.2916,0.4808
757.236,0.8993,0.3649
757.411,1.7724,0.5122
757.585,0.9579,0.5635
757.759,1.1868,0.6251
757.934,1.3576,0.3692
758.108,1.7145,0.6207
758.283,1.4100,0.6706
758.458,1.0576,0.3387
758.632,1.3315,0.6099
758.807,1.3767,0.5450
758.982,1.4817,0.6160
759.156,1.8283,0.5197
759.331,1.6114,0.5666
759.506,0.8604,0.3777
759.681,1.4651,0.3640
759.856,0.9882,0.5043
760.031,1.0654,0.4399
760.206,1.3607,0.5624
760.381,0.9046,0.4045
760.556,1.6128,0.3937
760.731,1.8630,0.5760
760.907,1.5757,0.5712
761.082,0.9451,0.4848
761.257,1.3215,0.4182
761.432,1.3408,0.4428
761.608,2.9002,0.6111
761.783,1.0056,0.3707
761.959,1.0335,0.5788
762.134,1.3754,0.4735
762.309,1.0862,0.3698
762.485,1.2035,0.4930
762.661,1.2206,0.5914
762.836,1.5175,0.5650
763.012,1.2034,0.4728
763.188,1.4939,0.4641
763.363,1.2793,0.3274
763.539,1.2099,0.5070
763.715,1.4044,0.4818
763.891,1.7184,0.6785
764.067,1.0972,0.3446
764.243,1.3206,0.3021
764.419,1.1398,0.4666
764.595,1.5419,0.6154
764.771,1.7790,0.4311
764.947,1.3218,0.3776
765.123,1.4366,0.6513
765.299,1.4968,0.3960
765.476,1.6451,0.4493
765.652,1.2394,0.3696
765.828,1.5777,0.4521
766.005,1.8053,0.4161
766.181,1.1851,0.3114
766.357,1.1467,0.3414
766.534,2.0843,0.5823
766.710,1.5677,0.4727
766.887,1.8789,0.5017
767.064,1.0550,0.3243
767.240,1.2722,0.4035
767.417,1.9555,0.4921
767.594,1.0745,0.3300
767.770,1.4655,0.4135
767.947,2.1713,0.4584
768.124,1.8251,0.4264
768.301,0.9303,0.7111
768.478,1.0638,0.5478
768.655,1.3756,0.4985
768.832,0.9729,0.3500
769.009,1.3261,0.3667
769.186,1.1609,0.3416
769.363,1.9712,0.5937
769.540,1.3638,0.4280
769.717,1.1812,0.4363
769.895,1.5439,0.4347
770.072,1.1786,0.3445
770.249,1.0554,0.3645
770.427,1.2893,0.2785
770.604,1.4244,0.2865
770.782,0.9834,0.4105
770.959,1.5672,0.4353
771.137,1.3898,0.3817
771.314,2.0616,0.4761
771.492,1.1176,0.4016
771.669,1.5796,0.3908
771.847,1.0573,0.2976
772.025,1.0000,0.3238
772.203,0.8092,0.3301
772.381,0.9066,0.5226
772.558,1.3136,0.3856
772.736,1.5763,0.3917
772.914,1.2278,0.4123
773.092,1.8113,0.4318
773.270,0.8761,0.2696
773.448,0.9491,0.2870
773.627,1.4273,0.4381
773.805,1.7002,0.3813
773.983,1.2553,0.3529
774.161,1.2160,0.3739
774.339,1.5007,0.4019
774.518,1.2351,0.4678
774.696,1.4252,0.4273
774.875,1.7335,0.4685
775.053,1.0052,0.3454
775.231,1.2550,0.4545
775.410,1.4407,0.4142
775.588,1.1084,0.3022
775.767,1.0684,0.4066
775.946,1.2348,0.3521
776.124,1.9008,0.4011
776.303,1.7365,0.4756
776.482,2.2456,0.6362
776.661,1.6489,0.6337
776.840,1.2969,0.3680
777.018,1.5403,0.3670
777.197,1.2132,0.3540
777.376,1.0200,0.3445
777.555,1.4760,0.3015
777.734,0.8635,0.2870
777.914,1.6693,0.4099
778.093,1.7516,0.4145
778.272,1.3899,0.3096
778.451,1.5108,0.4359
778.630,0.8132,0.3058
778.810,1.6285,0.4723
778.989,1.5775,0.4511
779.168,0.8809,0.3741
779.348,1.4678,0.3055
779.527,0.9882,0.8167
779.707,1.0783,0.4437
779.886,1.1559,0.3041
780.066,0.8661,0.2960
780.246,0.8061,0.3145
780.425,1.0191,0.3973
780.605,1.2546,0.3690
780.785,1.3750,0.4069
780.965,1.2745,0.4727
781.144,1.1787,0.3128
781.324,1.1545,0.2513
781.504,1.1197,0.2896
781.684,1.2334,0.3930
781.864,0.9394,0.3265
782.044,1.8812,0.4254
782.224,1.3045,0.4409
782.404,1.2981,0.2961
782.585,1.6562,0.3612
782.765,2.0049,0.3906
782.945,1.4034,0.3793
783.125,1.1796,0.3659
783.306,1.3516,0.4153
783.486,1.8318,0.4421
783.667,1.1894,0.2730
783.847,1.0135,0.4315
784.028,1.0584,0.3280
784.208,1.1243,0.2908
784.389,1.0606,0.4066
784.569,1.2220,0.4104
784.750,1.5702,0.3876
784.931,1.4766,0.3200
785.112,0.9813,0.2651
785.292,1.2751,0.3540
785.473,1.3587,0.3529
785.654,1.0566,0.3104
785.835,0.9458,0.2668
786.016,1.0688,0.3479
786.197,1.6976,0.4182
786.378,1.2179,0.3228
786.559,1.2775,0.3007
786.740,1.2444,0.3154
786.921,0.8521,0.3220
787.103,0.8680,0.3701
787.284,1.0531,0.2702
787.465,1.1943,0.2997
787.646,1.5966,0.4245
787.828,1.2798,0.3799
788.009,1.5824,0.3996
788.191,1.0642,0.2658
788.372,1.0847,0.2899
788.554,0.8978,0.4084
788.735,1.1575,0.2867
788.917,1.4302,0.3266
789.099,0.9652,0.3422
789.280,0.9952,0.2995
789.462,1.2018,0.2537
789.644,1.0091,0.2807
789.826,0.7893,0.2712
790.008,1.2651,0.4051
790.190,1.0044,0.2971
790.372,1.6821,0.3361
790.554,1.5082,0.2981
790.736,1.3818,0.3223
790.918,1.1200,0.2912
791.100,0.8289,0.2619
791.282,1.2196,0.2885
791.464,1.3485,0.4014
791.647,1.2293,0.3488
791.829,1.2840,0.2586
792.011,1.1707,0.3382
792.194,1.4555,0.3344
792.376,1.0711,0.2553
792.558,0.9509,0.4045
792.741,1.0644,0.2947
792.924,1.2194,0.2537
793.106,1.1441,0.3738
793.289,1.0240,0.2363
793.471,1.9030,0.3104
793.654,1.6819,0.2605
793.837,1.3987,0.3330
794.020,1.1538,0.3252
794.203,1.4193,0.3593
794.386,1.3929,0.2571
794.568,1.4593,0.3178
794.751,0.9214,0.2664
794.935,1.5036,0.3280
795.117,1.0103,0.2504
795.301,1.1568,0.2876
795.484,1.3206,0.2752
795.667,0.8844,0.3057
795.850,1.0954,0.2823
796.034,1.2566,0.2470
796.217,1.3835,0.2804
796.400,1.1271,0.2692
796.584,1.1867,0.2544
796.767,0.8893,0.2535
796.951,0.9081,0.2665
797.134,1.1171,0.3212
797.318,1.0328,0.2938
797.501,1.1832,0.2465
797.685,1.2411,0.3178
797.869,1.2175,0.2686
798.052,0.9638,0.2560
798.236,0.9749,0.2688
798.420,1.4510,0.3242
798.604,0.7724,0.3079
798.788,0.8820,0.3498
798.972,1.8839,0.3109
799.156,1.1609,0.2588
799.340,1.1625,0.2764
799.524,1.0338,0.2817
799.708,1.3934,0.2855
799.892,0.8362,0.2255
800.076,1.5008,0.2707
800.260,0.8600,0.2670
800.445,1.1158,0.3787
800.629,1.0208,0.2364
800.813,1.0333,0.3151
800.998,1.1704,0.2782
801.182,1.4252,0.2877
801.367,1.2144,0.2511
801.551,1.3540,0.3149
801.736,1.4885,0.3592
801.921,0.9828,0.2332
802.105,0.8686,0.2651
802.290,1.1186,0.2566
802.475,1.0208,0.2552
802.659,1.2649,0.2947
802.844,1.2156,0.2807
803.029,1.5964,0.3298
803.214,1.8211,0.3534
803.399,0.8647,0.2414
803.584,1.4945,0.2628
803.769,1.5019,0.2659
803.954,0.9769,0.2460
804.139,0.9778,0.2135
804.325,1.3593,0.2622
804.510,1.4129,0.2585
804.695,1.6349,0.2876
804.880,2.1040,0.3128
805.066,1.0304,0.2588
805.251,1.0164,0.2472
805.437,1.0706,0.2529
805.622,1.0979,0.2392
805.807,1.0823,0.2291
805.993,1.1090,0.2532
806.179,0.9431,0.2244
806.364,1.1996,0.3054
806.550,1.1367,0.2115
806.736,1.4513,0.2760
806.922,1.6977,0.4147
807.107,1.4750,0.2520
807.293,1.7122,0.3472
807.479,1.2293,0.3476
807.665,1.0040,0.2248
807.851,0.8993,0.2855
808.037,1.5919,0.2927
808.223,1.1730,0.2427
808.409,0.9563,0.2443
808.596,1.3449,0.2543
808.782,1.0651,0.2574
808.968,0.8571,0.1877
809.154,0.7657,0.1966
809.341,1.4858,0.2264
809.527,1.1550,0.2407
809.713,1.4704,0.3215
809.900,1.2226,0.2060
810.086,1.1333,0.2529
810.273,1.3359,0.2294
810.460,1.0788,0.2525
810.646,1.8116,0.3769
810.833,0.9103,0.3064
811.020,1.5583,0.3515
811.206,1.0984,0.2301
811.393,1.0834,0.2650
811.580,1.2211,0.2739
811.767,1.1118,0.2069
811.954,1.3653,0.3337
812.141,1.3337,0.3387
812.328,1.3822,0.2794
812.515,1.0248,0.2486
812.702,1.1902,0.2407
812.889,0.9467,0.2062
813.076,1.6873,0.2999
813.264,1.0666,0.2488
813.451,1.1236,0.2252
813.638,1.0835,0.2339
813.826,1.3197,0.2874
814.013,1.2597,0.2311
814.201,1.1630,0.2188
814.388,1.3636,0.2374
814.576,1.1046,0.2040
814.763,1.1354,0.2108
814.951,0.9332,0.2249
815.138,1.3792,0.2222
815.326,1.1508,0.2138
815.514,1.2119,0.2473
815.702,0.8476,0.1996
815.889,1.2817,0.2543
816.077,0.9720,0.2776
816.265,1.1013,0.2970
816.453,0.8781,0.2168
816.641,1.2667,0.2789
816.829,1.0396,0.2095
817.018,1.2181,0.2335
817.206,1.2294,0.3557
817.394,0.8754,0.2205
817.582,1.6106,0.3271
817.770,1.2498,0.3065
817.959,1.3739,0.2540
818.147,1.2109,0.2507
818.335,1.1019,0.2549
818.524,1.3408,0.3063
818.712,1.7934,0.3295
818.901,0.9925,0.1883
819.089,1.2306,0.2009
819.278,1.4116,0.3318
819.467,1.2715,0.2580
819.655,0.9776,0.2118
819.844,0.9023,0.2305
820.033,1.7350,0.3013
820.222,1.4890,0.2716
820.411,1.3489,0.2859
820.600,1.1083,0.2706
820.789,1.1542,0.2789
820.978,1.0061,0.2339
821.167,0.9615,0.2114
821.356,1.0888,0.3629
821.545,1.3427,0.2438
821.734,1.1836,0.2260
821.923,1.0811,0.1998
822.113,0.8032,0.1704
822.302,1.2245,0.2349
822.491,1.3627,0.2465
822.681,1.0986,0.1784
822.870,1.2286,0.2689
823.060,1.3416,0.2864
823.249,1.1210,0.1836
823.439,1.2183,0.2187
823.628,2.0059,0.3791
823.818,1.3611,0.2381
824.008,1.0700,0.2173
824.198,1.1690,0.2601
824.387,0.9609,0.1986
824.577,1.2920,0.2033
824.767,1.5158,0.2699
824.957,1.0225,0.2221
825.147,0.9424,0.1912
825.337,1.2858,0.2215
825.527,0.9208,0.1754
825.717,0.9475,0.1855
825.907,1.0784,0.1751
826.098,0.8289,0.1871
826.288,1.1515,0.2290
826.478,1.4197,0.2437
826.668,0.8443,0.2138
826.859,1.2106,0.2163
827.049,1.4946,0.1918
827.240,1.2322,0.1988
827.430,1.0578,0.2036
827.621,1.2190,0.2045
827.811,1.0675,0.1808
828.002,1.2734,0.2924
828.193,1.1540,0.2633
828.383,1.1990,0.1898
828.574,1.0388,0.2025
828.765,1.3699,0.2318
828.956,1.5878,0.2344
829.147,0.8624,0.1841
829.338,1.0047,0.1900
829.529,1.2842,0.2159
829.720,0.8525,0.1878
829.911,1.5055,0.2323
830.102,1.1373,0.1869
830.293,0.9918,0.2453
830.484,1.3726,0.1964
830.675,1.1719,0.1875
830.867,0.7967,0.1955
831.058,1.5104,0.2208
831.249,1.1239,0.1843
831.441,1.1907,0.2002
831.632,1.4643,0.2003
831.824,1.4746,0.1917
832.015,1.1412,0.1838
832.207,1.1119,0.1799
832.399,1.1260,0.1769
832.590,1.0884,0.1861
832.782,1.2513,0.1973
832.974,1.2078,0.1826
833.166,1.0343,0.1885
833.358,0.9007,0.1992
833.549,1.1994,0.2134
833.741,1.7610,0.1911
833.933,1.0218,0.1795
834.125,1.2511,0.2424
834.317,0.9161,0.1814
834.510,0.9980,0.1851
834.702,1.4507,0.1940
834.894,1.2095,0.2195
835.086,1.1261,0.2288
835.279,1.4971,0.2519
835.471,1.1634,0.1976
835.663,0.9438,0.2337
835.856,0.8116,0.2095
836.048,1.1573,0.2226
836.241,1.0405,0.1864
836.433,1.5115,0.2152
836.626,1.2424,0.1863
836.819,0.9661,0.1605
837.011,1.1860,0.1742
837.204,1.4880,0.2060
837.397,0.9534,0.1612
837.590,0.9561,0.1578
837.783,1.0079,0.1694
837.976,1.0601,0.1773
838.169,1.5935,0.1972
838.361,1.1744,0.2190
838.555,1.4783,0.2052
838.748,1.1470,0.1817
838.941,1.1441,0.2090
839.134,1.5854,0.2151
839.327,1.0097,0.1514
839.521,1.0475,0.2292
839.714,1.3031,0.1834
839.907,0.9083,0.1656
840.101,1.1596,0.1924
840.294,1.1000,0.1819
840.488,0.8881,0.1546
840.681,1.0505,0.1505
840.875,1.1867,0.1869
841.068,1.0467,0.1655
841.262,1.0222,0.1536
841.456,1.0853,0.1668
841.650,1.2188,0.1790
841.843,1.1447,0.1933
842.037,1.3752,0.2014
842.231,1.4605,0.2127
842.425,1.1268,0.1632
842.619,1.0413,0.1697
842.813,0.9028,0.1795
843.007,0.9864,0.1549
843.201,1.4123,0.1743
843.396,1.1544,0.1661
843.590,0.9850,0.1658
843.784,0.8441,0.1498
843.978,0.8480,0.1550
844.173,1.0707,0.2004
844.367,1.1023,0.1776
844.562,0.8096,0.1656
844.756,1.1091,0.1731
844.951,1.2685,0.2096
845.145,0.9845,0.2091
845.340,1.6321,0.1980
845.534,1.1533,0.1635
845.729,1.8969,0.1987
845.924,1.3531,0.1710
846.119,1.4421,0.1873
846.314,1.2654,0.1685
846.509,1.3393,0.1545
846.703,1.1438,0.1713
846.898,1.1193,0.1527
847.093,1.1426,0.1754
847.289,1.3117,0.1929
847.484,1.2116,0.1736
847.679,1.1294,0.1753
847.874,1.5969,0.1846
848.069,1.0961,0.1383
848.265,1.1115,0.1533
848.460,1.3764,0.1808
848.655,0.8991,0.1808
848.851,1.0769,0.1627
849.046,1.7125,0.2274
849.242,1.1394,0.1692
849.437,1.0256,0.1678
849.633,1.0857,0.1724
849.829,1.0332,0.1728
850.024,1.0790,0.1402
850.220,1.6737,0.2054
850.416,1.1118,0.1975
850.612,0.8528,0.1542
850.808,0.9925,0.1445
851.003,1.0216,0.1371
851.199,1.1525,0.1420
851.396,1.1281,0.1608
851.591,1.0331,0.1473
851.788,1.0256,0.1388
851.984,1.6724,0.1699
852.180,1.3042,0.1663
852.376,1.1581,0.1657
852.573,1.1285,0.1483
852.769,1.3735,0.1547
852.965,1.1771,0.1479
853.162,0.9555,0.1288
853.358,1.0842,0.1588
853.555,1.5285,0.1747
853.751,1.2210,0.1515
853.948,0.9033,0.1292
854.144,0.9730,0.1225
854.341,0.9357,0.1358
854.538,1.1760,0.1582
854.735,1.0775,0.1477
854.932,1.2205,0.1564
855.128,1.1474,0.1495
855.325,1.2295,0.1703
855.522,1.3924,0.1373
855.719,1.1354,0.1502
855.916,1.1076,0.1759
856.113,1.1670,0.1862
856.311,1.4214,0.1593
856.508,1.5358,0.1518
856.705,1.3592,0.1663
856.902,1.1903,0.1513
857.100,1.1719,0.1462
857.297,1.2494,0.1374
857.494,1.3304,0.1451
857.692,1.2547,0.1361
857.889,1.0229,0.1450
858.087,1.1506,0.1427
858.285,1.2445,0.1345
858.482,1.0314,0.1357
858.680,1.3706,0.1692
858.878,0.9410,0.1262
859.076,1.0612,0.1373
859.273,1.0973,0.1408
859.471,1.2251,0.1643
859.669,1.0712,0.1613
859.867,1.3556,0.1773
860.065,1.0139,0.1236
860.263,0.8572,0.1214
860.461,0.9406,0.1163
860.659,1.0615,0.1387
860.858,1.1154,0.1526
861.056,0.8476,0.1163
861.254,1.0020,0.1469
861.452,1.1384,0.1533
861.651,1.1463,0.1331
861.849,1.0363,0.1183
862.048,0.9442,0.1280
862.246,1.3266,0.1716
862.445,1.2046,0.1360
862.643,1.2088,0.1273
862.842,1.0717,0.1377
863.041,1.0136,0.1231
863.240,1.0443,0.1275
863.438,0.9961,0.1337
863.637,1.0941,0.1389
863.836,1.0296,0.1393
864.035,1.2188,0.1857
864.234,1.4339,0.1630
864.433,1.0509,0.1255
864.632,1.0013,0.1264
864.831,1.0297,0.1289
865.030,1.4946,0.1577
865.229,0.9436,0.1317
865.429,1.3067,0.1631
865.628,1.0151,0.1277
865.827,1.1908,0.1340
866.027,1.1690,0.1472
866.226,1.1509,0.1216
866.426,1.1931,0.1275
866.625,1.0774,0.1107
866.825,1.0966,0.1237
867.024,0.9715,0.1257
867.224,1.1615,0.1359
867.424,1.1934,0.1304
867.624,1.1027,0.1183
867.823,0.9194,0.1057
868.023,1.2619,0.1384
868.223,1.2148,0.1260
868.423,1.2680,0.1332
868.623,1.2517,0.1382
868.823,1.2889,0.1350
869.023,1.4612,0.1431
869.223,1.0637,0.1260
869.423,0.7977,0.1118
869.624,0.9855,0.1169
869.824,1.0453,0.1248
870.024,0.9416,0.1162
870.224,1.1462,0.1320
870.425,1.1642,0.1317
870.625,1.1538,0.1348
870.826,1.0224,0.1303
871.026,0.9709,0.1341
871.227,0.9709,0.1464
871.428,0.9993,0.1265
871.628,1.0005,0.1084
871.829,1.1146,0.1200
872.030,1.0288,0.1250
872.231,1.1835,0.1254
872.431,1.0365,0.1193
872.632,1.3534,0.1293
872.833,1.0936,0.1179
873.034,1.0971,0.1191
873.235,1.1698,0.1333
873.437,0.8516,0.1064
873.638,0.9245,0.1115
873.839,1.1785,0.1169
874.040,1.0494,0.1069
874.241,1.1700,0.1146
874.443,0.8929,0.1110
874.644,1.0315,0.1091
874.845,1.1860,0.1219
875.047,1.1863,0.1117
875.248,1.3729,0.1106
875.450,1.5712,0.1197
875.652,1.2849,0.1224
875.853,1.5380,0.1367
876.055,1.1691,0.1168
876.257,1.2274,0.1131
876.458,1.2668,0.1156
876.660,1.1541,0.1137
876.862,1.3302,0.1072
877.064,1.4492,0.1263
877.266,1.0060,0.1249
877.468,0.9787,0.1072
877.670,1.1521,0.1109
877.872,1.3290,0.1186
878.074,1.3175,0.1197
878.277,1.4362,0.1237
878.479,1.3163,0.1192
878.681,1.2469,0.1146
878.883,1.2071,0.1182
879.086,1.0067,0.1014
879.288,1.1200,0.1012
879.491,1.2423,0.1193
879.693,1.1041,0.1111
879.896,1.1126,0.1041
880.099,1.1017,0.1065
880.301,1.4128,0.1167
880.504,1.2958,0.1243
880.707,1.0788,0.1023
880.910,1.2747,0.1122
881.112,1.3725,0.1184
881.315,0.9653,0.1003
881.518,0.7556,0.1096
881.721,1.0316,0.1019
881.924,1.1837,0.1106
882.127,1.0216,0.1051
882.331,1.1954,0.1111
882.534,1.2323,0.1146
882.737,1.0170,0.0891
882.940,1.1721,0.1000
883.144,1.3015,0.1021
883.347,1.2304,0.1004
883.550,1.2814,0.1199
883.754,1.4575,0.1159
883.957,1.2779,0.1102
884.161,1.2015,0.1032
884.365,1.0921,0.0942
884.568,1.2419,0.1063
884.772,1.1197,0.1013
884.976,1.1081,0.1103
885.180,1.2375,0.0992
885.383,1.0713,0.0934
885.587,1.2527,0.1124
885.791,1.2095,0.0983
885.995,1.1147,0.1083
886.199,1.0043,0.1025
886.403,1.1569,0.0946
886.607,1.4253,0.0984
886.812,1.6229,0.1104
887.016,1.7205,0.1061
887.220,1.2390,0.0953
887.424,1.3890,0.1169
887.629,1.1964,0.1070
887.833,1.0251,0.0984
888.038,1.2097,0.1079
888.242,1.2858,0.1047
888.447,1.4408,0.1060
888.651,1.2826,0.1008
888.856,1.6566,0.0986
889.060,1.6176,0.0979
889.265,1.5691,0.0957
889.470,1.5946,0.0996
889.675,1.4806,0.1001
889.880,1.3247,0.0907
890.085,1.2476,0.0895
890.290,1.8436,0.1125
890.495,1.4021,0.0935
890.700,1.2231,0.0910
890.905,1.1483,0.0917
891.110,1.4596,0.0979
891.315,1.2867,0.0905
891.521,1.3028,0.0961
891.726,1.4888,0.0957
891.931,1.4070,0.0895
892.137,1.4672,0.0924
892.342,1.4522,0.0988
892.548,1.3309,0.0899
892.753,1.4881,0.0895
892.959,1.4058,0.0867
893.164,1.7209,0.0960
893.370,1.4256,0.0896
893.576,1.4989,0.0934
893.781,1.4966,0.0921
893.987,1.4887,0.0915
894.193,1.6362,0.0950
894.399,1.4731,0.0897
894.605,1.2162,0.0851
894.811,1.2179,0.0866
895.017,1.2253,0.0842
895.223,1.3899,0.0883
895.429,1.3646,0.0885
895.635,1.3886,0.0835
895.842,1.5097,0.0864
896.048,1.6122,0.0912
896.255,1.5061,0.0879
896.461,1.5184,0.0898
896.667,1.4199,0.0854
896.874,1.4710,0.0882
897.080,1.5991,0.0879
897.287,1.5939,0.0894
897.494,1.5809,0.0871
897.700,1.4554,0.0819
897.907,1.6093,0.0881
898.114,1.7314,0.0912
898.321,1.5384,0.0886
898.527,1.6432,0.0904
898.734,1.4319,0.0833
898.941,1.3926,0.0880
899.148,1.4817,0.0882
899.355,1.4848,0.0921
899.562,1.6751,0.0856
899.770,1.4295,0.0794
899.977,1.6866,0.0881
900.184,1.8637,0.0856
900.391,1.6696,0.0863
900.599,1.7988,0.0916
900.806,1.4622,0.0882
901.014,1.5259,0.0816
901.221,1.5858,0.0804
901.429,1.4928,0.0860
901.636,1.6487,0.0965
901.844,1.4106,0.0874
902.052,1.5535,0.0861
902.259,1.5746,0.0831
902.467,1.7749,0.0815
902.675,1.6481,0.0795
902.883,1.8200,0.0896
903.091,1.5573,0.0770
903.299,1.7070,0.0856
903.507,1.9863,0.0853
903.715,1.6766,0.0796
903.923,1.7263,0.0801
904.131,1.9696,0.0822
904.339,1.8208,0.0780
904.547,1.6262,0.0723
904.756,1.4924,0.0757
904.964,1.7371,0.0825
905.172,1.7019,0.0803
905.381,1.7910,0.0866
905.589,1.6377,0.0760
905.798,1.4843,0.0748
906.006,1.4834,0.0746
906.215,1.7276,0.0752
906.424,1.7574,0.0767
906.633,1.6978,0.0787
906.841,1.6740,0.0745
907.050,1.5967,0.0727
907.259,1.5859,0.0753
907.468,1.6818,0.0782
907.677,1.7139,0.0750
907.886,1.4915,0.0730
908.095,1.6200,0.0734
908.304,1.9954,0.0753
908.513,1.9569,0.0760
908.723,1.5956,0.0740
908.932,1.6694,0.0744
909.141,1.6196,0.0763
909.351,1.7183,0.0792
909.560,1.6895,0.0752
909.769,1.9977,0.0800
909.979,1.7688,0.0780
910.188,1.4920,0.0700
910.398,1.5484,0.0703
910.608,1.7232,0.0744
910.817,1.6206,0.0729
911.027,1.7911,0.0737
911.237,1.8650,0.0716
911.447,2.1990,0.0778
911.657,2.0021,0.0742
911.867,1.9843,0.0781
912.077,1.9206,0.0768
912.287,1.7440,0.0713
912.497,1.8311,0.0718
912.707,1.6348,0.0703
912.917,1.8220,0.0721
913.127,1.9514,0.0764
913.338,1.8053,0.0718
913.548,1.7457,0.0689
913.758,1.7373,0.0705
913.969,1.7174,0.0735
914.179,1.6990,0.0735
914.390,1.7879,0.0725
914.600,1.8264,0.0736
914.811,1.7572,0.0720
915.022,2.0517,0.0771
915.232,1.8590,0.0724
915.443,1.9809,0.0748
915.654,2.1960,0.0751
915.865,1.9848,0.0693
916.076,2.0067,0.0707
916.287,1.9868,0.0740
916.498,1.6394,0.0722
916.709,1.6356,0.0672
916.920,1.7665,0.0702
917.131,1.8393,0.0684
917.342,1.7930,0.0667
917.553,1.6784,0.0673
917.765,1.8478,0.0701
917.976,1.8072,0.0696
918.187,1.8994,0.0691
918.399,1.8549,0.0676
918.610,1.8460,0.0682
918.822,1.9205,0.0681
919.033,1.9170,0.0687
919.245,1.9867,0.0683
919.457,1.7736,0.0678
919.669,1.8918,0.0685
919.880,1.9006,0.0673
920.092,2.0807,0.0726
920.304,2.0402,0.0710
920.516,2.0405,0.0680
920.728,1.9728,0.0682
920.940,2.0757,0.0659
921.152,2.1341,0.0655
921.364,2.0656,0.0682
921.576,1.9523,0.0662
921.789,1.9015,0.0648
922.001,1.8954,0.0676
922.213,1.8643,0.0670
922.426,1.9142,0.0666
922.638,2.0567,0.0660
922.850,2.4293,0.0714
923.063,2.1469,0.0709
923.276,1.9586,0.0665
923.488,1.9431,0.0667
923.701,2.1243,0.0675
923.914,2.2452,0.0677
924.126,2.0688,0.0645
924.339,1.8709,0.0647
924.552,1.9320,0.0654
924.765,1.9222,0.0632
924.978,2.0418,0.0685
925.191,1.6849,0.0645
925.404,1.8038,0.0635
925.617,1.9795,0.0651
925.830,2.2286,0.0678
926.043,2.3675,0.0688
926.257,2.1478,0.0655
926.470,2.1721,0.0671
926.683,2.2532,0.0680
926.897,2.2947,0.0668
927.110,2.3218,0.0669
927.324,2.2527,0.0680
927.537,2.3246,0.0661
927.751,2.4907,0.0650
927.964,2.3934,0.0645
928.178,2.3209,0.0664
928.392,2.2856,0.0670
928.606,2.1682,0.0671
928.819,2.0869,0.0652
929.033,2.1935,0.0652
929.247,2.3128,0.0647
929.461,2.1363,0.0646
929.675,2.2195,0.0658
929.889,2.1648,0.0624
930.104,2.2724,0.0657
930.318,1.9298,0.0621
930.532,1.8958,0.0635
930.746,1.8675,0.0650
930.961,2.2502,0.0668
931.175,2.0651,0.0632
931.389,1.8745,0.0623
931.604,1.8026,0.0621
931.818,1.9616,0.0643
932.033,2.2015,0.0671
932.248,2.4541,0.0669
932.462,2.3268,0.0638
932.677,2.2281,0.0645
932.892,2.1651,0.0643
933.107,2.1517,0.0639
933.322,2.0982,0.0651
933.537,2.0947,0.0636
933.752,2.2103,0.0638
933.967,2.1283,0.0633
934.182,2.0819,0.0636
934.397,1.7519,0.0614
934.612,1.6166,0.0596
934.827,1.7577,0.0631
935.042,1.6810,0.0638
935.258,1.7426,0.0618
935.473,1.9280,0.0599
935.688,1.9112,0.0606
935.904,2.1443,0.0652
936.120,1.6717,0.0599
936.335,1.7156,0.0620
936.551,1.8310,0.0618
936.766,1.9508,0.0617
936.982,2.1836,0.0641
937.198,1.9515,0.0620
937.414,2.1668,0.0633
937.630,2.0877,0.0627
937.846,2.3168,0.0650
938.061,2.0324,0.0624
938.278,2.1615,0.0629
938.494,2.3392,0.0640
938.710,2.2346,0.0645
938.926,2.0872,0.0619
939.142,2.0492,0.0629
939.358,2.1030,0.0611
939.575,1.9841,0.0581
939.791,2.0481,0.0586
940.008,2.1274,0.0592
940.224,2.1609,0.0592
940.440,2.2484,0.0607
940.657,2.1970,0.0603
940.874,2.3756,0.0610
941.090,2.2867,0.0610
941.307,2.2492,0.0624
941.524,2.0971,0.0599
941.741,1.9605,0.0585
941.958,2.0667,0.0579
942.174,2.3078,0.0592
942.391,2.5387,0.0601
942.609,2.4265,0.0607
942.826,2.6262,0.0628
943.043,2.3411,0.0590
943.260,2.3398,0.0607
943.477,2.4100,0.0610
943.694,2.1151,0.0592
943.912,2.2052,0.0613
944.129,2.0706,0.0584
944.346,2.2297,0.0599
944.564,2.0292,0.0585
944.781,2.1631,0.0589
944.999,2.2099,0.0586
945.216,2.1775,0.0564
945.434,2.0266,0.0569
945.652,1.9325,0.0571
945.870,2.0787,0.0577
946.088,2.3019,0.0589
946.305,2.3719,0.0612
946.523,2.0644,0.0582
946.741,1.9932,0.0572
946.959,2.0307,0.0567
947.177,2.2185,0.0595
947.395,2.1513,0.0588
947.614,2.3037,0.0580
947.832,2.5048,0.0597
948.050,2.3069,0.0587
948.268,2.3030,0.0596
948.487,2.3531,0.0587
948.705,2.2243,0.0570
948.924,2.4097,0.0596
949.142,2.3396,0.0583
949.361,2.4782,0.0602
949.580,2.3011,0.0571
949.798,2.2227,0.0564
950.017,2.2043,0.0561
950.236,2.2236,0.0576
950.455,2.1517,0.0572
950.673,1.9909,0.0565
950.892,1.9288,0.0583
951.111,1.6610,0.0547
951.330,1.8168,0.0549
951.549,2.0734,0.0550
951.769,2.1323,0.0555
951.988,2.2372,0.0553
952.207,2.2761,0.0554
952.426,2.2583,0.0558
952.646,2.2785,0.0576
952.865,2.1860,0.0570
953.084,2.1137,0.0560
953.304,2.0762,0.0567
953.523,2.0967,0.0567
953.743,2.0845,0.0559
953.963,2.1112,0.0562
954.182,2.0984,0.0542
954.402,2.1355,0.0542
954.622,2.2738,0.0561
954.842,2.3448,0.0559
955.062,2.3955,0.0569
955.281,2.2512,0.0555
955.501,2.1269,0.0542
955.721,1.9731,0.0531
955.942,2.0058,0.0551
956.162,2.0388,0.0535
956.382,2.0155,0.0523
956.602,2.0471,0.0520
956.822,2.2825,0.0534
957.043,2.2956,0.0542
957.263,2.1605,0.0547
957.484,2.1064,0.0536
957.704,2.0010,0.0530
957.925,2.0200,0.0536
958.145,2.0017,0.0538
958.366,2.0919,0.0545
958.587,2.1038,0.0536
958.807,2.0735,0.0531
959.028,1.8653,0.0522
959.249,1.8147,0.0517
959.470,1.7701,0.0511
959.691,2.0744,0.0549
959.912,2.0433,0.0515
960.133,2.1743,0.0531
960.354,2.0456,0.0527
960.575,2.0172,0.0522
960.796,2.0659,0.0533
961.018,2.1355,0.0527
961.239,2.4223,0.0543
961.460,2.3822,0.0552
961.682,2.4121,0.0552
961.903,2.3406,0.0542
962.125,1.9957,0.0528
962.346,2.1981,0.0543
962.568,2.2890,0.0533
962.789,2.1524,0.0536
963.011,1.9180,0.0513
963.233,2.0345,0.0511
963.455,2.1979,0.0523
963.677,2.1122,0.0516
963.899,2.0584,0.0512
964.120,2.4140,0.0557
964.343,2.1152,0.0524
964.565,2.2443,0.0515
964.787,2.4124,0.0524
965.009,2.3374,0.0514
965.231,2.3014,0.0516
965.453,2.2794,0.0525
965.676,2.2048,0.0521
965.898,2.3671,0.0521
966.121,2.3100,0.0524
966.343,2.1544,0.0518
966.566,1.8105,0.0489
966.788,1.9084,0.0497
967.011,2.1077,0.0510
967.233,2.3029,0.0524
967.456,2.1992,0.0524
967.679,2.0579,0.0499
967.902,2.1291,0.0507
968.125,2.1514,0.0514
968.348,2.1428,0.0512
968.571,2.2087,0.0503
968.794,2.1642,0.0516
969.017,2.2677,0.0513
969.240,2.3583,0.0514
969.463,2.3261,0.0522
969.686,2.4324,0.0511
969.910,2.6279,0.0513
970.133,2.4877,0.0523
970.357,2.4754,0.0506
970.580,2.3630,0.0483
970.804,2.1897,0.0479
971.027,2.1600,0.0478
971.251,2.1849,0.0484
971.474,2.3564,0.0496
971.698,2.2667,0.0487
971.922,2.2613,0.0486
972.146,2.3337,0.0486
972.370,2.3946,0.0493
972.593,2.5332,0.0502
972.817,2.6294,0.0503
973.041,2.6438,0.0492
973.265,2.7243,0.0499
973.490,2.7408,0.0492
973.714,2.5637,0.0483
973.938,2.3923,0.0477
974.162,2.4147,0.0474
974.387,2.5032,0.0490
974.611,2.5435,0.0478
974.835,2.6073,0.0481
975.060,2.5926,0.0481
975.284,2.6086,0.0481
975.509,2.7711,0.0490
975.734,2.8883,0.0499
975.958,2.7185,0.0492
976.183,2.6822,0.0498
976.408,2.6628,0.0490
976.633,2.6651,0.0479
976.858,2.7116,0.0488
977.083,2.6539,0.0491
977.308,2.5609,0.0478
977.533,2.4280,0.0467
977.758,2.3932,0.0464
977.983,2.3799,0.0464
978.208,2.2943,0.0462
978.433,2.5424,0.0466
978.659,2.6313,0.0478
978.884,2.5263,0.0468
979.110,2.6831,0.0474
979.335,2.8080,0.0487
979.561,2.7607,0.0487
979.786,2.6904,0.0474
980.012,2.5045,0.0465
980.238,2.4429,0.0466
980.463,2.3267,0.0457
980.689,2.2688,0.0457
980.915,2.3236,0.0450
981.141,2.4492,0.0458
981.367,2.4408,0.0459
981.593,2.3754,0.0457
981.819,2.4825,0.0479
982.045,2.2839,0.0460
982.271,2.5868,0.0477
982.497,2.5559,0.0465
982.724,2.5080,0.0462
982.950,2.4419,0.0464
983.176,2.5353,0.0457
983.403,2.5923,0.0463
983.629,2.4272,0.0471
983.856,2.4212,0.0459
984.082,2.3016,0.0444
984.309,2.4029,0.0464
984.535,2.3160,0.0457
984.762,2.2996,0.0455
984.989,2.2760,0.0448
985.216,2.2787,0.0456
985.443,2.2635,0.0455
985.670,2.4903,0.0454
985.896,2.6674,0.0478
986.124,2.6784,0.0478
986.351,2.4005,0.0449
986.578,2.3675,0.0447
986.805,2.4921,0.0450
987.032,2.4788,0.0451
987.260,2.4693,0.0454
987.487,2.3796,0.0446
987.714,2.4805,0.0462
987.942,2.5107,0.0451
988.169,2.5625,0.0450
988.397,2.6102,0.0450
988.624,2.3766,0.0436
988.852,2.6761,0.0452
989.080,2.8461,0.0459
989.308,2.6079,0.0452
989.535,2.5010,0.0458
989.763,2.2446,0.0452
989.991,1.9159,0.0413
990.219,2.1089,0.0427
990.447,2.0409,0.0412
990.675,2.4934,0.0461
990.903,2.5136,0.0452
991.132,2.3691,0.0427
991.360,2.4999,0.0432
991.588,2.5177,0.0440
991.817,2.6575,0.0445
992.045,2.5721,0.0439
992.273,2.3589,0.0437
992.502,2.5187,0.0441
992.730,2.6132,0.0437
992.959,2.4312,0.0421
993.188,2.4314,0.0419
993.416,2.4634,0.0422
993.645,2.4088,0.0429
993.874,2.3538,0.0418
994.103,2.3655,0.0421
994.332,2.3954,0.0420
994.561,2.4218,0.0417
994.790,2.4070,0.0423
995.019,2.5932,0.0425
995.248,2.6962,0.0428
995.477,2.7342,0.0429
995.706,2.7172,0.0429
995.936,2.6570,0.0432
996.165,2.6962,0.0430
996.394,2.6972,0.0426
996.624,2.6530,0.0423
996.854,2.6584,0.0429
997.083,2.5559,0.0425
997.313,2.4912,0.0430
997.542,2.4641,0.0426
997.772,2.5118,0.0424
998.002,2.3233,0.0417
998.232,2.2936,0.0412
998.461,2.4282,0.0415
998.691,2.3763,0.0417
998.921,2.4926,0.0421
999.151,2.4232,0.0419
999.382,2.4355,0.0421
999.612,2.5592,0.0428
999.842,2.6784,0.0429
1000.072,2.7024,0.0430
1000.302,2.3947,0.0415
1000.533,2.3358,0.0411
1000.763,2.2674,0.0406
1000.994,2.2133,0.0401
1001.224,2.4054,0.0413
1001.455,2.5744,0.0423
1001.685,2.6011,0.0422
1001.916,2.6985,0.0426
1002.147,2.6047,0.0412
1002.378,2.4783,0.0404
1002.608,2.3708,0.0413
1002.839,2.3279,0.0415
1003.070,2.2025,0.0410
1003.301,2.1887,0.0405
1003.532,2.1648,0.0397
1003.763,2.3755,0.0415
1003.994,2.4864,0.0417
1004.226,2.6690,0.0415
1004.457,2.5597,0.0412
1004.688,2.3754,0.0397
1004.920,2.3302,0.0398
1005.151,2.1565,0.0389
1005.383,2.0908,0.0386
1005.614,2.1115,0.0387
1005.846,2.2097,0.0389
1006.077,2.1932,0.0386
1006.309,2.2513,0.0391
1006.541,2.1889,0.0388
1006.773,2.0829,0.0371
1007.004,2.1784,0.0391
1007.236,2.0709,0.0373
1007.468,2.2886,0.0397
1007.700,2.2219,0.0385
1007.932,2.2841,0.0386
1008.164,2.3774,0.0401
1008.396,2.3004,0.0384
1008.629,2.3065,0.0389
1008.861,2.2858,0.0390
1009.093,2.3185,0.0382
1009.326,2.3926,0.0384
1009.558,2.3375,0.0383
1009.791,2.3912,0.0393
1010.023,2.2959,0.0404
1010.256,2.2613,0.0392
1010.488,2.2513,0.0388
1010.721,2.2148,0.0379
1010.954,2.3158,0.0381
1011.187,2.2338,0.0378
1011.419,2.2065,0.0378
1011.652,2.2131,0.0379
1011.885,2.0501,0.0377
1012.118,2.1088,0.0385
1012.351,2.3800,0.0392
1012.585,2.4624,0.0393
1012.818,2.6428,0.0411
1013.051,2.5921,0.0401
1013.284,2.4208,0.0389
1013.518,2.3532,0.0390
1013.751,2.3716,0.0387
1013.985,2.4260,0.0392
1014.218,2.4009,0.0388
1014.452,2.3542,0.0385
1014.685,2.3944,0.0381
1014.919,2.5127,0.0386
1015.153,2.5065,0.0393
1015.386,2.3509,0.0385
1015.620,2.4351,0.0389
1015.854,2.2708,0.0380
1016.088,2.3373,0.0382
1016.322,2.3547,0.0374
1016.556,2.2549,0.0369
1016.790,2.3055,0.0374
1017.024,2.2855,0.0371
1017.258,2.2544,0.0373
1017.493,2.3384,0.0374
1017.727,2.3905,0.0371
1017.961,2.4493,0.0369
1018.196,2.5325,0.0372
1018.430,2.3323,0.0366
1018.665,2.2505,0.0368
1018.899,2.3805,0.0371
1019.134,2.4670,0.0369
1019.369,2.4604,0.0371
1019.604,2.6746,0.0380
1019.838,2.7381,0.0380
1020.073,2.8054,0.0388
1020.308,2.7491,0.0382
1020.543,2.6905,0.0381
1020.778,2.6135,0.0379
1021.013,2.5838,0.0379
1021.248,2.7945,0.0385
1021.483,2.8668,0.0384
1021.719,2.9209,0.0384
1021.954,2.8293,0.0386
1022.189,2.9187,0.0391
1022.425,2.8025,0.0383
1022.660,2.9629,0.0391
1022.896,2.8742,0.0380
1023.131,2.9316,0.0389
1023.367,2.6679,0.0379
1023.602,2.4066,0.0364
1023.838,2.5820,0.0374
1024.074,2.5494,0.0364
1024.310,2.6182,0.0362
1024.546,2.8851,0.0377
1024.781,3.0729,0.0384
1025.018,3.2081,0.0389
1025.254,3.2169,0.0396
1025.490,2.8209,0.0369
1025.726,2.9985,0.0376
1025.962,2.9832,0.0378
1026.198,3.0450,0.0382
1026.435,3.2290,0.0386
1026.671,3.3755,0.0391
1026.907,3.4691,0.0396
1027.144,3.4696,0.0398
1027.380,3.3807,0.0392
1027.617,3.5428,0.0395
1027.854,3.4746,0.0389
1028.090,3.3705,0.0387
1028.327,3.3091,0.0386
1028.564,3.5251,0.0400
1028.801,3.5018,0.0399
1029.038,3.5581,0.0400
1029.275,3.7312,0.0408
1029.512,3.5888,0.0391
1029.749,3.4539,0.0388
1029.986,3.5629,0.0384
1030.223,3.6660,0.0389
1030.460,3.4141,0.0384
1030.698,3.2738,0.0382
1030.935,3.1073,0.0377
1031.172,3.1779,0.0377
1031.410,3.2463,0.0381
1031.647,3.3262,0.0379
1031.885,3.4647,0.0378
1032.123,3.3687,0.0375
1032.360,3.3472,0.0373
1032.598,3.4263,0.0374
1032.836,3.4605,0.0373
1033.074,3.4224,0.0375
1033.312,3.5366,0.0379
1033.550,3.7183,0.0385
1033.788,3.6295,0.0380
1034.026,3.5575,0.0379
1034.264,3.6032,0.0384
1034.502,3.6244,0.0383
1034.740,3.5904,0.0382
1034.978,3.6019,0.0384
1035.217,3.6315,0.0386
1035.455,3.6167,0.0381
1035.694,3.7069,0.0381
1035.932,4.0169,0.0392
1036.171,3.8541,0.0385
1036.409,3.7207,0.0378
1036.648,3.8498,0.0388
1036.887,3.7129,0.0386
1037.125,3.6509,0.0384
1037.365,3.7009,0.0386
1037.603,3.5863,0.0380
1037.842,3.4585,0.0375
1038.081,3.4502,0.0370
1038.320,3.1359,0.0366
1038.559,2.7420,0.0355
1038.799,2.5304,0.0345
1039.038,2.7182,0.0352
1039.277,3.0497,0.0359
1039.516,3.3084,0.0369
1039.756,3.3838,0.0371
1039.995,3.3469,0.0367
1040.235,3.1255,0.0362
1040.474,3.1191,0.0363
1040.714,3.1258,0.0362
1040.953,3.0107,0.0364
1041.193,2.9622,0.0357
1041.433,3.0155,0.0361
1041.673,2.9220,0.0352
1041.913,2.6581,0.0344
1042.153,2.7142,0.0350
1042.393,2.8357,0.0353
1042.633,2.8896,0.0357
1042.873,2.8999,0.0359
1043.113,2.8448,0.0359
1043.353,2.8196,0.0348
1043.593,2.9059,0.0346
1043.834,2.9920,0.0353
1044.074,2.9391,0.0348
1044.315,2.8392,0.0347
1044.555,2.7395,0.0342
1044.796,2.5137,0.0333
1045.036,2.5025,0.0332
1045.277,2.4132,0.0333
1045.517,2.4877,0.0337
1045.758,2.5222,0.0335
1045.999,2.6180,0.0342
1046.240,2.6673,0.0347
1046.481,2.6437,0.0344
1046.722,2.7553,0.0345
1046.963,2.6569,0.0338
1047.204,2.6239,0.0336
1047.445,2.7049,0.0336
1047.687,2.7890,0.0343
1047.928,2.7357,0.0338
1048.169,2.6609,0.0336
1048.410,2.4968,0.0333
1048.652,2.3843,0.0329
1048.893,2.2601,0.0320
1049.135,2.2573,0.0322
1049.376,2.4451,0.0327
1049.618,2.5070,0.0327
1049.860,2.4853,0.0329
1050.102,2.5096,0.0330
1050.343,2.6416,0.0333
1050.585,2.8175,0.0340
1050.827,2.8201,0.0341
1051.069,2.8219,0.0343
1051.311,2.7509,0.0340
1051.553,2.6026,0.0338
1051.796,2.4932,0.0330
1052.038,2.5559,0.0337
1052.280,2.5182,0.0332
1052.522,2.5414,0.0329
1052.765,2.5257,0.0327
1053.007,2.5615,0.0331
1053.250,2.4713,0.0328
1053.492,2.4512,0.0327
1053.735,2.6436,0.0332
1053.977,2.7336,0.0334
1054.220,2.7125,0.0328
1054.463,2.6897,0.0329
1054.706,2.5741,0.0328
1054.949,2.3857,0.0322
1055.192,2.4614,0.0326
1055.435,2.4226,0.0323
1055.678,2.2512,0.0317
1055.921,2.2577,0.0318
1056.164,2.3091,0.0322
1056.407,2.4019,0.0321
1056.650,2.5259,0.0321
1056.894,2.4642,0.0325
1057.137,2.3997,0.0319
1057.381,2.3135,0.0314
1057.624,2.2405,0.0315
1057.868,2.3746,0.0315
1058.111,2.5139,0.0318
1058.355,2.5840,0.0324
1058.599,2.7448,0.0326
1058.842,2.8390,0.0328
1059.086,2.9208,0.0329
1059.330,2.7886,0.0326
1059.574,2.6266,0.0324
1059.818,2.5964,0.0321
1060.062,2.7044,0.0326
1060.306,2.7472,0.0327
1060.550,2.6551,0.0322
1060.795,2.5472,0.0317
1061.039,2.5428,0.0318
1061.283,2.5023,0.0314
1061.528,2.5789,0.0319
1061.772,2.6079,0.0318
1062.017,2.6087,0.0315
1062.261,2.6147,0.0318
1062.506,2.6693,0.0320
1062.750,2.5693,0.0318
1062.995,2.7338,0.0318
1063.240,2.6734,0.0315
1063.485,2.6026,0.0313
1063.730,2.4874,0.0310
1063.975,2.3453,0.0305
1064.220,2.2120,0.0300
1064.465,2.2001,0.0298
1064.710,2.2613,0.0299
1064.955,2.3673,0.0307
1065.200,2.3721,0.0308
1065.446,2.4735,0.0310
1065.691,2.5473,0.0312
1065.936,2.6902,0.0316
1066.182,2.7885,0.0317
1066.427,2.7358,0.0311
1066.673,2.7351,0.0311
1066.919,2.7852,0.0313
1067.164,2.7785,0.0318
1067.410,2.8098,0.0319
1067.656,2.6730,0.0309
1067.902,2.6602,0.0308
1068.148,2.7405,0.0313
1068.394,2.7894,0.0313
1068.640,2.7995,0.0314
1068.886,2.6252,0.0307
1069.132,2.5029,0.0303
1069.378,2.6999,0.0319
1069.625,2.5082,0.0305
1069.871,2.6127,0.0306
1070.117,2.8506,0.0320
1070.364,2.6546,0.0312
1070.610,2.6591,0.0309
1070.857,2.7868,0.0314
1071.103,2.8058,0.0315
1071.350,2.9365,0.0313
1071.596,2.8294,0.0309
1071.843,2.6368,0.0302
1072.090,2.5155,0.0298
1072.337,2.5942,0.0301
1072.584,2.7234,0.0309
1072.831,2.7808,0.0311
1073.078,2.6804,0.0305
1073.325,2.6170,0.0303
1073.572,2.7281,0.0302
1073.820,2.7293,0.0303
1074.067,2.6964,0.0302
1074.314,2.7393,0.0304
1074.562,2.7202,0.0303
1074.809,2.4790,0.0295
1075.057,2.6069,0.0308
1075.304,2.4036,0.0297
1075.552,2.4489,0.0295
1075.800,2.6155,0.0298
1076.047,2.6121,0.0300
1076.295,2.6721,0.0300
1076.543,2.7434,0.0301
1076.791,2.7847,0.0305
1077.039,2.7609,0.0301
1077.287,2.7705,0.0302
1077.535,2.5447,0.0295
1077.783,2.4627,0.0292
1078.031,2.5070,0.0293
1078.279,2.6383,0.0294
1078.528,2.6949,0.0294
1078.776,2.6426,0.0297
1079.025,2.5715,0.0295
1079.273,2.5624,0.0294
1079.521,2.6110,0.0300
1079.770,2.5746,0.0300
1080.019,2.5105,0.0293
1080.268,2.4871,0.0291
1080.516,2.4864,0.0291
1080.765,2.5407,0.0290
1081.014,2.5148,0.0289
1081.263,2.4245,0.0290
1081.512,2.4502,0.0291
1081.761,2.5260,0.0291
1082.010,2.6272,0.0291
1082.259,2.5944,0.0292
1082.509,2.6778,0.0297
1082.758,2.5629,0.0291
1083.007,2.5250,0.0288
1083.256,2.6108,0.0291
1083.506,2.7317,0.0294
1083.756,2.7896,0.0298
1084.005,2.6716,0.0294
1084.255,2.6130,0.0292
1084.504,2.5742,0.0289
1084.754,2.3759,0.0284
1085.004,2.4252,0.0282
1085.254,2.4588,0.0282
1085.504,2.5531,0.0287
1085.754,2.5328,0.0287
1086.004,2.3744,0.0282
1086.254,2.2585,0.0278
1086.504,2.4380,0.0284
1086.754,2.5023,0.0285
1087.004,2.5457,0.0288
1087.255,2.4847,0.0285
1087.505,2.4664,0.0285
1087.756,2.3419,0.0282
1088.006,2.4581,0.0287
1088.257,2.4387,0.0286
1088.507,2.4286,0.0285
1088.758,2.2999,0.0279
1089.009,2.3993,0.0280
1089.260,2.3592,0.0277
1089.510,2.1921,0.0271
1089.761,2.2170,0.0275
1090.012,2.2053,0.0271
1090.263,2.2760,0.0278
1090.514,2.4152,0.0284
1090.765,2.3290,0.0280
1091.017,2.4400,0.0280
1091.268,2.3801,0.0277
1091.519,2.2645,0.0275
1091.771,2.2384,0.0278
1092.022,2.2785,0.0276
1092.273,2.2873,0.0273
1092.525,2.2260,0.0277
1092.776,2.2185,0.0278
1093.028,2.1261,0.0273
1093.280,2.0165,0.0265
1093.532,2.0560,0.0263
1093.783,2.2632,0.0265
1094.035,2.3924,0.0277
1094.287,2.4702,0.0278
1094.539,2.4370,0.0275
1094.791,2.4256,0.0274
1095.043,2.3999,0.0275
1095.296,2.4470,0.0275
1095.548,2.4624,0.0277
1095.800,2.3759,0.0275
1096.052,2.4521,0.0277
1096.305,2.3588,0.0273
1096.557,2.3186,0.0269
1096.810,2.3706,0.0267
1097.062,2.4386,0.0273
1097.315,2.4592,0.0272
1097.568,2.4199,0.0271
1097.820,2.2929,0.0267
1098.073,2.2604,0.0268
1098.326,2.2873,0.0269
1098.579,2.2157,0.0266
1098.832,2.1936,0.0267
1099.085,2.2609,0.0268
1099.338,2.3028,0.0266
1099.591,2.3970,0.0268
1099.845,2.5172,0.0271
1100.098,2.4501,0.0271
1100.351,2.3569,0.0268
1100.605,2.2502,0.0265
1100.858,2.2991,0.0265
1101.112,2.2406,0.0268
1101.365,2.2723,0.0266
1101.619,2.2451,0.0264
1101.872,2.2564,0.0261
1102.126,2.3097,0.0263
1102.380,2.2348,0.0261
1102.634,2.1472,0.0258
1102.888,2.2784,0.0263
1103.142,2.3287,0.0266
1103.396,2.3675,0.0265
1103.650,2.4272,0.0266
1103.904,2.4832,0.0266
1104.158,2.4939,0.0263
1104.412,2.4523,0.0263
1104.667,2.4658,0.0263
1104.921,2.3878,0.0261
1105.176,2.3486,0.0262
1105.430,2.3708,0.0261
1105.685,2.4140,0.0263
1105.939,2.3652,0.0258
1106.194,2.4336,0.0262
1106.449,2.4959,0.0263
1106.704,2.2825,0.0258
1106.958,2.2799,0.0259
1107.213,2.3525,0.0261
1107.469,2.3467,0.0265
1107.723,2.2550,0.0259
1107.978,2.3041,0.0262
1108.234,2.4038,0.0262
1108.489,2.3161,0.0258
1108.744,2.2506,0.0257
1108.999,2.1582,0.0252
1109.255,2.2624,0.0255
1109.510,2.2632,0.0257
1109.766,2.1760,0.0251
1110.021,2.1744,0.0249
1110.277,2.2030,0.0252
1110.533,2.1492,0.0251
1110.788,2.3615,0.0264
1111.044,2.0640,0.0245
1111.300,2.1719,0.0247
1111.556,2.2558,0.0252
1111.812,2.2906,0.0256
1112.068,2.3573,0.0255
1112.324,2.3353,0.0254
1112.580,2.3649,0.0254
1112.836,2.3714,0.0253
1113.093,2.3430,0.0253
1113.349,2.3669,0.0251
1113.605,2.3603,0.0254
1113.862,2.3535,0.0250
1114.118,2.3072,0.0248
1114.375,2.3992,0.0251
1114.631,2.5082,0.0252
1114.888,2.5620,0.0254
1115.145,2.6497,0.0259
1115.402,2.6675,0.0257
1115.659,2.6276,0.0255
1115.916,2.4704,0.0250
1116.172,2.4266,0.0249
1116.430,2.4136,0.0248
1116.687,2.4495,0.0251
1116.944,2.4700,0.0251
1117.201,2.4604,0.0253
1117.458,2.4679,0.0252
1117.715,2.4157,0.0247
1117.973,2.3458,0.0246
1118.230,2.3408,0.0242
1118.488,2.3722,0.0243
1118.745,2.2842,0.0243
1119.003,2.2869,0.0246
1119.261,2.3376,0.0247
1119.519,2.4408,0.0253
1119.776,2.4289,0.0248
1120.034,2.5113,0.0250
1120.292,2.3497,0.0244
1120.550,2.2877,0.0244
1120.808,2.2373,0.0242
1121.066,2.4176,0.0245
1121.325,2.4555,0.0247
1121.583,2.5584,0.0249
1121.841,2.5653,0.0249
1122.099,2.4785,0.0247
1122.358,2.3934,0.0244
1122.616,2.3642,0.0243
1122.875,2.4370,0.0245
1123.133,2.4744,0.0245
1123.392,2.4461,0.0246
1123.651,2.3075,0.0242
1123.910,2.2795,0.0241
1124.168,2.3897,0.0243
1124.427,2.4409,0.0244
1124.686,2.3774,0.0241
1124.945,2.4198,0.0242
1125.204,2.4509,0.0239
1125.463,2.3890,0.0238
1125.722,2.3831,0.0237
1125.982,2.4147,0.0239
1126.241,2.3293,0.0236
1126.500,2.2207,0.0231
1126.760,2.1382,0.0227
1127.019,2.1031,0.0227
1127.279,2.2208,0.0230
1127.538,2.4104,0.0236
1127.798,2.4515,0.0239
1128.058,2.4558,0.0241
1128.318,2.2964,0.0238
1128.577,2.1942,0.0233
1128.837,2.2758,0.0236
1129.097,2.3225,0.0237
1129.357,2.4420,0.0239
1129.617,2.4491,0.0241
1129.877,2.3573,0.0238
1130.138,2.3357,0.0236
1130.398,2.3382,0.0241
1130.658,2.2144,0.0236
1130.918,2.0653,0.0232
1131.179,2.0481,0.0229
1131.439,2.1565,0.0230
1131.700,2.2960,0.0233
1131.961,2.2930,0.0233
1132.221,2.3109,0.0237
1132.482,2.2559,0.0233
1132.743,2.3105,0.0233
1133.004,2.3437,0.0233
1133.265,2.3385,0.0236
1133.525,2.2128,0.0229
1133.787,2.1554,0.0228
1134.048,2.1317,0.0225
1134.309,2.2965,0.0231
1134.570,2.2932,0.0231
1134.831,2.3890,0.0237
1135.093,2.4621,0.0241
1135.354,2.4648,0.0241
1135.615,2.4637,0.0236
1135.877,2.3486,0.0234
1136.139,2.3272,0.0234
1136.400,2.3615,0.0234
1136.662,2.2799,0.0234
1136.924,2.3429,0.0233
1137.186,2.3678,0.0234
1137.447,2.3414,0.0236
1137.709,2.2003,0.0229
1137.971,2.2266,0.0226
1138.233,2.1731,0.0225
1138.495,2.2356,0.0229
1138.758,2.3107,0.0231
1139.020,2.3361,0.0229
1139.282,2.3560,0.0228
1139.545,2.4376,0.0230
1139.807,2.4837,0.0230
1140.069,2.4568,0.0233
1140.332,2.4701,0.0232
1140.595,2.4989,0.0235
1140.857,2.3683,0.0228
1141.120,2.2844,0.0224
1141.383,2.2670,0.0224
1141.646,2.2036,0.0221
1141.909,2.1618,0.0219
1142.171,2.2619,0.0224
1142.435,2.3074,0.0224
1142.698,2.2190,0.0222
1142.961,2.2011,0.0224
1143.224,2.1989,0.0221
1143.487,2.2022,0.0222
1143.751,2.2135,0.0223
1144.014,2.3002,0.0222
1144.277,2.3424,0.0224
1144.541,2.3421,0.0225
1144.804,2.3626,0.0223
1145.068,2.3075,0.0221
1145.332,2.2714,0.0220
1145.596,2.1566,0.0217
1145.859,2.0790,0.0216
1146.123,2.2985,0.0221
1146.387,2.4259,0.0223
1146.651,2.4698,0.0225
1146.915,2.4036,0.0222
1147.179,2.2285,0.0219
1147.443,2.0581,0.0213
1147.708,1.9908,0.0212
1147.972,1.9493,0.0211
1148.236,2.0509,0.0213
1148.501,2.1647,0.0215
1148.765,2.3067,0.0220
1149.030,2.3697,0.0222
1149.294,2.3245,0.0220
1149.559,2.2547,0.0219
1149.824,2.2589,0.0219
1150.089,2.1729,0.0216
1150.354,2.2357,0.0216
1150.618,2.2537,0.0216
1150.883,2.2851,0.0219
1151.148,2.2870,0.0219
1151.413,2.3775,0.0216
1151.679,2.3257,0.0215
1151.944,2.2465,0.0212
1152.209,2.1901,0.0212
1152.474,2.2098,0.0214
1152.740,2.2168,0.0212
1153.005,2.2637,0.0214
1153.271,2.3578,0.0217
1153.536,2.4990,0.0222
1153.802,2.5640,0.0222
1154.068,2.5027,0.0218
1154.333,2.3496,0.0215
1154.599,2.2313,0.0210
1154.865,2.2370,0.0210
1155.131,2.1873,0.0209
1155.397,2.1529,0.0205
1155.663,2.2302,0.0211
1155.929,2.4415,0.0216
1156.196,2.4816,0.0216
1156.462,2.4353,0.0216
1156.728,2.5115,0.0220
1156.995,2.4433,0.0216
1157.261,2.5193,0.0216
1157.528,2.4976,0.0218
1157.794,2.4188,0.0214
1158.061,2.4465,0.0213
1158.327,2.4425,0.0214
1158.594,2.4375,0.0212
1158.861,2.4265,0.0212
1159.128,2.3368,0.0210
1159.395,2.3167,0.0210
1159.662,2.3341,0.0210
1159.929,2.3746,0.0209
1160.196,2.3646,0.0210
1160.463,2.3874,0.0211
1160.730,2.3884,0.0208
1160.998,2.3605,0.0205
1161.265,2.4186,0.0209
1161.532,2.4203,0.0210
1161.800,2.4898,0.0213
1162.067,2.4443,0.0209
1162.335,2.4710,0.0211
1162.603,2.4056,0.0208
1162.870,2.3522,0.0207
1163.138,2.3988,0.0209
1163.406,2.4545,0.0210
1163.674,2.4111,0.0208
1163.942,2.4392,0.0208
1164.210,2.5081,0.0209
1164.478,2.4929,0.0208
1164.746,2.4818,0.0208
1165.015,2.3992,0.0206
1165.283,2.4176,0.0206
1165.551,2.4618,0.0206
1165.819,2.4393,0.0206
1166.088,2.4464,0.0207
1166.357,2.4617,0.0208
1166.625,2.4521,0.0209
1166.894,2.4804,0.0212
1167.162,2.5398,0.0212
1167.431,2.4629,0.0208
1167.700,2.4757,0.0207
1167.969,2.5158,0.0209
1168.238,2.5327,0.0209
1168.507,2.5522,0.0209
1168.776,2.5100,0.0207
1169.045,2.4450,0.0206
1169.314,2.4354,0.0205
1169.584,2.4056,0.0205
1169.853,2.4219,0.0205
1170.123,2.3810,0.0204
1170.392,2.4087,0.0205
1170.661,2.4091,0.0203
1170.931,2.3979,0.0202
1171.201,2.5749,0.0206
1171.470,2.7438,0.0209
1171.740,2.8195,0.0210
1172.010,2.8828,0.0212
1172.280,2.8626,0.0211
1172.550,2.8326,0.0210
1172.820,2.8226,0.0210
1173.090,2.8032,0.0208
1173.360,2.7022,0.0206
1173.630,2.7263,0.0204
1173.901,2.6891,0.0203
1174.171,2.6518,0.0203
1174.441,2.5461,0.0199
1174.712,2.4976,0.0197
1174.982,2.5418,0.0198
1175.253,2.5207,0.0198
1175.523,2.5565,0.0198
1175.794,2.5616,0.0197
1176.065,2.5442,0.0198
1176.336,2.6364,0.0200
1176.607,2.7738,0.0204
1176.878,2.8051,0.0204
1177.149,2.8347,0.0206
1177.420,2.8352,0.0205
1177.691,2.7185,0.0202
1177.962,2.5734,0.0199
1178.233,2.5613,0.0200
1178.505,2.6059,0.0202
1178.776,2.5653,0.0202
1179.048,2.6228,0.0201
1179.319,2.6639,0.0201
1179.591,2.7057,0.0202
1179.862,2.8184,0.0204
1180.134,2.8245,0.0205
1180.406,2.7895,0.0204
1180.678,2.8751,0.0205
1180.949,2.8812,0.0204
1181.221,3.0196,0.0207
1181.493,2.9927,0.0207
1181.766,2.8729,0.0204
1182.038,2.7914,0.0201
1182.310,2.7438,0.0202
1182.582,2.7525,0.0201
1182.854,2.7246,0.0198
1183.127,2.7368,0.0198
1183.399,2.7940,0.0199
1183.672,2.8136,0.0200
1183.944,2.9019,0.0203
1184.217,2.9682,0.0203
1184.490,2.9746,0.0203
1184.763,3.0777,0.0205
1185.036,3.1542,0.0205
1185.308,3.1000,0.0204
1185.581,2.9808,0.0201
1185.854,2.9702,0.0201
1186.127,3.0412,0.0204
1186.401,3.1131,0.0203
1186.674,3.1822,0.0203
1186.947,3.2461,0.0203
1187.220,3.3451,0.0203
1187.494,3.3285,0.0202
1187.767,3.3131,0.0200
1188.041,3.3189,0.0199
1188.314,3.3007,0.0195
1188.588,3.3148,0.0194
1188.862,3.3661,0.0197
1189.135,3.4418,0.0198
1189.409,3.4491,0.0199
1189.683,3.4651,0.0198
1189.957,3.5161,0.0197
1190.231,3.5069,0.0199
1190.505,3.5087,0.0201
1190.779,3.5225,0.0200
1191.054,3.5004,0.0198
1191.328,3.5558,0.0198
1191.602,3.5259,0.0197
1191.877,3.6115,0.0196
1192.151,3.6587,0.0196
1192.426,3.7115,0.0199
1192.700,3.7193,0.0199
1192.975,3.7037,0.0201
1193.250,3.8161,0.0202
1193.524,3.8456,0.0204
1193.799,3.6980,0.0202
1194.074,3.8119,0.0201
1194.349,3.8876,0.0201
1194.624,3.9186,0.0202
1194.899,3.8400,0.0200
1195.175,3.8752,0.0200
1195.450,3.9995,0.0202
1195.725,3.9908,0.0203
1196.000,4.1300,0.0206
1196.276,4.1081,0.0207
1196.551,4.0949,0.0207
1196.827,4.1857,0.0207
1197.102,4.0719,0.0203
1197.378,4.0502,0.0199
1197.654,4.1330,0.0196
1197.930,4.0535,0.0195
1198.206,4.1535,0.0198
1198.481,4.1709,0.0197
1198.757,4.1835,0.0198
1199.033,4.2631,0.0201
1199.310,4.2601,0.0201
1199.586,4.3133,0.0203
1199.862,4.4195,0.0206
1200.138,4.4356,0.0207
1200.415,4.5084,0.0207
1200.691,4.5559,0.0207
1200.968,4.6170,0.0206
1201.244,4.7087,0.0208
1201.521,4.8474,0.0208
1201.797,4.8222,0.0206
1202.074,4.8121,0.0202
1202.351,4.9480,0.0203
1202.628,4.9985,0.0203
1202.905,4.9960,0.0204
1203.182,5.1256,0.0208
1203.459,5.1669,0.0209
1203.736,5.2770,0.0208
1204.013,5.4162,0.0209
1204.291,5.5494,0.0211
1204.568,5.5964,0.0212
1204.845,5.6222,0.0210
1205.123,5.6818,0.0210
1205.400,5.8054,0.0209
1205.678,5.8470,0.0208
1205.956,5.8534,0.0213
1206.233,5.9742,0.0218
1206.511,6.1475,0.0222
1206.789,6.2816,0.0221
1207.067,6.3111,0.0222
1207.345,6.3970,0.0222
1207.623,6.5115,0.0221
1207.901,6.5371,0.0219
1208.179,6.5391,0.0219
1208.457,6.5682,0.0221
1208.736,6.6536,0.0222
1209.014,6.8416,0.0224
1209.292,6.8957,0.0226
1209.571,6.9262,0.0227
1209.849,7.0697,0.0227
1210.128,7.1350,0.0228
1210.407,7.2152,0.0229
1210.685,7.2573,0.0229
1210.964,7.4226,0.0232
1211.243,7.5658,0.0235
1211.522,7.6964,0.0238
1211.801,7.8908,0.0240
1212.080,7.9661,0.0242
1212.359,7.9918,0.0241
1212.638,8.1123,0.0242
1212.918,8.1743,0.0244
1213.197,8.3214,0.0246
1213.476,8.3654,0.0246
1213.756,8.2646,0.0244
1214.035,8.3334,0.0243
1214.315,8.4807,0.0246
1214.594,8.5963,0.0247
1214.874,8.6385,0.0248
1215.154,8.7359,0.0250
1215.434,8.6873,0.0250
1215.714,8.5896,0.0248
1215.994,8.5685,0.0247
1216.274,8.6244,0.0246
1216.554,8.5608,0.0244
1216.834,8.4604,0.0240
1217.114,8.4224,0.0237
1217.394,8.3623,0.0237
1217.675,8.2503,0.0238
1217.955,8.1633,0.0238
1218.236,8.1269,0.0238
1218.516,8.1105,0.0237
1218.797,7.9914,0.0237
1219.078,8.0019,0.0235
1219.358,7.9338,0.0232
1219.639,7.7779,0.0231
1219.920,7.7421,0.0233
1220.201,7.6631,0.0232
1220.482,7.6441,0.0230
1220.763,7.4981,0.0229
1221.044,7.3345,0.0226
1221.325,7.1978,0.0224
1221.607,7.1305,0.0223
1221.888,7.1577,0.0224
1222.169,7.1713,0.0225
1222.451,7.1127,0.0223
1222.732,7.0506,0.0220
1223.014,6.9414,0.0220
1223.295,6.8896,0.0219
1223.577,6.8297,0.0218
1223.859,6.7567,0.0217
1224.141,6.6944,0.0217
1224.422,6.6712,0.0215
1224.705,6.5805,0.0214
1224.987,6.5049,0.0214
1225.269,6.4966,0.0214
1225.551,6.4175,0.0214
1225.833,6.3176,0.0213
1226.115,6.2514,0.0212
1226.398,6.2315,0.0211
1226.680,6.3487,0.0212
1226.963,6.2316,0.0210
1227.245,6.2129,0.0211
1227.528,6.0833,0.0209
1227.810,6.1133,0.0211
1228.093,5.9309,0.0207
1228.376,5.8638,0.0206
1228.659,5.9762,0.0208
1228.942,5.9088,0.0206
1229.225,5.8554,0.0205
1229.508,5.7569,0.0204
1229.791,5.8009,0.0205
1230.074,5.8069,0.0205
1230.358,5.7623,0.0205
1230.641,5.7756,0.0204
1230.924,5.7377,0.0202
1231.208,5.6886,0.0202
1231.491,5.6681,0.0201
1231.775,5.7009,0.0202
1232.058,5.6973,0.0201
1232.342,5.6374,0.0200
1232.626,5.6846,0.0201
1232.910,5.6585,0.0201
1233.194,5.6617,0.0201
1233.478,5.6735,0.0201
1233.762,5.6709,0.0201
1234.046,5.7131,0.0201
1234.330,5.7219,0.0201
1234.614,5.7097,0.0201
1234.899,5.6955,0.0201
1235.183,5.7117,0.0201
1235.467,5.7275,0.0201
1235.752,5.7488,0.0202
1236.037,5.7669,0.0202
1236.321,5.7966,0.0202
1236.606,5.8181,0.0201
1236.891,5.7709,0.0201
1237.176,5.7544,0.0201
1237.460,5.7433,0.0201
1237.745,5.7221,0.0199
1238.030,5.7300,0.0200
1238.316,5.7496,0.0199
1238.601,5.7576,0.0199
1238.886,5.7359,0.0198
1239.171,5.6991,0.0197
1239.457,5.6441,0.0198
1239.742,5.6620,0.0198
1240.028,5.6507,0.0197
1240.313,5.5802,0.0196
1240.599,5.5912,0.0195
1240.884,5.5749,0.0194
1241.170,5.5241,0.0194
1241.456,5.4231,0.0194
1241.742,5.3782,0.0192
1242.028,5.3347,0.0190
1242.314,5.2959,0.0190
1242.600,5.3090,0.0189
1242.886,5.2312,0.0188
1243.172,5.1425,0.0188
1243.459,5.1533,0.0188
1243.745,5.0555,0.0187
1244.031,4.9808,0.0185
1244.318,4.9124,0.0183
1244.604,4.8341,0.0183
1244.891,4.8177,0.0183
1245.178,4.8000,0.0182
1245.464,4.7748,0.0182
1245.751,4.7105,0.0181
1246.038,4.6488,0.0180
1246.325,4.6131,0.0179
1246.612,4.5414,0.0179
1246.899,4.4992,0.0178
1247.186,4.4756,0.0178
1247.474,4.3815,0.0177
1247.761,4.3263,0.0176
1248.048,4.3217,0.0174
1248.335,4.2687,0.0175
1248.623,4.2377,0.0174
1248.911,4.2431,0.0174
1249.198,4.2029,0.0173
1249.486,4.1457,0.0172
1249.774,4.1640,0.0171
1250.061,4.1357,0.0171
1250.349,4.0683,0.0171
1250.637,4.0128,0.0171
1250.925,4.0292,0.0170
1251.213,4.0528,0.0170
1251.501,4.0066,0.0169
1251.790,3.9557,0.0168
1252.078,3.9411,0.0168
1252.366,3.9348,0.0168
1252.655,3.8951,0.0167
1252.943,3.8507,0.0166
1253.232,3.8363,0.0166
1253.520,3.8491,0.0167
1253.809,3.8368,0.0166
1254.098,3.7804,0.0166
1254.386,3.7740,0.0166
1254.675,3.7550,0.0165
1254.964,3.7491,0.0164
1255.253,3.7446,0.0164
1255.542,3.7178,0.0164
1255.831,3.7089,0.0164
1256.120,3.7054,0.0164
1256.410,3.6948,0.0163
1256.699,3.6740,0.0162
1256.989,3.6548,0.0161
1257.278,3.6625,0.0161
1257.568,3.6369,0.0161
1257.857,3.6248,0.0162
1258.147,3.6381,0.0161
1258.437,3.6371,0.0160
1258.726,3.6164,0.0160
1259.016,3.5804,0.0159
1259.306,3.5647,0.0159
1259.596,3.5836,0.0158
1259.886,3.5656,0.0157
1260.176,3.5881,0.0158
1260.466,3.5728,0.0159
1260.757,3.5564,0.0159
1261.047,3.5723,0.0159
1261.338,3.5666,0.0158
1261.628,3.5567,0.0158
1261.919,3.5248,0.0157
1262.209,3.5148,0.0157
1262.500,3.5126,0.0156
1262.791,3.4942,0.0156
1263.081,3.4899,0.0155
1263.372,3.4890,0.0156
1263.663,3.4707,0.0156
1263.954,3.4598,0.0156
1264.245,3.4638,0.0156
1264.536,3.4429,0.0156
1264.828,3.4125,0.0156
1265.119,3.4041,0.0155
1265.410,3.4363,0.0155
1265.702,3.4089,0.0154
1265.993,3.3657,0.0153
1266.285,3.3558,0.0153
1266.576,3.3336,0.0152
1266.868,3.3682,0.0153
1267.160,3.3520,0.0153
1267.451,3.3159,0.0152
1267.743,3.3151,0.0152
1268.035,3.3090,0.0152
1268.327,3.2710,0.0151
1268.619,3.2613,0.0151
1268.911,3.2588,0.0151
1269.204,3.2350,0.0150
1269.496,3.1966,0.0150
1269.788,3.1814,0.0149
1270.081,3.1811,0.0150
1270.373,3.1555,0.0150
1270.666,3.1317,0.0148
1270.958,3.1225,0.0148
1271.251,3.1076,0.0147
1271.544,3.0832,0.0147
1271.837,3.0755,0.0147
1272.130,3.0940,0.0147
1272.422,3.0669,0.0146
1272.715,3.0336,0.0146
1273.008,3.0204,0.0146
1273.302,3.0061,0.0145
1273.595,2.9795,0.0144
1273.888,2.9572,0.0144
1274.182,2.9640,0.0143
1274.475,2.9524,0.0144
1274.768,2.9409,0.0144
1275.062,2.9323,0.0143
1275.356,2.9142,0.0143
1275.649,2.9269,0.0143
1275.943,2.9078,0.0143
1276.237,2.9029,0.0142
1276.531,2.9057,0.0142
1276.825,2.8990,0.0142
1277.119,2.8945,0.0140
1277.413,2.8493,0.0141
1277.707,2.8230,0.0141
1278.001,2.8204,0.0141
1278.296,2.8173,0.0140
1278.590,2.8326,0.0140
1278.885,2.8523,0.0140
1279.179,2.8312,0.0141
1279.474,2.8463,0.0141
1279.768,2.8207,0.0140
1280.063,2.8103,0.0139
1280.358,2.8266,0.0140
1280.653,2.8010,0.0139
1280.948,2.8101,0.0139
1281.242,2.7922,0.0138
1281.537,2.7530,0.0137
1281.833,2.7532,0.0138
1282.128,2.7478,0.0138
1282.423,2.7702,0.0138
1282.718,2.7847,0.0137
1283.014,2.7441,0.0137
1283.309,2.7369,0.0137
1283.605,2.7646,0.0137
1283.900,2.7551,0.0137
1284.196,2.7450,0.0137
1284.492,2.7460,0.0138
1284.787,2.7551,0.0137
1285.083,2.7607,0.0137
1285.379,2.7548,0.0136
1285.675,2.7561,0.0135
1285.971,2.7480,0.0135
1286.268,2.7510,0.0134
1286.564,2.7461,0.0134
1286.860,2.7540,0.0135
1287.156,2.7626,0.0135
1287.453,2.7569,0.0134
1287.749,2.7827,0.0134
1288.046,2.8045,0.0135
1288.342,2.7902,0.0134
1288.639,2.7893,0.0134
1288.936,2.7778,0.0134
1289.233,2.7532,0.0134
1289.530,2.7447,0.0134
1289.827,2.7452,0.0133
1290.124,2.7729,0.0134
1290.421,2.7661,0.0134
1290.718,2.7742,0.0135
1291.015,2.7912,0.0134
1291.312,2.7963,0.0133
1291.610,2.7668,0.0133
1291.907,2.7888,0.0134
1292.205,2.8236,0.0134
1292.502,2.8018,0.0134
1292.800,2.7870,0.0134
1293.098,2.8091,0.0134
1293.395,2.8291,0.0133
1293.693,2.8252,0.0132
1293.991,2.8015,0.0132
1294.289,2.8138,0.0132
1294.587,2.8200,0.0132
1294.885,2.8214,0.0132
1295.183,2.8102,0.0132
1295.482,2.8177,0.0132
1295.780,2.8473,0.0132
1296.079,2.8551,0.0132
1296.377,2.8402,0.0133
1296.676,2.8572,0.0132
1296.974,2.8765,0.0132
1297.273,2.8812,0.0132
1297.572,2.8634,0.0132
1297.870,2.8616,0.0131
1298.169,2.8733,0.0131
1298.468,2.8794,0.0131
1298.767,2.8915,0.0131
1299.066,2.9095,0.0131
1299.365,2.9170,0.0132
1299.665,2.9079,0.0131
1299.964,2.9407,0.0131
1300.263,2.9121,0.0131
1300.563,2.9197,0.0130
1300.862,2.9315,0.0130
1301.162,2.9138,0.0130
1301.461,2.9193,0.0131
1301.761,2.9628,0.0131
1302.061,2.9511,0.0131
1302.361,2.9814,0.0131
1302.661,2.9813,0.0131
1302.961,2.9646,0.0130
1303.261,2.9724,0.0130
1303.561,2.9721,0.0130
1303.861,2.9426,0.0129
1304.161,2.9562,0.0129
1304.462,2.9769,0.0130
1304.762,2.9680,0.0130
1305.062,2.9961,0.0130
1305.363,2.9457,0.0129
1305.664,2.9537,0.0129
1305.964,2.9532,0.0129
1306.265,2.9361,0.0129
1306.566,2.9446,0.0129
1306.867,2.9616,0.0129
1307.168,2.9668,0.0129
1307.469,2.9481,0.0129
1307.770,2.9540,0.0128
1308.071,2.9457,0.0128
1308.372,2.9480,0.0128
1308.673,2.9556,0.0128
1308.975,2.9272,0.0127
1309.276,2.9208,0.0127
1309.578,2.9169,0.0127
1309.880,2.9065,0.0127
1310.181,2.9101,0.0127
1310.483,2.9152,0.0127
1310.784,2.8790,0.0127
1311.086,2.8866,0.0126
1311.388,2.8767,0.0126
1311.690,2.8555,0.0126
1311.992,2.8605,0.0126
1312.295,2.8460,0.0125
1312.597,2.8450,0.0125
1312.899,2.8302,0.0125
1313.201,2.8053,0.0124
1313.504,2.7744,0.0124
1313.806,2.7837,0.0123
1314.109,2.7819,0.0123
1314.411,2.7853,0.0123
1314.714,2.7652,0.0123
1315.017,2.7490,0.0124
1315.320,2.7649,0.0123
1315.623,2.7142,0.0123
1315.926,2.7113,0.0123
1316.229,2.7217,0.0123
1316.532,2.7411,0.0123
1316.835,2.7215,0.0122
1317.138,2.6997,0.0122
1317.441,2.7018,0.0122
1317.745,2.6946,0.0121
1318.048,2.6766,0.0121
1318.352,2.6630,0.0122
1318.655,2.6399,0.0120
1318.959,2.6764,0.0120
1319.263,2.6659,0.0120
1319.567,2.6324,0.0120
1319.870,2.6591,0.0120
1320.174,2.6531,0.0119
1320.478,2.6309,0.0119
1320.782,2.6429,0.0119
1321.087,2.6171,0.0118
1321.391,2.6194,0.0118
1321.695,2.6318,0.0119
1322.000,2.6114,0.0119
1322.304,2.6307,0.0118
1322.609,2.6240,0.0118
1322.913,2.6053,0.0118
1323.218,2.6048,0.0118
1323.522,2.6026,0.0118
1323.827,2.6217,0.0118
1324.132,2.6088,0.0118
1324.437,2.6137,0.0118
1324.742,2.6084,0.0117
1325.047,2.5941,0.0117
1325.352,2.6044,0.0117
1325.657,2.6066,0.0117
1325.963,2.6095,0.0117
1326.268,2.6168,0.0116
1326.573,2.6165,0.0117
1326.879,2.6178,0.0117
1327.185,2.6341,0.0117
1327.490,2.6460,0.0116
1327.796,2.6503,0.0117
1328.102,2.6577,0.0116
1328.407,2.6560,0.0117
1328.713,2.6421,0.0116
1329.019,2.6460,0.0116
1329.325,2.6602,0.0116
1329.632,2.6720,0.0116
1329.938,2.6433,0.0116
1330.244,2.6798,0.0116
1330.550,2.7048,0.0116
1330.857,2.6995,0.0116
1331.163,2.6891,0.0116
1331.470,2.6876,0.0115
1331.776,2.6782,0.0115
1332.083,2.7184,0.0116
1332.390,2.6994,0.0116
1332.697,2.6700,0.0115
1333.004,2.6919,0.0115
1333.311,2.7018,0.0115
1333.618,2.7397,0.0115
1333.925,2.7180,0.0115
1334.232,2.7102,0.0115
1334.539,2.7339,0.0115
1334.846,2.7179,0.0115
1335.154,2.7438,0.0115
1335.461,2.7586,0.0115
1335.769,2.7503,0.0115
1336.077,2.7554,0.0115
1336.384,2.7364,0.0115
1336.692,2.7144,0.0115
1337.000,2.7052,0.0115
1337.308,2.7102,0.0114
1337.615,2.7335,0.0115
1337.924,2.7109,0.0114
1338.232,2.7090,0.0114
1338.540,2.7181,0.0114
1338.848,2.6936,0.0114
1339.156,2.6987,0.0114
1339.465,2.7077,0.0114
1339.773,2.7126,0.0114
1340.082,2.6896,0.0114
1340.390,2.6622,0.0113
1340.699,2.6944,0.0113
1341.008,2.6743,0.0113
1341.317,2.6670,0.0113
1341.625,2.6707,0.0113
1341.934,2.6511,0.0112
1342.244,2.6207,0.0112
1342.553,2.6310,0.0112
1342.862,2.6377,0.0112
1343.171,2.6505,0.0112
1343.480,2.6455,0.0112
1343.790,2.6401,0.0112
1344.099,2.6372,0.0112
1344.409,2.6285,0.0112
1344.718,2.6169,0.0112
1345.028,2.6326,0.0112
1345.338,2.6473,0.0112
1345.647,2.6263,0.0112
1345.957,2.6161,0.0111
1346.267,2.6255,0.0111
1346.577,2.5973,0.0111
1346.887,2.6002,0.0111
1347.198,2.6027,0.0111
1347.508,2.5769,0.0110
1347.818,2.5572,0.0110
1348.129,2.5870,0.0109
1348.439,2.5866,0.0109
1348.750,2.5604,0.0110
1349.060,2.5547,0.0110
1349.371,2.5807,0.0109
1349.682,2.5736,0.0109
1349.992,2.5585,0.0109
1350.303,2.5453,0.0108
1350.614,2.5085,0.0108
1350.925,2.5345,0.0109
1351.236,2.5463,0.0109
1351.547,2.5559,0.0108
1351.859,2.5485,0.0108
1352.170,2.5542,0.0109
1352.481,2.5754,0.0109
1352.793,2.5537,0.0108
1353.104,2.5509,0.0108
1353.416,2.5516,0.0109
1353.728,2.5396,0.0108
1354.039,2.5272,0.0108
1354.351,2.5423,0.0108
1354.663,2.5417,0.0108
1354.975,2.5345,0.0107
1355.287,2.5415,0.0107
1355.599,2.5440,0.0107
1355.911,2.5388,0.0107
1356.224,2.5309,0.0107
1356.536,2.5070,0.0106
1356.848,2.5087,0.0106
1357.161,2.5467,0.0107
1357.473,2.5290,0.0107
1357.786,2.5423,0.0107
1358.099,2.5512,0.0107
1358.411,2.5578,0.0107
1358.724,2.5445,0.0107
1359.037,2.5643,0.0107
1359.350,2.5218,0.0106
1359.663,2.5092,0.0105
1359.976,2.5131,0.0106
1360.289,2.5240,0.0106
1360.603,2.5569,0.0107
1360.916,2.5682,0.0106
1361.229,2.5618,0.0106
1361.543,2.5616,0.0106
1361.856,2.5533,0.0105
1362.170,2.5366,0.0105
1362.484,2.5308,0.0105
1362.797,2.5099,0.0105
1363.111,2.5159,0.0105
1363.425,2.5445,0.0105
1363.739,2.5399,0.0105
1364.053,2.5394,0.0105
1364.367,2.5609,0.0105
1364.682,2.5451,0.0104
1364.996,2.5449,0.0104
1365.310,2.5364,0.0104
1365.625,2.5220,0.0104
1365.939,2.5441,0.0105
1366.254,2.5726,0.0105
1366.568,2.5694,0.0104
1366.883,2.5684,0.0105
1367.198,2.5984,0.0105
1367.513,2.5917,0.0105
1367.828,2.5940,0.0105
1368.142,2.5824,0.0105
1368.457,2.6060,0.0104
1368.773,2.5953,0.0104
1369.088,2.5872,0.0104
1369.403,2.6022,0.0104
1369.718,2.5953,0.0104
1370.034,2.6174,0.0104
1370.349,2.6379,0.0104
1370.665,2.6093,0.0104
1370.981,2.6119,0.0103
1371.296,2.6225,0.0103
1371.612,2.5959,0.0103
1371.928,2.6079,0.0103
1372.244,2.6311,0.0103
1372.560,2.6119,0.0103
1372.876,2.6228,0.0103
1373.192,2.6328,0.0103
1373.508,2.6148,0.0103
1373.825,2.6277,0.0103
1374.141,2.6175,0.0103
1374.458,2.6175,0.0103
1374.774,2.6329,0.0103
1375.091,2.6357,0.0103
1375.407,2.6456,0.0103
1375.724,2.6396,0.0103
1376.041,2.6453,0.0103
1376.358,2.6482,0.0102
1376.675,2.6474,0.0102
1376.992,2.6434,0.0102
1377.309,2.6615,0.0102
1377.626,2.6663,0.0102
1377.943,2.6522,0.0102
1378.260,2.6638,0.0102
1378.578,2.6724,0.0102
1378.895,2.6658,0.0101
1379.213,2.6592,0.0101
1379.531,2.6633,0.0102
1379.848,2.6840,0.0102
1380.166,2.6898,0.0101
1380.484,2.6833,0.0101
1380.802,2.6882,0.0101
1381.120,2.6949,0.0101
1381.438,2.7240,0.0102
1381.756,2.7256,0.0101
1382.074,2.7059,0.0101
1382.392,2.7274,0.0101
1382.711,2.7376,0.0102
1383.029,2.7476,0.0102
1383.348,2.7609,0.0101
1383.666,2.7686,0.0101
1383.985,2.7773,0.0101
1384.303,2.7910,0.0101
1384.622,2.8169,0.0101
1384.941,2.8240,0.0101
1385.260,2.8027,0.0101
1385.579,2.8143,0.0101
1385.898,2.8278,0.0101
1386.217,2.8316,0.0101
1386.536,2.8415,0.0101
1386.856,2.8292,0.0101
1387.175,2.8605,0.0101
1387.495,2.8666,0.0101
1387.814,2.8760,0.0102
1388.134,2.9440,0.0102
1388.453,2.9012,0.0102
1388.773,2.9077,0.0101
1389.093,2.9304,0.0101
1389.413,2.9419,0.0101
1389.733,2.9280,0.0101
1390.053,2.9743,0.0101
1390.373,2.9732,0.0101
1390.693,2.9769,0.0101
1391.013,3.0140,0.0102
1391.334,3.0076,0.0102
1391.654,3.0057,0.0101
1391.975,3.0194,0.0101
1392.295,3.0284,0.0101
1392.616,3.0436,0.0101
1392.936,3.0494,0.0101
1393.257,3.0667,0.0101
1393.578,3.0569,0.0101
1393.899,3.0440,0.0100
1394.220,3.0483,0.0100
1394.541,3.0469,0.0100
1394.862,3.0343,0.0100
1395.183,3.0464,0.0099
1395.505,3.0488,0.0100
1395.826,3.0451,0.0100
1396.148,3.0797,0.0100
1396.469,3.0918,0.0101
1396.791,3.0638,0.0100
1397.112,3.0919,0.0101
1397.434,3.0903,0.0101
1397.756,3.0757,0.0100
1398.078,3.0678,0.0100
1398.400,3.0809,0.0100
1398.722,3.0847,0.0100
1399.044,3.0967,0.0100
1399.366,3.0943,0.0100
1399.688,3.0904,0.0100
1400.010,3.0912,0.0100
1400.333,3.0956,0.0100
1400.656,3.0750,0.0099
1400.978,3.0766,0.0099
1401.301,3.0798,0.0099
1401.623,3.0796,0.0099
1401.946,3.0717,0.0099
1402.269,3.0688,0.0099
1402.592,3.0702,0.0099
1402.915,3.0544,0.0099
1403.238,3.0641,0.0099
1403.561,3.0204,0.0098
1403.884,2.9752,0.0098
1404.208,2.9823,0.0098
1404.531,2.9770,0.0098
1404.854,2.9610,0.0098
1405.178,2.9529,0.0097
1405.501,2.9254,0.0097
1405.825,2.9160,0.0097
1406.149,2.9127,0.0097
1406.473,2.8904,0.0096
1406.797,2.8822,0.0096
1407.121,2.8724,0.0096
1407.445,2.8407,0.0095
1407.769,2.8343,0.0095
1408.093,2.8074,0.0095
1408.417,2.8054,0.0095
1408.742,2.8006,0.0095
1409.066,2.7850,0.0095
1409.390,2.7566,0.0095
1409.715,2.7532,0.0095
1410.040,2.7472,0.0094
1410.364,2.7197,0.0094
1410.689,2.7239,0.0094
1411.014,2.6955,0.0093
1411.339,2.6905,0.0093
1411.664,2.6901,0.0093
1411.989,2.6887,0.0094
1412.314,2.6714,0.0094
1412.639,2.6527,0.0093
1412.965,2.6469,0.0093
1413.290,2.6456,0.0093
1413.616,2.6512,0.0093
1413.941,2.6230,0.0093
1414.267,2.6060,0.0093
1414.592,2.5948,0.0092
1414.918,2.5931,0.0092
1415.244,2.5921,0.0092
1415.570,2.5890,0.0092
1415.896,2.5705,0.0092
1416.222,2.5699,0.0092
1416.548,2.5698,0.0092
1416.874,2.5628,0.0092
1417.200,2.5561,0.0091
1417.527,2.5465,0.0091
1417.853,2.5463,0.0091
1418.180,2.5328,0.0090
1418.506,2.5520,0.0091
1418.833,2.5303,0.0090
1419.160,2.5219,0.0090
1419.487,2.5264,0.0090
1419.813,2.5189,0.0090
1420.141,2.5122,0.0090
1420.468,2.5061,0.0090
1420.795,2.5010,0.0090
1421.122,2.4999,0.0090
1421.449,2.4896,0.0089
1421.776,2.4750,0.0089
1422.104,2.4802,0.0089
1422.431,2.4816,0.0089
1422.759,2.4991,0.0089
1423.086,2.4583,0.0089
1423.414,2.4553,0.0089
1423.742,2.4540,0.0089
1424.070,2.4507,0.0089
1424.398,2.4597,0.0089
1424.726,2.4493,0.0088
1425.054,2.4371,0.0088
1425.382,2.4316,0.0088
1425.710,2.4362,0.0088
1426.039,2.4438,0.0088
1426.367,2.4441,0.0088
1426.696,2.4485,0.0088
1427.024,2.4276,0.0088
1427.353,2.4128,0.0087
1427.681,2.4162,0.0087
1428.010,2.4138,0.0087
1428.339,2.4100,0.0087
1428.668,2.4222,0.0087
1428.997,2.4116,0.0087
1429.326,2.4023,0.0087
1429.655,2.4022,0.0087
1429.984,2.4002,0.0087
1430.314,2.4162,0.0088
1430.643,2.3891,0.0087
1430.973,2.3881,0.0087
1431.302,2.3878,0.0087
1431.632,2.3791,0.0087
1431.961,2.3624,0.0086
1432.291,2.3898,0.0086
1432.621,2.3812,0.0086
1432.951,2.3615,0.0086
1433.281,2.3572,0.0086
1433.611,2.3624,0.0086
1433.941,2.3604,0.0086
1434.271,2.3439,0.0086
1434.602,2.3562,0.0086
1434.932,2.3355,0.0086
1435.262,2.3523,0.0085
1435.593,2.3582,0.0085
1435.923,2.3413,0.0085
1436.254,2.3550,0.0085
1436.585,2.3312,0.0085
1436.916,2.3355,0.0085
1437.247,2.3299,0.0085
1437.578,2.3288,0.0085
1437.909,2.3405,0.0085
1438.240,2.3305,0.0085
1438.571,2.3388,0.0085
1438.902,2.3259,0.0085
1439.234,2.3233,0.0085
1439.565,2.3181,0.0084
1439.897,2.3261,0.0084
1440.228,2.3183,0.0084
1440.560,2.3198,0.0084
1440.891,2.3128,0.0084
1441.223,2.3069,0.0084
1441.555,2.3025,0.0084
1441.887,2.3241,0.0084
1442.219,2.3115,0.0084
1442.552,2.2987,0.0084
1442.884,2.3197,0.0084
1443.216,2.3061,0.0083
1443.548,2.3055,0.0084
1443.881,2.3149,0.0083
1444.213,2.2881,0.0083
1444.546,2.2852,0.0083
1444.879,2.3053,0.0083
1445.211,2.2920,0.0083
1445.544,2.2880,0.0083
1445.877,2.2907,0.0083
1446.210,2.2994,0.0083
1446.543,2.3004,0.0083
1446.876,2.2930,0.0083
1447.209,2.2884,0.0083
1447.542,2.2793,0.0083
1447.876,2.3035,0.0083
1448.209,2.2866,0.0082
1448.543,2.2998,0.0083
1448.876,2.2684,0.0082
1449.210,2.2752,0.0082
1449.544,2.2709,0.0082
1449.877,2.2582,0.0082
1450.211,2.2758,0.0082
1450.545,2.2826,0.0082
1450.879,2.2750,0.0082
1451.214,2.2803,0.0082
1451.548,2.2821,0.0082
1451.882,2.2777,0.0082
1452.216,2.2756,0.0082
1452.551,2.2936,0.0082
1452.885,2.2721,0.0081
1453.220,2.2687,0.0081
1453.554,2.2784,0.0081
1453.889,2.2876,0.0081
1454.224,2.2902,0.0081
1454.559,2.2658,0.0081
1454.894,2.2867,0.0081
1455.229,2.2982,0.0081
1455.564,2.2772,0.0080
1455.899,2.2870,0.0081
1456.234,2.2925,0.0081
1456.570,2.2752,0.0080
1456.905,2.2750,0.0081
1457.241,2.2849,0.0080
1457.576,2.2799,0.0081
1457.912,2.2823,0.0081
1458.248,2.2806,0.0080
1458.584,2.2894,0.0080
1458.919,2.2968,0.0080
1459.255,2.2778,0.0080
1459.591,2.2684,0.0080
1459.928,2.2935,0.0080
1460.264,2.2795,0.0080
1460.600,2.2735,0.0080
1460.936,2.2717,0.0080
1461.273,2.2656,0.0080
1461.609,2.2739,0.0080
1461.946,2.2793,0.0080
1462.283,2.2713,0.0080
1462.619,2.2867,0.0080
1462.956,2.2785,0.0079
1463.293,2.2813,0.0079
1463.630,2.2758,0.0079
1463.967,2.2646,0.0079
1464.304,2.2701,0.0079
1464.641,2.2635,0.0079
1464.979,2.2745,0.0079
1465.316,2.2585,0.0079
1465.653,2.2653,0.0079
1465.991,2.2753,0.0079
1466.329,2.2546,0.0079
1466.666,2.2551,0.0079
1467.004,2.2783,0.0079
1467.342,2.2676,0.0079
1467.680,2.2534,0.0079
1468.018,2.2588,0.0079
1468.356,2.2722,0.0078
1468.694,2.2636,0.0078
1469.032,2.2614,0.0078
1469.370,2.2692,0.0078
1469.709,2.2495,0.0078
1470.047,2.2574,0.0078
1470.386,2.2685,0.0078
1470.724,2.2654,0.0078
1471.063,2.2738,0.0078
1471.402,2.2706,0.0078
1471.741,2.2734,0.0078
1472.080,2.2738,0.0078
1472.419,2.2621,0.0077
1472.758,2.2721,0.0078
1473.097,2.2818,0.0077
1473.436,2.2602,0.0077
1473.775,2.2679,0.0078
1474.115,2.2860,0.0078
1474.454,2.2807,0.0078
1474.794,2.2796,0.0078
1475.133,2.2861,0.0078
1475.473,2.2837,0.0078
1475.813,2.2718,0.0078
1476.153,2.2807,0.0078
1476.493,2.2733,0.0078
1476.833,2.2779,0.0077
1477.173,2.2999,0.0077
1477.513,2.2848,0.0077
1477.853,2.2836,0.0077
1478.194,2.2739,0.0077
1478.534,2.2936,0.0077
1478.874,2.2952,0.0077
1479.215,2.2922,0.0077
1479.556,2.2892,0.0077
1479.896,2.2821,0.0077
1480.237,2.2867,0.0077
1480.578,2.2858,0.0077
1480.919,2.2854,0.0077
1481.260,2.2857,0.0077
1481.601,2.2971,0.0076
1481.942,2.2997,0.0076
1482.284,2.2928,0.0076
1482.625,2.3014,0.0076
1482.966,2.3144,0.0077
1483.308,2.2946,0.0076
1483.650,2.3048,0.0076
1483.991,2.3056,0.0076
1484.333,2.3150,0.0076
1484.675,2.3134,0.0076
1485.016,2.2898,0.0076
1485.359,2.3131,0.0076
1485.701,2.3294,0.0076
1486.043,2.3016,0.0075
1486.385,2.2969,0.0075
1486.727,2.3037,0.0075
1487.070,2.3122,0.0075
1487.412,2.2962,0.0075
1487.755,2.3018,0.0075
1488.097,2.2983,0.0075
1488.440,2.3120,0.0075
1488.783,2.3120,0.0075
1489.126,2.3043,0.0075
1489.468,2.3110,0.0075
1489.812,2.3238,0.0075
1490.155,2.3167,0.0075
1490.498,2.3271,0.0075
1490.841,2.3187,0.0075
1491.184,2.3141,0.0075
1491.528,2.3203,0.0075
1491.871,2.3091,0.0075
1492.215,2.3246,0.0075
1492.558,2.3364,0.0075
1492.902,2.3259,0.0075
1493.246,2.3282,0.0075
1493.590,2.3344,0.0075
1493.934,2.3398,0.0075
1494.278,2.3297,0.0075
1494.622,2.3480,0.0075
1494.966,2.3527,0.0074
1495.310,2.3412,0.0074
1495.655,2.3562,0.0074
1495.999,2.3593,0.0074
1496.344,2.3525,0.0075
1496.688,2.3640,0.0075
1497.033,2.3735,0.0074
1497.377,2.3724,0.0074
1497.722,2.3715,0.0074
1498.067,2.3804,0.0074
1498.412,2.3718,0.0074
1498.757,2.3717,0.0074
1499.102,2.3777,0.0074
1499.448,2.3831,0.0074
1499.793,2.3897,0.0074
1500.138,2.4020,0.0074
1500.484,2.3841,0.0074
1500.829,2.3902,0.0074
1501.175,2.4035,0.0074
1501.521,2.3928,0.0074
1501.866,2.3992,0.0074
1502.212,2.3989,0.0074
1502.558,2.3937,0.0074
1502.904,2.4095,0.0074
1503.250,2.4092,0.0074
1503.597,2.3995,0.0074
1503.943,2.4060,0.0074
1504.289,2.4011,0.0074
1504.635,2.4201,0.0074
1504.982,2.4246,0.0074
1505.329,2.4135,0.0074
1505.675,2.4233,0.0073
1506.022,2.4301,0.0074
1506.369,2.4377,0.0074
1506.716,2.4376,0.0074
1507.063,2.4491,0.0073
1507.410,2.4409,0.0073
1507.757,2.4243,0.0073
1508.104,2.4270,0.0073
1508.451,2.4607,0.0073
1508.799,2.4564,0.0074
1509.146,2.4460,0.0073
1509.494,2.4627,0.0073
1509.841,2.4602,0.0073
1510.189,2.4498,0.0073
1510.537,2.4499,0.0073
1510.885,2.4496,0.0073
1511.233,2.4419,0.0073
1511.581,2.4482,0.0073
1511.929,2.4576,0.0073
1512.277,2.4750,0.0073
1512.625,2.4893,0.0073
1512.973,2.4707,0.0073
1513.322,2.4812,0.0073
1513.670,2.4874,0.0073
1514.019,2.4823,0.0073
1514.368,2.4994,0.0073
1514.716,2.5039,0.0073
1515.065,2.5234,0.0073
1515.414,2.5315,0.0073
1515.763,2.5224,0.0073
1516.112,2.5343,0.0073
1516.461,2.5455,0.0073
1516.810,2.5451,0.0073
1517.160,2.5502,0.0073
1517.509,2.5372,0.0073
1517.859,2.5421,0.0073
1518.208,2.5612,0.0073
1518.558,2.5853,0.0073
1518.907,2.6055,0.0073
1519.257,2.6064,0.0074
1519.607,2.6132,0.0073
1519.957,2.6175,0.0073
1520.307,2.6264,0.0073
1520.657,2.6488,0.0073
1521.007,2.6630,0.0074
1521.358,2.6739,0.0073
1521.708,2.6788,0.0073
1522.058,2.6950,0.0074
1522.409,2.7074,0.0074
1522.759,2.7170,0.0073
1523.110,2.7175,0.0073
1523.461,2.7319,0.0074
1523.812,2.7357,0.0074
1524.163,2.7561,0.0074
1524.514,2.7634,0.0074
1524.865,2.7757,0.0074
1525.216,2.7903,0.0074
1525.567,2.7916,0.0074
1525.918,2.8105,0.0074
1526.270,2.8203,0.0074
1526.621,2.8435,0.0074
1526.973,2.8462,0.0074
1527.324,2.8539,0.0074
1527.676,2.8678,0.0074
1528.028,2.8573,0.0074
1528.380,2.8773,0.0074
1528.732,2.9109,0.0074
1529.084,2.9324,0.0075
1529.436,2.9271,0.0075
1529.788,2.9718,0.0075
1530.141,2.9760,0.0075
1530.493,2.9536,0.0075
1530.845,2.9891,0.0075
1531.198,3.0416,0.0075
1531.551,3.0951,0.0075
1531.903,3.1239,0.0075
1532.256,3.1490,0.0075
1532.609,3.1654,0.0075
1532.962,3.1777,0.0075
1533.315,3.1941,0.0075
1533.668,3.2137,0.0075
1534.021,3.2360,0.0076
1534.374,3.2607,0.0076
1534.728,3.2754,0.0076
1535.081,3.2956,0.0076
1535.435,3.2971,0.0076
1535.788,3.3255,0.0076
1536.142,3.3487,0.0076
1536.496,3.3623,0.0076
1536.849,3.3853,0.0076
1537.203,3.3982,0.0076
1537.557,3.4269,0.0077
1537.911,3.4368,0.0077
1538.266,3.4553,0.0077
1538.620,3.4799,0.0077
1538.974,3.4953,0.0077
1539.328,3.5233,0.0077
1539.683,3.5448,0.0077
1540.037,3.5787,0.0077
1540.392,3.6018,0.0078
1540.747,3.6272,0.0078
1541.102,3.6521,0.0078
1541.457,3.6818,0.0078
1541.812,3.7134,0.0078
1542.167,3.7275,0.0078
1542.522,3.7699,0.0078
1542.877,3.7877,0.0079
1543.232,3.7994,0.0079
1543.588,3.8345,0.0079
1543.943,3.8439,0.0079
1544.299,3.8652,0.0079
1544.654,3.8844,0.0079
1545.010,3.9212,0.0080
1545.366,3.9436,0.0080
1545.722,3.9421,0.0079
1546.078,3.9438,0.0079
1546.434,3.9449,0.0080
1546.790,3.9417,0.0080
1547.146,3.9404,0.0079
1547.502,3.9607,0.0079
1547.859,3.9633,0.0079
1548.215,3.9549,0.0079
1548.572,3.9430,0.0079
1548.928,3.9180,0.0079
1549.285,3.8754,0.0078
1549.642,3.8370,0.0078
1549.999,3.8143,0.0078
1550.355,3.7813,0.0078
1550.713,3.7461,0.0078
1551.070,3.7342,0.0078
1551.427,3.7032,0.0077
1551.784,3.6395,0.0076
1552.141,3.6019,0.0076
1552.499,3.5809,0.0075
1552.856,3.5139,0.0075
1553.214,3.4832,0.0075
1553.572,3.4666,0.0075
1553.930,3.4275,0.0075
1554.287,3.3811,0.0074
1554.645,3.3585,0.0074
1555.003,3.3304,0.0073
1555.361,3.3183,0.0073
1555.720,3.2802,0.0073
1556.078,3.2507,0.0073
1556.436,3.2347,0.0073
1556.795,3.1963,0.0072
1557.153,3.1697,0.0072
1557.512,3.1412,0.0072
1557.870,3.1202,0.0072
1558.229,3.1012,0.0072
1558.588,3.0815,0.0072
1558.947,3.0584,0.0071
1559.306,3.0383,0.0071
1559.665,3.0197,0.0071
1560.024,3.0017,0.0071
1560.383,2.9916,0.0070
1560.743,2.9651,0.0070
1561.102,2.9402,0.0070
1561.462,2.9201,0.0070
1561.821,2.9018,0.0070
1562.181,2.8822,0.0070
1562.541,2.8575,0.0069
1562.900,2.8389,0.0069
1563.260,2.8231,0.0069
1563.620,2.8127,0.0069
1563.980,2.7869,0.0069
1564.341,2.7763,0.0069
1564.701,2.7578,0.0068
1565.061,2.7325,0.0068
1565.422,2.7188,0.0068
1565.782,2.7126,0.0068
1566.143,2.6882,0.0068
1566.503,2.6686,0.0068
1566.864,2.6509,0.0067
1567.225,2.6392,0.0067
1567.586,2.6268,0.0067
1567.947,2.6129,0.0067
1568.308,2.6043,0.0067
1568.669,2.5932,0.0067
1569.030,2.5789,0.0067
1569.392,2.5562,0.0067
1569.753,2.5715,0.0067
1570.115,2.5532,0.0066
1570.476,2.5411,0.0066
1570.838,2.5302,0.0066
1571.199,2.5202,0.0066
1571.561,2.5066,0.0066
1571.923,2.5063,0.0067
1572.285,2.4909,0.0066
1572.647,2.4817,0.0066
1573.009,2.4725,0.0066
1573.371,2.4623,0.0066
1573.734,2.4680,0.0066
1574.096,2.4538,0.0066
1574.459,2.4396,0.0066
1574.821,2.4387,0.0066
1575.184,2.4194,0.0066
1575.547,2.4159,0.0065
1575.910,2.4238,0.0065
1576.273,2.4209,0.0065
1576.635,2.3901,0.0065
1576.999,2.4024,0.0065
1577.362,2.4055,0.0065
1577.725,2.3923,0.0065
1578.088,2.3704,0.0065
1578.452,2.3711,0.0065
1578.815,2.3681,0.0065
1579.179,2.3564,0.0065
1579.542,2.3521,0.0064
1579.906,2.3572,0.0064
1580.270,2.3464,0.0064
1580.634,2.3355,0.0064
1580.998,2.3258,0.0064
1581.362,2.3322,0.0064
1581.726,2.3303,0.0064
1582.090,2.3221,0.0064
1582.455,2.3103,0.0064
1582.819,2.3197,0.0064
1583.184,2.3134,0.0064
1583.548,2.3188,0.0064
1583.913,2.3123,0.0064
1584.278,2.2996,0.0063
1584.642,2.3027,0.0063
1585.007,2.2918,0.0063
1585.372,2.2847,0.0063
1585.738,2.2919,0.0063
1586.103,2.2769,0.0063
1586.468,2.2752,0.0063
1586.833,2.2935,0.0063
1587.199,2.2784,0.0063
1587.564,2.2693,0.0063
1587.930,2.2781,0.0063
1588.296,2.2699,0.0063
1588.661,2.2630,0.0063
1589.027,2.2688,0.0063
1589.393,2.2584,0.0063
1589.759,2.2607,0.0063
1590.125,2.2629,0.0063
1590.491,2.2642,0.0063
1590.858,2.2629,0.0063
1591.224,2.2522,0.0063
1591.590,2.2509,0.0063
1591.957,2.2504,0.0063
1592.324,2.2345,0.0062
1592.690,2.2529,0.0062
1593.057,2.2575,0.0062
1593.424,2.2589,0.0062
1593.791,2.2368,0.0062
1594.158,2.2404,0.0062
1594.525,2.2478,0.0062
1594.892,2.2388,0.0062
1595.259,2.2273,0.0062
1595.627,2.2397,0.0062
1595.994,2.2396,0.0062
1596.362,2.2324,0.0062
1596.729,2.2368,0.0062
1597.097,2.2294,0.0062
1597.465,2.2288,0.0062
1597.833,2.2228,0.0062
1598.201,2.2291,0.0062
1598.569,2.2439,0.0062
1598.937,2.2236,0.0062
1599.305,2.2250,0.0062
1599.673,2.2330,0.0062
1600.042,2.2206,0.0062
1600.410,2.2112,0.0062
1600.779,2.2296,0.0062
1601.147,2.2326,0.0062
1601.516,2.2241,0.0062
1601.885,2.2252,0.0062
1602.254,2.2197,0.0061
1602.623,2.2135,0.0061
1602.992,2.2056,0.0061
1603.361,2.2119,0.0061
1603.730,2.2179,0.0061
1604.100,2.2135,0.0061
1604.469,2.2234,0.0061
1604.838,2.2209,0.0061
1605.208,2.2214,0.0061
1605.578,2.2161,0.0061
1605.947,2.2064,0.0061
1606.317,2.2075,0.0061
1606.687,2.2048,0.0061
1607.057,2.2249,0.0062
1607.427,2.2178,0.0061
1607.797,2.2074,0.0061
1608.168,2.2047,0.0061
1608.538,2.2145,0.0061
1608.908,2.2129,0.0061
1609.279,2.2094,0.0061
1609.649,2.2125,0.0061
1610.020,2.2162,0.0061
1610.391,2.2020,0.0061
1610.762,2.2051,0.0061
1611.133,2.2196,0.0061
1611.504,2.2127,0.0061
1611.875,2.2109,0.0061
1612.246,2.2054,0.0060
1612.617,2.2081,0.0060
1612.989,2.2106,0.0061
1613.360,2.2050,0.0061
1613.732,2.2035,0.0061
1614.103,2.2033,0.0061
1614.475,2.2041,0.0061
1614.847,2.2150,0.0060
1615.219,2.2127,0.0060
1615.590,2.1988,0.0060
1615.963,2.1976,0.0060
1616.335,2.1978,0.0060
1616.707,2.1960,0.0061
1617.079,2.1923,0.0061
1617.452,2.2053,0.0061
1617.824,2.1994,0.0061
1618.197,2.2011,0.0061
1618.569,2.2024,0.0060
1618.942,2.2002,0.0060
1619.315,2.1956,0.0060
1619.688,2.1959,0.0060
1620.061,2.1898,0.0060
1620.434,2.2007,0.0060
1620.807,2.1956,0.0060
1621.180,2.1956,0.0060
1621.554,2.2040,0.0060
1621.927,2.1952,0.0060
1622.301,2.2025,0.0060
1622.674,2.1937,0.0060
1623.048,2.1989,0.0060
1623.422,2.2018,0.0060
1623.795,2.2049,0.0060
1624.169,2.2056,0.0060
1624.543,2.1986,0.0060
1624.917,2.2017,0.0060
1625.292,2.1999,0.0060
1625.666,2.1901,0.0060
1626.040,2.1969,0.0060
1626.415,2.1919,0.0060
1626.789,2.1980,0.0060
1627.164,2.2003,0.0060
1627.539,2.2020,0.0060
1627.913,2.2003,0.0060
1628.288,2.2056,0.0060
1628.663,2.1978,0.0059
1629.038,2.2000,0.0059
1629.413,2.2003,0.0059
1629.789,2.1912,0.0059
1630.164,2.1969,0.0059
1630.539,2.2039,0.0059
1630.915,2.1906,0.0059
1631.290,2.1976,0.0059
1631.666,2.2016,0.0059
1632.042,2.2017,0.0059
1632.418,2.2060,0.0059
1632.794,2.2063,0.0059
1633.170,2.2116,0.0059
1633.546,2.2144,0.0059
1633.922,2.2141,0.0059
1634.298,2.2161,0.0059
1634.675,2.2202,0.0059
1635.051,2.2251,0.0059
1635.427,2.2254,0.0059
1635.804,2.2311,0.0059
1636.181,2.2212,0.0059
1636.558,2.2117,0.0059
1636.934,2.2189,0.0059
1637.312,2.2181,0.0059
1637.689,2.2218,0.0059
1638.066,2.2097,0.0059
1638.443,2.2105,0.0059
1638.820,2.2061,0.0059
1639.198,2.2049,0.0059
1639.575,2.2036,0.0059
1639.953,2.1974,0.0059
1640.330,2.1973,0.0059
1640.708,2.1949,0.0059
1641.086,2.1901,0.0059
1641.464,2.1894,0.0058
1641.842,2.1808,0.0058
1642.220,2.1640,0.0058
1642.598,2.1612,0.0058
1642.976,2.1650,0.0058
1643.355,2.1484,0.0058
1643.733,2.1577,0.0058
1644.112,2.1548,0.0058
1644.490,2.1326,0.0058
1644.869,2.1387,0.0058
1645.248,2.1313,0.0058
1645.627,2.1274,0.0058
1646.005,2.1256,0.0058
1646.385,2.1257,0.0058
1646.764,2.1275,0.0058
1647.143,2.1260,0.0058
1647.522,2.1195,0.0058
1647.902,2.1118,0.0058
1648.281,2.1209,0.0058
1648.661,2.1128,0.0058
1649.040,2.1130,0.0057
1649.420,2.1041,0.0057
1649.800,2.1130,0.0057
1650.180,2.1100,0.0057
1650.560,2.1093,0.0057
1650.940,2.1126,0.0057
1651.320,2.1016,0.0057
1651.701,2.1012,0.0057
1652.081,2.1039,0.0057
1652.461,2.0930,0.0057
1652.842,2.1040,0.0057
1653.223,2.1076,0.0057
1653.603,2.1029,0.0057
1653.984,2.1089,0.0057
1654.365,2.1071,0.0057
1654.746,2.1049,0.0057
1655.127,2.0968,0.0057
1655.508,2.0932,0.0057
1655.889,2.1055,0.0057
1656.271,2.0979,0.0057
1656.652,2.0951,0.0057
1657.034,2.1008,0.0057
1657.415,2.0971,0.0057
1657.797,2.1083,0.0057
1658.178,2.1085,0.0057
1658.560,2.0893,0.0057
1658.942,2.0923,0.0057
1659.324,2.1034,0.0057
1659.706,2.0930,0.0057
1660.089,2.0903,0.0057
1660.471,2.0888,0.0057
1660.853,2.0899,0.0057
1661.236,2.1001,0.0057
1661.618,2.0990,0.0057
1662.001,2.0859,0.0056
1662.384,2.0973,0.0056
1662.767,2.0951,0.0056
1663.150,2.0906,0.0056
1663.533,2.0992,0.0056
1663.916,2.0877,0.0056
1664.299,2.0892,0.0056
1664.682,2.0853,0.0056
1665.065,2.0830,0.0056
1665.449,2.0869,0.0056
1665.832,2.0756,0.0056
1666.216,2.0719,0.0056
1666.600,2.0722,0.0056
1666.984,2.0733,0.0056
1667.367,2.0637,0.0056
1667.751,2.0615,0.0056
1668.135,2.0622,0.0056
1668.520,2.0512,0.0056
1668.904,2.0555,0.0056
1669.288,2.0520,0.0056
1669.672,2.0397,0.0056
1670.057,2.0313,0.0056
1670.442,2.0333,0.0056
1670.826,2.0423,0.0056
1671.211,2.0269,0.0056
1671.596,2.0174,0.0055
1671.981,2.0174,0.0055
1672.366,2.0097,0.0055
1672.751,2.0136,0.0055
1673.136,2.0060,0.0055
1673.521,1.9935,0.0055
1673.907,2.0011,0.0055
1674.292,1.9976,0.0055
1674.678,1.9825,0.0055
1675.064,1.9797,0.0055
1675.449,1.9905,0.0055
1675.835,1.9778,0.0055
1676.221,1.9693,0.0055
1676.607,1.9682,0.0055
1676.993,1.9619,0.0055
1677.379,1.9566,0.0055
1677.766,1.9615,0.0055
1678.152,1.9492,0.0054
1678.538,1.9448,0.0054
1678.925,1.9493,0.0055
1679.312,1.9484,0.0054
1679.698,1.9399,0.0054
1680.085,1.9208,0.0054
1680.472,1.9309,0.0054
1680.859,1.9292,0.0054
1681.246,1.9191,0.0054
1681.633,1.9111,0.0054
1682.021,1.9060,0.0054
1682.408,1.9151,0.0054
1682.795,1.9087,0.0054
1683.183,1.9045,0.0054
1683.571,1.9018,0.0054
1683.958,1.8965,0.0054
1684.346,1.9014,0.0054
1684.734,1.8965,0.0053
1685.122,1.8941,0.0053
1685.510,1.8881,0.0053
1685.898,1.8919,0.0053
1686.286,1.8873,0.0053
1686.675,1.8857,0.0053
1687.063,1.8788,0.0053
1687.451,1.8824,0.0053
1687.840,1.8840,0.0053
1688.229,1.8864,0.0054
1688.618,1.8814,0.0054
1689.006,1.8744,0.0053
1689.395,1.8770,0.0053
1689.784,1.8681,0.0053
1690.174,1.8690,0.0053
1690.563,1.8637,0.0053
1690.952,1.8677,0.0053
1691.342,1.8728,0.0053
1691.731,1.8702,0.0053
1692.120,1.8613,0.0053
1692.510,1.8600,0.0053
1692.900,1.8563,0.0053
1693.290,1.8526,0.0053
1693.680,1.8568,0.0053
1694.070,1.8562,0.0053
1694.460,1.8560,0.0053
1694.850,1.8460,0.0053
1695.240,1.8502,0.0053
1695.631,1.8592,0.0053
1696.021,1.8553,0.0053
1696.412,1.8453,0.0053
1696.802,1.8567,0.0053
1697.193,1.8526,0.0053
1697.584,1.8399,0.0053
1697.975,1.8447,0.0053
1698.366,1.8487,0.0053
1698.757,1.8602,0.0052
1699.148,1.8528,0.0052
1699.540,1.8499,0.0052
1699.931,1.8579,0.0052
1700.323,1.8482,0.0052
1700.714,1.8495,0.0053
1701.106,1.8548,0.0052
1701.497,1.8499,0.0052
1701.889,1.8495,0.0052
1702.281,1.8525,0.0052
1702.673,1.8516,0.0052
1703.065,1.8515,0.0052
1703.457,1.8579,0.0052
1703.850,1.8612,0.0052
1704.242,1.8491,0.0052
1704.635,1.8537,0.0052
1705.027,1.8543,0.0052
1705.420,1.8527,0.0052
1705.812,1.8500,0.0052
1706.205,1.8548,0.0052
1706.598,1.8547,0.0052
1706.991,1.8496,0.0052
1707.384,1.8592,0.0052
1707.778,1.8693,0.0052
1708.171,1.8647,0.0052
1708.564,1.8703,0.0052
1708.958,1.8757,0.0052
1709.351,1.8599,0.0052
1709.745,1.8623,0.0052
1710.139,1.8621,0.0052
1710.532,1.8668,0.0052
1710.926,1.8719,0.0052
1711.320,1.8646,0.0052
1711.714,1.8686,0.0052
1712.109,1.8710,0.0052
1712.503,1.8683,0.0052
1712.897,1.8628,0.0052
1713.292,1.8652,0.0052
1713.686,1.8751,0.0052
1714.081,1.8739,0.0052
1714.476,1.8791,0.0052
1714.870,1.8685,0.0052
1715.265,1.8708,0.0052
1715.660,1.8695,0.0052
1716.055,1.8678,0.0052
1716.451,1.8761,0.0052
1716.846,1.8765,0.0052
1717.241,1.8732,0.0052
1717.637,1.8785,0.0052
1718.032,1.8664,0.0052
1718.428,1.8679,0.0052
1718.824,1.8767,0.0052
1719.219,1.8781,0.0052
1719.615,1.8721,0.0052
1720.011,1.8788,0.0052
1720.407,1.8795,0.0052
1720.804,1.8690,0.0051
1721.200,1.8742,0.0051
1721.596,1.8766,0.0051
1721.993,1.8709,0.0052
1722.389,1.8701,0.0051
1722.786,1.8734,0.0051
1723.182,1.8676,0.0051
1723.579,1.8707,0.0051
1723.976,1.8549,0.0051
1724.373,1.8527,0.0051
1724.770,1.8614,0.0051
1725.168,1.8656,0.0051
1725.565,1.8679,0.0051
1725.962,1.8656,0.0052
1726.360,1.8596,0.0051
1726.757,1.8596,0.0051
1727.155,1.8578,0.0051
1727.553,1.8600,0.0051
1727.951,1.8581,0.0051
1728.348,1.8666,0.0051
1728.746,1.8514,0.0051
1729.145,1.8558,0.0051
1729.543,1.8650,0.0051
1729.941,1.8426,0.0051
1730.339,1.8496,0.0051
1730.738,1.8581,0.0051
1731.136,1.8455,0.0050
1731.535,1.8481,0.0051
1731.934,1.8523,0.0051
1732.333,1.8440,0.0051
1732.732,1.8332,0.0051
1733.131,1.8365,0.0051
1733.530,1.8326,0.0051
1733.929,1.8393,0.0051
1734.328,1.8452,0.0051
1734.728,1.8415,0.0051
1735.127,1.8473,0.0051
1735.527,1.8445,0.0051
1735.927,1.8363,0.0050
1736.326,1.8391,0.0050
1736.726,1.8360,0.0050
1737.126,1.8462,0.0050
1737.526,1.8441,0.0050
1737.926,1.8369,0.0050
1738.326,1.8408,0.0050
1738.727,1.8343,0.0050
1739.127,1.8347,0.0050
1739.528,1.8456,0.0051
1739.928,1.8448,0.0051
1740.329,1.8529,0.0050
1740.729,1.8455,0.0050
1741.130,1.8520,0.0050
1741.531,1.8593,0.0050
1741.932,1.8581,0.0050
1742.334,1.8559,0.0050
1742.735,1.8564,0.0050
1743.136,1.8480,0.0050
1743.538,1.8468,0.0050
1743.939,1.8605,0.0050
1744.341,1.8472,0.0050
1744.742,1.8522,0.0050
1745.144,1.8517,0.0050
1745.546,1.8573,0.0050
1745.948,1.8580,0.0050
1746.350,1.8639,0.0050
1746.752,1.8555,0.0050
1747.154,1.8566,0.0050
1747.557,1.8649,0.0050
1747.959,1.8656,0.0050
1748.362,1.8607,0.0050
1748.764,1.8511,0.0050
1749.167,1.8485,0.0050
1749.570,1.8457,0.0050
1749.973,1.8486,0.0050
1750.376,1.8476,0.0050
1750.779,1.8414,0.0050
1751.182,1.8363,0.0050
1751.585,1.8385,0.0050
1751.989,1.8425,0.0050
1752.392,1.8400,0.0050
1752.796,1.8253,0.0050
1753.199,1.8242,0.0050
1753.603,1.8240,0.0049
1754.007,1.8258,0.0049
1754.411,1.8258,0.0049
1754.815,1.8215,0.0049
1755.219,1.8139,0.0049
1755.623,1.8171,0.0049
1756.027,1.8102,0.0049
1756.432,1.8110,0.0049
1756.836,1.8050,0.0049
1757.241,1.8055,0.0049
1757.646,1.8048,0.0049
1758.050,1.7987,0.0049
1758.455,1.7982,0.0049
1758.860,1.8033,0.0049
1759.265,1.8031,0.0049
1759.670,1.7904,0.0049
1760.076,1.7850,0.0049
1760.481,1.7922,0.0049
1760.886,1.7911,0.0049
1761.292,1.7807,0.0049
1761.697,1.7854,0.0049
1762.103,1.7867,0.0049
1762.509,1.7754,0.0049
1762.915,1.7782,0.0049
1763.321,1.7728,0.0049
1763.727,1.7753,0.0049
1764.133,1.7820,0.0049
1764.539,1.7701,0.0048
1764.945,1.7694,0.0048
1765.352,1.7626,0.0048
1765.758,1.7639,0.0048
1766.165,1.7614,0.0048
1766.572,1.7591,0.0048
1766.979,1.7605,0.0048
1767.385,1.7622,0.0048
1767.793,1.7597,0.0048
1768.200,1.7622,0.0048
1768.607,1.7620,0.0048
1769.014,1.7613,0.0048
1769.421,1.7667,0.0048
1769.829,1.7597,0.0048
1770.236,1.7603,0.0049
1770.644,1.7619,0.0049
1771.052,1.7542,0.0048
1771.460,1.7600,0.0048
1771.868,1.7493,0.0048
1772.276,1.7553,0.0048
1772.684,1.7530,0.0048
1773.092,1.7500,0.0048
1773.500,1.7528,0.0048
1773.909,1.7453,0.0048
1774.317,1.7484,0.0048
1774.726,1.7553,0.0048
1775.135,1.7567,0.0048
1775.543,1.7536,0.0048
1775.952,1.7517,0.0048
1776.361,1.7545,0.0048
1776.770,1.7518,0.0048
1777.179,1.7572,0.0048
1777.589,1.7624,0.0048
1777.998,1.7473,0.0048
1778.408,1.7436,0.0048
1778.817,1.7535,0.0048
1779.227,1.7443,0.0048
1779.636,1.7522,0.0048
1780.046,1.7593,0.0048
1780.456,1.7550,0.0048
1780.866,1.7517,0.0048
1781.276,1.7578,0.0048
1781.687,1.7633,0.0048
1782.097,1.7621,0.0048
1782.507,1.7554,0.0048
1782.918,1.7618,0.0048
1783.328,1.7553,0.0048
1783.739,1.7524,0.0048
1784.150,1.7619,0.0048
1784.561,1.7636,0.0048
1784.972,1.7695,0.0048
1785.383,1.7730,0.0048
1785.794,1.7694,0.0048
1786.205,1.7693,0.0048
1786.616,1.7668,0.0048
1787.028,1.7690,0.0047
1787.439,1.7620,0.0047
1787.851,1.7619,0.0048
1788.263,1.7648,0.0048
1788.674,1.7603,0.0048
1789.086,1.7602,0.0048
1789.498,1.7638,0.0048
1789.910,1.7522,0.0048
1790.323,1.7461,0.0048
1790.735,1.7461,0.0048
1791.147,1.7400,0.0047
1791.560,1.7389,0.0047
1791.972,1.7396,0.0047
1792.385,1.7360,0.0047
1792.798,1.7344,0.0047
1793.211,1.7351,0.0047
1793.623,1.7246,0.0047
1794.037,1.7306,0.0047
1794.450,1.7243,0.0047
1794.863,1.7214,0.0047
1795.276,1.7268,0.0047
1795.690,1.7285,0.0047
1796.103,1.7148,0.0047
1796.517,1.7152,0.0047
1796.931,1.7160,0.0047
1797.344,1.7099,0.0047
1797.758,1.7175,0.0047
1798.172,1.7121,0.0047
1798.586,1.7053,0.0047
1799.000,1.7099,0.0047
1799.415,1.7119,0.0047
1799.829,1.7057,0.0047
1800.244,1.7036,0.0047
1800.658,1.6976,0.0047
1801.073,1.7045,0.0047
1801.488,1.7035,0.0047
1801.903,1.6977,0.0047
1802.318,1.7029,0.0047
1802.732,1.6986,0.0047
1803.148,1.7065,0.0047
1803.563,1.7055,0.0047
1803.978,1.7017,0.0047
1804.394,1.6980,0.0046
1804.809,1.7024,0.0047
1805.225,1.6959,0.0047
1805.641,1.6968,0.0047
1806.056,1.7033,0.0047
1806.472,1.6954,0.0047
1806.888,1.6938,0.0047
1807.304,1.7091,0.0047
1807.721,1.6963,0.0047
1808.137,1.6945,0.0047
1808.553,1.6997,0.0047
1808.970,1.6971,0.0046
1809.386,1.6969,0.0046
1809.803,1.7043,0.0046
1810.220,1.7009,0.0046
1810.637,1.7034,0.0046
1811.054,1.7039,0.0046
1811.471,1.6976,0.0046
1811.888,1.7038,0.0046
1812.305,1.7042,0.0046
1812.722,1.6970,0.0046
1813.140,1.6914,0.0046
1813.557,1.6991,0.0046
1813.975,1.7025,0.0046
1814.393,1.7002,0.0046
1814.811,1.7039,0.0046
1815.229,1.7070,0.0046
1815.646,1.7036,0.0046
1816.065,1.6931,0.0046
1816.483,1.7016,0.0046
1816.901,1.6932,0.0046
1817.320,1.7023,0.0046
1817.738,1.6930,0.0046
1818.157,1.6994,0.0046
1818.575,1.7008,0.0046
1818.994,1.6889,0.0046
1819.413,1.7003,0.0046
1819.832,1.6924,0.0046
1820.251,1.6908,0.0046
1820.670,1.6871,0.0046
1821.090,1.6846,0.0046
1821.509,1.6906,0.0046
1821.928,1.6894,0.0046
1822.348,1.6890,0.0046
1822.768,1.6844,0.0046
1823.187,1.6773,0.0046
1823.607,1.6811,0.0046
1824.027,1.6806,0.0046
1824.447,1.6845,0.0046
1824.867,1.6777,0.0046
1825.288,1.6831,0.0046
1825.708,1.6806,0.0046
1826.128,1.6770,0.0046
1826.549,1.6807,0.0046
1826.970,1.6839,0.0046
1827.390,1.6831,0.0046
1827.811,1.6801,0.0046
1828.232,1.6745,0.0046
1828.653,1.6714,0.0046
1829.074,1.6806,0.0046
1829.495,1.6726,0.0046
1829.917,1.6698,0.0046
1830.338,1.6726,0.0046
1830.760,1.6744,0.0046
1831.181,1.6707,0.0046
1831.603,1.6663,0.0046
1832.025,1.6741,0.0046
1832.447,1.6866,0.0046
1832.868,1.6788,0.0046
1833.291,1.6762,0.0045
1833.713,1.6811,0.0045
1834.135,1.6782,0.0045
1834.557,1.6735,0.0045
1834.980,1.6770,0.0045
1835.402,1.6765,0.0045
1835.825,1.6743,0.0045
1836.248,1.6796,0.0045
1836.671,1.6849,0.0045
1837.094,1.6899,0.0045
1837.517,1.6923,0.0045
1837.940,1.6859,0.0045
1838.363,1.6902,0.0045
1838.786,1.6978,0.0045
1839.210,1.6963,0.0045
1839.633,1.6932,0.0045
1840.057,1.7011,0.0045
1840.481,1.6988,0.0045
1840.905,1.6891,0.0045
1841.329,1.6947,0.0045
1841.753,1.7003,0.0045
1842.177,1.6998,0.0045
1842.601,1.7096,0.0045
1843.025,1.7088,0.0045
1843.450,1.7082,0.0045
1843.874,1.7080,0.0045
1844.299,1.7102,0.0045
1844.724,1.7085,0.0045
1845.148,1.7163,0.0045
1845.573,1.7173,0.0045
1845.998,1.7148,0.0045
1846.423,1.7240,0.0045
1846.849,1.7277,0.0045
1847.274,1.7296,0.0045
1847.699,1.7347,0.0045
1848.125,1.7333,0.0045
1848.551,1.7435,0.0045
1848.976,1.7455,0.0045
1849.402,1.7506,0.0045
1849.828,1.7540,0.0045
1850.254,1.7560,0.0045
1850.680,1.7609,0.0045
1851.106,1.7548,0.0045
1851.532,1.7587,0.0045
1851.959,1.7698,0.0045
1852.385,1.7664,0.0045
1852.812,1.7660,0.0045
1853.238,1.7719,0.0045
1853.665,1.7745,0.0045
1854.092,1.7865,0.0045
1854.519,1.7844,0.0045
1854.946,1.7731,0.0045
1855.373,1.7757,0.0045
1855.801,1.7808,0.0045
1856.228,1.7890,0.0046
1856.655,1.7911,0.0045
1857.083,1.7854,0.0045
1857.511,1.7877,0.0045
1857.938,1.7937,0.0045
1858.366,1.7986,0.0045
1858.794,1.7989,0.0045
1859.222,1.7994,0.0045
1859.650,1.8044,0.0045
1860.078,1.8020,0.0045
1860.507,1.7973,0.0045
1860.935,1.7998,0.0045
1861.364,1.8072,0.0045
1861.793,1.8008,0.0045
1862.221,1.7991,0.0045
1862.650,1.7964,0.0045
1863.079,1.8004,0.0045
1863.508,1.8006,0.0045
1863.937,1.7997,0.0045
1864.366,1.8001,0.0045
1864.796,1.7973,0.0045
1865.225,1.7995,0.0045
1865.655,1.7990,0.0045
1866.085,1.7847,0.0045
1866.514,1.7855,0.0045
1866.944,1.7881,0.0045
1867.374,1.7913,0.0045
1867.804,1.7914,0.0045
1868.234,1.7847,0.0045
1868.664,1.7857,0.0045
1869.095,1.7929,0.0045
1869.525,1.7835,0.0045
1869.956,1.7820,0.0045
1870.386,1.7866,0.0045
1870.817,1.7818,0.0045
1871.248,1.7856,0.0045
1871.679,1.7746,0.0045
1872.110,1.7724,0.0045
1872.541,1.7811,0.0045
1872.972,1.7833,0.0045
1873.403,1.7810,0.0045
1873.835,1.7878,0.0045
1874.266,1.7793,0.0045
1874.698,1.7864,0.0045
1875.130,1.7977,0.0045
1875.562,1.7919,0.0045
1875.993,1.7845,0.0045
1876.425,1.7936,0.0045
1876.857,1.7968,0.0045
1877.290,1.8080,0.0045
1877.722,1.8123,0.0045
1878.155,1.8077,0.0045
1878.587,1.8137,0.0045
1879.020,1.8180,0.0045
1879.452,1.8163,0.0045
1879.885,1.8179,0.0045
1880.318,1.8319,0.0045
1880.751,1.8403,0.0045
1881.184,1.8368,0.0045
1881.617,1.8434,0.0045
1882.051,1.8475,0.0045
1882.484,1.8496,0.0045
1882.917,1.8577,0.0045
1883.351,1.8585,0.0045
1883.785,1.8650,0.0045
1884.219,1.8712,0.0045
1884.653,1.8818,0.0045
1885.086,1.8950,0.0045
1885.521,1.8997,0.0045
1885.955,1.9033,0.0045
1886.389,1.9063,0.0045
1886.824,1.9162,0.0045
1887.258,1.9308,0.0045
1887.693,1.9351,0.0045
1888.127,1.9302,0.0046
1888.562,1.9363,0.0046
1888.997,1.9541,0.0046
1889.432,1.9564,0.0046
1889.867,1.9646,0.0046
1890.302,1.9808,0.0046
1890.738,1.9843,0.0046
1891.173,1.9896,0.0046
1891.609,1.9869,0.0046
1892.044,1.9723,0.0045
1892.480,1.9661,0.0045
1892.916,1.9958,0.0046
1893.352,2.0103,0.0046
1893.788,2.0202,0.0046
1894.224,2.0279,0.0046
1894.660,2.0417,0.0046
1895.096,2.0525,0.0046
1895.533,2.0561,0.0046
1895.969,2.0457,0.0046
1896.406,2.0528,0.0046
1896.843,2.0634,0.0046
1897.280,2.0675,0.0046
1897.716,2.0796,0.0046
1898.153,2.0860,0.0046
1898.590,2.0865,0.0046
1899.028,2.1004,0.0046
1899.465,2.0935,0.0046
1899.902,2.1033,0.0046
1900.340,2.1070,0.0046
1900.778,2.1121,0.0046
1901.215,2.1201,0.0047
1901.653,2.1268,0.0046
1902.091,2.1384,0.0046
1902.529,2.1327,0.0046
1902.967,2.1374,0.0046
1903.406,2.1492,0.0047
1903.844,2.1565,0.0047
1904.282,2.1607,0.0047
1904.721,2.1627,0.0046
1905.159,2.1708,0.0046
1905.598,2.1716,0.0046
1906.037,2.1789,0.0046
1906.476,2.1754,0.0046
1906.915,2.1769,0.0047
1907.354,2.1739,0.0047
1907.793,2.1717,0.0047
1908.233,2.1759,0.0047
1908.672,2.1729,0.0046
1909.112,2.1680,0.0046
1909.551,2.1642,0.0046
1909.991,2.1504,0.0046
1910.431,2.1548,0.0046
1910.871,2.1502,0.0046
1911.311,2.1283,0.0046
1911.751,2.1250,0.0046
1912.191,2.1217,0.0046
1912.631,2.1083,0.0046
1913.072,2.0934,0.0046
1913.512,2.0882,0.0046
1913.953,2.0780,0.0046
1914.394,2.0651,0.0046
1914.835,2.0525,0.0046
1915.276,2.0409,0.0045
1915.717,2.0235,0.0045
1916.158,2.0155,0.0045
1916.599,2.0079,0.0045
1917.041,1.9875,0.0045
1917.482,1.9840,0.0045
1917.924,1.9738,0.0045
1918.365,1.9615,0.0044
1918.807,1.9484,0.0044
1919.249,1.9348,0.0044
1919.691,1.9299,0.0044
1920.133,1.9157,0.0044
1920.575,1.9107,0.0044
1921.017,1.9020,0.0044
1921.460,1.8859,0.0044
1921.902,1.8785,0.0044
1922.345,1.8662,0.0044
1922.788,1.8723,0.0044
1923.230,1.8574,0.0044
1923.673,1.8398,0.0043
1924.116,1.8366,0.0043
1924.559,1.8320,0.0043
1925.002,1.8195,0.0043
1925.446,1.8075,0.0043
1925.889,1.8044,0.0043
1926.333,1.8066,0.0043
1926.776,1.7940,0.0043
1927.220,1.7819,0.0043
1927.664,1.7744,0.0043
1928.108,1.7633,0.0042
1928.552,1.7581,0.0042
1928.996,1.7529,0.0043
1929.440,1.7528,0.0043
1929.884,1.7454,0.0043
1930.329,1.7360,0.0043
1930.773,1.7358,0.0043
1931.218,1.7265,0.0042
1931.663,1.7178,0.0042
1932.108,1.7050,0.0042
1932.552,1.7052,0.0042
1932.997,1.7012,0.0042
1933.443,1.6926,0.0042
1933.888,1.6843,0.0042
1934.333,1.6838,0.0042
1934.779,1.6792,0.0042
1935.224,1.6735,0.0042
1935.670,1.6743,0.0042
1936.116,1.6596,0.0042
1936.562,1.6590,0.0042
1937.007,1.6507,0.0042
1937.453,1.6462,0.0042
1937.900,1.6374,0.0041
1938.346,1.6310,0.0041
1938.792,1.6315,0.0041
1939.239,1.6368,0.0041
1939.686,1.6246,0.0042
1940.132,1.6207,0.0042
1940.579,1.6200,0.0041
1941.026,1.6110,0.0041
1941.473,1.6068,0.0041
1941.920,1.6020,0.0041
1942.367,1.6034,0.0041
1942.814,1.6070,0.0041
1943.262,1.5912,0.0041
1943.709,1.5836,0.0041
1944.157,1.5824,0.0041
1944.604,1.5813,0.0041
1945.052,1.5769,0.0041
1945.500,1.5708,0.0041
1945.948,1.5711,0.0041
1946.396,1.5677,0.0041
1946.844,1.5557,0.0041
1947.293,1.5606,0.0041
1947.741,1.5598,0.0040
1948.190,1.5571,0.0041
1948.638,1.5556,0.0041
1949.087,1.5475,0.0041
1949.536,1.5511,0.0040
1949.985,1.5439,0.0040
1950.434,1.5430,0.0040
1950.883,1.5414,0.0040
1951.333,1.5365,0.0040
1951.782,1.5373,0.0040
1952.231,1.5332,0.0040
1952.681,1.5313,0.0040
1953.130,1.5336,0.0040
1953.580,1.5283,0.0040
1954.030,1.5244,0.0040
1954.480,1.5232,0.0040
1954.930,1.5184,0.0040
1955.381,1.5137,0.0040
1955.831,1.5166,0.0040
1956.281,1.5080,0.0040
1956.732,1.5048,0.0040
1957.182,1.5023,0.0040
1957.633,1.5039,0.0040
1958.084,1.4995,0.0040
1958.535,1.5020,0.0040
1958.986,1.4986,0.0040
1959.437,1.4945,0.0040
1959.888,1.4903,0.0040
1960.339,1.4927,0.0040
1960.791,1.4851,0.0040
1961.242,1.4773,0.0040
1961.694,1.4758,0.0040
1962.146,1.4743,0.0040
1962.598,1.4803,0.0040
1963.050,1.4767,0.0040
1963.502,1.4714,0.0040
1963.954,1.4632,0.0039
1964.406,1.4673,0.0039
1964.859,1.4691,0.0039
1965.311,1.4634,0.0039
1965.764,1.4618,0.0039
1966.216,1.4656,0.0039
1966.669,1.4572,0.0039
1967.122,1.4585,0.0039
1967.575,1.4522,0.0039
1968.028,1.4540,0.0039
1968.481,1.4523,0.0039
1968.935,1.4487,0.0039
1969.388,1.4405,0.0039
1969.842,1.4411,0.0039
1970.295,1.4436,0.0039
1970.749,1.4419,0.0039
1971.203,1.4344,0.0039
1971.657,1.4398,0.0039
1972.111,1.4371,0.0039
1972.565,1.4332,0.0039
1973.019,1.4348,0.0039
1973.474,1.4380,0.0039
1973.928,1.4348,0.0039
1974.383,1.4334,0.0039
1974.837,1.4360,0.0039
1975.292,1.4282,0.0039
1975.747,1.4276,0.0039
1976.202,1.4266,0.0039
1976.657,1.4253,0.0039
1977.112,1.4236,0.0039
1977.568,1.4227,0.0039
1978.023,1.4178,0.0038
1978.478,1.4217,0.0038
1978.934,1.4247,0.0039
1979.390,1.4196,0.0039
1979.845,1.4193,0.0039
1980.302,1.4153,0.0039
1980.757,1.4219,0.0039
1981.214,1.4240,0.0039
1981.670,1.4237,0.0039
1982.126,1.4200,0.0039
1982.583,1.4118,0.0039
1983.039,1.4204,0.0039
1983.496,1.4243,0.0039
1983.952,1.4159,0.0038
1984.410,1.4105,0.0038
1984.866,1.4076,0.0039
1985.323,1.4158,0.0039
1985.781,1.4204,0.0038
1986.238,1.4115,0.0038
1986.695,1.4173,0.0038
1987.153,1.4133,0.0038
1987.610,1.4099,0.0038
1988.068,1.4206,0.0038
1988.526,1.4136,0.0038
1988.984,1.4156,0.0038
1989.442,1.4095,0.0038
1989.900,1.4105,0.0038
1990.358,1.4167,0.0038
1990.817,1.4100,0.0038
1991.275,1.4166,0.0038
1991.734,1.4146,0.0038
1992.192,1.4108,0.0038
1992.651,1.4081,0.0038
1993.110,1.4145,0.0038
1993.569,1.4049,0.0038
1994.028,1.4119,0.0038
1994.488,1.4101,0.0038
1994.947,1.4149,0.0038
1995.406,1.4110,0.0038
1995.866,1.4062,0.0038
1996.325,1.4137,0.0038
1996.785,1.4097,0.0038
1997.245,1.4094,0.0038
1997.705,1.4084,0.0038
1998.165,1.4093,0.0038
1998.625,1.4078,0.0038
1999.085,1.4057,0.0038
1999.546,1.4057,0.0038
2000.006,1.4056,0.0038
2000.467,1.4083,0.0038
2000.927,1.4105,0.0038
2001.388,1.4050,0.0038
2001.849,1.4103,0.0038
2002.310,1.4025,0.0038
2002.771,1.4047,0.0038
2003.232,1.4077,0.0038
2003.693,1.4076,0.0038
2004.155,1.4019,0.0038
2004.616,1.4017,0.0038
2005.078,1.3923,0.0038
2005.540,1.3970,0.0038
2006.002,1.3940,0.0038
2006.464,1.3937,0.0038
2006.926,1.3987,0.0038
2007.388,1.3932,0.0038
2007.850,1.3938,0.0038
2008.312,1.3970,0.0038
2008.775,1.3917,0.0038
2009.238,1.3898,0.0038
2009.700,1.3966,0.0038
2010.163,1.3923,0.0038
2010.626,1.3890,0.0038
2011.089,1.3879,0.0038
2011.552,1.3930,0.0038
2012.015,1.3895,0.0038
2012.479,1.3789,0.0038
2012.942,1.3818,0.0038
2013.406,1.3839,0.0038
2013.869,1.3864,0.0038
2014.333,1.3841,0.0038
2014.797,1.3808,0.0037
2015.261,1.3828,0.0037
2015.725,1.3825,0.0037
2016.189,1.3804,0.0037
2016.653,1.3748,0.0037
2017.118,1.3802,0.0037
2017.582,1.3777,0.0037
2018.047,1.3714,0.0037
2018.512,1.3693,0.0037
2018.977,1.3769,0.0037
2019.442,1.3742,0.0037
2019.907,1.3743,0.0037
2020.372,1.3743,0.0037
2020.837,1.3675,0.0037
2021.302,1.3711,0.0037
2021.768,1.3720,0.0037
2022.233,1.3734,0.0037
2022.699,1.3740,0.0037
2023.165,1.3733,0.0037
2023.631,1.3622,0.0037
2024.097,1.3725,0.0037
2024.563,1.3679,0.0037
2025.029,1.3700,0.0037
2025.496,1.3760,0.0037
2025.962,1.3680,0.0037
2026.429,1.3665,0.0037
2026.895,1.3653,0.0037
2027.362,1.3719,0.0037
2027.829,1.3663,0.0037
2028.296,1.3695,0.0037
2028.763,1.3711,0.0037
2029.230,1.3592,0.0037
2029.697,1.3588,0.0037
2030.165,1.3606,0.0037
2030.632,1.3571,0.0037
2031.100,1.3633,0.0037
2031.568,1.3656,0.0037
2032.036,1.3547,0.0037
2032.504,1.3541,0.0037
2032.971,1.3546,0.0037
2033.440,1.3529,0.0037
2033.908,1.3622,0.0037
2034.376,1.3613,0.0037
2034.845,1.3609,0.0037
2035.313,1.3604,0.0036
2035.782,1.3527,0.0037
2036.251,1.3546,0.0037
2036.720,1.3601,0.0037
2037.189,1.3534,0.0037
2037.658,1.3521,0.0037
2038.127,1.3512,0.0037
2038.597,1.3476,0.0037
2039.066,1.3556,0.0037
2039.536,1.3623,0.0036
2040.005,1.3595,0.0037
2040.475,1.3584,0.0037
2040.945,1.3549,0.0037
2041.415,1.3530,0.0036
2041.885,1.3517,0.0036
2042.355,1.3556,0.0036
2042.826,1.3544,0.0036
2043.296,1.3545,0.0036
2043.767,1.3536,0.0036
2044.237,1.3499,0.0036
2044.708,1.3519,0.0036
2045.179,1.3542,0.0036
2045.650,1.3570,0.0037
2046.121,1.3566,0.0036
2046.592,1.3579,0.0036
2047.063,1.3545,0.0036
2047.535,1.3578,0.0037
2048.006,1.3584,0.0036
2048.478,1.3496,0.0036
2048.949,1.3542,0.0036
2049.422,1.3513,0.0036
2049.894,1.3558,0.0036
2050.365,1.3541,0.0036
2050.838,1.3536,0.0036
2051.310,1.3598,0.0036
2051.782,1.3554,0.0036
2052.255,1.3566,0.0036
2052.727,1.3633,0.0036
2053.200,1.3603,0.0036
2053.673,1.3600,0.0036
2054.146,1.3653,0.0036
2054.619,1.3710,0.0036
2055.092,1.3617,0.0036
2055.565,1.3585,0.0036
2056.039,1.3699,0.0036
2056.512,1.3711,0.0036
2056.986,1.3653,0.0036
2057.459,1.3671,0.0036
2057.933,1.3715,0.0036
2058.407,1.3724,0.0036
2058.881,1.3744,0.0036
2059.355,1.3829,0.0037
2059.830,1.3752,0.0037
2060.304,1.3739,0.0036
2060.779,1.3791,0.0036
2061.253,1.3853,0.0036
2061.728,1.3795,0.0036
2062.203,1.3803,0.0037
2062.677,1.3823,0.0037
2063.152,1.3822,0.0037
2063.627,1.3761,0.0036
2064.103,1.3837,0.0036
2064.578,1.3842,0.0036
2065.053,1.3893,0.0036
2065.529,1.3886,0.0036
2066.005,1.3857,0.0037
2066.480,1.3892,0.0037
2066.956,1.3903,0.0036
2067.432,1.3908,0.0036
2067.908,1.3879,0.0036
2068.385,1.3868,0.0036
2068.861,1.3883,0.0036
2069.337,1.3853,0.0036
2069.814,1.3849,0.0036
2070.291,1.3949,0.0036
2070.767,1.3832,0.0036
2071.244,1.3805,0.0036
2071.721,1.3817,0.0036
2072.198,1.3860,0.0036
2072.676,1.3886,0.0036
2073.153,1.3867,0.0036
2073.630,1.3831,0.0036
2074.108,1.3784,0.0036
2074.585,1.3825,0.0036
2075.063,1.3802,0.0036
2075.541,1.3720,0.0036
2076.019,1.3788,0.0036
2076.497,1.3795,0.0036
2076.975,1.3780,0.0036
2077.453,1.3799,0.0036
2077.932,1.3807,0.0036
2078.410,1.3835,0.0036
2078.889,1.3763,0.0036
2079.368,1.3813,0.0036
2079.847,1.3738,0.0036
2080.325,1.3718,0.0036
2080.804,1.3718,0.0036
2081.284,1.3687,0.0036
2081.763,1.3728,0.0036
2082.242,1.3696,0.0036
2082.722,1.3675,0.0036
2083.202,1.3675,0.0036
2083.681,1.3676,0.0036
2084.161,1.3737,0.0036
2084.641,1.3636,0.0036
2085.121,1.3654,0.0036
2085.602,1.3572,0.0036
2086.082,1.3594,0.0036
2086.562,1.3650,0.0036
2087.042,1.3617,0.0036
2087.523,1.3598,0.0036
2088.004,1.3578,0.0036
2088.485,1.3580,0.0036
2088.966,1.3556,0.0036
2089.447,1.3549,0.0036
2089.928,1.3557,0.0036
2090.409,1.3518,0.0036
2090.891,1.3527,0.0036
2091.372,1.3457,0.0036
2091.854,1.3456,0.0036
2092.335,1.3492,0.0036
2092.817,1.3423,0.0036
2093.299,1.3429,0.0036
2093.781,1.3372,0.0035
2094.263,1.3403,0.0035
2094.746,1.3423,0.0035
2095.228,1.3362,0.0035
2095.710,1.3416,0.0035
2096.193,1.3367,0.0035
2096.676,1.3345,0.0035
2097.159,1.3320,0.0035
2097.642,1.3270,0.0035
2098.125,1.3336,0.0035
2098.608,1.3329,0.0035
2099.091,1.3268,0.0035
2099.574,1.3231,0.0035
2100.058,1.3247,0.0035
2100.542,1.3284,0.0035
2101.025,1.3229,0.0035
2101.509,1.3235,0.0035
2101.993,1.3206,0.0035
2102.477,1.3168,0.0035
2102.961,1.3145,0.0035
2103.446,1.3121,0.0035
2103.930,1.3156,0.0035
2104.415,1.3211,0.0035
2104.899,1.3142,0.0035
2105.384,1.3103,0.0035
2105.869,1.3042,0.0035
2106.354,1.3126,0.0035
2106.839,1.3114,0.0035
2107.324,1.3043,0.0035
2107.809,1.3110,0.0035
2108.294,1.3059,0.0035
2108.780,1.3048,0.0035
2109.266,1.3009,0.0035
2109.751,1.2990,0.0035
2110.237,1.3044,0.0035
2110.723,1.2992,0.0035
2111.209,1.2948,0.0035
2111.696,1.2929,0.0035
2112.182,1.2960,0.0035
2112.668,1.3005,0.0035
2113.155,1.2925,0.0035
2113.641,1.2924,0.0035
2114.128,1.2955,0.0035
2114.615,1.2863,0.0035
2115.102,1.2836,0.0035
2115.589,1.2837,0.0035
2116.076,1.2826,0.0035
2116.563,1.2816,0.0035
2117.051,1.2808,0.0035
2117.539,1.2836,0.0035
2118.026,1.2794,0.0035
2118.514,1.2773,0.0035
2119.002,1.2780,0.0035
2119.490,1.2751,0.0034
2119.978,1.2672,0.0035
2120.466,1.2642,0.0035
2120.954,1.2716,0.0035
2121.443,1.2706,0.0035
2121.931,1.2600,0.0034
2122.420,1.2612,0.0034
2122.908,1.2629,0.0034
2123.397,1.2596,0.0034
2123.886,1.2645,0.0034
2124.375,1.2660,0.0034
2124.865,1.2565,0.0034
2125.354,1.2536,0.0034
2125.844,1.2545,0.0034
2126.333,1.2584,0.0034
2126.823,1.2564,0.0034
2127.312,1.2516,0.0034
2127.802,1.2514,0.0034
2128.292,1.2475,0.0034
2128.782,1.2468,0.0034
2129.273,1.2512,0.0034
2129.763,1.2486,0.0034
2130.253,1.2548,0.0034
2130.744,1.2529,0.0034
2131.235,1.2424,0.0034
2131.726,1.2420,0.0034
2132.217,1.2422,0.0034
2132.708,1.2447,0.0034
2133.198,1.2451,0.0034
2133.690,1.2429,0.0034
2134.181,1.2410,0.0034
2134.673,1.2393,0.0034
2135.164,1.2428,0.0034
2135.656,1.2444,0.0034
2136.148,1.2376,0.0034
2136.640,1.2391,0.0034
2137.132,1.2426,0.0034
2137.624,1.2377,0.0034
2138.116,1.2329,0.0034
2138.609,1.2298,0.0034
2139.101,1.2352,0.0034
2139.594,1.2399,0.0034
2140.086,1.2412,0.0034
2140.579,1.2359,0.0034
2141.072,1.2344,0.0034
2141.565,1.2342,0.0034
2142.058,1.2341,0.0034
2142.552,1.2352,0.0033
2143.045,1.2302,0.0034
2143.539,1.2321,0.0034
2144.032,1.2306,0.0033
2144.526,1.2253,0.0033
2145.020,1.2320,0.0033
2145.514,1.2329,0.0033
2146.008,1.2257,0.0034
2146.502,1.2245,0.0033
2146.996,1.2230,0.0033
2147.491,1.2208,0.0033
2147.985,1.2297,0.0033
2148.480,1.2202,0.0033
2148.975,1.2200,0.0033
2149.469,1.2217,0.0033
2149.964,1.2122,0.0033
2150.459,1.2178,0.0033
2150.955,1.2182,0.0033
2151.450,1.2165,0.0033
2151.946,1.2138,0.0033
2152.441,1.2128,0.0033
2152.937,1.2107,0.0033
2153.433,1.2119,0.0033
2153.928,1.2074,0.0033
2154.425,1.2114,0.0033
2154.921,1.2087,0.0033
2155.417,1.2051,0.0033
2155.913,1.2036,0.0033
2156.410,1.2047,0.0033
2156.906,1.2040,0.0033
2157.403,1.2028,0.0033
2157.900,1.2042,0.0033
2158.397,1.2055,0.0033
2158.894,1.2060,0.0033
2159.391,1.2074,0.0033
2159.888,1.2005,0.0033
2160.386,1.2049,0.0033
2160.883,1.2001,0.0033
2161.381,1.2061,0.0033
2161.879,1.2052,0.0033
2162.376,1.2046,0.0033
2162.874,1.2048,0.0033
2163.372,1.1982,0.0033
2163.871,1.2046,0.0033
2164.369,1.2052,0.0033
2164.867,1.1994,0.0033
2165.366,1.2028,0.0033
2165.865,1.2067,0.0033
2166.363,1.2092,0.0033
2166.862,1.2070,0.0033
2167.361,1.2054,0.0033
2167.860,1.2019,0.0033
2168.359,1.2053,0.0033
2168.859,1.1998,0.0033
2169.358,1.1984,0.0033
2169.858,1.2028,0.0033
2170.357,1.1985,0.0032
2170.857,1.1963,0.0032
2171.357,1.2011,0.0032
2171.857,1.2019,0.0032
2172.357,1.1977,0.0032
2172.858,1.2014,0.0032
2173.358,1.1981,0.0032
2173.859,1.2010,0.0032
2174.359,1.2019,0.0033
2174.860,1.1923,0.0032
2175.361,1.1873,0.0032
2175.862,1.1938,0.0032
2176.363,1.1926,0.0032
2176.864,1.1899,0.0032
2177.365,1.1867,0.0032
2177.867,1.1949,0.0032
2178.368,1.1890,0.0032
2178.870,1.1885,0.0032
2179.372,1.1920,0.0032
2179.874,1.1891,0.0032
2180.375,1.1939,0.0032
2180.877,1.1885,0.0032
2181.380,1.1882,0.0032
2181.882,1.1854,0.0032
2182.385,1.1864,0.0032
2182.887,1.1845,0.0032
2183.390,1.1847,0.0032
2183.893,1.1800,0.0032
2184.396,1.1823,0.0032
2184.899,1.1828,0.0032
2185.402,1.1829,0.0032
2185.905,1.1870,0.0032
2186.408,1.1810,0.0032
2186.912,1.1762,0.0032
2187.416,1.1747,0.0032
2187.919,1.1759,0.0032
2188.423,1.1794,0.0032
2188.927,1.1749,0.0032
2189.431,1.1692,0.0032
2189.935,1.1759,0.0032
2190.440,1.1747,0.0032
2190.944,1.1680,0.0032
2191.448,1.1720,0.0032
2191.953,1.1730,0.0032
2192.458,1.1668,0.0032
2192.963,1.1642,0.0032
2193.468,1.1734,0.0032
2193.973,1.1679,0.0032
2194.478,1.1642,0.0032
2194.984,1.1610,0.0032
2195.489,1.1590,0.0032
2195.995,1.1627,0.0032
2196.500,1.1571,0.0032
2197.006,1.1577,0.0032
2197.512,1.1609,0.0032
2198.018,1.1604,0.0032
2198.524,1.1574,0.0032
2199.031,1.1552,0.0032
2199.537,1.1578,0.0032
2200.044,1.1583,0.0032
2200.550,1.1537,0.0032
2201.057,1.1543,0.0032
2201.564,1.1595,0.0031
2202.071,1.1517,0.0031
2202.578,1.1544,0.0031
2203.085,1.1546,0.0031
2203.593,1.1540,0.0031
2204.100,1.1510,0.0031
2204.607,1.1531,0.0031
2205.115,1.1465,0.0031
2205.623,1.1503,0.0031
2206.131,1.1563,0.0032
2206.639,1.1497,0.0031
2207.147,1.1506,0.0031
2207.655,1.1493,0.0031
2208.164,1.1518,0.0031
2208.672,1.1525,0.0031
2209.181,1.1473,0.0031
2209.690,1.1529,0.0031
2210.198,1.1544,0.0032
2210.708,1.1534,0.0031
2211.217,1.1544,0.0031
2211.726,1.1561,0.0031
2212.235,1.1548,0.0031
2212.745,1.1529,0.0031
2213.254,1.1528,0.0031
2213.764,1.1528,0.0031
2214.273,1.1600,0.0031
2214.784,1.1539,0.0031
2215.294,1.1541,0.0031
2215.804,1.1592,0.0031
2216.314,1.1533,0.0031
2216.824,1.1520,0.0031
2217.335,1.1575,0.0031
2217.845,1.1562,0.0031
2218.356,1.1554,0.0031
2218.867,1.1574,0.0031
2219.378,1.1525,0.0031
2219.889,1.1589,0.0031
2220.400,1.1556,0.0031
2220.912,1.1526,0.0031
2221.423,1.1534,0.0031
2221.935,1.1566,0.0031
2222.447,1.1618,0.0031
2222.958,1.1583,0.0031
2223.470,1.1594,0.0031
2223.982,1.1533,0.0031
2224.494,1.1458,0.0031
2225.007,1.1515,0.0031
2225.519,1.1549,0.0031
2226.031,1.1543,0.0031
2226.544,1.1470,0.0031
2227.057,1.1495,0.0031
2227.570,1.1497,0.0031
2228.083,1.1465,0.0031
2228.596,1.1467,0.0031
2229.109,1.1429,0.0031
2229.622,1.1437,0.0031
2230.136,1.1465,0.0031
2230.649,1.1520,0.0031
2231.163,1.1454,0.0031
2231.677,1.1395,0.0031
2232.191,1.1366,0.0031
2232.705,1.1388,0.0031
2233.219,1.1387,0.0031
2233.733,1.1337,0.0031
2234.248,1.1390,0.0031
2234.762,1.1380,0.0031
2235.277,1.1373,0.0031
2235.792,1.1390,0.0031
2236.306,1.1376,0.0031
2236.821,1.1335,0.0031
2237.336,1.1291,0.0031
2237.852,1.1234,0.0031
2238.367,1.1293,0.0031
2238.882,1.1326,0.0031
2239.398,1.1305,0.0031
2239.914,1.1302,0.0031
2240.429,1.1320,0.0031
2240.945,1.1329,0.0031
2241.461,1.1335,0.0031
2241.978,1.1323,0.0031
2242.494,1.1271,0.0031
2243.010,1.1260,0.0031
2243.527,1.1308,0.0030
2244.043,1.1316,0.0030
2244.560,1.1259,0.0031
2245.077,1.1325,0.0030
2245.594,1.1330,0.0031
2246.111,1.1278,0.0031
2246.629,1.1224,0.0031
2247.146,1.1217,0.0030
2247.663,1.1311,0.0031
2248.181,1.1282,0.0031
2248.699,1.1235,0.0030
2249.217,1.1283,0.0031
2249.735,1.1238,0.0030
2250.253,1.1234,0.0030
2250.771,1.1288,0.0030
2251.289,1.1277,0.0030
2251.808,1.1354,0.0030
2252.326,1.1286,0.0030
2252.845,1.1267,0.0030
2253.364,1.1301,0.0030
2253.883,1.1296,0.0030
2254.402,1.1288,0.0030
2254.921,1.1274,0.0030
2255.440,1.1280,0.0030
2255.959,1.1283,0.0030
2256.479,1.1286,0.0030
2256.999,1.1319,0.0030
2257.518,1.1340,0.0030
2258.038,1.1331,0.0030
2258.558,1.1262,0.0030
2259.078,1.1266,0.0030
2259.599,1.1346,0.0031
2260.119,1.1319,0.0030
2260.639,1.1348,0.0030
2261.160,1.1374,0.0030
2261.681,1.1339,0.0030
2262.201,1.1384,0.0030
2262.722,1.1418,0.0030
2263.243,1.1405,0.0030
2263.765,1.1326,0.0030
2264.286,1.1298,0.0030
2264.807,1.1333,0.0030
2265.329,1.1383,0.0030
2265.851,1.1339,0.0030
2266.373,1.1391,0.0030
2266.895,1.1343,0.0030
2267.417,1.1350,0.0030
2267.939,1.1356,0.0030
2268.461,1.1349,0.0030
2268.983,1.1361,0.0030
2269.506,1.1361,0.0030
2270.028,1.1357,0.0030
2270.551,1.1384,0.0030
2271.074,1.1367,0.0030
2271.597,1.1413,0.0030
2272.120,1.1363,0.0030
2272.643,1.1337,0.0030
2273.167,1.1377,0.0030
2273.690,1.1374,0.0030
2274.214,1.1367,0.0030
2274.738,1.1356,0.0030
2275.261,1.1352,0.0030
2275.785,1.1367,0.0030
2276.309,1.1404,0.0030
2276.833,1.1407,0.0030
2277.358,1.1426,0.0030
2277.882,1.1477,0.0030
2278.407,1.1451,0.0030
2278.931,1.1476,0.0030
2279.456,1.1455,0.0030
2279.981,1.1430,0.0030
2280.506,1.1415,0.0030
2281.031,1.1438,0.0030
2281.557,1.1459,0.0030
2282.082,1.1449,0.0030
2282.608,1.1457,0.0030
2283.133,1.1472,0.0030
2283.659,1.1513,0.0030
2284.185,1.1473,0.0030
2284.711,1.1464,0.0030
2285.237,1.1515,0.0030
2285.763,1.1492,0.0030
2286.290,1.1463,0.0030
2286.816,1.1498,0.0030
2287.343,1.1508,0.0030
2287.870,1.1467,0.0030
2288.396,1.1517,0.0030
2288.924,1.1529,0.0030
2289.451,1.1495,0.0030
2289.978,1.1522,0.0030
2290.505,1.1602,0.0030
2291.033,1.1554,0.0030
2291.560,1.1525,0.0030
2292.088,1.1566,0.0030
2292.616,1.1589,0.0030
2293.144,1.1597,0.0030
2293.672,1.1647,0.0030
2294.200,1.1601,0.0030
2294.728,1.1608,0.0030
2295.257,1.1676,0.0030
2295.785,1.1630,0.0030
2296.314,1.1639,0.0030
2296.843,1.1630,0.0030
2297.372,1.1688,0.0030
2297.901,1.1683,0.0030
2298.430,1.1680,0.0030
2298.959,1.1703,0.0030
2299.489,1.1643,0.0030
2300.018,1.1691,0.0030
2300.548,1.1685,0.0030
2301.078,1.1676,0.0030
2301.608,1.1627,0.0030
2302.137,1.1659,0.0030
2302.668,1.1733,0.0030
2303.198,1.1685,0.0030
2303.729,1.1654,0.0030
2304.259,1.1696,0.0030
2304.790,1.1718,0.0030
2305.320,1.1684,0.0030
2305.851,1.1741,0.0030
2306.382,1.1753,0.0030
2306.913,1.1752,0.0030
2307.445,1.1742,0.0030
2307.976,1.1728,0.0030
2308.508,1.1736,0.0030
2309.039,1.1765,0.0030
2309.571,1.1688,0.0030
2310.103,1.1765,0.0030
2310.635,1.1769,0.0030
2311.167,1.1688,0.0030
2311.699,1.1698,0.0030
2312.231,1.1696,0.0030
2312.764,1.1759,0.0030
2313.296,1.1778,0.0030
2313.829,1.1769,0.0030
2314.362,1.1779,0.0030
2314.895,1.1782,0.0030
2315.428,1.1782,0.0030
2315.961,1.1789,0.0030
2316.495,1.1782,0.0030
2317.028,1.1810,0.0030
2317.562,1.1847,0.0030
2318.095,1.1818,0.0029
2318.629,1.1813,0.0030
2319.163,1.1834,0.0030
2319.697,1.1815,0.0029
2320.231,1.1814,0.0029
2320.766,1.1925,0.0029
2321.300,1.1878,0.0029
2321.834,1.1835,0.0030
2322.369,1.1882,0.0030
2322.904,1.1889,0.0030
2323.439,1.1915,0.0030
2323.974,1.1912,0.0030
2324.509,1.1914,0.0030
2325.044,1.1919,0.0030
2325.580,1.1927,0.0030
2326.115,1.1903,0.0030
2326.651,1.1944,0.0030
2327.187,1.1973,0.0030
2327.723,1.1954,0.0030
2328.259,1.1935,0.0029
2328.795,1.1871,0.0030
2329.331,1.1920,0.0030
2329.868,1.1970,0.0030
2330.405,1.1943,0.0030
2330.941,1.1943,0.0030
2331.478,1.1960,0.0030
2332.015,1.1950,0.0030
2332.552,1.1929,0.0029
2333.089,1.1912,0.0030
2333.626,1.1848,0.0030
2334.164,1.1826,0.0030
2334.701,1.1883,0.0030
2335.239,1.1842,0.0030
2335.776,1.1819,0.0030
2336.314,1.1835,0.0029
2336.853,1.1813,0.0029
2337.391,1.1795,0.0029
2337.929,1.1780,0.0029
2338.467,1.1764,0.0030
2339.006,1.1787,0.0030
2339.544,1.1802,0.0030
2340.083,1.1729,0.0030
2340.622,1.1769,0.0030
2341.161,1.1761,0.0030
2341.700,1.1718,0.0030
2342.240,1.1693,0.0029
2342.779,1.1719,0.0030
2343.318,1.1734,0.0030
2343.858,1.1652,0.0030
2344.398,1.1658,0.0030
2344.938,1.1621,0.0030
2345.478,1.1602,0.0029
2346.018,1.1603,0.0029
2346.558,1.1615,0.0029
2347.098,1.1551,0.0029
2347.639,1.1547,0.0029
2348.179,1.1562,0.0029
2348.720,1.1564,0.0030
2349.261,1.1545,0.0029
2349.802,1.1594,0.0029
2350.343,1.1575,0.0029
2350.885,1.1524,0.0029
2351.426,1.1539,0.0029
2351.967,1.1495,0.0029
2352.509,1.1482,0.0029
2353.051,1.1481,0.0029
2353.593,1.1462,0.0029
2354.135,1.1442,0.0029
2354.677,1.1466,0.0029
2355.219,1.1463,0.0029
2355.761,1.1442,0.0029
2356.304,1.1443,0.0029
2356.846,1.1449,0.0029
2357.389,1.1468,0.0029
2357.932,1.1430,0.0029
2358.475,1.1431,0.0029
2359.018,1.1402,0.0029
2359.561,1.1394,0.0029
2360.105,1.1376,0.0029
2360.648,1.1376,0.0029
2361.192,1.1388,0.0029
2361.736,1.1367,0.0029
2362.280,1.1345,0.0029
2362.823,1.1332,0.0029
2363.368,1.1345,0.0029
2363.912,1.1353,0.0029
2364.456,1.1353,0.0029
2365.001,1.1380,0.0029
2365.545,1.1378,0.0029
2366.090,1.1302,0.0029
2366.635,1.1317,0.0029
2367.180,1.1313,0.0029
2367.725,1.1353,0.0029
2368.270,1.1293,0.0029
2368.816,1.1298,0.0029
2369.361,1.1287,0.0029
2369.907,1.1260,0.0029
2370.453,1.1263,0.0029
2370.999,1.1296,0.0029
2371.545,1.1247,0.0029
2372.091,1.1232,0.0029
2372.637,1.1254,0.0029
2373.183,1.1218,0.0029
2373.730,1.1235,0.0029
2374.276,1.1235,0.0029
2374.823,1.1253,0.0029
2375.370,1.1234,0.0029
2375.917,1.1265,0.0029
2376.464,1.1239,0.0029
2377.011,1.1263,0.0029
2377.559,1.1239,0.0029
2378.106,1.1244,0.0029
2378.654,1.1246,0.0029
2379.202,1.1274,0.0029
2379.750,1.1266,0.0029
2380.298,1.1266,0.0029
2380.846,1.1223,0.0029
2381.394,1.1230,0.0029
2381.943,1.1252,0.0029
2382.491,1.1238,0.0029
2383.040,1.1245,0.0029
2383.589,1.1284,0.0029
2384.137,1.1219,0.0029
2384.687,1.1206,0.0029
2385.236,1.1247,0.0029
2385.785,1.1237,0.0029
2386.334,1.1194,0.0029
2386.884,1.1203,0.0029
2387.434,1.1227,0.0029
2387.983,1.1262,0.0029
2388.533,1.1220,0.0029
2389.083,1.1270,0.0029
2389.634,1.1268,0.0029
2390.184,1.1227,0.0028
2390.734,1.1199,0.0029
2391.285,1.1210,0.0029
2391.835,1.1234,0.0029
2392.386,1.1247,0.0029
2392.937,1.1227,0.0029
2393.488,1.1191,0.0029
2394.039,1.1174,0.0029
2394.591,1.1209,0.0029
2395.142,1.1214,0.0029
2395.694,1.1128,0.0029
2396.245,1.1195,0.0029
2396.797,1.1232,0.0029
2397.349,1.1170,0.0029
2397.901,1.1263,0.0029
2398.453,1.1202,0.0029
2399.006,1.1213,0.0029
2399.558,1.1267,0.0029
2400.111,1.1227,0.0029
2400.664,1.1249,0.0029
2401.216,1.1208,0.0029
2401.769,1.1218,0.0029
2402.322,1.1297,0.0029
2402.875,1.1277,0.0029
2403.429,1.1229,0.0029
2403.982,1.1255,0.0029
2404.536,1.1256,0.0029
2405.090,1.1217,0.0029
2405.644,1.1253,0.0028
2406.198,1.1208,0.0028
2406.752,1.1229,0.0029
2407.306,1.1291,0.0029
2407.860,1.1229,0.0029
2408.415,1.1191,0.0029
2408.969,1.1268,0.0029
2409.524,1.1296,0.0029
2410.079,1.1261,0.0029
2410.634,1.1278,0.0029
2411.189,1.1288,0.0029
2411.744,1.1345,0.0029
2412.300,1.1351,0.0029
2412.855,1.1312,0.0029
2413.411,1.1334,0.0029
2413.967,1.1334,0.0029
2414.522,1.1336,0.0029
2415.079,1.1385,0.0029
2415.635,1.1385,0.0029
2416.191,1.1423,0.0029
2416.747,1.1446,0.0029
2417.304,1.1442,0.0029
2417.861,1.1455,0.0029
2418.417,1.1431,0.0029
2418.975,1.1496,0.0029
2419.531,1.1454,0.0029
2420.089,1.1495,0.0029
2420.646,1.1496,0.0029
2421.203,1.1513,0.0029
2421.761,1.1484,0.0029
2422.319,1.1490,0.0029
2422.876,1.1499,0.0029
2423.435,1.1531,0.0029
2423.992,1.1485,0.0029
2424.551,1.1521,0.0029
2425.109,1.1585,0.0029
2425.667,1.1533,0.0029
2426.226,1.1553,0.0029
2426.785,1.1495,0.0029
2427.344,1.1492,0.0029
2427.903,1.1494,0.0029
2428.462,1.1535,0.0029
2429.021,1.1506,0.0029
2429.581,1.1485,0.0029
2430.140,1.1482,0.0029
2430.700,1.1510,0.0028
2431.259,1.1476,0.0029
2431.819,1.1491,0.0029
2432.379,1.1465,0.0029
2432.939,1.1461,0.0029
2433.500,1.1494,0.0029
2434.060,1.1435,0.0029
2434.621,1.1399,0.0029
2435.181,1.1395,0.0029
2435.742,1.1384,0.0029
2436.303,1.1427,0.0029
2436.864,1.1385,0.0029
2437.425,1.1344,0.0029
2437.987,1.1348,0.0029
2438.548,1.1328,0.0029
2439.109,1.1323,0.0029
2439.671,1.1366,0.0029
2440.233,1.1320,0.0029
2440.795,1.1359,0.0029
2441.357,1.1327,0.0029
2441.919,1.1298,0.0029
2442.481,1.1288,0.0029
2443.044,1.1310,0.0029
2443.607,1.1313,0.0029
2444.169,1.1278,0.0028
2444.732,1.1276,0.0029
2445.295,1.1303,0.0029
2445.858,1.1251,0.0029
2446.422,1.1252,0.0029
2446.985,1.1259,0.0029
2447.548,1.1253,0.0029
2448.112,1.1279,0.0029
2448.676,1.1241,0.0029
2449.240,1.1252,0.0029
2449.804,1.1215,0.0029
2450.368,1.1180,0.0028
2450.932,1.1179,0.0028
2451.497,1.1203,0.0029
2452.061,1.1160,0.0029
2452.626,1.1119,0.0029
2453.191,1.1167,0.0028
2453.755,1.1108,0.0028
2454.321,1.1086,0.0028
2454.886,1.1149,0.0029
2455.451,1.1103,0.0028
2456.017,1.1129,0.0028
2456.582,1.1041,0.0028
2457.148,1.1036,0.0028
2457.714,1.1097,0.0028
2458.280,1.1073,0.0028
2458.846,1.1057,0.0028
2459.412,1.1055,0.0028
2459.978,1.1103,0.0028
2460.545,1.1155,0.0028
2461.111,1.1099,0.0029
2461.678,1.1080,0.0029
2462.245,1.1097,0.0029
2462.812,1.1104,0.0029
2463.379,1.1081,0.0028
2463.947,1.1053,0.0028
2464.514,1.1030,0.0028
2465.082,1.1085,0.0028
2465.649,1.1117,0.0029
2466.217,1.1060,0.0029
2466.785,1.1072,0.0029
2467.353,1.1157,0.0029
2467.921,1.1153,0.0029
2468.490,1.1131,0.0028
2469.058,1.1123,0.0028
2469.626,1.1144,0.0028
2470.195,1.1093,0.0029
2470.764,1.1100,0.0029
2471.333,1.1130,0.0029
2471.902,1.1088,0.0028
2472.471,1.1082,0.0028
2473.041,1.1097,0.0029
2473.610,1.1138,0.0028
2474.180,1.1105,0.0028
2474.750,1.1072,0.0028
2475.320,1.1093,0.0028
2475.890,1.1059,0.0028
2476.460,1.1051,0.0028
2477.030,1.1013,0.0028
2477.601,1.1012,0.0028
2478.171,1.1067,0.0028
2478.742,1.1078,0.0028
2479.313,1.1034,0.0028
2479.884,1.1020,0.0028
2480.455,1.1007,0.0028
2481.026,1.0990,0.0028
2481.597,1.0986,0.0029
2482.169,1.0994,0.0029
2482.740,1.1076,0.0029
2483.312,1.1087,0.0029
2483.884,1.0991,0.0028
2484.456,1.0984,0.0028
2485.028,1.0966,0.0028
2485.600,1.0995,0.0028
2486.173,1.1001,0.0028
2486.745,1.1020,0.0028
2487.318,1.1040,0.0028
2487.891,1.1012,0.0028
2488.463,1.0972,0.0028
2489.037,1.0961,0.0028
2489.610,1.0972,0.0028
2490.183,1.0962,0.0028
2490.757,1.0968,0.0028
2491.330,1.0939,0.0028
2491.904,1.0962,0.0028
2492.478,1.0923,0.0028
2493.052,1.0901,0.0028
2493.626,1.0953,0.0028
2494.200,1.0939,0.0028
2494.774,1.0953,0.0028
2495.349,1.0995,0.0028
2495.924,1.0921,0.0028
2496.499,1.0921,0.0028
2497.073,1.0938,0.0028
2497.648,1.0903,0.0028
2498.224,1.0932,0.0028
2498.799,1.0975,0.0028
2499.374,1.0905,0.0028
2499.950,1.0843,0.0028
2500.526,1.0942,0.0028
2501.101,1.0912,0.0028
2501.677,1.0884,0.0028
2502.253,1.0898,0.0028
2502.830,1.0849,0.0028
2503.406,1.0846,0.0028
2503.982,1.0860,0.0028
2504.559,1.0883,0.0028
2505.136,1.0851,0.0028
2505.713,1.0830,0.0028
2506.290,1.0870,0.0028
2506.867,1.0858,0.0028
2507.444,1.0874,0.0028
2508.022,1.0834,0.0028
2508.599,1.0842,0.0028
2509.177,1.0840,0.0028
2509.755,1.0868,0.0028
2510.333,1.0875,0.0028
2510.911,1.0817,0.0028
2511.489,1.0775,0.0028
2512.067,1.0775,0.0028
2512.646,1.0828,0.0028
2513.224,1.0822,0.0028
2513.803,1.0816,0.0028
2514.382,1.0776,0.0028
2514.961,1.0800,0.0028
2515.540,1.0777,0.0028
2516.120,1.0722,0.0028
2516.699,1.0804,0.0028
2517.279,1.0789,0.0028
2517.858,1.0740,0.0028
2518.438,1.0732,0.0028
2519.018,1.0757,0.0028
2519.598,1.0770,0.0028
2520.178,1.0737,0.0028
2520.759,1.0754,0.0028
2521.339,1.0747,0.0028
2521.920,1.0656,0.0028
2522.501,1.0759,0.0029
2523.082,1.0737,0.0029
2523.663,1.0710,0.0028
2524.244,1.0713,0.0028
2524.825,1.0675,0.0028
2525.406,1.0700,0.0028
2525.988,1.0704,0.0028
2526.570,1.0670,0.0028
2527.152,1.0699,0.0028
2527.733,1.0671,0.0028
2528.316,1.0685,0.0028
2528.898,1.0664,0.0028
2529.480,1.0679,0.0028
2530.063,1.0710,0.0028
2530.646,1.0659,0.0028
2531.228,1.0635,0.0028
2531.811,1.0671,0.0028
2532.394,1.0713,0.0028
2532.977,1.0701,0.0028
2533.561,1.0676,0.0028
2534.144,1.0735,0.0028
2534.728,1.0730,0.0028
2535.311,1.0624,0.0029
2535.895,1.0604,0.0029
2536.479,1.0597,0.0028
2537.063,1.0656,0.0028
2537.647,1.0688,0.0028
2538.232,1.0633,0.0028
2538.816,1.0615,0.0028
2539.401,1.0634,0.0028
2539.986,1.0624,0.0028
2540.571,1.0601,0.0028
2541.156,1.0598,0.0028
2541.741,1.0651,0.0028
2542.326,1.0616,0.0028
2542.912,1.0587,0.0028
2543.498,1.0645,0.0028
2544.083,1.0585,0.0028
2544.669,1.0624,0.0028
2545.255,1.0571,0.0028
2545.841,1.0528,0.0028
2546.427,1.0566,0.0028
2547.014,1.0537,0.0028
2547.600,1.0530,0.0028
2548.187,1.0503,0.0028
2548.774,1.0547,0.0028
2549.361,1.0580,0.0028
2549.948,1.0510,0.0028
2550.535,1.0482,0.0028
2551.122,1.0454,0.0028
2551.710,1.0501,0.0028
2552.297,1.0507,0.0028
2552.885,1.0523,0.0028
2553.473,1.0462,0.0028
2554.061,1.0421,0.0028
2554.649,1.0377,0.0028
2555.238,1.0413,0.0028
2555.826,1.0421,0.0028
2556.415,1.0400,0.0028
2557.003,1.0365,0.0028
2557.592,1.0376,0.0028
2558.181,1.0385,0.0029
2558.770,1.0388,0.0028
2559.360,1.0422,0.0028
2559.949,1.0430,0.0028
2560.538,1.0364,0.0028
2561.128,1.0378,0.0028
2561.718,1.0366,0.0028
2562.308,1.0306,0.0028
2562.898,1.0274,0.0028
2563.488,1.0344,0.0028
2564.078,1.0373,0.0028
2564.669,1.0344,0.0028
2565.259,1.0323,0.0028
2565.850,1.0263,0.0028
2566.441,1.0326,0.0028
2567.032,1.0334,0.0028
2567.623,1.0255,0.0028
2568.214,1.0272,0.0028
2568.806,1.0287,0.0028
2569.397,1.0326,0.0028
2569.989,1.0266,0.0028
2570.581,1.0228,0.0028
2571.173,1.0227,0.0028
2571.765,1.0211,0.0028
2572.357,1.0238,0.0028
2572.950,1.0194,0.0028
2573.542,1.0179,0.0028
2574.135,1.0211,0.0028
2574.728,1.0194,0.0028
2575.321,1.0172,0.0028
2575.914,1.0157,0.0028
2576.507,1.0165,0.0028
2577.100,1.0198,0.0028
2577.694,1.0217,0.0028
2578.287,1.0226,0.0028
2578.881,1.0191,0.0028
2579.475,1.0179,0.0028
2580.069,1.0156,0.0028
2580.663,1.0164,0.0028
2581.257,1.0110,0.0028
2581.852,1.0096,0.0028
2582.446,1.0104,0.0028
2583.041,1.0122,0.0028
2583.636,1.0090,0.0028
2584.231,1.0091,0.0028
2584.826,1.0120,0.0028
2585.421,1.0121,0.0028
2586.017,1.0126,0.0028
2586.612,1.0125,0.0028
2587.208,1.0110,0.0028
2587.803,1.0072,0.0028
2588.399,1.0125,0.0028
2588.996,1.0083,0.0028
2589.592,1.0040,0.0028
2590.188,1.0088,0.0028
2590.784,1.0091,0.0028
2591.381,1.0060,0.0028
2591.978,1.0010,0.0028
2592.575,1.0078,0.0028
2593.172,1.0105,0.0028
2593.769,1.0074,0.0028
2594.366,1.0012,0.0028
2594.964,0.9971,0.0029
2595.561,0.9993,0.0028
2596.159,1.0083,0.0028
2596.757,0.9989,0.0028
2597.355,0.9955,0.0028
2597.953,0.9999,0.0028
2598.551,1.0035,0.0029
2599.150,0.9986,0.0029
2599.748,1.0035,0.0029
2600.347,1.0038,0.0029
2600.946,0.9999,0.0029
2601.545,1.0033,0.0029
2602.144,1.0037,0.0029
2602.743,1.0032,0.0029
2603.342,1.0059,0.0029
2603.942,1.0079,0.0029
2604.542,1.0031,0.0029
2605.141,0.9989,0.0029
2605.741,0.9990,0.0029
2606.341,0.9999,0.0029
2606.942,0.9981,0.0028
2607.542,0.9965,0.0028
2608.142,1.0003,0.0028
2608.743,1.0005,0.0028
2609.344,0.9965,0.0028
2609.945,1.0014,0.0029
2610.545,0.9962,0.0029
2611.147,0.9976,0.0029
2611.748,0.9974,0.0029
2612.350,0.9973,0.0029
2612.951,0.9951,0.0029
2613.553,0.9974,0.0029
2614.155,0.9983,0.0029
2614.757,0.9969,0.0029
2615.359,0.9972,0.0029
2615.961,1.0015,0.0029
2616.563,1.0029,0.0029
2617.166,1.0027,0.0029
2617.769,0.9985,0.0029
2618.372,1.0004,0.0029
2618.975,1.0016,0.0029
2619.578,1.0010,0.0029
2620.181,1.0017,0.0029
2620.784,0.9967,0.0029
2621.388,0.9981,0.0029
2621.992,0.9956,0.0029
2622.595,0.9957,0.0029
2623.199,0.9967,0.0029
2623.803,0.9903,0.0029
2624.408,0.9927,0.0029
2625.012,0.9949,0.0029
2625.616,0.9910,0.0029
2626.221,0.9952,0.0029
2626.826,0.9884,0.0029
2627.431,0.9883,0.0029
2628.036,0.9929,0.0029
2628.641,0.9884,0.0029
2629.246,0.9844,0.0029
2629.852,0.9879,0.0029
2630.457,0.9889,0.0029
2631.063,0.9874,0.0029
2631.669,0.9882,0.0029
2632.275,0.9886,0.0029
2632.881,0.9833,0.0029
2633.488,0.9914,0.0029
2634.094,0.9863,0.0029
2634.701,0.9814,0.0029
2635.307,0.9739,0.0029
2635.914,0.9768,0.0029
2636.521,0.9772,0.0029
2637.128,0.9750,0.0029
2637.736,0.9749,0.0029
2638.343,0.9693,0.0029
2638.951,0.9676,0.0029
2639.558,0.9669,0.0029
2640.166,0.9652,0.0029
2640.774,0.9615,0.0029
2641.382,0.9573,0.0029
2641.991,0.9577,0.0029
2642.599,0.9525,0.0029
2643.208,0.9487,0.0029
2643.816,0.9539,0.0029
2644.425,0.9548,0.0029
2645.034,0.9503,0.0029
2645.643,0.9481,0.0029
2646.252,0.9462,0.0029
2646.862,0.9519,0.0029
2647.471,0.9438,0.0029
2648.081,0.9432,0.0029
2648.691,0.9469,0.0029
2649.301,0.9451,0.0029
2649.911,0.9459,0.0029
2650.521,0.9447,0.0029
2651.132,0.9354,0.0029
2651.742,0.9340,0.0029
2652.353,0.9370,0.0029
2652.964,0.9373,0.0029
2653.574,0.9378,0.0029
2654.186,0.9356,0.0029
2654.797,0.9379,0.0029
2655.408,0.9338,0.0029
2656.020,0.9299,0.0029
2656.631,0.9325,0.0029
2657.243,0.9359,0.0029
2657.855,0.9383,0.0029
2658.467,0.9376,0.0029
2659.079,0.9312,0.0029
2659.692,0.9325,0.0029
2660.304,0.9340,0.0029
2660.917,0.9328,0.0029
2661.529,0.9346,0.0029
2662.142,0.9368,0.0029
2662.755,0.9358,0.0029
2663.369,0.9277,0.0029
2663.982,0.9352,0.0029
2664.595,0.9331,0.0029
2665.209,0.9311,0.0029
2665.823,0.9394,0.0029
2666.437,0.9371,0.0029
2667.051,0.9331,0.0029
2667.665,0.9339,0.0029
2668.279,0.9305,0.0029
2668.894,0.9328,0.0029
2669.508,0.9330,0.0029
2670.123,0.9335,0.0029
2670.738,0.9303,0.0029
2671.353,0.9360,0.0029
2671.968,0.9334,0.0029
2672.583,0.9328,0.0029
2673.199,0.9388,0.0029
2673.815,0.9305,0.0029
2674.430,0.9298,0.0029
2675.046,0.9318,0.0029
2675.662,0.9412,0.0029
2676.278,0.9412,0.0029
2676.895,0.9367,0.0029
2677.511,0.9390,0.0029
2678.128,0.9336,0.0029
2678.744,0.9307,0.0029
2679.361,0.9311,0.0029
2679.978,0.9365,0.0030
2680.595,0.9379,0.0030
2681.213,0.9309,0.0029
2681.830,0.9307,0.0029
2682.448,0.9304,0.0029
2683.065,0.9327,0.0029
2683.683,0.9362,0.0029
2684.301,0.9296,0.0029
2684.920,0.9273,0.0029
2685.538,0.9362,0.0029
2686.156,0.9352,0.0029
2686.775,0.9268,0.0030
2687.394,0.9350,0.0030
2688.012,0.9277,0.0029
2688.632,0.9270,0.0029
2689.251,0.9280,0.0029
2689.870,0.9292,0.0029
2690.490,0.9305,0.0029
2691.109,0.9301,0.0029
2691.729,0.9275,0.0029
2692.348,0.9388,0.0029
2692.969,0.9383,0.0029
2693.589,0.9312,0.0029
2694.209,0.9275,0.0029
2694.830,0.9299,0.0029
2695.450,0.9313,0.0029
2696.071,0.9345,0.0029
2696.692,0.9328,0.0030
2697.313,0.9292,0.0030
2697.934,0.9369,0.0030
2698.555,0.9322,0.0030
2699.177,0.9303,0.0029
2699.798,0.9369,0.0029
2700.420,0.9318,0.0029
2701.042,0.9301,0.0030
2701.664,0.9342,0.0030
2702.286,0.9345,0.0030
2702.908,0.9377,0.0030
2703.531,0.9436,0.0030
2704.153,0.9418,0.0030
2704.776,0.9410,0.0030
2705.399,0.9426,0.0030
2706.022,0.9441,0.0030
2706.645,0.9444,0.0030
2707.268,0.9418,0.0030
2707.892,0.9443,0.0030
2708.515,0.9454,0.0030
2709.139,0.9484,0.0030
2709.763,0.9538,0.0030
2710.387,0.9479,0.0030
2711.011,0.9471,0.0030
2711.635,0.9516,0.0030
2712.260,0.9487,0.0030
2712.884,0.9476,0.0030
2713.509,0.9476,0.0030
2714.134,0.9529,0.0030
2714.759,0.9583,0.0030
2715.384,0.9528,0.0030
2716.010,0.9520,0.0030
2716.635,0.9533,0.0030
2717.260,0.9544,0.0030
2717.886,0.9507,0.0030
2718.512,0.9545,0.0030
2719.138,0.9595,0.0030
2719.764,0.9561,0.0030
2720.391,0.9553,0.0030
2721.017,0.9637,0.0030
2721.644,0.9650,0.0030
2722.271,0.9598,0.0030
2722.897,0.9573,0.0030
2723.524,0.9575,0.0030
2724.152,0.9674,0.0030
2724.779,0.9702,0.0030
2725.406,0.9666,0.0030
2726.034,0.9668,0.0030
2726.662,0.9656,0.0030
2727.290,0.9694,0.0030
2727.918,0.9696,0.0030
2728.546,0.9656,0.0030
2729.174,0.9651,0.0030
2729.803,0.9692,0.0030
2730.431,0.9765,0.0031
2731.060,0.9741,0.0030
2731.689,0.9758,0.0030
2732.318,0.9764,0.0030
2732.948,0.9695,0.0031
2733.577,0.9725,0.0031
2734.206,0.9794,0.0031
2734.836,0.9824,0.0031
2735.466,0.9807,0.0031
2736.096,0.9824,0.0031
2736.726,0.9827,0.0031
2737.356,0.9817,0.0031
2737.986,0.9852,0.0031
2738.617,0.9804,0.0031
2739.248,0.9832,0.0031
2739.878,0.9799,0.0031
2740.509,0.9831,0.0031
2741.140,0.9919,0.0031
2741.772,0.9896,0.0031
2742.403,0.9967,0.0031
2743.035,0.9932,0.0031
2743.666,0.9910,0.0031
2744.298,0.9942,0.0031
2744.930,0.9979,0.0031
2745.562,0.9974,0.0031
2746.194,1.0014,0.0032
2746.827,1.0066,0.0032
2747.459,1.0044,0.0031
2748.092,1.0010,0.0031
2748.725,0.9999,0.0031
2749.358,1.0090,0.0032
2749.991,1.0111,0.0032
2750.624,1.0076,0.0032
2751.258,1.0071,0.0032
2751.891,1.0094,0.0031
2752.525,1.0076,0.0032
2753.159,1.0108,0.0032
2753.793,1.0020,0.0032
2754.427,1.0083,0.0032
2755.061,1.0213,0.0032
2755.696,1.0163,0.0032
2756.331,1.0119,0.0032
2756.965,1.0166,0.0032
2757.600,1.0154,0.0032
2758.235,1.0150,0.0032
2758.870,1.0196,0.0032
2759.506,1.0151,0.0032
2760.141,1.0194,0.0032
2760.777,1.0226,0.0032
2761.412,1.0173,0.0032
2762.048,1.0175,0.0032
2762.685,1.0189,0.0032
2763.321,1.0249,0.0032
2763.957,1.0277,0.0032
2764.594,1.0262,0.0032
2765.230,1.0222,0.0032
2765.867,1.0235,0.0032
2766.504,1.0323,0.0032
2767.141,1.0339,0.0032
2767.778,1.0330,0.0031
2768.416,1.0414,0.0032
2769.053,1.0443,0.0032
2769.691,1.0444,0.0032
2770.329,1.0504,0.0033
2770.967,1.0522,0.0032
2771.604,1.0448,0.0032
2772.243,1.0547,0.0032
2772.881,1.0481,0.0032
2773.520,1.0548,0.0032
2774.159,1.0602,0.0032
2774.797,1.0659,0.0032
2775.436,1.0680,0.0032
2776.076,1.0710,0.0032
2776.715,1.0732,0.0032
2777.354,1.0816,0.0032
2777.994,1.0784,0.0033
2778.634,1.0869,0.0033
2779.273,1.0927,0.0033
2779.914,1.0966,0.0033
2780.553,1.1045,0.0033
2781.194,1.1069,0.0033
2781.834,1.1126,0.0033
2782.475,1.1146,0.0033
2783.116,1.1240,0.0033
2783.757,1.1271,0.0033
2784.398,1.1330,0.0033
2785.039,1.1459,0.0033
2785.680,1.1545,0.0034
2786.322,1.1559,0.0034
2786.963,1.1644,0.0034
2787.605,1.1760,0.0034
2788.247,1.1834,0.0034
2788.889,1.1885,0.0034
2789.531,1.1964,0.0034
2790.174,1.2133,0.0034
2790.817,1.2231,0.0034
2791.459,1.2220,0.0034
2792.102,1.2375,0.0034
2792.745,1.2440,0.0035
2793.388,1.2609,0.0035
2794.031,1.2646,0.0035
2794.675,1.2630,0.0035
2795.318,1.2720,0.0035
2795.962,1.2804,0.0035
2796.606,1.2847,0.0035
2797.250,1.3000,0.0035
2797.894,1.3103,0.0035
2798.538,1.3137,0.0036
2799.183,1.3034,0.0036
2799.827,1.3035,0.0035
2800.472,1.3156,0.0036
2801.117,1.3077,0.0035
2801.762,1.3124,0.0036
2802.407,1.3197,0.0036
2803.053,1.3121,0.0036
2803.698,1.3058,0.0036
2804.344,1.3043,0.0036
2804.990,1.3037,0.0035
2805.636,1.2918,0.0035
2806.282,1.2835,0.0035
2806.928,1.2767,0.0036
2807.574,1.2678,0.0036
2808.221,1.2538,0.0035
2808.868,1.2508,0.0035
2809.514,1.2476,0.0036
2810.162,1.2361,0.0035
2810.809,1.2246,0.0035
2811.456,1.2209,0.0035
2812.104,1.2098,0.0035
2812.751,1.1996,0.0035
2813.399,1.1938,0.0035
2814.047,1.1810,0.0035
2814.695,1.1708,0.0034
2815.343,1.1641,0.0034
2815.991,1.1517,0.0035
2816.640,1.1514,0.0035
2817.288,1.1445,0.0035
2817.937,1.1329,0.0034
2818.586,1.1215,0.0034
2819.235,1.1141,0.0034
2819.884,1.1130,0.0034
2820.534,1.1020,0.0034
2821.183,1.1009,0.0034
2821.833,1.0949,0.0034
2822.483,1.0798,0.0034
2823.133,1.0711,0.0034
2823.783,1.0610,0.0034
2824.433,1.0607,0.0034
2825.083,1.0438,0.0034
2825.734,1.0411,0.0034
2826.385,1.0403,0.0034
2827.036,1.0443,0.0034
2827.687,1.0411,0.0034
2828.338,1.0252,0.0034
2828.989,1.0176,0.0034
2829.641,1.0255,0.0034
2830.292,1.0201,0.0034
2830.944,1.0060,0.0034
2831.596,1.0161,0.0034
2832.248,1.0070,0.0034
2832.900,1.0049,0.0033
2833.553,1.0024,0.0033
2834.205,0.9995,0.0034
2834.858,0.9912,0.0034
2835.511,0.9942,0.0033
2836.164,0.9833,0.0034
2836.817,0.9791,0.0034
2837.470,0.9814,0.0034
2838.123,0.9816,0.0034
2838.777,0.9868,0.0034
2839.431,0.9813,0.0034
2840.085,0.9776,0.0034
2840.739,0.9736,0.0034
2841.393,0.9672,0.0033
2842.047,0.9665,0.0033
2842.702,0.9672,0.0034
2843.356,0.9725,0.0034
2844.011,0.9711,0.0033
2844.666,0.9622,0.0034
2845.321,0.9556,0.0034
2845.976,0.9532,0.0034
2846.632,0.9566,0.0033
2847.287,0.9538,0.0033
2847.943,0.9487,0.0034
2848.599,0.9570,0.0034
2849.255,0.9558,0.0034
2849.911,0.9442,0.0034
2850.567,0.9447,0.0033
2851.224,0.9471,0.0033
2851.880,0.9451,0.0033
2852.537,0.9434,0.0033
2853.194,0.9395,0.0033
2853.851,0.9386,0.0033
2854.508,0.9404,0.0033
2855.166,0.9371,0.0033
2855.823,0.9396,0.0033
2856.481,0.9338,0.0033
2857.138,0.9276,0.0034
2857.796,0.9221,0.0034
2858.455,0.9188,0.0033
2859.113,0.9220,0.0033
2859.771,0.9161,0.0033
2860.430,0.9151,0.0033
2861.088,0.9143,0.0033
2861.747,0.9047,0.0033
2862.406,0.9043,0.0034
2863.065,0.9142,0.0034
2863.725,0.9101,0.0034
2864.384,0.9017,0.0034
2865.044,0.9116,0.0034
2865.704,0.9175,0.0034
2866.364,0.9116,0.0033
2867.024,0.9133,0.0033
2867.684,0.9018,0.0033
2868.344,0.9051,0.0033
2869.005,0.9033,0.0033
2869.666,0.8962,0.0033
2870.326,0.8957,0.0034
2870.987,0.8990,0.0034
2871.648,0.8972,0.0034
2872.310,0.8933,0.0034
2872.971,0.8906,0.0034
2873.633,0.8887,0.0034
2874.294,0.8901,0.0034
2874.957,0.8867,0.0034
2875.619,0.8797,0.0034
2876.281,0.8785,0.0034
2876.943,0.8762,0.0034
2877.606,0.8684,0.0034
2878.269,0.8751,0.0034
2878.931,0.8829,0.0034
2879.594,0.8824,0.0034
2880.257,0.8787,0.0033
2880.920,0.8743,0.0033
2881.584,0.8735,0.0033
2882.248,0.8739,0.0033
2882.911,0.8714,0.0034
2883.575,0.8660,0.0034
2884.239,0.8672,0.0034
2884.903,0.8712,0.0034
2885.568,0.8621,0.0034
2886.232,0.8623,0.0035
2886.897,0.8660,0.0035
2887.562,0.8616,0.0034
2888.227,0.8648,0.0034
2888.892,0.8648,0.0034
2889.557,0.8587,0.0034
2890.223,0.8640,0.0034
2890.888,0.8598,0.0034
2891.554,0.8552,0.0034
2892.220,0.8577,0.0034
2892.886,0.8621,0.0033
2893.552,0.8559,0.0033
2894.218,0.8555,0.0033
2894.885,0.8568,0.0034
2895.552,0.8467,0.0033
2896.218,0.8488,0.0033
2896.885,0.8428,0.0033
2897.552,0.8445,0.0033
2898.219,0.8501,0.0033
2898.887,0.8434,0.0033
2899.554,0.8399,0.0034
2900.222,0.8417,0.0034
2900.890,0.8425,0.0034
2901.558,0.8510,0.0034
2902.226,0.8530,0.0034
2902.895,0.8372,0.0033
2903.563,0.8401,0.0033
2904.232,0.8401,0.0033
2904.901,0.8286,0.0033
2905.570,0.8388,0.0033
2906.239,0.8366,0.0033
2906.908,0.8332,0.0033
2907.577,0.8287,0.0033
2908.247,0.8274,0.0033
2908.917,0.8281,0.0033
2909.587,0.8310,0.0033
2910.257,0.8304,0.0033
2910.927,0.8260,0.0033
2911.597,0.8296,0.0033
2912.268,0.8206,0.0033
2912.938,0.8227,0.0033
2913.609,0.8308,0.0033
2914.280,0.8204,0.0033
2914.951,0.8239,0.0033
2915.623,0.8286,0.0033
2916.294,0.8294,0.0033
2916.965,0.8165,0.0033
2917.637,0.8238,0.0033
2918.309,0.8220,0.0033
2918.981,0.8229,0.0033
2919.653,0.8300,0.0033
2920.326,0.8303,0.0033
2920.998,0.8316,0.0033
2921.671,0.8331,0.0033
2922.344,0.8348,0.0033
2923.017,0.8294,0.0033
2923.690,0.8427,0.0033
2924.363,0.8368,0.0034
2925.037,0.8333,0.0034
2925.710,0.8304,0.0034
2926.384,0.8371,0.0033
2927.058,0.8442,0.0033
2927.732,0.8402,0.0033
2928.406,0.8362,0.0034
2929.080,0.8424,0.0034
2929.755,0.8435,0.0034
2930.430,0.8350,0.0034
2931.104,0.8375,0.0034
2931.779,0.8475,0.0033
2932.454,0.8447,0.0033
2933.130,0.8449,0.0034
2933.805,0.8385,0.0034
2934.481,0.8406,0.0034
2935.156,0.8383,0.0033
2935.833,0.8475,0.0034
2936.509,0.8449,0.0034
2937.185,0.8461,0.0034
2937.861,0.8520,0.0035
2938.538,0.8447,0.0035
2939.215,0.8477,0.0035
2939.891,0.8493,0.0034
2940.568,0.8499,0.0034
2941.246,0.8468,0.0034
2941.923,0.8454,0.0034
2942.600,0.8541,0.0034
2943.278,0.8581,0.0034
2943.956,0.8546,0.0034
2944.634,0.8514,0.0034
2945.312,0.8489,0.0034
2945.990,0.8458,0.0034
2946.668,0.8487,0.0034
2947.347,0.8515,0.0034
2948.026,0.8439,0.0034
2948.705,0.8445,0.0034
2949.384,0.8546,0.0034
2950.063,0.8482,0.0035
2950.742,0.8447,0.0035
2951.422,0.8479,0.0035
2952.101,0.8446,0.0035
2952.781,0.8448,0.0035
2953.461,0.8422,0.0035
2954.141,0.8391,0.0035
2954.822,0.8440,0.0034
2955.502,0.8463,0.0035
2956.183,0.8400,0.0035
2956.864,0.8428,0.0034
2957.544,0.8416,0.0034
2958.226,0.8399,0.0034
2958.907,0.8361,0.0035
2959.588,0.8366,0.0035
2960.270,0.8395,0.0035
2960.951,0.8371,0.0035
2961.633,0.8364,0.0035
2962.315,0.8393,0.0035
2962.997,0.8510,0.0035
2963.680,0.8455,0.0036
2964.362,0.8383,0.0035
2965.045,0.8386,0.0036
2965.728,0.8414,0.0036
2966.411,0.8395,0.0036
2967.094,0.8319,0.0036
2967.777,0.8326,0.0035
2968.461,0.8280,0.0035
2969.144,0.8260,0.0035
2969.828,0.8310,0.0035
2970.512,0.8273,0.0035
2971.196,0.8240,0.0035
2971.880,0.8257,0.0035
2972.564,0.8290,0.0035
2973.249,0.8325,0.0036
2973.934,0.8243,0.0036
2974.618,0.8244,0.0036
2975.304,0.8243,0.0036
2975.989,0.8236,0.0036
2976.674,0.8285,0.0036
2977.360,0.8223,0.0036
2978.045,0.8262,0.0036
2978.731,0.8204,0.0037
2979.417,0.8256,0.0036
2980.103,0.8287,0.0036
2980.789,0.8248,0.0036
2981.476,0.8222,0.0036
2982.162,0.8191,0.0036
2982.849,0.8173,0.0036
2983.536,0.8186,0.0036
2984.223,0.8184,0.0036
2984.910,0.8229,0.0036
2985.598,0.8138,0.0036
2986.285,0.8121,0.0036
2986.973,0.8178,0.0036
2987.661,0.8116,0.0036
2988.349,0.7981,0.0036
2989.037,0.8055,0.0036
2989.725,0.7967,0.0036
2990.414,0.7960,0.0037
2991.102,0.7992,0.0037
2991.791,0.7952,0.0036
2992.480,0.7907,0.0036
2993.169,0.7946,0.0037
2993.858,0.7981,0.0037
2994.548,0.7907,0.0037
2995.238,0.7951,0.0037
2995.927,0.8042,0.0037
2996.617,0.7949,0.0036
2997.307,0.7888,0.0036
2997.998,0.7992,0.0037
2998.688,0.7960,0.0037
2999.378,0.7902,0.0036
3000.069,0.7820,0.0037
3000.760,0.7809,0.0037
3001.451,0.7798,0.0037
3002.142,0.7749,0.0037
3002.834,0.7771,0.0037
3003.525,0.7681,0.0036
3004.217,0.7778,0.0037
3004.909,0.7825,0.0037
3005.601,0.7748,0.0037
3006.293,0.7789,0.0037
3006.985,0.7647,0.0036
3007.678,0.7667,0.0036
3008.370,0.7619,0.0036
3009.063,0.7621,0.0036
3009.756,0.7685,0.0036
3010.449,0.7534,0.0036
3011.142,0.7496,0.0036
3011.836,0.7461,0.0037
3012.529,0.7483,0.0037
3013.223,0.7446,0.0037
3013.917,0.7446,0.0037
3014.611,0.7447,0.0036
3015.305,0.7504,0.0037
3016.000,0.7487,0.0037
3016.694,0.7525,0.0038
3017.389,0.7557,0.0038
3018.084,0.7431,0.0037
3018.779,0.7408,0.0036
3019.474,0.7474,0.0036
3020.169,0.7498,0.0037
3020.865,0.7466,0.0037
3021.560,0.7380,0.0036
3022.256,0.7312,0.0036
3022.952,0.7318,0.0036
3023.648,0.7367,0.0036
3024.345,0.7376,0.0036
3025.041,0.7352,0.0036
3025.738,0.7288,0.0036
3026.435,0.7280,0.0036
3027.132,0.7279,0.0036
3027.828,0.7290,0.0036
3028.526,0.7352,0.0036
3029.223,0.7363,0.0036
3029.921,0.7322,0.0037
3030.619,0.7257,0.0037
3031.316,0.7285,0.0037
3032.014,0.7242,0.0036
3032.713,0.7211,0.0036
3033.411,0.7242,0.0036
3034.110,0.7189,0.0036
3034.808,0.7236,0.0036
3035.507,0.7282,0.0036
3036.206,0.7216,0.0037
3036.906,0.7171,0.0036
3037.605,0.7225,0.0036
3038.304,0.7189,0.0036
3039.004,0.7219,0.0036
3039.704,0.7259,0.0037
3040.404,0.7239,0.0037
3041.104,0.7281,0.0037
3041.804,0.7294,0.0037
3042.505,0.7248,0.0037
3043.206,0.7263,0.0037
3043.906,0.7137,0.0037
3044.607,0.7193,0.0037
3045.308,0.7275,0.0037
3046.010,0.7180,0.0036
3046.711,0.7161,0.0036
3047.413,0.7235,0.0037
3048.115,0.7242,0.0037
3048.816,0.7258,0.0037
3049.519,0.7196,0.0037
3050.221,0.7147,0.0036
3050.923,0.7173,0.0036
3051.626,0.7166,0.0037
3052.329,0.7237,0.0037
3053.031,0.7261,0.0037
3053.735,0.7175,0.0037
3054.438,0.7188,0.0037
3055.141,0.7214,0.0037
3055.845,0.7167,0.0037
3056.548,0.7111,0.0037
3057.252,0.7142,0.0037
3057.956,0.7180,0.0037
3058.660,0.7270,0.0037
3059.365,0.7285,0.0037
3060.069,0.7204,0.0037
3060.774,0.7162,0.0036
3061.479,0.7191,0.0037
3062.184,0.7194,0.0037
3062.889,0.7167,0.0037
3063.594,0.7110,0.0037
3064.300,0.7209,0.0037
3065.006,0.7237,0.0037
3065.711,0.7178,0.0037
3066.417,0.7161,0.0037
3067.124,0.7132,0.0037
3067.830,0.7220,0.0037
3068.536,0.7266,0.0037
3069.243,0.7209,0.0037
3069.950,0.7185,0.0037
3070.657,0.7131,0.0037
3071.364,0.7155,0.0038
3072.071,0.7181,0.0037
3072.779,0.7103,0.0037
3073.486,0.7171,0.0037
3074.194,0.7133,0.0037
3074.902,0.7161,0.0037
3075.610,0.7133,0.0037
3076.318,0.7207,0.0037
3077.027,0.7159,0.0037
3077.735,0.7194,0.0037
3078.444,0.7159,0.0038
3079.153,0.7040,0.0038
3079.862,0.7118,0.0039
3080.571,0.7095,0.0038
3081.281,0.7102,0.0037
3081.990,0.7196,0.0037
3082.700,0.7150,0.0038
3083.410,0.7175,0.0038
3084.120,0.7159,0.0038
3084.830,0.7165,0.0038
3085.541,0.7202,0.0038
3086.251,0.7080,0.0038
3086.962,0.7091,0.0038
3087.673,0.7128,0.0038
3088.384,0.7147,0.0038
3089.095,0.7156,0.0038
3089.806,0.7123,0.0038
3090.518,0.7125,0.0038
3091.230,0.7092,0.0038
3091.941,0.7107,0.0038
3092.654,0.7160,0.0038
3093.366,0.7143,0.0038
3094.078,0.7116,0.0038
3094.791,0.7051,0.0037
3095.503,0.7147,0.0038
3096.216,0.7162,0.0038
3096.929,0.7085,0.0038
3097.642,0.7074,0.0038
3098.356,0.7061,0.0038
3099.069,0.7089,0.0038
3099.783,0.7106,0.0038
3100.497,0.7106,0.0038
3101.211,0.7130,0.0038
3101.925,0.7124,0.0038
3102.639,0.7086,0.0038
3103.354,0.7025,0.0038
3104.068,0.7083,0.0038
3104.783,0.7130,0.0038
3105.498,0.7145,0.0038
3106.213,0.7094,0.0039
3106.928,0.7047,0.0039
3107.644,0.7009,0.0039
3108.360,0.7146,0.0039
3109.076,0.7245,0.0039
3109.792,0.7255,0.0039
3110.508,0.7203,0.0039
3111.224,0.7216,0.0040
3111.940,0.7219,0.0040
3112.657,0.7240,0.0040
3113.374,0.7169,0.0040
3114.091,0.7243,0.0039
3114.808,0.7268,0.0039
3115.525,0.7237,0.0039
3116.243,0.7208,0.0039
3116.960,0.7258,0.0039
3117.678,0.7245,0.0039
3118.396,0.7254,0.0039
3119.114,0.7248,0.0039
3119.833,0.7227,0.0039
3120.551,0.7270,0.0039
3121.270,0.7259,0.0040
3121.988,0.7237,0.0040
3122.707,0.7308,0.0039
3123.426,0.7347,0.0040
3124.146,0.7267,0.0040
3124.865,0.7272,0.0040
3125.585,0.7452,0.0041
3126.305,0.7345,0.0041
3127.024,0.7294,0.0041
3127.744,0.7263,0.0041
3128.465,0.7298,0.0040
3129.185,0.7279,0.0040
3129.906,0.7315,0.0040
3130.626,0.7246,0.0040
3131.348,0.7272,0.0040
3132.069,0.7225,0.0040
3132.790,0.7252,0.0040
3133.511,0.7312,0.0040
3134.233,0.7278,0.0040
3134.955,0.7245,0.0040
3135.677,0.7210,0.0040
3136.399,0.7315,0.0040
3137.121,0.7269,0.0040
3137.844,0.7168,0.0039
3138.566,0.7182,0.0040
3139.289,0.7212,0.0040
3140.012,0.7212,0.0040
3140.735,0.7168,0.0039
3141.458,0.7218,0.0039
3142.181,0.7289,0.0040
3142.905,0.7190,0.0040
3143.629,0.7175,0.0041
3144.353,0.7243,0.0040
3145.077,0.7143,0.0040
3145.801,0.7103,0.0040
3146.526,0.7225,0.0040
3147.250,0.7202,0.0040
3147.975,0.7153,0.0040
3148.700,0.7313,0.0040
3149.425,0.7256,0.0040
3150.150,0.7266,0.0040
3150.876,0.7286,0.0040
3151.601,0.7157,0.0040
3152.327,0.7139,0.0040
3153.053,0.7186,0.0040
3153.779,0.7061,0.0040
3154.505,0.7140,0.0040
3155.232,0.7262,0.0040
3155.958,0.7230,0.0041
3156.685,0.7279,0.0041
3157.412,0.7195,0.0042
3158.139,0.7198,0.0042
3158.867,0.7211,0.0042
3159.594,0.7306,0.0041
3160.322,0.7279,0.0041
3161.049,0.7272,0.0040
3161.777,0.7177,0.0041
3162.505,0.7234,0.0041
3163.234,0.7250,0.0041
3163.962,0.7159,0.0041
3164.691,0.7281,0.0041
3165.419,0.7251,0.0041
3166.148,0.7227,0.0041
3166.878,0.7169,0.0041
3167.607,0.7166,0.0041
3168.336,0.7255,0.0041
3169.066,0.7234,0.0041
3169.796,0.7275,0.0041
3170.526,0.7356,0.0041
3171.256,0.7299,0.0041
3171.986,0.7460,0.0042
3172.717,0.7411,0.0042
3173.447,0.7267,0.0042
3174.178,0.7348,0.0041
3174.909,0.7293,0.0041
3175.640,0.7254,0.0042
3176.371,0.7357,0.0042
3177.103,0.7318,0.0042
3177.834,0.7356,0.0042
3178.566,0.7333,0.0042
3179.298,0.7342,0.0042
3180.030,0.7352,0.0041
3180.763,0.7351,0.0042
3181.495,0.7299,0.0042
3182.228,0.7255,0.0042
3182.961,0.7289,0.0042
3183.694,0.7339,0.0042
3184.427,0.7330,0.0042
3185.160,0.7257,0.0042
3185.894,0.7245,0.0042
3186.627,0.7346,0.0042
3187.361,0.7389,0.0042
3188.095,0.7385,0.0042
3188.829,0.7372,0.0042
3189.564,0.7352,0.0042
3190.298,0.7441,0.0043
3191.033,0.7447,0.0044
3191.768,0.7488,0.0044
3192.503,0.7445,0.0042
3193.238,0.7457,0.0042
3193.973,0.7513,0.0042
3194.709,0.7413,0.0042
3195.445,0.7436,0.0043
3196.180,0.7456,0.0044
3196.917,0.7404,0.0043
3197.653,0.7381,0.0043
3198.389,0.7339,0.0042
3199.125,0.7311,0.0042
3199.862,0.7368,0.0043
3200.599,0.7445,0.0043
3201.336,0.7422,0.0044
3202.073,0.7433,0.0044
3202.811,0.7366,0.0043
3203.548,0.7304,0.0042
3204.286,0.7277,0.0042
3205.024,0.7265,0.0043
3205.762,0.7369,0.0043
3206.500,0.7411,0.0043
3207.239,0.7261,0.0043
3207.977,0.7221,0.0042
3208.716,0.7271,0.0043
3209.455,0.7202,0.0044
3210.194,0.7120,0.0044
3210.933,0.7204,0.0043
3211.673,0.7204,0.0042
3212.412,0.7330,0.0043
3213.152,0.7297,0.0043
3213.892,0.7188,0.0043
3214.632,0.7228,0.0044
3215.373,0.7268,0.0043
3216.113,0.7206,0.0043
3216.854,0.7168,0.0043
3217.594,0.7170,0.0043
3218.335,0.7267,0.0043
3219.076,0.7275,0.0043
3219.818,0.7197,0.0043
3220.559,0.7149,0.0043
3221.301,0.7218,0.0044
3222.043,0.7199,0.0044
3222.785,0.7252,0.0044
3223.527,0.7239,0.0043
3224.269,0.7127,0.0043
3225.012,0.7226,0.0044
3225.754,0.7207,0.0044
3226.497,0.7170,0.0043
3227.240,0.7136,0.0043
3227.983,0.7156,0.0043
3228.727,0.7015,0.0043
3229.470,0.7083,0.0043
3230.214,0.7148,0.0043
3230.958,0.7101,0.0043
3231.702,0.7088,0.0043
3232.446,0.7096,0.0043
3233.190,0.7058,0.0043
3233.935,0.7007,0.0043
3234.680,0.7026,0.0043
3235.425,0.7011,0.0043
3236.170,0.7120,0.0043
3236.915,0.7093,0.0043
3237.660,0.7038,0.0043
3238.406,0.7041,0.0045
3239.152,0.7135,0.0045
3239.897,0.7060,0.0045
3240.644,0.7020,0.0044
3241.390,0.7177,0.0044
3242.136,0.7077,0.0045
3242.883,0.6983,0.0045
3243.630,0.7051,0.0044
3244.377,0.6978,0.0044
3245.124,0.7016,0.0043
3245.871,0.6951,0.0043
3246.619,0.6997,0.0044
3247.366,0.6891,0.0044
3248.114,0.6814,0.0044
3248.862,0.6807,0.0043
3249.610,0.6907,0.0043
3250.359,0.6950,0.0044
3251.107,0.6940,0.0044
3251.856,0.6961,0.0044
3252.605,0.6890,0.0044
3253.354,0.6878,0.0045
3254.103,0.6882,0.0045
3254.852,0.6890,0.0044
3255.602,0.6959,0.0044
3256.352,0.6941,0.0044
3257.101,0.6888,0.0043
3257.851,0.6934,0.0043
3258.602,0.6930,0.0044
3259.352,0.6899,0.0045
3260.103,0.6958,0.0046
3260.853,0.7019,0.0046
3261.604,0.6778,0.0045
3262.355,0.6794,0.0044
3263.107,0.6881,0.0044
3263.858,0.6869,0.0044
3264.610,0.6830,0.0044
3265.362,0.6791,0.0045
3266.113,0.6883,0.0045
3266.866,0.6938,0.0045
3267.618,0.6800,0.0045
3268.370,0.6826,0.0045
3269.123,0.6843,0.0044
3269.876,0.6839,0.0045
3270.629,0.6771,0.0045
3271.382,0.6799,0.0046
3272.135,0.6909,0.0048
3272.889,0.6907,0.0047
3273.643,0.6868,0.0046
3274.396,0.6818,0.0045
3275.151,0.6829,0.0046
3275.905,0.6824,0.0047
3276.659,0.6865,0.0047
3277.414,0.6862,0.0046
3278.169,0.6797,0.0045
3278.923,0.6847,0.0045
3279.678,0.6767,0.0045
3280.434,0.6781,0.0046
3281.189,0.6845,0.0046
3281.945,0.6825,0.0046
3282.701,0.6868,0.0045
3283.457,0.6871,0.0045
3284.213,0.6848,0.0045
3284.969,0.6862,0.0046
3285.726,0.6769,0.0046
3286.482,0.6772,0.0046
3287.239,0.6828,0.0045
3287.996,0.6809,0.0045
3288.753,0.6746,0.0045
3289.510,0.6688,0.0045
3290.268,0.6749,0.0045
3291.026,0.6701,0.0045
3291.783,0.6808,0.0046
3292.542,0.6789,0.0046
3293.300,0.6662,0.0046
3294.058,0.6708,0.0045
3294.817,0.6729,0.0045
3295.575,0.6746,0.0046
3296.334,0.6780,0.0047
3297.094,0.6759,0.0047
3297.853,0.6681,0.0046
3298.612,0.6787,0.0046
3299.372,0.6816,0.0046
3300.132,0.6778,0.0047
3300.892,0.6681,0.0047
3301.652,0.6672,0.0047
3302.412,0.6591,0.0046
3303.173,0.6618,0.0046
3303.933,0.6605,0.0046
3304.694,0.6591,0.0046
3305.455,0.6523,0.0046
3306.217,0.6593,0.0047
3306.978,0.6616,0.0046
3307.739,0.6522,0.0046
3308.501,0.6569,0.0046
3309.263,0.6505,0.0047
3310.025,0.6525,0.0047
3310.787,0.6508,0.0046
3311.550,0.6525,0.0047
3312.312,0.6494,0.0047
3313.075,0.6524,0.0046
3313.838,0.6530,0.0046
3314.601,0.6381,0.0046
3315.364,0.6555,0.0048
3316.128,0.6645,0.0049
3316.892,0.6469,0.0048
3317.656,0.6495,0.0048
3318.419,0.6580,0.0049
3319.184,0.6534,0.0048
3319.948,0.6452,0.0048
3320.712,0.6472,0.0048
3321.477,0.6539,0.0048
3322.242,0.6417,0.0048
3323.007,0.6416,0.0049
3323.772,0.6520,0.0048
3324.538,0.6447,0.0048
3325.303,0.6493,0.0048
3326.069,0.6538,0.0048
3326.835,0.6533,0.0047
3327.601,0.6485,0.0048
3328.367,0.6490,0.0048
3329.134,0.6458,0.0049
3329.901,0.6409,0.0048
3330.667,0.6442,0.0048
3331.434,0.6489,0.0049
3332.202,0.6472,0.0050
3332.969,0.6363,0.0050
3333.737,0.6409,0.0051
3334.504,0.6406,0.0050
3335.272,0.6359,0.0050
3336.040,0.6497,0.0050
3336.808,0.6470,0.0049
3337.577,0.6428,0.0048
3338.345,0.6415,0.0048
3339.114,0.6408,0.0049
3339.883,0.6442,0.0050
3340.652,0.6383,0.0050
3341.422,0.6487,0.0050
3342.191,0.6550,0.0050
3342.961,0.6511,0.0050
3343.730,0.6451,0.0050
3344.500,0.6414,0.0051
3345.271,0.6581,0.0051
3346.041,0.6475,0.0051
3346.812,0.6378,0.0050
3347.582,0.6453,0.0050
3348.353,0.6417,0.0051
3349.125,0.6409,0.0050
3349.896,0.6404,0.0050
3350.667,0.6424,0.0052
3351.439,0.6330,0.0051
3352.210,0.6280,0.0050
3352.982,0.6431,0.0050
3353.755,0.6366,0.0050
3354.527,0.6296,0.0049
3355.299,0.6394,0.0049
3356.072,0.6350,0.0050
3356.845,0.6314,0.0050
3357.618,0.6341,0.0050
3358.391,0.6376,0.0049
3359.165,0.6366,0.0050
3359.938,0.6311,0.0051
3360.712,0.6335,0.0051
3361.486,0.6322,0.0051
3362.260,0.6309,0.0052
3363.034,0.6409,0.0052
3363.809,0.6400,0.0052
3364.583,0.6425,0.0052
3365.358,0.6306,0.0052
3366.133,0.6261,0.0052
3366.908,0.6368,0.0052
3367.684,0.6327,0.0051
3368.459,0.6376,0.0052
3369.235,0.6371,0.0052
3370.010,0.6305,0.0052
3370.787,0.6363,0.0051
3371.563,0.6298,0.0050
3372.339,0.6334,0.0050
3373.116,0.6440,0.0051
3373.893,0.6318,0.0051
3374.670,0.6378,0.0052
3375.447,0.6429,0.0053
3376.224,0.6403,0.0054
3377.002,0.6373,0.0053
3377.779,0.6431,0.0052
3378.557,0.6436,0.0052
3379.335,0.6266,0.0053
3380.113,0.6326,0.0053
3380.892,0.6275,0.0053
3381.670,0.6293,0.0053
3382.449,0.6327,0.0053
3383.228,0.6226,0.0052
3384.007,0.6327,0.0051
3384.786,0.6516,0.0052
3385.566,0.6361,0.0052
3386.345,0.6365,0.0052
3387.125,0.6355,0.0052
3387.905,0.6390,0.0053
3388.686,0.6341,0.0054
3389.466,0.6328,0.0054
3390.247,0.6415,0.0054
3391.027,0.6427,0.0054
3391.808,0.6400,0.0053
3392.589,0.6481,0.0054
3393.370,0.6511,0.0055
3394.152,0.6502,0.0054
3394.933,0.6489,0.0052
3395.715,0.6348,0.0053
3396.497,0.6364,0.0055
3397.280,0.6472,0.0056
3398.062,0.6484,0.0055
3398.844,0.6384,0.0053
3399.627,0.6357,0.0053
3400.410,0.6257,0.0054
3401.193,0.6248,0.0055
3401.976,0.6276,0.0055
3402.760,0.6391,0.0055
3403.543,0.6178,0.0054
3404.327,0.6337,0.0055
3405.111,0.6325,0.0055
3405.895,0.6282,0.0054
3406.679,0.6350,0.0053
3407.464,0.6309,0.0054
3408.249,0.6419,0.0056
3409.033,0.6377,0.0055
3409.819,0.6401,0.0055
3410.604,0.6443,0.0054
3411.389,0.6475,0.0054
3412.175,0.6476,0.0055
3412.960,0.6405,0.0055
3413.746,0.6497,0.0054
3414.533,0.6590,0.0054
3415.319,0.6503,0.0056
3416.105,0.6515,0.0057
3416.892,0.6510,0.0056
3417.679,0.6315,0.0056
3418.466,0.6379,0.0056
3419.253,0.6428,0.0056
3420.041,0.6397,0.0055
3420.828,0.6430,0.0054
3421.616,0.6425,0.0055
3422.404,0.6351,0.0054
3423.192,0.6267,0.0055
3423.980,0.6399,0.0056
3424.769,0.6313,0.0055
3425.558,0.6334,0.0057
3426.346,0.6394,0.0057
3427.135,0.6255,0.0057
3427.925,0.6354,0.0056
3428.714,0.6361,0.0055
3429.504,0.6296,0.0054
3430.293,0.6271,0.0054
3431.083,0.6242,0.0056
3431.874,0.6179,0.0056
3432.664,0.6222,0.0055
3433.454,0.6136,0.0053
3434.245,0.6214,0.0053
3435.036,0.6226,0.0054
3435.827,0.6302,0.0056
3436.618,0.6115,0.0056
3437.410,0.6000,0.0056
3438.201,0.6193,0.0058
3438.993,0.6293,0.0059
3439.785,0.6308,0.0057
3440.577,0.6174,0.0056
3441.369,0.6148,0.0057
3442.162,0.6113,0.0058
3442.954,0.6120,0.0057
3443.747,0.6140,0.0058
3444.541,0.6194,0.0058
3445.333,0.6206,0.0057
3446.127,0.6160,0.0057
3446.920,0.6209,0.0057
3447.714,0.6192,0.0057
3448.508,0.6080,0.0058
3449.302,0.6127,0.0059
3450.097,0.6252,0.0060
3450.891,0.6276,0.0059
3451.686,0.6083,0.0058
3452.481,0.6179,0.0057
3453.276,0.6168,0.0056
3454.071,0.6080,0.0057
3454.866,0.6179,0.0057
3455.662,0.6153,0.0057
3456.458,0.6221,0.0057
3457.254,0.6135,0.0058
3458.050,0.6088,0.0057
3458.846,0.6090,0.0057
3459.643,0.6117,0.0058
3460.440,0.6186,0.0058
3461.237,0.6064,0.0060
3462.034,0.6148,0.0061
3462.831,0.6120,0.0061
3463.628,0.6102,0.0060
3464.426,0.6202,0.0061
3465.224,0.6324,0.0063
3466.021,0.6255,0.0063
3466.820,0.6137,0.0060
3467.618,0.6113,0.0058
3468.417,0.6145,0.0059
3469.215,0.6255,0.0058
3470.014,0.6119,0.0058
3470.813,0.6108,0.0059
3471.613,0.6093,0.0060
3472.412,0.6037,0.0061
3473.212,0.6188,0.0063
3474.012,0.6210,0.0063
3474.812,0.6100,0.0061
3475.612,0.6095,0.0061
3476.412,0.6054,0.0063
3477.213,0.6120,0.0064
3478.013,0.6003,0.0062
3478.815,0.6003,0.0060
3479.616,0.6090,0.0059
3480.417,0.6202,0.0060
3481.219,0.6206,0.0063
3482.020,0.6053,0.0062
3482.822,0.6164,0.0060
3483.624,0.6075,0.0059
3484.426,0.6035,0.0059
3485.229,0.6155,0.0059
3486.031,0.6104,0.0061
3486.834,0.6040,0.0063
3487.637,0.5960,0.0062
3488.440,0.5994,0.0061
3489.243,0.5994,0.0061
3490.047,0.5916,0.0061
3490.851,0.5932,0.0062
3491.655,0.6038,0.0063
3492.458,0.5932,0.0062
3493.263,0.5892,0.0061
3494.067,0.5776,0.0062
3494.872,0.5877,0.0063
3495.677,0.6003,0.0063
3496.482,0.6159,0.0061
3497.287,0.6132,0.0061
3498.092,0.6049,0.0062
3498.898,0.5990,0.0063
3499.704,0.6100,0.0063
3500.510,0.5948,0.0061
3501.316,0.5979,0.0060
3502.122,0.5969,0.0060
3502.928,0.5955,0.0061
3503.735,0.6093,0.0061
3504.542,0.6078,0.0062
3505.349,0.6106,0.0063
3506.156,0.6058,0.0061
3506.964,0.6028,0.0061
3507.771,0.6054,0.0062
3508.579,0.5903,0.0062
3509.387,0.5956,0.0063
3510.195,0.5965,0.0066
3511.004,0.5759,0.0067
3511.812,0.5843,0.0065
3512.621,0.5936,0.0066
3513.430,0.5859,0.0064
3514.239,0.5931,0.0063
3515.048,0.5876,0.0064
3515.857,0.5900,0.0065
3516.667,0.5907,0.0064
3517.477,0.5927,0.0062
3518.287,0.5859,0.0061
3519.097,0.5921,0.0061
3519.908,0.5991,0.0063
3520.718,0.5853,0.0063
3521.529,0.5754,0.0064
3522.340,0.5764,0.0063
3523.151,0.5737,0.0060
3523.962,0.5715,0.0060
3524.774,0.5709,0.0061
3525.586,0.5830,0.0062
3526.398,0.5752,0.0062
3527.210,0.5803,0.0062
3528.022,0.5796,0.0063
3528.834,0.5841,0.0064
3529.647,0.5850,0.0065
3530.460,0.5934,0.0064
3531.273,0.5916,0.0063
3532.086,0.5799,0.0063
3532.899,0.5824,0.0064
3533.713,0.5859,0.0065
3534.527,0.5652,0.0068
3535.341,0.5761,0.0069
3536.155,0.5756,0.0067
3536.969,0.5686,0.0064
3537.784,0.5708,0.0064
3538.598,0.5744,0.0065
3539.413,0.5691,0.0065
3540.228,0.5599,0.0064
3541.044,0.5734,0.0065
3541.859,0.5750,0.0065
3542.675,0.5740,0.0065
3543.490,0.5712,0.0067
3544.307,0.5668,0.0066
3545.123,0.5730,0.0067
3545.939,0.5595,0.0065
3546.756,0.5516,0.0063
3547.572,0.5733,0.0063
3548.389,0.5701,0.0063
3549.207,0.5547,0.0065
3550.024,0.5542,0.0066
3550.841,0.5585,0.0069
3551.659,0.5620,0.0068
3552.477,0.5571,0.0066
3553.295,0.5604,0.0065
3554.113,0.5643,0.0065
3554.932,0.5695,0.0064
3555.750,0.5599,0.0062
3556.569,0.5568,0.0063
3557.388,0.5572,0.0065
3558.208,0.5586,0.0065
3559.027,0.5627,0.0065
3559.847,0.5619,0.0065
3560.666,0.5543,0.0065
3561.486,0.5502,0.0067
3562.306,0.5520,0.0064
3563.127,0.5496,0.0063
3563.947,0.5403,0.0066
3564.768,0.5447,0.0068
3565.589,0.5444,0.0066
3566.410,0.5474,0.0063
3567.231,0.5526,0.0063
3568.053,0.5482,0.0067
3568.875,0.5624,0.0071
3569.696,0.5662,0.0070
3570.518,0.5677,0.0069
3571.341,0.5544,0.0069
3572.163,0.5649,0.0069
3572.986,0.5536,0.0069
3573.808,0.5525,0.0069
3574.631,0.5549,0.0068
3575.455,0.5617,0.0068
3576.278,0.5638,0.0067
3577.102,0.5557,0.0066
3577.925,0.5601,0.0066
3578.749,0.5579,0.0067
3579.573,0.5573,0.0069
3580.398,0.5467,0.0070
3581.222,0.5499,0.0071
3582.047,0.5640,0.0072
3582.872,0.5544,0.0071
3583.697,0.5635,0.0069
3584.522,0.5683,0.0071
3585.348,0.5584,0.0071
3586.173,0.5678,0.0073
3586.999,0.5570,0.0074
3587.825,0.5500,0.0074
3588.651,0.5710,0.0075
3589.478,0.5724,0.0076
3590.304,0.5672,0.0075
3591.131,0.5668,0.0071
3591.958,0.5448,0.0071
3592.785,0.5491,0.0073
3593.613,0.5575,0.0073
3594.440,0.5642,0.0073
3595.268,0.5611,0.0073
3596.096,0.5640,0.0072
3596.924,0.5642,0.0071
3597.752,0.5627,0.0069
3598.581,0.5551,0.0068
3599.410,0.5495,0.0071
3600.239,0.5436,0.0071
3601.068,0.5548,0.0071
3601.897,0.5518,0.0071
3602.726,0.5625,0.0071
3603.556,0.5591,0.0070
3604.386,0.5510,0.0069
3605.216,0.5572,0.0071
3606.046,0.5582,0.0072
3606.876,0.5484,0.0072
3607.707,0.5483,0.0072
3608.538,0.5464,0.0072
3609.369,0.5572,0.0076
3610.200,0.5606,0.0074
3611.031,0.5379,0.0071
3611.863,0.5436,0.0071
3612.695,0.5538,0.0072
3613.527,0.5622,0.0074
3614.359,0.5519,0.0074
3615.191,0.5574,0.0073
3616.024,0.5601,0.0074
3616.856,0.5535,0.0077
3617.689,0.5603,0.0078
3618.522,0.5622,0.0075
3619.356,0.5650,0.0071
3620.189,0.5447,0.0070
3621.023,0.5475,0.0070
3621.857,0.5455,0.0074
3622.691,0.5461,0.0079
3623.525,0.5384,0.0079
3624.360,0.5262,0.0075
3625.194,0.5452,0.0073
3626.029,0.5487,0.0073
3626.864,0.5299,0.0071
3627.699,0.5375,0.0069
3628.535,0.5405,0.0071
3629.370,0.5424,0.0073
3630.206,0.5413,0.0074
3631.042,0.5333,0.0072
3631.878,0.5399,0.0072
3632.715,0.5432,0.0074
3633.551,0.5502,0.0071
3634.388,0.5425,0.0069
3635.225,0.5444,0.0069
3636.062,0.5336,0.0071
3636.899,0.5428,0.0072
3637.737,0.5650,0.0071
3638.574,0.5340,0.0071
3639.412,0.5352,0.0073
3640.250,0.5508,0.0076
3641.089,0.5399,0.0076
3641.927,0.5310,0.0075
3642.766,0.5283,0.0076
3643.605,0.5205,0.0078
3644.444,0.5393,0.0082
3645.283,0.5376,0.0083
3646.123,0.5088,0.0077
3646.962,0.5234,0.0079
3647.802,0.5213,0.0079
3648.642,0.5300,0.0079
3649.482,0.5317,0.0077
3650.323,0.5399,0.0079
3651.164,0.5453,0.0083
3652.004,0.5210,0.0081
3652.845,0.5467,0.0081
3653.686,0.5239,0.0076
3654.528,0.5345,0.0074
3655.369,0.5305,0.0073
3656.211,0.5158,0.0074
3657.053,0.5284,0.0075
3657.895,0.5177,0.0072
3658.738,0.5186,0.0072
3659.580,0.5237,0.0074
3660.423,0.5164,0.0079
3661.266,0.5171,0.0082
3662.109,0.5172,0.0079
3662.952,0.5163,0.0075
3663.796,0.5244,0.0073
3664.640,0.5271,0.0073
3665.484,0.5277,0.0074
3666.328,0.5317,0.0080
3667.172,0.5266,0.0082
3668.017,0.5378,0.0082
3668.861,0.5321,0.0077
3669.706,0.5225,0.0073
3670.551,0.5200,0.0070
3671.396,0.5235,0.0070
3672.242,0.5156,0.0071
3673.087,0.5040,0.0071
3673.933,0.5140,0.0075
3674.780,0.5188,0.0077
3675.626,0.5167,0.0076
3676.472,0.5147,0.0073
3677.319,0.5268,0.0074
3678.166,0.5084,0.0073
3679.013,0.5219,0.0075
3679.860,0.5363,0.0078
3680.707,0.5270,0.0080
3681.555,0.5142,0.0081
3682.403,0.5293,0.0081
3683.250,0.5256,0.0079
3684.099,0.5172,0.0079
3684.947,0.5317,0.0081
3685.796,0.5384,0.0079
3686.645,0.5301,0.0075
3687.494,0.5111,0.0074
3688.343,0.5206,0.0076
3689.192,0.4991,0.0077
3690.042,0.4908,0.0078
3690.892,0.4997,0.0078
3691.741,0.4994,0.0076
3692.592,0.5205,0.0076
3693.442,0.5279,0.0075
3694.292,0.5080,0.0075
3695.143,0.5157,0.0077
3695.994,0.5178,0.0078
3696.845,0.5153,0.0077
3697.697,0.5005,0.0077
3698.548,0.4902,0.0075
3699.400,0.5156,0.0080
3700.252,0.5347,0.0083
3701.104,0.5230,0.0084
3701.956,0.5189,0.0083
3702.809,0.5285,0.0082
3703.661,0.5305,0.0079
3704.514,0.5180,0.0080
3705.367,0.5035,0.0081
3706.220,0.4975,0.0081
3707.074,0.5068,0.0081
3707.928,0.5099,0.0079
3708.781,0.5119,0.0074
3709.636,0.5093,0.0072
3710.490,0.5172,0.0074
3711.344,0.5215,0.0075
3712.199,0.5141,0.0078
3713.054,0.5203,0.0078
3713.909,0.5091,0.0076
3714.764,0.5069,0.0074
3715.620,0.5261,0.0075
3716.476,0.5116,0.0078
3717.331,0.4888,0.0085
3718.188,0.4897,0.0093
3719.043,0.4911,0.0093
3719.900,0.4696,0.0085
3720.757,0.4649,0.0087
3721.614,0.5008,0.0089
3722.470,0.5045,0.0089
3723.328,0.5132,0.0088
3724.185,0.5036,0.0084
3725.043,0.5075,0.0083
3725.901,0.5171,0.0087
3726.759,0.5183,0.0084
3727.617,0.5209,0.0082
3728.475,0.5354,0.0082
3729.334,0.5274,0.0081
3730.193,0.5422,0.0082
3731.052,0.5251,0.0082
3731.911,0.5308,0.0084
3732.770,0.5413,0.0086
3733.630,0.5246,0.0086
3734.490,0.5227,0.0086
3735.350,0.5165,0.0085
3736.210,0.5140,0.0081
3737.070,0.5120,0.0079
3737.931,0.5149,0.0080
3738.792,0.5013,0.0083
3739.653,0.4964,0.0083
3740.514,0.4929,0.0083
3741.375,0.4869,0.0085
3742.237,0.4980,0.0086
3743.099,0.4960,0.0085
3743.960,0.5064,0.0083
3744.823,0.5025,0.0084
3745.685,0.5201,0.0083
3746.548,0.5256,0.0084
3747.411,0.5274,0.0084
3748.273,0.4983,0.0083
3749.136,0.5062,0.0084
3750.000,0.5116,0.0084
3750.864,0.5093,0.0084
3751.727,0.5217,0.0086
3752.592,0.5068,0.0086
3753.456,0.5108,0.0084
3754.320,0.4964,0.0082
3755.184,0.5029,0.0080
3756.049,0.4955,0.0079
3756.914,0.4968,0.0078
3757.779,0.5095,0.0077
3758.645,0.5099,0.0079
3759.510,0.5095,0.0079
3760.376,0.5188,0.0083
3761.242,0.5248,0.0084
3762.108,0.5284,0.0084
3762.974,0.5171,0.0083
3763.841,0.5068,0.0083
3764.708,0.4972,0.0084
3765.575,0.4976,0.0086
3766.442,0.5186,0.0089
3767.309,0.5307,0.0091
3768.177,0.5251,0.0093
3769.045,0.5116,0.0090
3769.912,0.4934,0.0092
3770.781,0.4841,0.0093
3771.649,0.4937,0.0091
3772.518,0.5143,0.0089
3773.386,0.5283,0.0092
3774.255,0.5209,0.0096
3775.124,0.5229,0.0099
3775.994,0.5330,0.0100
3776.863,0.5009,0.0096
3777.733,0.4821,0.0086
3778.603,0.4914,0.0082
3779.473,0.5013,0.0085
3780.343,0.5113,0.0091
3781.214,0.5212,0.0095
3782.085,0.5075,0.0091
3782.956,0.4938,0.0087
3783.827,0.4926,0.0085
3784.698,0.4992,0.0086
3785.570,0.5066,0.0088
3786.442,0.4839,0.0087
3787.313,0.4802,0.0084
3788.186,0.4796,0.0085
3789.058,0.4748,0.0084
3789.930,0.4871,0.0083
3790.803,0.4972,0.0082
3791.677,0.4810,0.0085
3792.550,0.4785,0.0091
3793.423,0.4788,0.0092
3794.297,0.4624,0.0091
3795.170,0.4729,0.0093
3796.044,0.5172,0.0095
3796.918,0.5024,0.0096
3797.793,0.4898,0.0094
3798.667,0.4975,0.0090
3799.542,0.5031,0.0089
3800.417,0.4909,0.0085
3801.292,0.4767,0.0083
3802.168,0.4627,0.0083
3803.043,0.4742,0.0084
3803.919,0.4942,0.0086
3804.795,0.5083,0.0086
3805.671,0.5005,0.0086
3806.548,0.4871,0.0087
3807.424,0.4720,0.0088
3808.301,0.4749,0.0087
3809.178,0.4709,0.0084
3810.055,0.4862,0.0084
3810.933,0.4906,0.0086
3811.810,0.4827,0.0086
3812.688,0.4871,0.0092
3813.566,0.5065,0.0101
3814.444,0.4939,0.0100
3815.323,0.4775,0.0092
3816.201,0.4623,0.0088
3817.080,0.4821,0.0085
3817.959,0.4941,0.0086
3818.838,0.4857,0.0083
3819.718,0.4753,0.0085
3820.597,0.4928,0.0097
3821.477,0.4921,0.0099
3822.357,0.4797,0.0093
3823.237,0.4790,0.0086
3824.118,0.4662,0.0084
3824.999,0.4601,0.0082
3825.879,0.4758,0.0083
3826.760,0.5015,0.0092
3827.641,0.4940,0.0104
3828.523,0.4567,0.0101
3829.405,0.4622,0.0090
3830.287,0.4659,0.0082
3831.168,0.4494,0.0081
3832.051,0.4584,0.0081
3832.933,0.4813,0.0081
3833.816,0.4919,0.0087
3834.699,0.4919,0.0091
3835.582,0.4918,0.0091
3836.465,0.4786,0.0088
3837.349,0.4933,0.0087
3838.233,0.4829,0.0086
3839.116,0.4747,0.0087
3840.000,0.4786,0.0085
3840.885,0.4780,0.0085
3841.769,0.4689,0.0095
3842.654,0.5060,0.0105
3843.539,0.4907,0.0109
3844.424,0.4838,0.0102
3845.309,0.4911,0.0094
3846.195,0.4797,0.0096
3847.080,0.4807,0.0094
3847.966,0.4795,0.0090
3848.852,0.4727,0.0089
3849.739,0.4779,0.0094
3850.625,0.4910,0.0096
3851.512,0.4896,0.0097
3852.399,0.4675,0.0089
3853.286,0.4912,0.0084
3854.173,0.4836,0.0083
3855.061,0.4816,0.0084
3855.949,0.4755,0.0087
3856.837,0.4777,0.0084
3857.725,0.4877,0.0085
3858.613,0.4842,0.0084
3859.502,0.4866,0.0085
3860.391,0.5004,0.0092
3861.280,0.4919,0.0093
3862.169,0.4987,0.0090
3863.058,0.4925,0.0088
3863.948,0.4828,0.0087
3864.838,0.4853,0.0085
3865.728,0.4906,0.0087
3866.618,0.5151,0.0092
3867.509,0.5364,0.0097
3868.399,0.5156,0.0095
3869.290,0.5100,0.0088
3870.181,0.5144,0.0084
3871.072,0.5184,0.0086
3871.964,0.5049,0.0089
3872.855,0.4901,0.0090
3873.747,0.4908,0.0090
3874.639,0.4910,0.0089
3875.531,0.4924,0.0092
3876.424,0.4959,0.0092
3877.316,0.4881,0.0088
3878.209,0.4776,0.0086
3879.103,0.4826,0.0085
3879.996,0.4977,0.0085
3880.890,0.4902,0.0089
3881.783,0.4857,0.0093
3882.677,0.4767,0.0091
3883.571,0.4894,0.0085
3884.465,0.4873,0.0085
3885.360,0.4890,0.0085
3886.255,0.4869,0.0084
3887.150,0.4913,0.0085
3888.045,0.4691,0.0087
3888.940,0.4607,0.0086
3889.836,0.4704,0.0090
3890.731,0.4699,0.0091
3891.627,0.4719,0.0088
3892.524,0.4636,0.0087
3893.420,0.4662,0.0086
3894.317,0.4649,0.0086
3895.213,0.4844,0.0086
3896.111,0.4870,0.0086
3897.008,0.4679,0.0094
3897.905,0.4588,0.0101
3898.803,0.4600,0.0102
3899.701,0.4480,0.0092
3900.598,0.4508,0.0086
3901.497,0.4489,0.0084
3902.396,0.4758,0.0084
3903.294,0.4779,0.0088
3904.193,0.4503,0.0092
3905.092,0.4529,0.0094
3905.991,0.4591,0.0088
3906.891,0.4473,0.0081
3907.790,0.4664,0.0085
3908.690,0.4602,0.0085
3909.591,0.4463,0.0082
3910.491,0.4724,0.0087
3911.391,0.4642,0.0095
3912.292,0.4499,0.0093
3913.193,0.4391,0.0089
3914.094,0.4483,0.0084
3914.996,0.4599,0.0086
3915.897,0.4572,0.0089
3916.799,0.4597,0.0090
3917.701,0.4607,0.0088
3918.603,0.4444,0.0087
3919.505,0.4444,0.0087
3920.408,0.4425,0.0088
3921.311,0.4440,0.0092
3922.214,0.4575,0.0095
3923.117,0.4561,0.0093
3924.020,0.4444,0.0091
3924.924,0.4467,0.0088
3925.828,0.4475,0.0089
3926.732,0.4604,0.0094
3927.636,0.4603,0.0096
3928.541,0.4309,0.0092
3929.446,0.4255,0.0090
3930.350,0.4326,0.0088
3931.256,0.4435,0.0087
3932.161,0.4453,0.0086
3933.066,0.4295,0.0085
3933.972,0.4507,0.0085
3934.878,0.4563,0.0085
3935.784,0.4590,0.0087
3936.690,0.4372,0.0088
3937.597,0.4280,0.0090
3938.504,0.4359,0.0087
3939.411,0.4346,0.0086
3940.318,0.4586,0.0091
3941.225,0.4476,0.0087
3942.133,0.4387,0.0085
3943.041,0.4525,0.0087
3943.949,0.4484,0.0089
3944.857,0.4482,0.0099
3945.765,0.4445,0.0102
3946.674,0.4308,0.0098
3947.583,0.4338,0.0093
3948.492,0.4377,0.0091
3949.401,0.4435,0.0090
3950.311,0.4558,0.0087
3951.221,0.4564,0.0087
3952.130,0.4697,0.0089
3953.041,0.4385,0.0092
3953.951,0.4446,0.0093
3954.861,0.4484,0.0090
3955.772,0.4597,0.0090
3956.683,0.4540,0.0089
3957.594,0.4531,0.0090
3958.506,0.4539,0.0091
3959.417,0.4499,0.0094
3960.329,0.4431,0.0095
3961.241,0.4291,0.0090
3962.153,0.4283,0.0089
3963.066,0.4484,0.0088
3963.978,0.4522,0.0088
3964.891,0.4464,0.0091
3965.804,0.4464,0.0092
3966.718,0.4632,0.0093
3967.631,0.4527,0.0089
3968.545,0.4320,0.0087
3969.458,0.4370,0.0089
3970.373,0.4143,0.0091
3971.287,0.4307,0.0097
3972.201,0.4457,0.0100
3973.116,0.4691,0.0102
3974.031,0.4670,0.0098
3974.946,0.4257,0.0095
3975.862,0.4558,0.0102
3976.777,0.4248,0.0103
3977.693,0.4222,0.0103
3978.609,0.4373,0.0098
3979.525,0.4417,0.0091
3980.442,0.4429,0.0090
3981.358,0.4727,0.0095
3982.275,0.4760,0.0097
3983.192,0.4358,0.0094
3984.109,0.4205,0.0089
3985.027,0.4206,0.0090
3985.945,0.4377,0.0090
3986.863,0.4468,0.0092
3987.781,0.4312,0.0093
3988.699,0.4263,0.0091
3989.617,0.4316,0.0092
3990.536,0.4146,0.0093
3991.455,0.4206,0.0094
3992.374,0.4152,0.0089
3993.294,0.4186,0.0091
3994.213,0.4372,0.0095
3995.133,0.4227,0.0097
3996.053,0.4096,0.0093
3996.973,0.4204,0.0093
3997.894,0.4096,0.0091
3998.815,0.4209,0.0091
3999.736,0.4221,0.0092
4000.656,0.4303,0.0095
4001.578,0.4192,0.0094
4002.499,0.3928,0.0097
4003.421,0.4079,0.0098
4004.343,0.4416,0.0101
4005.265,0.4222,0.0100
4006.188,0.4160,0.0098
4007.110,0.4147,0.0097
4008.033,0.4286,0.0097
4008.956,0.4251,0.0095
4009.879,0.4147,0.0095
4010.802,0.3910,0.0096
4011.726,0.3965,0.0094
4012.650,0.4015,0.0092
4013.574,0.4073,0.0092
4014.498,0.4114,0.0090
4015.422,0.4055,0.0093
4016.347,0.3969,0.0095
4017.272,0.4042,0.0091
4018.197,0.4070,0.0090
4019.123,0.4012,0.0090
4020.048,0.4157,0.0091
4020.974,0.4260,0.0096
4021.900,0.4357,0.0096
4022.826,0.4105,0.0090
4023.752,0.4083,0.0092
4024.679,0.4023,0.0092
4025.606,0.3985,0.0090
4026.533,0.3955,0.0092
4027.460,0.3818,0.0091
4028.388,0.3922,0.0094
4029.315,0.4293,0.0100
4030.243,0.4350,0.0100
4031.171,0.4116,0.0096
4032.100,0.4104,0.0097
4033.029,0.4153,0.0096
4033.957,0.4044,0.0096
4034.886,0.4042,0.0100
4035.815,0.3905,0.0099
4036.745,0.4252,0.0105
4037.674,0.4361,0.0105
4038.604,0.4196,0.0099
4039.534,0.4111,0.0096
4040.464,0.4102,0.0096
4041.395,0.4130,0.0097
4042.325,0.4162,0.0101
4043.256,0.4185,0.0103
4044.187,0.4158,0.0103
4045.119,0.4192,0.0104
4046.050,0.4070,0.0098
4046.982,0.4195,0.0097
4047.914,0.3906,0.0098
4048.846,0.4047,0.0103
4049.778,0.4165,0.0104
4050.711,0.4013,0.0104
4051.644,0.4044,0.0106
4052.577,0.4284,0.0110
4053.510,0.3915,0.0107
4054.444,0.3890,0.0112
4055.377,0.4142,0.0115
4056.311,0.3949,0.0115
4057.245,0.3954,0.0117
4058.179,0.4049,0.0107
4059.114,0.3905,0.0105
4060.049,0.4117,0.0113
4060.984,0.4241,0.0129
4061.919,0.4094,0.0129
4062.855,0.3694,0.0118
4063.790,0.3600,0.0115
4064.726,0.3860,0.0104
4065.662,0.4307,0.0109
4066.598,0.4353,0.0117
4067.535,0.3978,0.0118
4068.471,0.4109,0.0108
4069.408,0.4226,0.0100
4070.346,0.4209,0.0101
4071.283,0.4126,0.0102
4072.220,0.3961,0.0104
4073.158,0.3881,0.0103
4074.096,0.4234,0.0110
4075.034,0.4413,0.0108
4075.973,0.4161,0.0103
4076.911,0.4119,0.0096
4077.850,0.4099,0.0095
4078.789,0.4199,0.0100
4079.729,0.4451,0.0105
4080.668,0.4250,0.0110
4081.608,0.4044,0.0108
4082.548,0.4034,0.0115
4083.488,0.3759,0.0125
4084.428,0.4070,0.0126
4085.369,0.4209,0.0109
4086.310,0.4186,0.0100
4087.251,0.4117,0.0110
4088.192,0.4135,0.0108
4089.133,0.4179,0.0105
4090.075,0.4071,0.0107
4091.017,0.4087,0.0111
4091.959,0.4487,0.0109
4092.901,0.4429,0.0109
4093.844,0.4342,0.0109
4094.786,0.4237,0.0106
4095.729,0.4387,0.0104
4096.673,0.4329,0.0100
4097.616,0.4156,0.0098
4098.560,0.4150,0.0097
4099.503,0.4315,0.0101
4100.448,0.4361,0.0106
4101.392,0.4601,0.0115
4102.336,0.4310,0.0116
4103.281,0.4037,0.0104
4104.226,0.3976,0.0099
4105.171,0.4065,0.0100
4106.116,0.4196,0.0103
4107.062,0.4208,0.0112
4108.008,0.4422,0.0109
4108.954,0.4293,0.0104
4109.900,0.4141,0.0114
4110.847,0.4485,0.0123
4111.793,0.4275,0.0112
4112.740,0.4016,0.0108
4113.687,0.4280,0.0104
4114.635,0.3907,0.0102
4115.582,0.3980,0.0107
4116.530,0.4121,0.0107
4117.478,0.4164,0.0112
4118.426,0.3905,0.0123
4119.375,0.4082,0.0119
4120.323,0.4346,0.0111
4121.272,0.3960,0.0104
4122.221,0.4032,0.0104
4123.170,0.4190,0.0111
4124.120,0.4264,0.0127
4125.069,0.4171,0.0138
4126.020,0.3969,0.0134
4126.970,0.4050,0.0119
4127.920,0.3971,0.0102
4128.871,0.3868,0.0103
4129.821,0.4016,0.0106
4130.772,0.3751,0.0106
4131.724,0.3694,0.0099
4132.675,0.3954,0.0101
4133.627,0.3915,0.0103
4134.579,0.4047,0.0101
4135.531,0.4101,0.0114
4136.483,0.4121,0.0120
4137.436,0.3782,0.0113
4138.388,0.3795,0.0108
4139.341,0.3947,0.0113
4140.295,0.3868,0.0113
4141.248,0.3864,0.0112
4142.202,0.3810,0.0129
4143.156,0.3786,0.0140
4144.110,0.3597,0.0136
4145.064,0.3655,0.0117
4146.019,0.3681,0.0123
4146.974,0.3453,0.0116
4147.929,0.3398,0.0115
4148.884,0.3498,0.0110
4149.839,0.3876,0.0110
4150.795,0.3753,0.0108
4151.750,0.3531,0.0111
4152.707,0.3744,0.0111
4153.663,0.3811,0.0109
4154.620,0.4133,0.0112
4155.576,0.3875,0.0116
4156.534,0.3813,0.0128
4157.491,0.3988,0.0127
4158.448,0.3672,0.0114
4159.406,0.3640,0.0109
4160.363,0.3746,0.0110
4161.321,0.3795,0.0122
4162.280,0.3892,0.0134
4163.238,0.3700,0.0126
4164.197,0.3720,0.0108
4165.156,0.3849,0.0111
4166.115,0.3571,0.0114
4167.075,0.3883,0.0114
4168.034,0.4066,0.0109
4168.994,0.3867,0.0108
4169.954,0.3609,0.0105
4170.914,0.3849,0.0107
4171.875,0.3923,0.0103
4172.835,0.4029,0.0106
4173.796,0.3999,0.0111
4174.758,0.3797,0.0111
4175.719,0.3905,0.0113
4176.681,0.4022,0.0112
4177.643,0.4066,0.0116
4178.604,0.4056,0.0116
4179.567,0.3901,0.0112
4180.529,0.3702,0.0109
4181.492,0.3787,0.0113
4182.455,0.3817,0.0118
4183.418,0.3955,0.0125
4184.381,0.4083,0.0121
4185.345,0.4072,0.0112
4186.309,0.3884,0.0111
4187.273,0.3904,0.0112
4188.237,0.3872,0.0112
4189.202,0.3858,0.0108
4190.166,0.3807,0.0111
4191.131,0.3789,0.0115
4192.097,0.3927,0.0119
4193.062,0.3990,0.0113
4194.027,0.3936,0.0114
4194.993,0.3887,0.0111
4195.959,0.4130,0.0110
4196.926,0.3933,0.0113
4197.892,0.3826,0.0112
4198.859,0.3891,0.0118
4199.826,0.3668,0.0115
4200.792,0.3661,0.0115
4201.760,0.4026,0.0128
4202.728,0.4320,0.0145
4203.696,0.3949,0.0139
4204.664,0.3487,0.0129
4205.632,0.3830,0.0131
4206.601,0.3987,0.0137
4207.569,0.3455,0.0133
4208.538,0.3427,0.0141
4209.507,0.3619,0.0134
4210.477,0.3848,0.0136
4211.446,0.3883,0.0133
4212.416,0.3911,0.0130
4213.386,0.3866,0.0135
4214.356,0.3716,0.0133
4215.327,0.3274,0.0128
4216.297,0.3614,0.0130
4217.269,0.4262,0.0161
4218.240,0.3945,0.0163
4219.211,0.3847,0.0149
4220.183,0.3873,0.0155
4221.155,0.4006,0.0153
4222.127,0.3832,0.0159
4223.099,0.3758,0.0169
4224.071,0.3821,0.0167
4225.044,0.3850,0.0153
4226.018,0.3998,0.0151
4226.990,0.3994,0.0157
4227.964,0.3410,0.0148
4228.938,0.3522,0.0155
4229.911,0.3479,0.0150
4230.885,0.3666,0.0154
4231.860,0.4273,0.0157
4232.834,0.4082,0.0160
4233.809,0.4435,0.0186
4234.784,0.4471,0.0199
4235.759,0.4343,0.0201
4236.735,0.3376,0.0177
4237.710,0.3831,0.0186
4238.686,0.4137,0.0187
4239.662,0.4575,0.0181
4240.639,0.4100,0.0187
4241.615,0.3952,0.0177
4242.592,0.3831,0.0166
4243.569,0.4133,0.0157
4244.546,0.4268,0.0161
4245.524,0.4025,0.0171
4246.501,0.4091,0.0162
4247.479,0.4016,0.0145
4248.457,0.4240,0.0150
4249.436,0.4149,0.0143
4250.415,0.3966,0.0136
4251.393,0.4055,0.0152
4252.372,0.3895,0.0149
4253.352,0.4047,0.0151
4254.331,0.4887,0.0162
4255.311,0.4711,0.0155
4256.291,0.3549,0.0130
4257.271,0.3904,0.0142
4258.251,0.3857,0.0140
4259.231,0.3910,0.0143
4260.212,0.4128,0.0155
4261.194,0.3758,0.0147
4262.175,0.4360,0.0149
4263.156,0.4451,0.0152
4264.138,0.4056,0.0144
4265.120,0.3728,0.0137
4266.102,0.3914,0.0137
4267.085,0.3989,0.0138
4268.067,0.4167,0.0144
4269.050,0.4316,0.0136
4270.033,0.4040,0.0134
4271.017,0.4547,0.0146
4272.000,0.4302,0.0147
4272.984,0.3957,0.0141
4273.968,0.4064,0.0139
4274.952,0.3817,0.0142
4275.937,0.3734,0.0140
4276.921,0.4081,0.0151
4277.906,0.3933,0.0153
4278.892,0.4185,0.0153
4279.876,0.4301,0.0152
4280.862,0.4025,0.0155
4281.848,0.4280,0.0153
4282.834,0.4267,0.0152
4283.820,0.3943,0.0148
4284.807,0.4290,0.0152
4285.793,0.4690,0.0166
4286.781,0.4411,0.0182
4287.768,0.4207,0.0180
4288.755,0.3621,0.0167
4289.743,0.4126,0.0175
4290.730,0.4334,0.0199
4291.719,0.4270,0.0189
4292.707,0.3781,0.0162
4293.696,0.3828,0.0155
4294.685,0.3930,0.0169
4295.673,0.4089,0.0198
4296.663,0.4822,0.0221
4297.652,0.4358,0.0171
4298.642,0.4210,0.0157
4299.631,0.3586,0.0162
4300.622,0.3689,0.0163
4301.612,0.3724,0.0172
4302.603,0.3919,0.0184
4303.594,0.4215,0.0163
4304.584,0.3887,0.0145
4305.576,0.3970,0.0141
4306.567,0.3794,0.0142
4307.559,0.3939,0.0148
4308.551,0.4082,0.0149
4309.543,0.3986,0.0151
4310.536,0.4137,0.0155
4311.528,0.4223,0.0167
4312.521,0.4223,0.0166
4313.515,0.4183,0.0157
4314.508,0.3861,0.0164
4315.501,0.4247,0.0165
4316.495,0.4184,0.0165
4317.489,0.4694,0.0181
4318.483,0.4760,0.0231
4319.478,0.4424,0.0287
4320.473,0.2476,0.0241
4321.467,0.3689,0.0198
4322.463,0.3811,0.0178
4323.458,0.3694,0.0194
4324.454,0.4154,0.0186
4325.450,0.3870,0.0196
4326.446,0.4025,0.0176
4327.442,0.4303,0.0168
4328.438,0.4249,0.0163
4329.436,0.4334,0.0158
4330.432,0.4258,0.0170
4331.430,0.4662,0.0183
4332.427,0.4671,0.0166
4333.425,0.4523,0.0155
4334.422,0.4673,0.0156
4335.421,0.4469,0.0160
4336.419,0.4930,0.0173
4337.418,0.4437,0.0166
4338.417,0.4136,0.0170
4339.416,0.4721,0.0207
4340.415,0.4672,0.0200
4341.415,0.5070,0.0194
4342.414,0.4887,0.0179
4343.414,0.4371,0.0166
4344.415,0.4537,0.0173
4345.415,0.4948,0.0165
4346.416,0.4863,0.0180
4347.417,0.4205,0.0194
4348.418,0.4507,0.0223
4349.419,0.5238,0.0231
4350.421,0.5001,0.0203
4351.422,0.4583,0.0183
4352.425,0.4145,0.0181
4353.427,0.4477,0.0175
4354.430,0.4872,0.0177
4355.432,0.4647,0.0190
4356.436,0.4080,0.0212
4357.438,0.4080,0.0196
4358.442,0.4676,0.0198
4359.446,0.4372,0.0173
4360.449,0.4469,0.0191
4361.454,0.4780,0.0208
4362.458,0.4704,0.0192
4363.463,0.4365,0.0184
4364.467,0.4136,0.0227
4365.473,0.3596,0.0232
4366.478,0.4412,0.0240
4367.483,0.4663,0.0211
4368.489,0.4033,0.0188
4369.495,0.3698,0.0176
4370.501,0.4333,0.0172
4371.508,0.4523,0.0166
4372.514,0.4278,0.0180
4373.521,0.4349,0.0172
4374.529,0.3880,0.0159
4375.536,0.4020,0.0167
4376.543,0.4538,0.0211
4377.552,0.4275,0.0205
4378.560,0.4167,0.0179
4379.568,0.3888,0.0173
4380.577,0.3930,0.0174
4381.585,0.4050,0.0183
4382.594,0.3555,0.0179
4383.604,0.3070,0.0230
4384.613,0.4112,0.0246
4385.623,0.4575,0.0201
4386.633,0.4030,0.0172
4387.643,0.3693,0.0166
4388.653,0.3750,0.0167
4389.664,0.3863,0.0172
4390.675,0.3855,0.0182
4391.686,0.3787,0.0166
4392.697,0.3734,0.0156
4393.708,0.4033,0.0172
4394.720,0.4297,0.0180
4395.732,0.3936,0.0189
4396.745,0.3912,0.0182
4397.757,0.3751,0.0180
4398.770,0.3743,0.0190
4399.783,0.3362,0.0193
4400.796,0.3634,0.0167
4401.810,0.3493,0.0166
4402.823,0.3782,0.0166
4403.837,0.3715,0.0180
4404.852,0.3849,0.0224
4405.866,0.3887,0.0215
4406.880,0.3798,0.0178
4407.896,0.3728,0.0157
4408.910,0.3625,0.0162
4409.926,0.3865,0.0202
4410.941,0.3805,0.0200
4411.957,0.3871,0.0188
4412.973,0.4017,0.0185
4413.989,0.3897,0.0194
4415.005,0.4260,0.0192
4416.022,0.3954,0.0203
4417.040,0.3700,0.0204
4418.057,0.3721,0.0186
4419.074,0.3864,0.0196
4420.091,0.4025,0.0194
4421.109,0.4218,0.0211
4422.127,0.3822,0.0218
4423.146,0.4317,0.0247
4424.164,0.4394,0.0224
4425.183,0.4106,0.0202
4426.202,0.4158,0.0197
4427.222,0.3982,0.0217
4428.241,0.4091,0.0270
4429.261,0.4038,0.0270
4430.281,0.4116,0.0220
4431.301,0.4079,0.0197
4432.321,0.3867,0.0190
4433.342,0.3658,0.0200
4434.363,0.3672,0.0188
4435.384,0.3547,0.0187
4436.406,0.3774,0.0191
4437.427,0.4010,0.0204
4438.449,0.3808,0.0189
4439.471,0.3655,0.0194
4440.494,0.3614,0.0198
4441.517,0.3929,0.0191
4442.539,0.4086,0.0197
4443.562,0.3953,0.0197
4444.585,0.3702,0.0188
4445.609,0.3968,0.0194
4446.633,0.3593,0.0195
4447.657,0.3736,0.0189
4448.681,0.4129,0.0206
4449.705,0.4157,0.0227
4450.730,0.3905,0.0203
4451.755,0.3641,0.0211
4452.780,0.3612,0.0214
4453.806,0.3485,0.0223
4454.832,0.3794,0.0246
4455.857,0.3890,0.0236
4456.883,0.3796,0.0208
4457.910,0.3911,0.0199
4458.936,0.3971,0.0211
4459.963,0.4106,0.0205
4460.990,0.4040,0.0203
4462.018,0.3694,0.0196
4463.045,0.3688,0.0208
4464.073,0.4166,0.0207
4465.101,0.4063,0.0209
4466.129,0.4243,0.0214
4467.157,0.4071,0.0205
4468.186,0.3666,0.0199
4469.215,0.3654,0.0206
4470.244,0.4109,0.0211
4471.274,0.3675,0.0202
4472.303,0.3690,0.0206
4473.333,0.4010,0.0209
4474.364,0.3911,0.0199
4475.394,0.4001,0.0207
4476.424,0.4103,0.0200
4477.455,0.3733,0.0200
4478.487,0.3936,0.0217
4479.518,0.3773,0.0227
4480.549,0.3674,0.0209
4481.581,0.4175,0.0208
4482.613,0.3892,0.0221
4483.646,0.4026,0.0245
4484.678,0.3928,0.0224
4485.711,0.3972,0.0228
4486.744,0.4189,0.0218
4487.777,0.3975,0.0220
4488.811,0.3870,0.0223
4489.844,0.3797,0.0207
4490.878,0.3903,0.0224
4491.913,0.4024,0.0224
4492.947,0.4905,0.0772
4493.981,0.2988,0.0691
4495.016,0.2477,0.0658
4496.052,0.2496,0.0900
4497.087,0.3876,0.0961
4498.122,0.5739,0.0936
4499.158,0.3579,0.0892
4500.194,0.2782,0.0992
4501.230,0.4068,0.1035
4502.267,0.4579,0.0950
4503.304,0.4019,0.0973
4504.341,0.4234,0.0917
4505.378,0.3121,0.0876
4506.416,0.3155,0.0874
4507.454,0.2901,0.0897
4508.492,0.2118,0.0913
4509.530,0.5114,0.1046
4510.568,0.5931,0.1028
4511.607,0.4458,0.0936
4512.646,0.3972,0.1120
4513.685,0.4114,0.0948
4514.725,0.3872,0.1013
4515.765,0.4293,0.1097
4516.804,0.3379,0.1136
4517.844,0.4220,0.1108
4518.885,0.4593,0.1138
4519.925,0.3475,0.1162
4520.966,0.3360,0.1262
4522.007,0.6027,0.1100
4523.049,0.3274,0.1174
4524.090,0.5120,0.1156
4525.132,0.5083,0.1047
4526.174,0.3471,0.1124
4527.217,0.3752,0.0925
4528.259,0.3379,0.0947
4529.302,0.4693,0.0948
4530.345,0.4843,0.0957
4531.388,0.4122,0.0971
4532.432,0.4577,0.1056
4533.476,0.6370,0.1203
4534.520,1.0000,1.0000
4535.563,1.0000,1.0000
4536.608,1.0000,1.0000
4537.652,1.0000,1.0000
4538.698,1.0000,1.0000
4539.743,1.0000,1.0000
4540.789,1.0000,1.0000
4541.834,1.0000,1.0000
4542.880,1.0000,1.0000
4543.926,1.0000,1.0000
4544.972,1.0000,1.0000
4546.019,1.0000,1.0000
4547.066,1.0000,1.0000
4548.113,1.0000,1.0000
4549.161,1.0000,1.0000
4550.208,1.0000,1.0000
4551.256,1.0000,1.0000
4552.304,1.0000,1.0000
4553.353,1.0000,1.0000
4554.401,1.0000,1.0000
4555.450,1.0000,1.0000
4556.499,1.0000,1.0000
4557.548,1.0000,1.0000
4558.598,1.0000,1.0000
4559.647,1.0000,1.0000
4560.697,1.0000,1.0000
4561.748,1.0000,1.0000
4562.798,1.0000,1.0000
4563.849,1.0000,1.0000
4564.900,1.0000,1.0000
4565.951,1.0000,1.0000
4567.002,1.0000,1.0000
4568.055,1.0000,1.0000
4569.106,1.0000,1.0000
4570.158,1.0000,1.0000
4571.211,1.0000,1.0000
4572.263,1.0000,1.0000
4573.316,1.0000,1.0000
4574.370,1.0000,1.0000
4575.423,1.0000,1.0000
4576.477,1.0000,1.0000
4577.531,1.0000,1.0000
4578.585,1.0000,1.0000
4579.639,1.0000,1.0000
4580.693,1.0000,1.0000
4581.749,1.0000,1.0000
4582.804,1.0000,1.0000
4583.859,1.0000,1.0000
4584.915,1.0000,1.0000
4585.970,1.0000,1.0000
4587.027,1.0000,1.0000
4588.083,1.0000,1.0000
4589.139,1.0000,1.0000
4590.196,1.0000,1.0000
4591.253,1.0000,1.0000
4592.311,1.0000,1.0000
4593.368,1.0000,1.0000
4594.426,1.0000,1.0000
4595.484,1.0000,1.0000
4596.542,1.0000,1.0000
4597.601,1.0000,1.0000
4598.660,1.0000,1.0000
4599.718,1.0000,1.0000
4600.778,1.0000,1.0000
4601.837,1.0000,1.0000
4602.897,1.0000,1.0000
4603.957,1.0000,1.0000
4605.017,1.0000,1.0000
4606.078,1.0000,1.0000
4607.138,1.0000,1.0000
4608.199,1.0000,1.0000
4609.260,1.0000,1.0000
4610.322,1.0000,1.0000
4611.384,1.0000,1.0000
4612.445,1.0000,1.0000
4613.508,1.0000,1.0000
4614.570,1.0000,1.0000
4615.633,1.0000,1.0000
4616.696,1.0000,1.0000
4617.759,1.0000,1.0000
4618.822,1.0000,1.0000
4619.886,1.0000,1.0000
4620.950,1.0000,1.0000
4622.014,1.0000,1.0000
4623.078,1.0000,1.0000
4624.143,1.0000,1.0000
4625.208,1.0000,1.0000
4626.273,1.0000,1.0000
4627.338,1.0000,1.0000
4628.404,1.0000,1.0000
4629.470,1.0000,1.0000
4630.536,1.0000,1.0000
4631.603,1.0000,1.0000
4632.669,1.0000,1.0000
4633.735,1.0000,1.0000
4634.803,1.0000,1.0000
4635.870,1.0000,1.0000
4636.938,1.0000,1.0000
4638.006,1.0000,1.0000
4639.074,1.0000,1.0000
4640.142,1.0000,1.0000
4641.210,1.0000,1.0000
4642.279,1.0000,1.0000
4643.348,1.0000,1.0000
4644.417,1.0000,1.0000
4645.487,1.0000,1.0000
4646.557,1.0000,1.0000
4647.627,1.0000,1.0000
4648.697,1.0000,1.0000
4649.768,1.0000,1.0000
4650.839,1.0000,1.0000
4651.909,1.0000,1.0000
4652.981,1.0000,1.0000
4654.052,1.0000,1.0000
4655.124,1.0000,1.0000
4656.196,1.0000,1.0000
4657.269,1.0000,1.0000
4658.341,1.0000,1.0000
4659.414,1.0000,1.0000
4660.487,1.0000,1.0000
4661.560,1.0000,1.0000
4662.633,1.0000,1.0000
4663.707,1.0000,1.0000
4664.781,1.0000,1.0000
4665.855,1.0000,1.0000
4666.930,1.0000,1.0000
4668.004,1.0000,1.0000
4669.080,1.0000,1.0000
4670.155,1.0000,1.0000
4671.230,1.0000,1.0000
4672.306,1.0000,1.0000
4673.382,1.0000,1.0000
4674.458,1.0000,1.0000
4675.534,1.0000,1.0000
4676.611,1.0000,1.0000
4677.688,1.0000,1.0000
4678.766,1.0000,1.0000
4679.843,1.0000,1.0000
4680.920,1.0000,1.0000
4681.999,1.0000,1.0000
4683.077,1.0000,1.0000
4684.155,1.0000,1.0000
4685.233,1.0000,1.0000
4686.312,1.0000,1.0000
4687.392,1.0000,1.0000
4688.471,1.0000,1.0000
4689.551,1.0000,1.0000
4690.631,1.0000,1.0000
4691.711,1.0000,1.0000
4692.792,1.0000,1.0000
4693.872,1.0000,1.0000
4694.953,1.0000,1.0000
4696.034,1.0000,1.0000
4697.116,1.0000,1.0000
4698.198,1.0000,1.0000
4699.279,1.0000,1.0000
4700.362,1.0000,1.0000
4701.444,1.0000,1.0000
4702.527,1.0000,1.0000
4703.609,1.0000,1.0000
4704.692,1.0000,1.0000
4705.776,1.0000,1.0000
4706.860,1.0000,1.0000
4707.944,1.0000,1.0000
4709.028,1.0000,1.0000
4710.112,1.0000,1.0000
4711.197,1.0000,1.0000
4712.282,1.0000,1.0000
4713.367,1.0000,1.0000
4714.453,1.0000,1.0000
4715.538,1.0000,1.0000
4716.624,1.0000,1.0000
4717.710,1.0000,1.0000
4718.796,1.0000,1.0000
4719.883,1.0000,1.0000
4720.970,1.0000,1.0000
4722.057,1.0000,1.0000
4723.145,1.0000,1.0000
4724.232,1.0000,1.0000
4725.320,1.0000,1.0000
4726.409,1.0000,1.0000
4727.497,1.0000,1.0000
4728.585,1.0000,1.0000
4729.675,1.0000,1.0000
4730.764,1.0000,1.0000
4731.853,1.0000,1.0000
4732.943,1.0000,1.0000
4734.033,1.0000,1.0000
4735.123,1.0000,1.0000
4736.213,1.0000,1.0000
4737.304,1.0000,1.0000
4738.395,1.0000,1.0000
4739.486,1.0000,1.0000
4740.577,1.0000,1.0000
4741.669,1.0000,1.0000
4742.761,1.0000,1.0000
4743.853,1.0000,1.0000
4744.946,1.0000,1.0000
4746.038,1.0000,1.0000
4747.131,1.0000,1.0000
4748.225,1.0000,1.0000
4749.318,1.0000,1.0000
4750.412,1.0000,1.0000
4751.505,1.0000,1.0000
4752.600,1.0000,1.0000
4753.694,1.0000,1.0000
4754.789,1.0000,1.0000
4755.884,1.0000,1.0000
4756.979,1.0000,1.0000
4758.075,1.0000,1.0000
4759.170,1.0000,1.0000
4760.267,1.0000,1.0000
4761.363,1.0000,1.0000
4762.459,1.0000,1.0000
4763.556,1.0000,1.0000
4764.653,1.0000,1.0000
4765.750,1.0000,1.0000
4766.847,1.0000,1.0000
4767.945,1.0000,1.0000
4769.043,1.0000,1.0000
4770.142,1.0000,1.0000
4771.240,1.0000,1.0000
4772.339,1.0000,1.0000
4773.438,1.0000,1.0000
4774.537,1.0000,1.0000
4775.637,1.0000,1.0000
4776.736,1.0000,1.0000
4777.836,1.0000,1.0000
4778.937,1.0000,1.0000
4780.037,1.0000,1.0000
4781.138,1.0000,1.0000
4782.239,1.0000,1.0000
4783.340,1.0000,1.0000
4784.442,1.0000,1.0000
4785.543,1.0000,1.0000
4786.646,1.0000,1.0000
4787.748,1.0000,1.0000
4788.851,1.0000,1.0000
4789.953,1.0000,1.0000
4791.056,1.0000,1.0000
4792.159,1.0000,1.0000
4793.263,1.0000,1.0000
4794.367,1.0000,1.0000
4795.471,1.0000,1.0000
4796.575,1.0000,1.0000
4797.680,1.0000,1.0000
4798.784,1.0000,1.0000
4799.890,1.0000,1.0000
4800.995,1.0000,1.0000
4802.101,1.0000,1.0000
4803.207,1.0000,1.0000
4804.312,1.0000,1.0000
4805.419,1.0000,1.0000
4806.526,1.0000,1.0000
4807.632,1.0000,1.0000
4808.739,1.0000,1.0000
4809.847,1.0000,1.0000
4810.955,1.0000,1.0000
4812.062,1.0000,1.0000
4813.170,1.0000,1.0000
4814.279,1.0000,1.0000
4815.388,1.0000,1.0000
4816.497,1.0000,1.0000
4817.606,1.0000,1.0000
4818.715,1.0000,1.0000
4819.825,1.0000,1.0000
4820.935,1.0000,1.0000
4822.045,1.0000,1.0000
4823.155,1.0000,1.0000
4824.266,1.0000,1.0000
4825.377,1.0000,1.0000
4826.488,1.0000,1.0000
4827.600,1.0000,1.0000
4828.711,1.0000,1.0000
4829.823,1.0000,1.0000
4830.936,1.0000,1.0000
4832.048,1.0000,1.0000
4833.161,1.0000,1.0000
4834.274,1.0000,1.0000
4835.387,1.0000,1.0000
4836.501,1.0000,1.0000
4837.614,1.0000,1.0000
4838.729,1.0000,1.0000
4839.843,1.0000,1.0000
4840.957,1.0000,1.0000
4842.072,1.0000,1.0000
4843.187,1.0000,1.0000
4844.302,1.0000,1.0000
4845.418,1.0000,1.0000
4846.534,1.0000,1.0000
4847.650,1.0000,1.0000
4848.767,1.0000,1.0000
4849.883,1.0000,1.0000
4851.000,1.0000,1.0000
4852.117,1.0000,1.0000
4853.234,1.0000,1.0000
4854.352,1.0000,1.0000
4855.470,1.0000,1.0000
4856.588,1.0000,1.0000
4857.706,1.0000,1.0000
4858.825,1.0000,1.0000
4859.944,1.0000,1.0000
4861.063,1.0000,1.0000
4862.183,1.0000,1.0000
4863.302,1.0000,1.0000
4864.422,1.0000,1.0000
4865.542,1.0000,1.0000
4866.663,1.0000,1.0000
4867.783,1.0000,1.0000
4868.904,1.0000,1.0000
4870.026,1.0000,1.0000
4871.147,1.0000,1.0000
4872.269,1.0000,1.0000
4873.391,1.0000,1.0000
4874.514,1.0000,1.0000
4875.636,1.0000,1.0000
4876.758,1.0000,1.0000
4877.881,1.0000,1.0000
4879.005,1.0000,1.0000
4880.128,1.0000,1.0000
4881.252,1.0000,1.0000
4882.376,1.0000,1.0000
4883.500,1.0000,1.0000
4884.625,1.0000,1.0000
4885.750,1.0000,1.0000
4886.875,1.0000,1.0000
4888.000,1.0000,1.0000
4889.126,1.0000,1.0000
4890.252,1.0000,1.0000
4891.378,1.0000,1.0000
4892.505,1.0000,1.0000
4893.631,1.0000,1.0000
4894.758,1.0000,1.0000
4895.886,1.0000,1.0000
4897.013,1.0000,1.0000
4898.141,1.0000,1.0000
4899.269,1.0000,1.0000
4900.397,1.0000,1.0000
4901.525,1.0000,1.0000
4902.654,1.0000,1.0000
4903.783,1.0000,1.0000
4904.912,1.0000,1.0000
4906.042,1.0000,1.0000
4907.171,1.0000,1.0000
4908.302,1.0000,1.0000
4909.432,1.0000,1.0000
4910.563,1.0000,1.0000
4911.693,1.0000,1.0000
4912.825,1.0000,1.0000
4913.956,1.0000,1.0000
4915.088,1.0000,1.0000
4916.220,1.0000,1.0000
4917.352,1.0000,1.0000
4918.484,1.0000,1.0000
4919.617,1.0000,1.0000
4920.750,1.0000,1.0000
4921.883,1.0000,1.0000
4923.016,1.0000,1.0000
4924.150,1.0000,1.0000
4925.284,1.0000,1.0000
4926.418,1.0000,1.0000
4927.552,1.0000,1.0000
4928.688,1.0000,1.0000
4929.822,1.0000,1.0000
4930.958,1.0000,1.0000
4932.093,1.0000,1.0000
4933.229,1.0000,1.0000
4934.365,1.0000,1.0000
4935.501,1.0000,1.0000
4936.638,1.0000,1.0000
4937.775,1.0000,1.0000
4938.912,1.0000,1.0000
4940.049,1.0000,1.0000
4941.187,1.0000,1.0000
4942.325,1.0000,1.0000
4943.463,1.0000,1.0000
4944.601,1.0000,1.0000
4945.740,1.0000,1.0000
4946.878,1.0000,1.0000
4948.018,1.0000,1.0000
4949.158,1.0000,1.0000
4950.297,1.0000,1.0000
4951.437,1.0000,1.0000
4952.577,1.0000,1.0000
4953.718,1.0000,1.0000
4954.858,1.0000,1.0000
4956.000,1.0000,1.0000
4957.141,1.0000,1.0000
4958.282,1.0000,1.0000
4959.424,1.0000,1.0000
4960.566,1.0000,1.0000
4961.708,1.0000,1.0000
4962.851,1.0000,1.0000
4963.994,1.0000,1.0000
4965.137,1.0000,1.0000
4966.281,1.0000,1.0000
4967.424,1.0000,1.0000
4968.568,1.0000,1.0000
4969.712,1.0000,1.0000
4970.856,1.0000,1.0000
4972.001,1.0000,1.0000
4973.147,1.0000,1.0000
4974.292,1.0000,1.0000
4975.438,1.0000,1.0000
4976.583,1.0000,1.0000
4977.729,1.0000,1.0000
4978.875,1.0000,1.0000
4980.021,1.0000,1.0000
4981.169,1.0000,1.0000
4982.316,1.0000,1.0000
4983.463,1.0000,1.0000
4984.611,1.0000,1.0000
4985.758,1.0000,1.0000
4986.907,1.0000,1.0000
4988.055,1.0000,1.0000
4989.204,1.0000,1.0000
4990.353,1.0000,1.0000
4991.502,1.0000,1.0000
4992.651,1.0000,1.0000
4993.801,1.0000,1.0000
4994.951,1.0000,1.0000
4996.102,1.0000,1.0000
4997.252,1.0000,1.0000
4998.403,1.0000,1.0000
4999.554,1.0000,1.0000
5000.705,1.0000,1.0000
5001.856,1.0000,1.0000
5003.009,1.0000,1.0000
5004.161,1.0000,1.0000
5005.313,1.0000,1.0000
5006.466,1.0000,1.0000
5007.619,1.0000,1.0000
5008.772,1.0000,1.0000
5009.925,1.0000,1.0000
5011.079,1.0000,1.0000
5012.233,1.0000,1.0000
5013.388,1.0000,1.0000
5014.542,1.0000,1.0000
5015.696,1.0000,1.0000
5016.852,1.0000,1.0000
5018.007,1.0000,1.0000
5019.162,1.0000,1.0000
5020.318,1.0000,1.0000
5021.474,1.0000,1.0000
5022.631,1.0000,1.0000
5023.787,1.0000,1.0000
5024.944,1.0000,1.0000
5026.102,1.0000,1.0000
5027.259,1.0000,1.0000
5028.417,1.0000,1.0000
5029.575,1.0000,1.0000
5030.733,1.0000,1.0000
5031.891,1.0000,1.0000
5033.050,1.0000,1.0000
5034.209,1.0000,1.0000
5035.369,1.0000,1.0000
5036.528,1.0000,1.0000
5037.688,1.0000,1.0000
5038.848,1.0000,1.0000
5040.008,1.0000,1.0000
5041.169,1.0000,1.0000
5042.330,1.0000,1.0000
5043.491,1.0000,1.0000
5044.653,1.0000,1.0000
5045.814,1.0000,1.0000
5046.977,1.0000,1.0000
5048.138,1.0000,1.0000
5049.301,1.0000,1.0000
5050.464,1.0000,1.0000
5051.627,1.0000,1.0000
5052.790,1.0000,1.0000
5053.954,1.0000,1.0000
5055.118,1.0000,1.0000
5056.282,1.0000,1.0000
5057.446,1.0000,1.0000
5058.610,1.0000,1.0000
5059.775,1.0000,1.0000
5060.941,1.0000,1.0000
5062.106,1.0000,1.0000
5063.272,1.0000,1.0000
5064.438,1.0000,1.0000
5065.604,1.0000,1.0000
5066.771,1.0000,1.0000
5067.938,1.0000,1.0000
5069.104,1.0000,1.0000
5070.272,1.0000,1.0000
5071.439,1.0000,1.0000
5072.607,1.0000,1.0000
5073.776,1.0000,1.0000
5074.944,1.0000,1.0000
5076.113,1.0000,1.0000
5077.282,1.0000,1.0000
5078.451,1.0000,1.0000
5079.620,1.0000,1.0000
5080.790,1.0000,1.0000
5081.960,1.0000,1.0000
5083.130,1.0000,1.0000
5084.301,1.0000,1.0000
5085.472,1.0000,1.0000
5086.643,1.0000,1.0000
5087.814,1.0000,1.0000
5088.986,1.0000,1.0000
5090.158,1.0000,1.0000
5091.330,1.0000,1.0000
5092.502,1.0000,1.0000
5093.675,1.0000,1.0000
5094.849,1.0000,1.0000
5096.021,1.0000,1.0000
5097.195,1.0000,1.0000
5098.369,1.0000,1.0000
5099.543,1.0000,1.0000
5100.717,1.0000,1.0000
5101.892,1.0000,1.0000
5103.067,1.0000,1.0000
5104.242,1.0000,1.0000
5105.417,1.0000,1.0000
5106.593,1.0000,1.0000
5107.769,1.0000,1.0000
5108.945,1.0000,1.0000
5110.122,1.0000,1.0000
5111.298,1.0000,1.0000
5112.476,1.0000,1.0000
5113.653,1.0000,1.0000
5114.831,1.0000,1.0000
5116.008,1.0000,1.0000
5117.187,1.0000,1.0000
5118.365,1.0000,1.0000
5119.544,1.0000,1.0000
5120.723,1.0000,1.0000
5121.902,1.0000,1.0000
5123.082,1.0000,1.0000
5124.261,1.0000,1.0000
5125.441,1.0000,1.0000
5126.622,1.0000,1.0000
5127.802,1.0000,1.0000
5128.983,1.0000,1.0000
5130.164,1.0000,1.0000
5131.345,1.0000,1.0000
5132.527,1.0000,1.0000
5133.709,1.0000,1.0000
5134.891,1.0000,1.0000
5136.074,1.0000,1.0000
5137.256,1.0000,1.0000
5138.439,1.0000,1.0000
5139.623,1.0000,1.0000
5140.806,1.0000,1.0000
5141.990,1.0000,1.0000
5143.174,1.0000,1.0000
5144.359,1.0000,1.0000
5145.543,1.0000,1.0000
5146.729,1.0000,1.0000
5147.914,1.0000,1.0000
5149.099,1.0000,1.0000
5150.285,1.0000,1.0000
5151.471,1.0000,1.0000
5152.657,1.0000,1.0000
5153.844,1.0000,1.0000
5155.030,1.0000,1.0000
5156.218,1.0000,1.0000
5157.405,1.0000,1.0000
5158.593,1.0000,1.0000
5159.781,1.0000,1.0000
5160.969,1.0000,1.0000
5162.158,1.0000,1.0000
5163.346,1.0000,1.0000
5164.535,1.0000,1.0000
5165.725,1.0000,1.0000
5166.915,1.0000,1.0000
5168.104,1.0000,1.0000
5169.294,1.0000,1.0000
5170.485,1.0000,1.0000
5171.675,1.0000,1.0000
5172.866,1.0000,1.0000
5174.058,1.0000,1.0000
5175.249,1.0000,1.0000
5176.441,1.0000,1.0000
5177.633,1.0000,1.0000
5178.825,1.0000,1.0000
5180.018,1.0000,1.0000
5181.210,1.0000,1.0000
5182.404,1.0000,1.0000
5183.597,1.0000,1.0000
5184.791,1.0000,1.0000
5185.985,1.0000,1.0000
5187.180,1.0000,1.0000
5188.374,1.0000,1.0000
5189.568,1.0000,1.0000
5190.764,1.0000,1.0000
5191.959,1.0000,1.0000
5193.154,1.0000,1.0000
5194.350,1.0000,1.0000
5195.546,1.0000,1.0000
5196.743,1.0000,1.0000
5197.940,1.0000,1.0000
5199.137,1.0000,1.0000
5200.334,1.0000,1.0000
5201.532,1.0000,1.0000
5202.729,1.0000,1.0000
5203.928,1.0000,1.0000
5205.126,1.0000,1.0000
5206.325,1.0000,1.0000
5207.523,1.0000,1.0000
5208.723,1.0000,1.0000
5209.922,1.0000,1.0000
5211.122,1.0000,1.0000
5212.322,1.0000,1.0000
5213.522,1.0000,1.0000
5214.723,1.0000,1.0000
5215.924,1.0000,1.0000
5217.125,1.0000,1.0000
5218.327,1.0000,1.0000
5219.528,1.0000,1.0000
5220.730,1.0000,1.0000
5221.933,1.0000,1.0000
5223.135,1.0000,1.0000
5224.338,1.0000,1.0000
5225.541,1.0000,1.0000
5226.744,1.0000,1.0000
5227.948,1.0000,1.0000
5229.152,1.0000,1.0000
5230.356,1.0000,1.0000
5231.561,1.0000,1.0000
5232.765,1.0000,1.0000
5233.971,1.0000,1.0000
5235.175,1.0000,1.0000
5236.381,1.0000,1.0000
5237.587,1.0000,1.0000
5238.793,1.0000,1.0000
5240.000,1.0000,1.0000
5241.206,1.0000,1.0000
5242.413,1.0000,1.0000
5243.621,1.0000,1.0000
5244.828,1.0000,1.0000
5246.036,1.0000,1.0000
5247.244,1.0000,1.0000
5248.452,1.0000,1.0000
5249.661,1.0000,1.0000
5250.870,1.0000,1.0000
5252.079,1.0000,1.0000
5253.289,1.0000,1.0000
5254.499,1.0000,1.0000
5255.708,1.0000,1.0000
5256.918,1.0000,1.0000
5258.129,1.0000,1.0000
5259.340,1.0000,1.0000
5260.551,1.0000,1.0000
5261.763,1.0000,1.0000
5262.974,1.0000,1.0000
5264.187,1.0000,1.0000
5265.398,1.0000,1.0000
5266.611,1.0000,1.0000
5267.824,1.0000,1.0000
5269.037,1.0000,1.0000
5270.250,1.0000,1.0000
5271.464,1.0000,1.0000
5272.678,1.0000,1.0000
5273.892,1.0000,1.0000
5275.107,1.0000,1.0000
5276.322,1.0000,1.0000
5277.536,1.0000,1.0000
5278.752,1.0000,1.0000
5279.967,1.0000,1.0000
5281.183,1.0000,1.0000
5282.399,1.0000,1.0000
5283.616,1.0000,1.0000
5284.833,1.0000,1.0000
5286.050,1.0000,1.0000
5287.268,1.0000,1.0000
5288.485,1.0000,1.0000
5289.703,1.0000,1.0000
5290.920,1.0000,1.0000
5292.139,1.0000,1.0000
5293.358,1.0000,1.0000
5294.577,1.0000,1.0000
5295.796,1.0000,1.0000
5297.016,1.0000,1.0000
5298.235,1.0000,1.0000
5299.456,1.0000,1.0000
5300.676,1.0000,1.0000
5301.896,1.0000,1.0000
5303.118,1.0000,1.0000
5304.339,1.0000,1.0000
5305.561,1.0000,1.0000
5306.782,1.0000,1.0000
5308.004,1.0000,1.0000
5309.226,1.0000,1.0000
5310.449,1.0000,1.0000
5311.672,1.0000,1.0000
5312.895,1.0000,1.0000
5314.119,1.0000,1.0000
5315.343,1.0000,1.0000
5316.566,1.0000,1.0000
5317.791,1.0000,1.0000
5319.016,1.0000,1.0000
5320.240,1.0000,1.0000
5321.466,1.0000,1.0000
5322.691,1.0000,1.0000
5323.917,1.0000,1.0000
5325.143,1.0000,1.0000
5326.369,1.0000,1.0000
5327.596,1.0000,1.0000
5328.822,1.0000,1.0000
5330.049,1.0000,1.0000
5331.277,1.0000,1.0000
5332.505,1.0000,1.0000
5333.732,1.0000,1.0000
5334.961,1.0000,1.0000
5336.189,1.0000,1.0000
5337.418,1.0000,1.0000
5338.648,1.0000,1.0000
5339.877,1.0000,1.0000
5341.106,1.0000,1.0000
5342.337,1.0000,1.0000
5343.567,1.0000,1.0000
5344.797,1.0000,1.0000
5346.028,1.0000,1.0000
5347.259,1.0000,1.0000
5348.491,1.0000,1.0000
5349.723,1.0000,1.0000
5350.955,1.0000,1.0000
5352.187,1.0000,1.0000
5353.419,1.0000,1.0000
5354.652,1.0000,1.0000
5355.885,1.0000,1.0000
5357.118,1.0000,1.0000
5358.352,1.0000,1.0000
5359.586,1.0000,1.0000
5360.820,1.0000,1.0000
5362.055,1.0000,1.0000
5363.290,1.0000,1.0000
5364.525,1.0000,1.0000
5365.760,1.0000,1.0000
5366.996,1.0000,1.0000
5368.231,1.0000,1.0000
5369.468,1.0000,1.0000
5370.705,1.0000,1.0000
5371.941,1.0000,1.0000
5373.179,1.0000,1.0000
5374.416,1.0000,1.0000
5375.653,1.0000,1.0000
5376.891,1.0000,1.0000
5378.129,1.0000,1.0000
5379.368,1.0000,1.0000
5380.607,1.0000,1.0000
5381.846,1.0000,1.0000
5383.085,1.0000,1.0000
5384.325,1.0000,1.0000
5385.564,1.0000,1.0000
5386.805,1.0000,1.0000
5388.045,1.0000,1.0000
5389.286,1.0000,1.0000
5390.527,1.0000,1.0000
5391.769,1.0000,1.0000
5393.010,1.0000,1.0000
5394.252,1.0000,1.0000
5395.495,1.0000,1.0000
5396.737,1.0000,1.0000
5397.979,1.0000,1.0000
5399.223,1.0000,1.0000
5400.466,1.0000,1.0000
5401.709,1.0000,1.0000
5402.954,1.0000,1.0000
5404.198,1.0000,1.0000
5405.442,1.0000,1.0000
5406.688,1.0000,1.0000
5407.933,1.0000,1.0000
5409.178,1.0000,1.0000
5410.423,1.0000,1.0000
5411.669,1.0000,1.0000
5412.916,1.0000,1.0000
5414.162,1.0000,1.0000
5415.409,1.0000,1.0000
5416.656,1.0000,1.0000
5417.903,1.0000,1.0000
5419.151,1.0000,1.0000
5420.399,1.0000,1.0000
5421.647,1.0000,1.0000
5422.896,1.0000,1.0000
5424.145,1.0000,1.0000
5425.394,1.0000,1.0000
5426.643,1.0000,1.0000
5427.893,1.0000,1.0000
5429.143,1.0000,1.0000
5430.393,1.0000,1.0000
5431.644,1.0000,1.0000
5432.895,1.0000,1.0000
5434.145,1.0000,1.0000
5435.397,1.0000,1.0000
5436.648,1.0000,1.0000
5437.901,1.0000,1.0000
5439.152,1.0000,1.0000
5440.405,1.0000,1.0000
5441.658,1.0000,1.0000
5442.911,1.0000,1.0000
5444.165,1.0000,1.0000
5445.418,1.0000,1.0000
5446.672,1.0000,1.0000
5447.927,1.0000,1.0000
5449.181,1.0000,1.0000
5450.436,1.0000,1.0000
5451.691,1.0000,1.0000
5452.947,1.0000,1.0000
5454.202,1.0000,1.0000
5455.458,1.0000,1.0000
5456.715,1.0000,1.0000
5457.971,1.0000,1.0000
5459.229,1.0000,1.0000
5460.485,1.0000,1.0000
5461.743,1.0000,1.0000
5463.000,1.0000,1.0000
5464.259,1.0000,1.0000
5465.517,1.0000,1.0000
5466.775,1.0000,1.0000
5468.035,1.0000,1.0000
5469.294,1.0000,1.0000
5470.554,1.0000,1.0000
5471.813,1.0000,1.0000
5473.073,1.0000,1.0000
5474.333,1.0000,1.0000
5475.594,1.0000,1.0000
5476.855,1.0000,1.0000
5478.116,1.0000,1.0000
5479.378,1.0000,1.0000
5480.640,1.0000,1.0000
5481.902,1.0000,1.0000
5483.164,1.0000,1.0000
5484.427,1.0000,1.0000
5485.689,1.0000,1.0000
5486.953,1.0000,1.0000
5488.217,1.0000,1.0000
5489.480,1.0000,1.0000
5490.745,1.0000,1.0000
5492.009,1.0000,1.0000
5493.274,1.0000,1.0000
5494.539,1.0000,1.0000
5495.804,1.0000,1.0000
5497.070,1.0000,1.0000
5498.336,1.0000,1.0000
5499.602,1.0000,1.0000
5500.868,1.0000,1.0000
5502.135,1.0000,1.0000
5503.402,1.0000,1.0000
5504.669,1.0000,1.0000
5505.937,1.0000,1.0000
5507.205,1.0000,1.0000
5508.473,1.0000,1.0000
5509.742,1.0000,1.0000
5511.011,1.0000,1.0000
5512.280,1.0000,1.0000
5513.549,1.0000,1.0000
5514.819,1.0000,1.0000
5516.089,1.0000,1.0000
5517.359,1.0000,1.0000
5518.629,1.0000,1.0000
5519.900,1.0000,1.0000
5521.172,1.0000,1.0000
5522.443,1.0000,1.0000
5523.715,1.0000,1.0000
5524.987,1.0000,1.0000
5526.259,1.0000,1.0000
5527.532,1.0000,1.0000
5528.805,1.0000,1.0000
5530.078,1.0000,1.0000
5531.352,1.0000,1.0000
5532.625,1.0000,1.0000
5533.899,1.0000,1.0000
5535.174,1.0000,1.0000
5536.448,1.0000,1.0000
5537.723,1.0000,1.0000
5538.999,1.0000,1.0000
5540.274,1.0000,1.0000
5541.550,1.0000,1.0000
5542.826,1.0000,1.0000
5544.103,1.0000,1.0000
5545.379,1.0000,1.0000
5546.656,1.0000,1.0000
5547.934,1.0000,1.0000
5549.211,1.0000,1.0000
5550.489,1.0000,1.0000
5551.767,1.0000,1.0000
5553.046,1.0000,1.0000
5554.325,1.0000,1.0000
5555.604,1.0000,1.0000
5556.883,1.0000,1.0000
5558.163,1.0000,1.0000
5559.443,1.0000,1.0000
5560.723,1.0000,1.0000
5562.003,1.0000,1.0000
5563.284,1.0000,1.0000
5564.565,1.0000,1.0000
5565.847,1.0000,1.0000
5567.128,1.0000,1.0000
5568.411,1.0000,1.0000
5569.693,1.0000,1.0000
5570.976,1.0000,1.0000
5572.258,1.0000,1.0000
5573.542,1.0000,1.0000
5574.825,1.0000,1.0000
5576.109,1.0000,1.0000
5577.393,1.0000,1.0000
5578.677,1.0000,1.0000
5579.962,1.0000,1.0000
5581.248,1.0000,1.0000
5582.533,1.0000,1.0000
5583.818,1.0000,1.0000
5585.104,1.0000,1.0000
5586.390,1.0000,1.0000
5587.677,1.0000,1.0000
5588.963,1.0000,1.0000
5590.250,1.0000,1.0000
5591.538,1.0000,1.0000
5592.825,1.0000,1.0000
5594.113,1.0000,1.0000
5595.401,1.0000,1.0000
5596.690,1.0000,1.0000
5597.979,1.0000,1.0000
5599.268,1.0000,1.0000
5600.558,1.0000,1.0000
5601.847,1.0000,1.0000
5603.137,1.0000,1.0000
5604.427,1.0000,1.0000
5605.718,1.0000,1.0000
5607.009,1.0000,1.0000
5608.300,1.0000,1.0000
5609.592,1.0000,1.0000
5610.883,1.0000,1.0000
5612.175,1.0000,1.0000
5613.468,1.0000,1.0000
5614.761,1.0000,1.0000
5616.054,1.0000,1.0000
5617.347,1.0000,1.0000
5618.641,1.0000,1.0000
5619.934,1.0000,1.0000
5621.229,1.0000,1.0000
5622.523,1.0000,1.0000
5623.818,1.0000,1.0000
5625.113,1.0000,1.0000
5626.409,1.0000,1.0000
5627.704,1.0000,1.0000
5629.000,1.0000,1.0000
5630.296,1.0000,1.0000
5631.593,1.0000,1.0000
5632.890,1.0000,1.0000
5634.187,1.0000,1.0000
5635.484,1.0000,1.0000
5636.782,1.0000,1.0000
5638.080,1.0000,1.0000
5639.379,1.0000,1.0000
5640.677,1.0000,1.0000
5641.976,1.0000,1.0000
5643.275,1.0000,1.0000
5644.575,1.0000,1.0000
5645.875,1.0000,1.0000
5647.175,1.0000,1.0000
5648.476,1.0000,1.0000
5649.776,1.0000,1.0000
5651.077,1.0000,1.0000
5652.378,1.0000,1.0000
5653.680,1.0000,1.0000
5654.982,1.0000,1.0000
5656.284,1.0000,1.0000
5657.587,1.0000,1.0000
5658.890,1.0000,1.0000
5660.193,1.0000,1.0000
5661.497,1.0000,1.0000
5662.800,1.0000,1.0000
5664.104,1.0000,1.0000
5665.409,1.0000,1.0000
5666.713,1.0000,1.0000
5668.018,1.0000,1.0000
5669.324,1.0000,1.0000
5670.629,1.0000,1.0000
5671.935,1.0000,1.0000
5673.241,1.0000,1.0000
5674.547,1.0000,1.0000
5675.854,1.0000,1.0000
5677.161,1.0000,1.0000
5678.469,1.0000,1.0000
5679.776,1.0000,1.0000
5681.084,1.0000,1.0000
5682.393,1.0000,1.0000
5683.702,1.0000,1.0000
5685.010,1.0000,1.0000
5686.319,1.0000,1.0000
5687.629,1.0000,1.0000
5688.938,1.0000,1.0000
5690.249,1.0000,1.0000
5691.559,1.0000,1.0000
5692.870,1.0000,1.0000
5694.181,1.0000,1.0000
5695.492,1.0000,1.0000
5696.804,1.0000,1.0000
5698.115,1.0000,1.0000
5699.428,1.0000,1.0000
5700.740,1.0000,1.0000
5702.053,1.0000,1.0000
5703.366,1.0000,1.0000
5704.680,1.0000,1.0000
5705.993,1.0000,1.0000
5707.307,1.0000,1.0000
5708.622,1.0000,1.0000
5709.936,1.0000,1.0000
5711.251,1.0000,1.0000
5712.566,1.0000,1.0000
5713.882,1.0000,1.0000
5715.198,1.0000,1.0000
5716.514,1.0000,1.0000
5717.831,1.0000,1.0000
5719.147,1.0000,1.0000
5720.464,1.0000,1.0000
5721.781,1.0000,1.0000
5723.099,1.0000,1.0000
5724.417,1.0000,1.0000
5725.735,1.0000,1.0000
5727.054,1.0000,1.0000
5728.373,1.0000,1.0000
5729.691,1.0000,1.0000
5731.011,1.0000,1.0000
5732.331,1.0000,1.0000
5733.651,1.0000,1.0000
5734.972,1.0000,1.0000
5736.292,1.0000,1.0000
5737.613,1.0000,1.0000
5738.935,1.0000,1.0000
5740.256,1.0000,1.0000
5741.578,1.0000,1.0000
5742.900,1.0000,1.0000
5744.222,1.0000,1.0000
5745.545,1.0000,1.0000
5746.868,1.0000,1.0000
5748.191,1.0000,1.0000
5749.515,1.0000,1.0000
5750.839,1.0000,1.0000
5752.164,1.0000,1.0000
5753.489,1.0000,1.0000
5754.813,1.0000,1.0000
5756.139,1.0000,1.0000
5757.464,1.0000,1.0000
5758.790,1.0000,1.0000
5760.116,1.0000,1.0000
5761.443,1.0000,1.0000
5762.770,1.0000,1.0000
5764.097,1.0000,1.0000
5765.424,1.0000,1.0000
5766.751,1.0000,1.0000
5768.080,1.0000,1.0000
5769.408,1.0000,1.0000
5770.736,1.0000,1.0000
5772.065,1.0000,1.0000
5773.395,1.0000,1.0000
5774.725,1.0000,1.0000
5776.054,1.0000,1.0000
5777.384,1.0000,1.0000
5778.715,1.0000,1.0000
5780.045,1.0000,1.0000
5781.376,1.0000,1.0000
5782.708,1.0000,1.0000
5784.040,1.0000,1.0000
5785.372,1.0000,1.0000
5786.704,1.0000,1.0000
5788.036,1.0000,1.0000
5789.369,1.0000,1.0000
5790.703,1.0000,1.0000
5792.036,1.0000,1.0000
5793.370,1.0000,1.0000
5794.704,1.0000,1.0000
5796.038,1.0000,1.0000
5797.373,1.0000,1.0000
5798.708,1.0000,1.0000
5800.043,1.0000,1.0000
5801.379,1.0000,1.0000
5802.715,1.0000,1.0000
5804.051,1.0000,1.0000
5805.388,1.0000,1.0000
5806.725,1.0000,1.0000
5808.062,1.0000,1.0000
5809.399,1.0000,1.0000
5810.738,1.0000,1.0000
5812.076,1.0000,1.0000
5813.414,1.0000,1.0000
5814.752,1.0000,1.0000
5816.092,1.0000,1.0000
5817.431,1.0000,1.0000
5818.771,1.0000,1.0000
5820.110,1.0000,1.0000
5821.451,1.0000,1.0000
5822.792,1.0000,1.0000
5824.132,1.0000,1.0000
5825.474,1.0000,1.0000
5826.815,1.0000,1.0000
5828.157,1.0000,1.0000
5829.499,1.0000,1.0000
5830.842,1.0000,1.0000
5832.185,1.0000,1.0000
5833.527,1.0000,1.0000
5834.871,1.0000,1.0000
5836.214,1.0000,1.0000
5837.559,1.0000,1.0000
5838.903,1.0000,1.0000
5840.247,1.0000,1.0000
5841.592,1.0000,1.0000
5842.938,1.0000,1.0000
5844.283,1.0000,1.0000
5845.629,1.0000,1.0000
5846.975,1.0000,1.0000
5848.322,1.0000,1.0000
5849.668,1.0000,1.0000
5851.016,1.0000,1.0000
5852.363,1.0000,1.0000
5853.710,1.0000,1.0000
5855.059,1.0000,1.0000
5856.407,1.0000,1.0000
5857.756,1.0000,1.0000
5859.104,1.0000,1.0000
5860.454,1.0000,1.0000
5861.803,1.0000,1.0000
5863.153,1.0000,1.0000
5864.503,1.0000,1.0000
5865.854,1.0000,1.0000
5867.205,1.0000,1.0000
5868.556,1.0000,1.0000
5869.908,1.0000,1.0000
5871.259,1.0000,1.0000
5872.611,1.0000,1.0000
5873.963,1.0000,1.0000
5875.316,1.0000,1.0000
5876.669,1.0000,1.0000
5878.022,1.0000,1.0000
5879.376,1.0000,1.0000
5880.730,1.0000,1.0000
5882.084,1.0000,1.0000
5883.439,1.0000,1.0000
5884.794,1.0000,1.0000
5886.149,1.0000,1.0000
5887.504,1.0000,1.0000
5888.860,1.0000,1.0000
5890.216,1.0000,1.0000
5891.573,1.0000,1.0000
5892.929,1.0000,1.0000
5894.287,1.0000,1.0000
5895.644,1.0000,1.0000
5897.001,1.0000,1.0000
5898.359,1.0000,1.0000
5899.718,1.0000,1.0000
5901.077,1.0000,1.0000
5902.436,1.0000,1.0000
5903.794,1.0000,1.0000
5905.154,1.0000,1.0000
5906.514,1.0000,1.0000
5907.874,1.0000,1.0000
5909.234,1.0000,1.0000
5910.596,1.0000,1.0000
5911.957,1.0000,1.0000
5913.318,1.0000,1.0000
5914.680,1.0000,1.0000
5916.042,1.0000,1.0000
5917.405,1.0000,1.0000
5918.767,1.0000,1.0000
5920.130,1.0000,1.0000
5921.493,1.0000,1.0000
5922.857,1.0000,1.0000
5924.221,1.0000,1.0000
5925.585,1.0000,1.0000
5926.950,1.0000,1.0000
5928.315,1.0000,1.0000
5929.680,1.0000,1.0000
5931.045,1.0000,1.0000
5932.411,1.0000,1.0000
5933.777,1.0000,1.0000
5935.144,1.0000,1.0000
5936.510,1.0000,1.0000
5937.878,1.0000,1.0000
5939.245,1.0000,1.0000
5940.613,1.0000,1.0000
5941.981,1.0000,1.0000
5943.349,1.0000,1.0000
5944.718,1.0000,1.0000
5946.087,1.0000,1.0000
5947.456,1.0000,1.0000
5948.826,1.0000,1.0000
5950.195,1.0000,1.0000
5951.566,1.0000,1.0000
5952.937,1.0000,1.0000
5954.307,1.0000,1.0000
5955.678,1.0000,1.0000
5957.050,1.0000,1.0000
5958.422,1.0000,1.0000
5959.794,1.0000,1.0000
5961.167,1.0000,1.0000
5962.539,1.0000,1.0000
5963.912,1.0000,1.0000
5965.286,1.0000,1.0000
5966.659,1.0000,1.0000
5968.034,1.0000,1.0000
5969.408,1.0000,1.0000
5970.782,1.0000,1.0000
5972.157,1.0000,1.0000
5973.533,1.0000,1.0000
5974.909,1.0000,1.0000
5976.285,1.0000,1.0000
5977.661,1.0000,1.0000
5979.037,1.0000,1.0000
5980.414,1.0000,1.0000
5981.791,1.0000,1.0000
5983.169,1.0000,1.0000
5984.546,1.0000,1.0000
5985.925,1.0000,1.0000
5987.303,1.0000,1.0000
5988.682,1.0000,1.0000
5990.061,1.0000,1.0000
5991.440,1.0000,1.0000
5992.820,1.0000,1.0000
5994.200,1.0000,1.0000
5995.581,1.0000,1.0000
5996.961,1.0000,1.0000
5998.342,1.0000,1.0000
5999.724,1.0000,1.0000
6001.105,1.0000,1.0000
6002.487,1.0000,1.0000
6003.870,1.0000,1.0000
6005.252,1.0000,1.0000
6006.635,1.0000,1.0000
6008.018,1.0000,1.0000
6009.402,1.0000,1.0000
6010.786,1.0000,1.0000
6012.170,1.0000,1.0000
6013.555,1.0000,1.0000
6014.939,1.0000,1.0000
6016.324,1.0000,1.0000
6017.710,1.0000,1.0000
6019.096,1.0000,1.0000
6020.482,1.0000,1.0000
6021.868,1.0000,1.0000
6023.255,1.0000,1.0000
6024.642,1.0000,1.0000
6026.030,1.0000,1.0000
6027.417,1.0000,1.0000
6028.805,1.0000,1.0000
6030.193,1.0000,1.0000
6031.582,1.0000,1.0000
6032.971,1.0000,1.0000
6034.360,1.0000,1.0000
6035.750,1.0000,1.0000
6037.140,1.0000,1.0000
6038.530,1.0000,1.0000
6039.921,1.0000,1.0000
6041.312,1.0000,1.0000
6042.703,1.0000,1.0000
6044.095,1.0000,1.0000
6045.486,1.0000,1.0000
6046.878,1.0000,1.0000
6048.271,1.0000,1.0000
6049.664,1.0000,1.0000
6051.057,1.0000,1.0000
6052.450,1.0000,1.0000
6053.844,1.0000,1.0000
6055.238,1.0000,1.0000
6056.633,1.0000,1.0000
6058.027,1.0000,1.0000
6059.423,1.0000,1.0000
6060.818,1.0000,1.0000
6062.214,1.0000,1.0000
6063.610,1.0000,1.0000
6065.006,1.0000,1.0000
6066.403,1.0000,1.0000
6067.800,1.0000,1.0000
6069.197,1.0000,1.0000
6070.595,1.0000,1.0000
6071.993,1.0000,1.0000
6073.391,1.0000,1.0000
6074.790,1.0000,1.0000
6076.188,1.0000,1.0000
6077.588,1.0000,1.0000
6078.988,1.0000,1.0000
6080.387,1.0000,1.0000
6081.787,1.0000,1.0000
6083.188,1.0000,1.0000
6084.589,1.0000,1.0000
6085.990,1.0000,1.0000
6087.392,1.0000,1.0000
6088.793,1.0000,1.0000
6090.196,1.0000,1.0000
6091.598,1.0000,1.0000
6093.001,1.0000,1.0000
6094.404,1.0000,1.0000
6095.808,1.0000,1.0000
6097.211,1.0000,1.0000
6098.616,1.0000,1.0000
6100.020,1.0000,1.0000
6101.425,1.0000,1.0000
6102.830,1.0000,1.0000
6104.235,1.0000,1.0000
6105.641,1.0000,1.0000
6107.046,1.0000,1.0000
6108.453,1.0000,1.0000
6109.860,1.0000,1.0000
6111.267,1.0000,1.0000
6112.674,1.0000,1.0000
6114.082,1.0000,1.0000
6115.490,1.0000,1.0000
6116.898,1.0000,1.0000
6118.307,1.0000,1.0000
6119.715,1.0000,1.0000
6121.125,1.0000,1.0000
6122.535,1.0000,1.0000
6123.944,1.0000,1.0000
6125.355,1.0000,1.0000
6126.765,1.0000,1.0000
6128.176,1.0000,1.0000
6129.587,1.0000,1.0000
6130.999,1.0000,1.0000
6132.411,1.0000,1.0000
6133.823,1.0000,1.0000
6135.236,1.0000,1.0000
6136.648,1.0000,1.0000
6138.062,1.0000,1.0000
6139.475,1.0000,1.0000
6140.889,1.0000,1.0000
6142.303,1.0000,1.0000
6143.718,1.0000,1.0000
6145.133,1.0000,1.0000
6146.547,1.0000,1.0000
6147.963,1.0000,1.0000
6149.379,1.0000,1.0000
6150.795,1.0000,1.0000
6152.211,1.0000,1.0000
6153.628,1.0000,1.0000
6155.045,1.0000,1.0000
6156.463,1.0000,1.0000
6157.880,1.0000,1.0000
6159.298,1.0000,1.0000
6160.717,1.0000,1.0000
6162.136,1.0000,1.0000
6163.555,1.0000,1.0000
6164.974,1.0000,1.0000
6166.394,1.0000,1.0000
6167.814,1.0000,1.0000
6169.234,1.0000,1.0000
6170.655,1.0000,1.0000
6172.076,1.0000,1.0000
6173.497,1.0000,1.0000
6174.919,1.0000,1.0000
6176.341,1.0000,1.0000
6177.763,1.0000,1.0000
6179.186,1.0000,1.0000
6180.609,1.0000,1.0000
6182.032,1.0000,1.0000
6183.456,1.0000,1.0000
6184.879,1.0000,1.0000
6186.304,1.0000,1.0000
6187.729,1.0000,1.0000
6189.153,1.0000,1.0000
6190.579,1.0000,1.0000
6192.004,1.0000,1.0000
6193.430,1.0000,1.0000
6194.856,1.0000,1.0000
6196.283,1.0000,1.0000
6197.710,1.0000,1.0000
6199.137,1.0000,1.0000
6200.564,1.0000,1.0000
6201.993,1.0000,1.0000
6203.420,1.0000,1.0000
6204.849,1.0000,1.0000
6206.278,1.0000,1.0000
6207.708,1.0000,1.0000
6209.137,1.0000,1.0000
6210.567,1.0000,1.0000
6211.998,1.0000,1.0000
6213.427,1.0000,1.0000
6214.858,1.0000,1.0000
6216.290,1.0000,1.0000
6217.721,1.0000,1.0000
6219.153,1.0000,1.0000
6220.585,1.0000,1.0000
6222.018,1.0000,1.0000
6223.451,1.0000,1.0000
6224.884,1.0000,1.0000
6226.317,1.0000,1.0000
6227.751,1.0000,1.0000
6229.185,1.0000,1.0000
6230.620,1.0000,1.0000
6232.055,1.0000,1.0000
6233.490,1.0000,1.0000
6234.925,1.0000,1.0000
6236.361,1.0000,1.0000
6237.797,1.0000,1.0000
6239.233,1.0000,1.0000
6240.670,1.0000,1.0000
6242.107,1.0000,1.0000
6243.545,1.0000,1.0000
6244.983,1.0000,1.0000
6246.421,1.0000,1.0000
6247.859,1.0000,1.0000
6249.298,1.0000,1.0000
6250.737,1.0000,1.0000
6252.176,1.0000,1.0000
6253.616,1.0000,1.0000
6255.057,1.0000,1.0000
6256.497,1.0000,1.0000
6257.938,1.0000,1.0000
6259.379,1.0000,1.0000
6260.820,1.0000,1.0000
6262.263,1.0000,1.0000
6263.704,1.0000,1.0000
6265.147,1.0000,1.0000
6266.589,1.0000,1.0000
6268.033,1.0000,1.0000
6269.476,1.0000,1.0000
6270.920,1.0000,1.0000
6272.364,1.0000,1.0000
6273.809,1.0000,1.0000
6275.253,1.0000,1.0000
6276.698,1.0000,1.0000
6278.144,1.0000,1.0000
6279.589,1.0000,1.0000
6281.035,1.0000,1.0000
6282.482,1.0000,1.0000
6283.929,1.0000,1.0000
6285.376,1.0000,1.0000
6286.823,1.0000,1.0000
6288.271,1.0000,1.0000
6289.719,1.0000,1.0000
6291.167,1.0000,1.0000
6292.616,1.0000,1.0000
6294.065,1.0000,1.0000
6295.515,1.0000,1.0000
6296.964,1.0000,1.0000
6298.415,1.0000,1.0000
6299.865,1.0000,1.0000
6301.316,1.0000,1.0000
6302.767,1.0000,1.0000
6304.218,1.0000,1.0000
6305.670,1.0000,1.0000
6307.123,1.0000,1.0000
6308.575,1.0000,1.0000
6310.027,1.0000,1.0000
6311.480,1.0000,1.0000
6312.934,1.0000,1.0000
6314.388,1.0000,1.0000
6315.842,1.0000,1.0000
6317.296,1.0000,1.0000
6318.751,1.0000,1.0000
6320.206,1.0000,1.0000
6321.662,1.0000,1.0000
6323.117,1.0000,1.0000
6324.574,1.0000,1.0000
6326.030,1.0000,1.0000
6327.487,1.0000,1.0000
6328.944,1.0000,1.0000
6330.401,1.0000,1.0000
6331.859,1.0000,1.0000
6333.317,1.0000,1.0000
6334.776,1.0000,1.0000
6336.235,1.0000,1.0000
6337.694,1.0000,1.0000
6339.153,1.0000,1.0000
6340.613,1.0000,1.0000
6342.073,1.0000,1.0000
6343.533,1.0000,1.0000
6344.994,1.0000,1.0000
6346.456,1.0000,1.0000
6347.917,1.0000,1.0000
6349.379,1.0000,1.0000
6350.841,1.0000,1.0000
6352.303,1.0000,1.0000
6353.767,1.0000,1.0000
6355.229,1.0000,1.0000
6356.693,1.0000,1.0000
6358.157,1.0000,1.0000
6359.621,1.0000,1.0000
6361.086,1.0000,1.0000
6362.551,1.0000,1.0000
6364.016,1.0000,1.0000
6365.481,1.0000,1.0000
6366.947,1.0000,1.0000
6368.413,1.0000,1.0000
6369.880,1.0000,1.0000
6371.347,1.0000,1.0000
6372.814,1.0000,1.0000
6374.282,1.0000,1.0000
6375.750,1.0000,1.0000
6377.218,1.0000,1.0000
6378.687,1.0000,1.0000
6380.155,1.0000,1.0000
6381.625,1.0000,1.0000
6383.094,1.0000,1.0000
6384.564,1.0000,1.0000
6386.034,1.0000,1.0000
6387.505,1.0000,1.0000
6388.976,1.0000,1.0000
6390.447,1.0000,1.0000
6391.918,1.0000,1.0000
6393.391,1.0000,1.0000
6394.863,1.0000,1.0000
6396.336,1.0000,1.0000
6397.809,1.0000,1.0000
6399.282,1.0000,1.0000
6400.756,1.0000,1.0000
6402.229,1.0000,1.0000
6403.704,1.0000,1.0000
6405.179,1.0000,1.0000
6406.653,1.0000,1.0000
6408.129,1.0000,1.0000
6409.604,1.0000,1.0000
6411.081,1.0000,1.0000
6412.557,1.0000,1.0000
6414.034,1.0000,1.0000
6415.511,1.0000,1.0000
6416.988,1.0000,1.0000
6418.466,1.0000,1.0000
6419.944,1.0000,1.0000
6421.422,1.0000,1.0000
6422.901,1.0000,1.0000
6424.380,1.0000,1.0000
6425.860,1.0000,1.0000
6427.339,1.0000,1.0000
6428.820,1.0000,1.0000
6430.300,1.0000,1.0000
6431.781,1.0000,1.0000
6433.262,1.0000,1.0000
6434.744,1.0000,1.0000
6436.226,1.0000,1.0000
6437.708,1.0000,1.0000
6439.190,1.0000,1.0000
6440.673,1.0000,1.0000
6442.156,1.0000,1.0000
6443.640,1.0000,1.0000
6445.124,1.0000,1.0000
6446.607,1.0000,1.0000
6448.092,1.0000,1.0000
6449.577,1.0000,1.0000
6451.062,1.0000,1.0000
6452.548,1.0000,1.0000
6454.034,1.0000,1.0000
6455.520,1.0000,1.0000
6457.007,1.0000,1.0000
6458.494,1.0000,1.0000
6459.981,1.0000,1.0000
6461.469,1.0000,1.0000
6462.957,1.0000,1.0000
6464.445,1.0000,1.0000
6465.934,1.0000,1.0000
6467.423,1.0000,1.0000
6468.912,1.0000,1.0000
6470.401,1.0000,1.0000
6471.892,1.0000,1.0000
6473.382,1.0000,1.0000
6474.873,1.0000,1.0000
6476.364,1.0000,1.0000
6477.855,1.0000,1.0000
6479.347,1.0000,1.0000
6480.839,1.0000,1.0000
6482.332,1.0000,1.0000
6483.825,1.0000,1.0000
6485.318,1.0000,1.0000
6486.811,1.0000,1.0000
6488.305,1.0000,1.0000
6489.799,1.0000,1.0000
6491.293,1.0000,1.0000
6492.789,1.0000,1.0000
6494.283,1.0000,1.0000
6495.779,1.0000,1.0000
6497.275,1.0000,1.0000
6498.771,1.0000,1.0000
6500.268,1.0000,1.0000
6501.765,1.0000,1.0000
6503.262,1.0000,1.0000
6504.760,1.0000,1.0000
6506.258,1.0000,1.0000
6507.756,1.0000,1.0000
6509.254,1.0000,1.0000
6510.753,1.0000,1.0000
6512.253,1.0000,1.0000
6513.752,1.0000,1.0000
6515.252,1.0000,1.0000
6516.753,1.0000,1.0000
6518.253,1.0000,1.0000
6519.754,1.0000,1.0000
6521.256,1.0000,1.0000
6522.758,1.0000,1.0000
6524.260,1.0000,1.0000
6525.762,1.0000,1.0000
6527.265,1.0000,1.0000
6528.768,1.0000,1.0000
6530.271,1.0000,1.0000
6531.775,1.0000,1.0000
6533.280,1.0000,1.0000
6534.784,1.0000,1.0000
6536.289,1.0000,1.0000
6537.794,1.0000,1.0000
6539.300,1.0000,1.0000
6540.806,1.0000,1.0000
6542.312,1.0000,1.0000
6543.818,1.0000,1.0000
6545.325,1.0000,1.0000
6546.833,1.0000,1.0000
6548.340,1.0000,1.0000
6549.849,1.0000,1.0000
6551.357,1.0000,1.0000
6552.866,1.0000,1.0000
6554.374,1.0000,1.0000
6555.884,1.0000,1.0000
6557.394,1.0000,1.0000
6558.904,1.0000,1.0000
6560.414,1.0000,1.0000
6561.925,1.0000,1.0000
6563.436,1.0000,1.0000
6564.947,1.0000,1.0000
6566.459,1.0000,1.0000
6567.971,1.0000,1.0000
6569.484,1.0000,1.0000
6570.997,1.0000,1.0000
6572.510,1.0000,1.0000
6574.023,1.0000,1.0000
6575.537,1.0000,1.0000
6577.051,1.0000,1.0000
6578.566,1.0000,1.0000
6580.081,1.0000,1.0000
6581.596,1.0000,1.0000
6583.112,1.0000,1.0000
6584.628,1.0000,1.0000
6586.145,1.0000,1.0000
6587.661,1.0000,1.0000
6589.178,1.0000,1.0000
6590.695,1.0000,1.0000
6592.213,1.0000,1.0000
6593.731,1.0000,1.0000
6595.250,1.0000,1.0000
6596.769,1.0000,1.0000
6598.288,1.0000,1.0000
6599.807,1.0000,1.0000
6601.327,1.0000,1.0000
6602.847,1.0000,1.0000
6604.368,1.0000,1.0000
6605.889,1.0000,1.0000
6607.410,1.0000,1.0000
6608.931,1.0000,1.0000
6610.454,1.0000,1.0000
6611.976,1.0000,1.0000
6613.498,1.0000,1.0000
6615.021,1.0000,1.0000
6616.545,1.0000,1.0000
6618.068,1.0000,1.0000
6619.592,1.0000,1.0000
6621.117,1.0000,1.0000
6622.642,1.0000,1.0000
6624.167,1.0000,1.0000
6625.692,1.0000,1.0000
6627.218,1.0000,1.0000
6628.744,1.0000,1.0000
6630.271,1.0000,1.0000
6631.797,1.0000,1.0000
6633.325,1.0000,1.0000
6634.852,1.0000,1.0000
6636.380,1.0000,1.0000
6637.909,1.0000,1.0000
6639.437,1.0000,1.0000
6640.966,1.0000,1.0000
6642.495,1.0000,1.0000
6644.025,1.0000,1.0000
6645.555,1.0000,1.0000
6647.085,1.0000,1.0000
6648.616,1.0000,1.0000
6650.147,1.0000,1.0000
6651.679,1.0000,1.0000
6653.210,1.0000,1.0000
6654.742,1.0000,1.0000
6656.275,1.0000,1.0000
6657.808,1.0000,1.0000
6659.341,1.0000,1.0000
6660.875,1.0000,1.0000
6662.408,1.0000,1.0000
6663.942,1.0000,1.0000
6665.477,1.0000,1.0000
6667.012,1.0000,1.0000
6668.547,1.0000,1.0000
6670.083,1.0000,1.0000
6671.619,1.0000,1.0000
6673.156,1.0000,1.0000
6674.692,1.0000,1.0000
6676.229,1.0000,1.0000
6677.767,1.0000,1.0000
6679.304,1.0000,1.0000
6680.843,1.0000,1.0000
6682.381,1.0000,1.0000
6683.920,1.0000,1.0000
6685.459,1.0000,1.0000
6686.999,1.0000,1.0000
6688.539,1.0000,1.0000
6690.079,1.0000,1.0000
6691.620,1.0000,1.0000
6693.160,1.0000,1.0000
6694.702,1.0000,1.0000
6696.244,1.0000,1.0000
6697.786,1.0000,1.0000
6699.328,1.0000,1.0000
6700.871,1.0000,1.0000
6702.414,1.0000,1.0000
6703.957,1.0000,1.0000
6705.501,1.0000,1.0000
6707.045,1.0000,1.0000
6708.590,1.0000,1.0000
6710.135,1.0000,1.0000
6711.680,1.0000,1.0000
6713.226,1.0000,1.0000
6714.771,1.0000,1.0000
6716.318,1.0000,1.0000
6717.864,1.0000,1.0000
6719.412,1.0000,1.0000
6720.958,1.0000,1.0000
6722.507,1.0000,1.0000
6724.055,1.0000,1.0000
6725.604,1.0000,1.0000
6727.152,1.0000,1.0000
6728.701,1.0000,1.0000
6730.250,1.0000,1.0000
6731.801,1.0000,1.0000
6733.351,1.0000,1.0000
6734.901,1.0000,1.0000
6736.453,1.0000,1.0000
6738.003,1.0000,1.0000
6739.556,1.0000,1.0000
6741.107,1.0000,1.0000
6742.660,1.0000,1.0000
6744.212,1.0000,1.0000
6745.766,1.0000,1.0000
6747.319,1.0000,1.0000
6748.873,1.0000,1.0000
6750.427,1.0000,1.0000
6751.981,1.0000,1.0000
6753.537,1.0000,1.0000
6755.091,1.0000,1.0000
6756.647,1.0000,1.0000
6758.203,1.0000,1.0000
6759.759,1.0000,1.0000
6761.316,1.0000,1.0000
6762.873,1.0000,1.0000
6764.431,1.0000,1.0000
6765.988,1.0000,1.0000
6767.547,1.0000,1.0000
6769.105,1.0000,1.0000
6770.664,1.0000,1.0000
6772.223,1.0000,1.0000
6773.782,1.0000,1.0000
6775.342,1.0000,1.0000
6776.902,1.0000,1.0000
6778.463,1.0000,1.0000
6780.024,1.0000,1.0000
6781.586,1.0000,1.0000
6783.147,1.0000,1.0000
6784.709,1.0000,1.0000
6786.272,1.0000,1.0000
6787.834,1.0000,1.0000
6789.398,1.0000,1.0000
6790.961,1.0000,1.0000
6792.525,1.0000,1.0000
6794.089,1.0000,1.0000
6795.654,1.0000,1.0000
6797.219,1.0000,1.0000
6798.784,1.0000,1.0000
6800.350,1.0000,1.0000
6801.916,1.0000,1.0000
6803.482,1.0000,1.0000
6805.049,1.0000,1.0000
6806.616,1.0000,1.0000
6808.183,1.0000,1.0000
6809.751,1.0000,1.0000
6811.320,1.0000,1.0000
6812.888,1.0000,1.0000
6814.457,1.0000,1.0000
6816.026,1.0000,1.0000
6817.596,1.0000,1.0000
6819.166,1.0000,1.0000
6820.736,1.0000,1.0000
6822.307,1.0000,1.0000
6823.878,1.0000,1.0000
6825.450,1.0000,1.0000
6827.021,1.0000,1.0000
6828.593,1.0000,1.0000
6830.166,1.0000,1.0000
6831.739,1.0000,1.0000
6833.312,1.0000,1.0000
6834.885,1.0000,1.0000
6836.459,1.0000,1.0000
6838.034,1.0000,1.0000
6839.608,1.0000,1.0000
6841.183,1.0000,1.0000
6842.759,1.0000,1.0000
6844.334,1.0000,1.0000
6845.911,1.0000,1.0000
6847.487,1.0000,1.0000
6849.064,1.0000,1.0000
6850.642,1.0000,1.0000
6852.219,1.0000,1.0000
6853.797,1.0000,1.0000
6855.375,1.0000,1.0000
6856.954,1.0000,1.0000
6858.533,1.0000,1.0000
6860.112,1.0000,1.0000
6861.692,1.0000,1.0000
6863.272,1.0000,1.0000
6864.853,1.0000,1.0000
6866.434,1.0000,1.0000
6868.015,1.0000,1.0000
6869.596,1.0000,1.0000
6871.179,1.0000,1.0000
6872.761,1.0000,1.0000
6874.344,1.0000,1.0000
6875.927,1.0000,1.0000
6877.510,1.0000,1.0000
6879.094,1.0000,1.0000
6880.678,1.0000,1.0000
6882.263,1.0000,1.0000
6883.848,1.0000,1.0000
6885.433,1.0000,1.0000
6887.018,1.0000,1.0000
6888.604,1.0000,1.0000
6890.191,1.0000,1.0000
6891.778,1.0000,1.0000
6893.364,1.0000,1.0000
6894.952,1.0000,1.0000
6896.540,1.0000,1.0000
6898.128,1.0000,1.0000
6899.717,1.0000,1.0000
6901.306,1.0000,1.0000
6902.895,1.0000,1.0000
6904.484,1.0000,1.0000
6906.074,1.0000,1.0000
6907.665,1.0000,1.0000
6909.255,1.0000,1.0000
6910.847,1.0000,1.0000
6912.438,1.0000,1.0000
6914.030,1.0000,1.0000
6915.622,1.0000,1.0000
6917.214,1.0000,1.0000
6918.807,1.0000,1.0000
6920.400,1.0000,1.0000
6921.994,1.0000,1.0000
6923.588,1.0000,1.0000
6925.183,1.0000,1.0000
6926.777,1.0000,1.0000
6928.373,1.0000,1.0000
6929.968,1.0000,1.0000
6931.564,1.0000,1.0000
6933.160,1.0000,1.0000
6934.757,1.0000,1.0000
6936.354,1.0000,1.0000
6937.951,1.0000,1.0000
6939.549,1.0000,1.0000
6941.147,1.0000,1.0000
6942.746,1.0000,1.0000
6944.344,1.0000,1.0000
6945.944,1.0000,1.0000
6947.543,1.0000,1.0000
6949.143,1.0000,1.0000
6950.743,1.0000,1.0000
6952.344,1.0000,1.0000
6953.945,1.0000,1.0000
6955.546,1.0000,1.0000
6957.148,1.0000,1.0000
6958.750,1.0000,1.0000
6960.353,1.0000,1.0000
6961.956,1.0000,1.0000
6963.559,1.0000,1.0000
6965.162,1.0000,1.0000
6966.766,1.0000,1.0000
6968.371,1.0000,1.0000
6969.976,1.0000,1.0000
6971.581,1.0000,1.0000
6973.186,1.0000,1.0000
6974.792,1.0000,1.0000
6976.398,1.0000,1.0000
6978.004,1.0000,1.0000
6979.611,1.0000,1.0000
6981.218,1.0000,1.0000
6982.826,1.0000,1.0000
6984.434,1.0000,1.0000
6986.043,1.0000,1.0000
6987.651,1.0000,1.0000
6989.261,1.0000,1.0000
6990.870,1.0000,1.0000
6992.480,1.0000,1.0000
6994.091,1.0000,1.0000
6995.701,1.0000,1.0000
6997.312,1.0000,1.0000
6998.923,1.0000,1.0000
7000.535,1.0000,1.0000
7002.147,1.0000,1.0000
7003.760,1.0000,1.0000
7005.373,1.0000,1.0000
7006.986,1.0000,1.0000
7008.600,1.0000,1.0000
7010.213,1.0000,1.0000
7011.828,1.0000,1.0000
7013.442,1.0000,1.0000
7015.058,1.0000,1.0000
7016.673,1.0000,1.0000
7018.289,1.0000,1.0000
7019.905,1.0000,1.0000
7021.521,1.0000,1.0000
7023.139,1.0000,1.0000
7024.756,1.0000,1.0000
7026.374,1.0000,1.0000
7027.992,1.0000,1.0000
7029.610,1.0000,1.0000
7031.229,1.0000,1.0000
7032.848,1.0000,1.0000
7034.468,1.0000,1.0000
7036.087,1.0000,1.0000
7037.708,1.0000,1.0000
7039.328,1.0000,1.0000
7040.950,1.0000,1.0000
7042.571,1.0000,1.0000
7044.193,1.0000,1.0000
7045.815,1.0000,1.0000
7047.438,1.0000,1.0000
7049.061,1.0000,1.0000
7050.684,1.0000,1.0000
7052.308,1.0000,1.0000
7053.932,1.0000,1.0000
7055.556,1.0000,1.0000
7057.181,1.0000,1.0000
7058.806,1.0000,1.0000
7060.432,1.0000,1.0000
7062.057,1.0000,1.0000
7063.684,1.0000,1.0000
7065.310,1.0000,1.0000
7066.937,1.0000,1.0000
7068.564,1.0000,1.0000
7070.192,1.0000,1.0000
7071.821,1.0000,1.0000
7073.450,1.0000,1.0000
7075.078,1.0000,1.0000
7076.707,1.0000,1.0000
7078.337,1.0000,1.0000
7079.967,1.0000,1.0000
7081.598,1.0000,1.0000
7083.228,1.0000,1.0000
7084.860,1.0000,1.0000
7086.491,1.0000,1.0000
7088.123,1.0000,1.0000
7089.755,1.0000,1.0000
7091.388,1.0000,1.0000
7093.021,1.0000,1.0000
7094.654,1.0000,1.0000
7096.288,1.0000,1.0000
7097.922,1.0000,1.0000
7099.557,1.0000,1.0000
7101.192,1.0000,1.0000
7102.828,1.0000,1.0000
7104.463,1.0000,1.0000
7106.098,1.0000,1.0000
7107.735,1.0000,1.0000
7109.372,1.0000,1.0000
7111.009,1.0000,1.0000
7112.646,1.0000,1.0000
7114.285,1.0000,1.0000
7115.923,1.0000,1.0000
7117.562,1.0000,1.0000
7119.201,1.0000,1.0000
7120.840,1.0000,1.0000
7122.480,1.0000,1.0000
7124.120,1.0000,1.0000
7125.761,1.0000,1.0000
7127.402,1.0000,1.0000
7129.043,1.0000,1.0000
7130.685,1.0000,1.0000
7132.327,1.0000,1.0000
7133.969,1.0000,1.0000
7135.612,1.0000,1.0000
7137.255,1.0000,1.0000
7138.899,1.0000,1.0000
7140.543,1.0000,1.0000
7142.188,1.0000,1.0000
7143.832,1.0000,1.0000
7145.477,1.0000,1.0000
7147.123,1.0000,1.0000
7148.769,1.0000,1.0000
7150.415,1.0000,1.0000
7152.062,1.0000,1.0000
7153.708,1.0000,1.0000
7155.356,1.0000,1.0000
7157.003,1.0000,1.0000
7158.652,1.0000,1.0000
7160.300,1.0000,1.0000
7161.949,1.0000,1.0000
7163.599,1.0000,1.0000
7165.248,1.0000,1.0000
7166.898,1.0000,1.0000
7168.549,1.0000,1.0000
7170.200,1.0000,1.0000
7171.851,1.0000,1.0000
7173.502,1.0000,1.0000
7175.154,1.0000,1.0000
7176.806,1.0000,1.0000
7178.459,1.0000,1.0000
7180.112,1.0000,1.0000
7181.766,1.0000,1.0000
7183.420,1.0000,1.0000
7185.074,1.0000,1.0000
7186.728,1.0000,1.0000
7188.384,1.0000,1.0000
7190.039,1.0000,1.0000
7191.694,1.0000,1.0000
7193.351,1.0000,1.0000
7195.007,1.0000,1.0000
7196.665,1.0000,1.0000
7198.321,1.0000,1.0000
7199.979,1.0000,1.0000
7201.637,1.0000,1.0000
7203.296,1.0000,1.0000
7204.954,1.0000,1.0000
7206.613,1.0000,1.0000
7208.273,1.0000,1.0000
7209.933,1.0000,1.0000
7211.594,1.0000,1.0000
7213.254,1.0000,1.0000
7214.916,1.0000,1.0000
7216.577,1.0000,1.0000
7218.239,1.0000,1.0000
7219.901,1.0000,1.0000
7221.563,1.0000,1.0000
7223.227,1.0000,1.0000
7224.890,1.0000,1.0000
7226.554,1.0000,1.0000
7228.218,1.0000,1.0000
7229.883,1.0000,1.0000
7231.547,1.0000,1.0000
7233.213,1.0000,1.0000
7234.878,1.0000,1.0000
7236.544,1.0000,1.0000
7238.211,1.0000,1.0000
7239.877,1.0000,1.0000
7241.545,1.0000,1.0000
7243.212,1.0000,1.0000
7244.881,1.0000,1.0000
7246.549,1.0000,1.0000
7248.217,1.0000,1.0000
7249.887,1.0000,1.0000
7251.556,1.0000,1.0000
7253.227,1.0000,1.0000
7254.896,1.0000,1.0000
7256.568,1.0000,1.0000
7258.239,1.0000,1.0000
7259.910,1.0000,1.0000
7261.582,1.0000,1.0000
7263.254,1.0000,1.0000
7264.927,1.0000,1.0000
7266.600,1.0000,1.0000
7268.273,1.0000,1.0000
7269.947,1.0000,1.0000
7271.621,1.0000,1.0000
7273.296,1.0000,1.0000
7274.971,1.0000,1.0000
7276.646,1.0000,1.0000
7278.321,1.0000,1.0000
7279.998,1.0000,1.0000
7281.674,1.0000,1.0000
7283.351,1.0000,1.0000
7285.028,1.0000,1.0000
7286.706,1.0000,1.0000
7288.384,1.0000,1.0000
7290.062,1.0000,1.0000
7291.741,1.0000,1.0000
7293.420,1.0000,1.0000
7295.100,1.0000,1.0000
7296.780,1.0000,1.0000
7298.460,1.0000,1.0000
7300.141,1.0000,1.0000
7301.822,1.0000,1.0000
7303.503,1.0000,1.0000
7305.186,1.0000,1.0000
7306.868,1.0000,1.0000
7308.550,1.0000,1.0000
7310.233,1.0000,1.0000
7311.917,1.0000,1.0000
7313.601,1.0000,1.0000
7315.285,1.0000,1.0000
7316.970,1.0000,1.0000
7318.654,1.0000,1.0000
7320.340,1.0000,1.0000
7322.025,1.0000,1.0000
7323.711,1.0000,1.0000
7325.398,1.0000,1.0000
7327.085,1.0000,1.0000
7328.772,1.0000,1.0000
7330.460,1.0000,1.0000
7332.148,1.0000,1.0000
7333.837,1.0000,1.0000
7335.526,1.0000,1.0000
7337.215,1.0000,1.0000
7338.904,1.0000,1.0000
7340.595,1.0000,1.0000
7342.285,1.0000,1.0000
7343.976,1.0000,1.0000
7345.667,1.0000,1.0000
7347.358,1.0000,1.0000
7349.051,1.0000,1.0000
7350.743,1.0000,1.0000
7352.436,1.0000,1.0000
7354.128,1.0000,1.0000
7355.823,1.0000,1.0000
7357.516,1.0000,1.0000
7359.211,1.0000,1.0000
7360.906,1.0000,1.0000
7362.601,1.0000,1.0000
7364.296,1.0000,1.0000
7365.992,1.0000,1.0000
7367.688,1.0000,1.0000
7369.384,1.0000,1.0000
7371.082,1.0000,1.0000
7372.779,1.0000,1.0000
7374.478,1.0000,1.0000
7376.175,1.0000,1.0000
7377.874,1.0000,1.0000
7379.573,1.0000,1.0000
7381.272,1.0000,1.0000
7382.973,1.0000,1.0000
7384.672,1.0000,1.0000
7386.373,1.0000,1.0000
7388.074,1.0000,1.0000
7389.775,1.0000,1.0000
7391.477,1.0000,1.0000
7393.180,1.0000,1.0000
7394.882,1.0000,1.0000
7396.585,1.0000,1.0000
7398.288,1.0000,1.0000
7399.992,1.0000,1.0000
7401.696,1.0000,1.0000
7403.400,1.0000,1.0000
7405.105,1.0000,1.0000
7406.811,1.0000,1.0000
7408.517,1.0000,1.0000
7410.223,1.0000,1.0000
7411.929,1.0000,1.0000
7413.636,1.0000,1.0000
7415.343,1.0000,1.0000
7417.050,1.0000,1.0000
7418.759,1.0000,1.0000
7420.467,1.0000,1.0000
7422.176,1.0000,1.0000
7423.885,1.0000,1.0000
7425.595,1.0000,1.0000
7427.305,1.0000,1.0000
7429.015,1.0000,1.0000
7430.726,1.0000,1.0000
7432.437,1.0000,1.0000
7434.148,1.0000,1.0000
7435.861,1.0000,1.0000
7437.573,1.0000,1.0000
7439.286,1.0000,1.0000
7440.999,1.0000,1.0000
7442.712,1.0000,1.0000
7444.426,1.0000,1.0000
7446.140,1.0000,1.0000
7447.855,1.0000,1.0000
7449.570,1.0000,1.0000
7451.286,1.0000,1.0000
7453.002,1.0000,1.0000
7454.718,1.0000,1.0000
7456.435,1.0000,1.0000
7458.152,1.0000,1.0000
7459.870,1.0000,1.0000
7461.587,1.0000,1.0000
7463.306,1.0000,1.0000
7465.024,1.0000,1.0000
7466.744,1.0000,1.0000
7468.463,1.0000,1.0000
7470.183,1.0000,1.0000
7471.903,1.0000,1.0000
7473.624,1.0000,1.0000
7475.345,1.0000,1.0000
7477.066,1.0000,1.0000
7478.788,1.0000,1.0000
7480.511,1.0000,1.0000
7482.233,1.0000,1.0000
7483.957,1.0000,1.0000
7485.679,1.0000,1.0000
7487.403,1.0000,1.0000
7489.127,1.0000,1.0000
7490.853,1.0000,1.0000
7492.578,1.0000,1.0000
7494.303,1.0000,1.0000
7496.028,1.0000,1.0000
7497.755,1.0000,1.0000
7499.481,1.0000,1.0000
7501.208,1.0000,1.0000
7502.936,1.0000,1.0000
7504.664,1.0000,1.0000
7506.392,1.0000,1.0000
7508.121,1.0000,1.0000
7509.850,1.0000,1.0000
7511.579,1.0000,1.0000
7513.309,1.0000,1.0000
7515.039,1.0000,1.0000
7516.769,1.0000,1.0000
7518.501,1.0000,1.0000
7520.232,1.0000,1.0000
7521.964,1.0000,1.0000
7523.695,1.0000,1.0000
7525.429,1.0000,1.0000
7527.162,1.0000,1.0000
7528.896,1.0000,1.0000
7530.629,1.0000,1.0000
7532.363,1.0000,1.0000
7534.098,1.0000,1.0000
7535.833,1.0000,1.0000
7537.568,1.0000,1.0000
7539.303,1.0000,1.0000
7541.041,1.0000,1.0000
7542.777,1.0000,1.0000
7544.514,1.0000,1.0000
7546.251,1.0000,1.0000
7547.988,1.0000,1.0000
7549.727,1.0000,1.0000
7551.465,1.0000,1.0000
7553.204,1.0000,1.0000
7554.943,1.0000,1.0000
7556.684,1.0000,1.0000
7558.424,1.0000,1.0000
7560.165,1.0000,1.0000
7561.905,1.0000,1.0000
7563.646,1.0000,1.0000
7565.389,1.0000,1.0000
7567.130,1.0000,1.0000
7568.874,1.0000,1.0000
7570.616,1.0000,1.0000
7572.360,1.0000,1.0000
7574.103,1.0000,1.0000
7575.849,1.0000,1.0000
7577.593,1.0000,1.0000
7579.337,1.0000,1.0000
7581.083,1.0000,1.0000
7582.829,1.0000,1.0000
7584.575,1.0000,1.0000
7586.321,1.0000,1.0000
7588.068,1.0000,1.0000
7589.815,1.0000,1.0000
7591.563,1.0000,1.0000
7593.312,1.0000,1.0000
7595.060,1.0000,1.0000
7596.810,1.0000,1.0000
7598.559,1.0000,1.0000
7600.309,1.0000,1.0000
7602.059,1.0000,1.0000
7603.810,1.0000,1.0000
7605.561,1.0000,1.0000
7607.312,1.0000,1.0000
7609.064,1.0000,1.0000
7610.816,1.0000,1.0000
7612.569,1.0000,1.0000
7614.322,1.0000,1.0000
7616.075,1.0000,1.0000
7617.830,1.0000,1.0000
7619.583,1.0000,1.0000
7621.339,1.0000,1.0000
7623.093,1.0000,1.0000
7624.849,1.0000,1.0000
7626.604,1.0000,1.0000
7628.361,1.0000,1.0000
7630.118,1.0000,1.0000
7631.875,1.0000,1.0000
7633.632,1.0000,1.0000
7635.391,1.0000,1.0000
7637.148,1.0000,1.0000
7638.907,1.0000,1.0000
7640.667,1.0000,1.0000
7642.425,1.0000,1.0000
7644.186,1.0000,1.0000
7645.946,1.0000,1.0000
7647.708,1.0000,1.0000
7649.468,1.0000,1.0000
7651.230,1.0000,1.0000
7652.991,1.0000,1.0000
7654.753,1.0000,1.0000
7656.517,1.0000,1.0000
7658.280,1.0000,1.0000
7660.044,1.0000,1.0000
7661.808,1.0000,1.0000
7663.572,1.0000,1.0000
7665.337,1.0000,1.0000
7667.103,1.0000,1.0000
7668.867,1.0000,1.0000
7670.633,1.0000,1.0000
7672.400,1.0000,1.0000
7674.167,1.0000,1.0000
7675.934,1.0000,1.0000
7677.702,1.0000,1.0000
7679.470,1.0000,1.0000
7681.239,1.0000,1.0000
7683.007,1.0000,1.0000
7684.776,1.0000,1.0000
7686.546,1.0000,1.0000
7688.316,1.0000,1.0000
7690.086,1.0000,1.0000
7691.857,1.0000,1.0000
7693.629,1.0000,1.0000
7695.401,1.0000,1.0000
7697.173,1.0000,1.0000
7698.946,1.0000,1.0000
7700.719,1.0000,1.0000
7702.492,1.0000,1.0000
7704.266,1.0000,1.0000
7706.039,1.0000,1.0000
7707.814,1.0000,1.0000
7709.589,1.0000,1.0000
7711.365,1.0000,1.0000
7713.140,1.0000,1.0000
7714.917,1.0000,1.0000
7716.693,1.0000,1.0000
7718.470,1.0000,1.0000
7720.248,1.0000,1.0000
7722.025,1.0000,1.0000
7723.804,1.0000,1.0000
7725.583,1.0000,1.0000
7727.362,1.0000,1.0000
7729.141,1.0000,1.0000
7730.921,1.0000,1.0000
7732.701,1.0000,1.0000
7734.482,1.0000,1.0000
7736.263,1.0000,1.0000
7738.044,1.0000,1.0000
7739.827,1.0000,1.0000
7741.609,1.0000,1.0000
7743.392,1.0000,1.0000
7745.175,1.0000,1.0000
7746.958,1.0000,1.0000
7748.743,1.0000,1.0000
7750.527,1.0000,1.0000
7752.312,1.0000,1.0000
7754.097,1.0000,1.0000
7755.883,1.0000,1.0000
7757.669,1.0000,1.0000
7759.456,1.0000,1.0000
7761.242,1.0000,1.0000
7763.029,1.0000,1.0000
7764.817,1.0000,1.0000
7766.605,1.0000,1.0000
7768.395,1.0000,1.0000
7770.183,1.0000,1.0000
7771.973,1.0000,1.0000
7773.761,1.0000,1.0000
7775.552,1.0000,1.0000
7777.343,1.0000,1.0000
7779.134,1.0000,1.0000
7780.926,1.0000,1.0000
7782.716,1.0000,1.0000
7784.509,1.0000,1.0000
7786.302,1.0000,1.0000
7788.095,1.0000,1.0000
7789.889,1.0000,1.0000
7791.682,1.0000,1.0000
7793.477,1.0000,1.0000
7795.271,1.0000,1.0000
7797.066,1.0000,1.0000
7798.861,1.0000,1.0000
7800.658,1.0000,1.0000
7802.454,1.0000,1.0000
7804.251,1.0000,1.0000
7806.048,1.0000,1.0000
7807.846,1.0000,1.0000
7809.644,1.0000,1.0000
7811.442,1.0000,1.0000
7813.242,1.0000,1.0000
7815.041,1.0000,1.0000
7816.840,1.0000,1.0000
7818.640,1.0000,1.0000
7820.441,1.0000,1.0000
7822.242,1.0000,1.0000
7824.043,1.0000,1.0000
7825.845,1.0000,1.0000
7827.647,1.0000,1.0000
7829.450,1.0000,1.0000
7831.253,1.0000,1.0000
7833.056,1.0000,1.0000
7834.859,1.0000,1.0000
7836.665,1.0000,1.0000
7838.469,1.0000,1.0000
7840.274,1.0000,1.0000
7842.079,1.0000,1.0000
7843.885,1.0000,1.0000
7845.692,1.0000,1.0000
7847.498,1.0000,1.0000
7849.306,1.0000,1.0000
7851.113,1.0000,1.0000
7852.921,1.0000,1.0000
7854.729,1.0000,1.0000
7856.539,1.0000,1.0000
7858.348,1.0000,1.0000
7860.157,1.0000,1.0000
7861.968,1.0000,1.0000
7863.777,1.0000,1.0000
7865.589,1.0000,1.0000
7867.400,1.0000,1.0000
7869.212,1.0000,1.0000
7871.024,1.0000,1.0000
7872.836,1.0000,1.0000
7874.649,1.0000,1.0000
7876.462,1.0000,1.0000
7878.277,1.0000,1.0000
7880.090,1.0000,1.0000
7881.906,1.0000,1.0000
7883.720,1.0000,1.0000
7885.536,1.0000,1.0000
7887.352,1.0000,1.0000
7889.168,1.0000,1.0000
7890.986,1.0000,1.0000
7892.802,1.0000,1.0000
7894.620,1.0000,1.0000
7896.438,1.0000,1.0000
7898.257,1.0000,1.0000
7900.076,1.0000,1.0000
7901.895,1.0000,1.0000
7903.714,1.0000,1.0000
7905.534,1.0000,1.0000
7907.355,1.0000,1.0000
7909.175,1.0000,1.0000
7910.998,1.0000,1.0000
7912.819,1.0000,1.0000
7914.642,1.0000,1.0000
7916.464,1.0000,1.0000
7918.287,1.0000,1.0000
7920.111,1.0000,1.0000
7921.934,1.0000,1.0000
7923.759,1.0000,1.0000
7925.583,1.0000,1.0000
7927.408,1.0000,1.0000
7929.234,1.0000,1.0000
7931.061,1.0000,1.0000
7932.886,1.0000,1.0000
7934.714,1.0000,1.0000
7936.540,1.0000,1.0000
7938.368,1.0000,1.0000
7940.196,1.0000,1.0000
7942.024,1.0000,1.0000
7943.854,1.0000,1.0000
7945.683,1.0000,1.0000
7947.513,1.0000,1.0000
7949.343,1.0000,1.0000
7951.173,1.0000,1.0000
7953.004,1.0000,1.0000
7954.835,1.0000,1.0000
7956.668,1.0000,1.0000
7958.500,1.0000,1.0000
7960.333,1.0000,1.0000
7962.166,1.0000,1.0000
7964.000,1.0000,1.0000
7965.833,1.0000,1.0000
7967.668,1.0000,1.0000
7969.503,1.0000,1.0000
7971.338,1.0000,1.0000
7973.174,1.0000,1.0000
7975.010,1.0000,1.0000
7976.847,1.0000,1.0000
7978.683,1.0000,1.0000
7980.521,1.0000,1.0000
7982.358,1.0000,1.0000
7984.197,1.0000,1.0000
7986.036,1.0000,1.0000
7987.874,1.0000,1.0000
7989.714,1.0000,1.0000
7991.554,1.0000,1.0000
7993.394,1.0000,1.0000
7995.235,1.0000,1.0000
7997.077,1.0000,1.0000
7998.917,1.0000,1.0000
8000.759,1.0000,1.0000
8002.602,1.0000,1.0000
8004.445,1.0000,1.0000
8006.289,1.0000,1.0000
8008.132,1.0000,1.0000
8009.977,1.0000,1.0000
8011.821,1.0000,1.0000
8013.667,1.0000,1.0000
8015.512,1.0000,1.0000
8017.357,1.0000,1.0000
8019.203,1.0000,1.0000
8021.050,1.0000,1.0000
8022.897,1.0000,1.0000
8024.745,1.0000,1.0000
8026.593,1.0000,1.0000
8028.441,1.0000,1.0000
8030.291,1.0000,1.0000
8032.140,1.0000,1.0000
8033.988,1.0000,1.0000
8035.839,1.0000,1.0000
8037.690,1.0000,1.0000
8039.541,1.0000,1.0000
8041.392,1.0000,1.0000
8043.244,1.0000,1.0000
8045.096,1.0000,1.0000
8046.949,1.0000,1.0000
8048.801,1.0000,1.0000
8050.655,1.0000,1.0000
8052.509,1.0000,1.0000
8054.363,1.0000,1.0000
8056.219,1.0000,1.0000
8058.074,1.0000,1.0000
8059.930,1.0000,1.0000
8061.785,1.0000,1.0000
8063.642,1.0000,1.0000
8065.499,1.0000,1.0000
8067.356,1.0000,1.0000
8069.214,1.0000,1.0000
8071.072,1.0000,1.0000
8072.932,1.0000,1.0000
8074.790,1.0000,1.0000
8076.650,1.0000,1.0000
8078.510,1.0000,1.0000
8080.370,1.0000,1.0000
8082.230,1.0000,1.0000
8084.091,1.0000,1.0000
8085.954,1.0000,1.0000
8087.815,1.0000,1.0000
8089.678,1.0000,1.0000
8091.541,1.0000,1.0000
8093.405,1.0000,1.0000
8095.268,1.0000,1.0000
8097.132,1.0000,1.0000
8098.997,1.0000,1.0000
8100.862,1.0000,1.0000
8102.727,1.0000,1.0000
8104.593,1.0000,1.0000
8106.460,1.0000,1.0000
8108.327,1.0000,1.0000
8110.194,1.0000,1.0000
8112.062,1.0000,1.0000
8113.930,1.0000,1.0000
8115.798,1.0000,1.0000
8117.667,1.0000,1.0000
8119.537,1.0000,1.0000
8121.406,1.0000,1.0000
8123.276,1.0000,1.0000
8125.147,1.0000,1.0000
8127.018,1.0000,1.0000
8128.890,1.0000,1.0000
8130.762,1.0000,1.0000
8132.634,1.0000,1.0000
8134.507,1.0000,1.0000
8136.380,1.0000,1.0000
8138.254,1.0000,1.0000
8140.128,1.0000,1.0000
8142.003,1.0000,1.0000
8143.877,1.0000,1.0000
8145.752,1.0000,1.0000
8147.628,1.0000,1.0000
8149.505,1.0000,1.0000
8151.382,1.0000,1.0000
8153.259,1.0000,1.0000
8155.137,1.0000,1.0000
8157.014,1.0000,1.0000
8158.893,1.0000,1.0000
8160.772,1.0000,1.0000
8162.651,1.0000,1.0000
8164.531,1.0000,1.0000
8166.411,1.0000,1.0000
8168.291,1.0000,1.0000
8170.173,1.0000,1.0000
8172.054,1.0000,1.0000
8173.937,1.0000,1.0000
8175.818,1.0000,1.0000
8177.701,1.0000,1.0000
8179.584,1.0000,1.0000
8181.468,1.0000,1.0000
8183.352,1.0000,1.0000
8185.236,1.0000,1.0000
8187.122,1.0000,1.0000
8189.007,1.0000,1.0000
8190.893,1.0000,1.0000
8192.779,1.0000,1.0000
8194.666,1.0000,1.0000
8196.553,1.0000,1.0000
8198.440,1.0000,1.0000
8200.328,1.0000,1.0000
8202.217,1.0000,1.0000
8204.105,1.0000,1.0000
8205.995,1.0000,1.0000
8207.885,1.0000,1.0000
8209.774,1.0000,1.0000
8211.665,1.0000,1.0000
8213.556,1.0000,1.0000
8215.447,1.0000,1.0000
8217.340,1.0000,1.0000
8219.231,1.0000,1.0000
8221.124,1.0000,1.0000
8223.018,1.0000,1.0000
8224.912,1.0000,1.0000
8226.806,1.0000,1.0000
8228.701,1.0000,1.0000
8230.596,1.0000,1.0000
8232.490,1.0000,1.0000
8234.386,1.0000,1.0000
8236.282,1.0000,1.0000
8238.180,1.0000,1.0000
8240.076,1.0000,1.0000
8241.974,1.0000,1.0000
8243.872,1.0000,1.0000
8245.771,1.0000,1.0000
8247.669,1.0000,1.0000
8249.568,1.0000,1.0000
8251.468,1.0000,1.0000
8253.368,1.0000,1.0000
8255.269,1.0000,1.0000
8257.170,1.0000,1.0000
8259.072,1.0000,1.0000
8260.974,1.0000,1.0000
8262.876,1.0000,1.0000
8264.779,1.0000,1.0000
8266.682,1.0000,1.0000
8268.586,1.0000,1.0000
8270.489,1.0000,1.0000
8272.395,1.0000,1.0000
8274.299,1.0000,1.0000
8276.205,1.0000,1.0000
8278.110,1.0000,1.0000
8280.017,1.0000,1.0000
8281.924,1.0000,1.0000
8283.831,1.0000,1.0000
8285.739,1.0000,1.0000
8287.646,1.0000,1.0000
8289.556,1.0000,1.0000
8291.465,1.0000,1.0000
8293.374,1.0000,1.0000
8295.284,1.0000,1.0000
8297.193,1.0000,1.0000
8299.104,1.0000,1.0000
8301.016,1.0000,1.0000
8302.928,1.0000,1.0000
8304.839,1.0000,1.0000
8306.752,1.0000,1.0000
8308.665,1.0000,1.0000
8310.579,1.0000,1.0000
8312.492,1.0000,1.0000
8314.406,1.0000,1.0000
8316.320,1.0000,1.0000
8318.235,1.0000,1.0000
8320.151,1.0000,1.0000
8322.067,1.0000,1.0000
8323.984,1.0000,1.0000
8325.900,1.0000,1.0000
8327.818,1.0000,1.0000
8329.736,1.0000,1.0000
8331.653,1.0000,1.0000
8333.572,1.0000,1.0000
8335.492,1.0000,1.0000
8337.411,1.0000,1.0000
8339.331,1.0000,1.0000
8341.252,1.0000,1.0000
8343.173,1.0000,1.0000
8345.095,1.0000,1.0000
8347.016,1.0000,1.0000
8348.938,1.0000,1.0000
8350.861,1.0000,1.0000
8352.783,1.0000,1.0000
8354.707,1.0000,1.0000
8356.632,1.0000,1.0000
8358.556,1.0000,1.0000
8360.480,1.0000,1.0000
8362.406,1.0000,1.0000
8364.331,1.0000,1.0000
8366.257,1.0000,1.0000
8368.185,1.0000,1.0000
8370.111,1.0000,1.0000
8372.039,1.0000,1.0000
8373.967,1.0000,1.0000
8375.896,1.0000,1.0000
8377.824,1.0000,1.0000
8379.754,1.0000,1.0000
8381.684,1.0000,1.0000
8383.612,1.0000,1.0000
8385.544,1.0000,1.0000
8387.475,1.0000,1.0000
8389.406,1.0000,1.0000
8391.338,1.0000,1.0000
8393.271,1.0000,1.0000
8395.203,1.0000,1.0000
8397.137,1.0000,1.0000
8399.071,1.0000,1.0000
8401.005,1.0000,1.0000
8402.939,1.0000,1.0000
8404.874,1.0000,1.0000
8406.811,1.0000,1.0000
8408.746,1.0000,1.0000
8410.683,1.0000,1.0000
8412.619,1.0000,1.0000
8414.557,1.0000,1.0000
8416.495,1.0000,1.0000
8418.433,1.0000,1.0000
8420.371,1.0000,1.0000
8422.310,1.0000,1.0000
8424.250,1.0000,1.0000
8426.190,1.0000,1.0000
8428.130,1.0000,1.0000
8430.071,1.0000,1.0000
8432.012,1.0000,1.0000
8433.954,1.0000,1.0000
8435.896,1.0000,1.0000
8437.839,1.0000,1.0000
8439.781,1.0000,1.0000
8441.727,1.0000,1.0000
8443.670,1.0000,1.0000
8445.614,1.0000,1.0000
8447.560,1.0000,1.0000
8449.504,1.0000,1.0000
8451.450,1.0000,1.0000
8453.396,1.0000,1.0000
8455.343,1.0000,1.0000
8457.290,1.0000,1.0000
8459.238,1.0000,1.0000
8461.186,1.0000,1.0000
8463.135,1.0000,1.0000
8465.083,1.0000,1.0000
8467.032,1.0000,1.0000
8468.982,1.0000,1.0000
8470.933,1.0000,1.0000
8472.884,1.0000,1.0000
8474.835,1.0000,1.0000
8476.786,1.0000,1.0000
8478.738,1.0000,1.0000
8480.690,1.0000,1.0000
8482.645,1.0000,1.0000
8484.597,1.0000,1.0000
8486.552,1.0000,1.0000
8488.505,1.0000,1.0000
8490.460,1.0000,1.0000
8492.416,1.0000,1.0000
8494.372,1.0000,1.0000
8496.327,1.0000,1.0000
8498.284,1.0000,1.0000
8500.241,1.0000,1.0000
8502.198,1.0000,1.0000
8504.156,1.0000,1.0000
8506.114,1.0000,1.0000
8508.073,1.0000,1.0000
8510.032,1.0000,1.0000
8511.993,1.0000,1.0000
8513.953,1.0000,1.0000
8515.913,1.0000,1.0000
8517.874,1.0000,1.0000
8519.836,1.0000,1.0000
8521.798,1.0000,1.0000
8523.760,1.0000,1.0000
8525.724,1.0000,1.0000
8527.687,1.0000,1.0000
8529.650,1.0000,1.0000
8531.614,1.0000,1.0000
8533.579,1.0000,1.0000
8535.545,1.0000,1.0000
8537.510,1.0000,1.0000
8539.477,1.0000,1.0000
8541.442,1.0000,1.0000
8543.410,1.0000,1.0000
8545.377,1.0000,1.0000
8547.346,1.0000,1.0000
8549.313,1.0000,1.0000
8551.282,1.0000,1.0000
8553.252,1.0000,1.0000
8555.221,1.0000,1.0000
8557.190,1.0000,1.0000
8559.161,1.0000,1.0000
8561.133,1.0000,1.0000
8563.104,1.0000,1.0000
8565.076,1.0000,1.0000
8567.049,1.0000,1.0000
8569.021,1.0000,1.0000
8570.994,1.0000,1.0000
8572.969,1.0000,1.0000
8574.942,1.0000,1.0000
8576.918,1.0000,1.0000
8578.893,1.0000,1.0000
8580.868,1.0000,1.0000
8582.845,1.0000,1.0000
8584.820,1.0000,1.0000
8586.797,1.0000,1.0000
8588.774,1.0000,1.0000
8590.753,1.0000,1.0000
8592.731,1.0000,1.0000
8594.710,1.0000,1.0000
8596.689,1.0000,1.0000
8598.669,1.0000,1.0000
8600.649,1.0000,1.0000
8602.630,1.0000,1.0000
8604.610,1.0000,1.0000
8606.593,1.0000,1.0000
8608.574,1.0000,1.0000
8610.557,1.0000,1.0000
8612.539,1.0000,1.0000
8614.523,1.0000,1.0000
8616.507,1.0000,1.0000
8618.491,1.0000,1.0000
8620.476,1.0000,1.0000
8622.461,1.0000,1.0000
8624.446,1.0000,1.0000
8626.432,1.0000,1.0000
8628.420,1.0000,1.0000
8630.406,1.0000,1.0000
8632.394,1.0000,1.0000
8634.381,1.0000,1.0000
8636.370,1.0000,1.0000
8638.359,1.0000,1.0000
8640.348,1.0000,1.0000
8642.338,1.0000,1.0000
8644.328,1.0000,1.0000
8646.319,1.0000,1.0000
8648.310,1.0000,1.0000
8650.301,1.0000,1.0000
8652.293,1.0000,1.0000
8654.286,1.0000,1.0000
8656.279,1.0000,1.0000
8658.271,1.0000,1.0000
8660.267,1.0000,1.0000
8662.260,1.0000,1.0000
8664.256,1.0000,1.0000
8666.250,1.0000,1.0000
8668.246,1.0000,1.0000
8670.242,1.0000,1.0000
8672.239,1.0000,1.0000
8674.236,1.0000,1.0000
8676.233,1.0000,1.0000
8678.231,1.0000,1.0000
8680.230,1.0000,1.0000
8682.229,1.0000,1.0000
8684.229,1.0000,1.0000
8686.229,1.0000,1.0000
8688.229,1.0000,1.0000
8690.229,1.0000,1.0000
8692.230,1.0000,1.0000
8694.232,1.0000,1.0000
8696.234,1.0000,1.0000
8698.236,1.0000,1.0000
8700.240,1.0000,1.0000
8702.244,1.0000,1.0000
8704.247,1.0000,1.0000
8706.252,1.0000,1.0000
8708.257,1.0000,1.0000
8710.262,1.0000,1.0000
8712.269,1.0000,1.0000
8714.274,1.0000,1.0000
8716.280,1.0000,1.0000
8718.289,1.0000,1.0000
8720.296,1.0000,1.0000
8722.304,1.0000,1.0000
8724.313,1.0000,1.0000
8726.322,1.0000,1.0000
8728.332,1.0000,1.0000
8730.341,1.0000,1.0000
8732.352,1.0000,1.0000
8734.362,1.0000,1.0000
8736.374,1.0000,1.0000
8738.386,1.0000,1.0000
8740.398,1.0000,1.0000
8742.411,1.0000,1.0000
8744.424,1.0000,1.0000
8746.438,1.0000,1.0000
8748.452,1.0000,1.0000
8750.468,1.0000,1.0000
8752.481,1.0000,1.0000
8754.498,1.0000,1.0000
8756.514,1.0000,1.0000
8758.531,1.0000,1.0000
8760.547,1.0000,1.0000
8762.564,1.0000,1.0000
8764.583,1.0000,1.0000
8766.601,1.0000,1.0000
8768.619,1.0000,1.0000
8770.639,1.0000,1.0000
8772.659,1.0000,1.0000
8774.679,1.0000,1.0000
8776.700,1.0000,1.0000
8778.721,1.0000,1.0000
8780.742,1.0000,1.0000
8782.765,1.0000,1.0000
8784.787,1.0000,1.0000
8786.811,1.0000,1.0000
8788.834,1.0000,1.0000
8790.857,1.0000,1.0000
8792.882,1.0000,1.0000
8794.907,1.0000,1.0000
8796.932,1.0000,1.0000
8798.957,1.0000,1.0000
8800.984,1.0000,1.0000
8803.011,1.0000,1.0000
8805.038,1.0000,1.0000
8807.065,1.0000,1.0000
8809.094,1.0000,1.0000
8811.122,1.0000,1.0000
8813.151,1.0000,1.0000
8815.181,1.0000,1.0000
8817.211,1.0000,1.0000
8819.242,1.0000,1.0000
8821.272,1.0000,1.0000
8823.304,1.0000,1.0000
8825.336,1.0000,1.0000
8827.368,1.0000,1.0000
8829.401,1.0000,1.0000
8831.434,1.0000,1.0000
8833.468,1.0000,1.0000
8835.501,1.0000,1.0000
8837.537,1.0000,1.0000
8839.572,1.0000,1.0000
8841.607,1.0000,1.0000
8843.644,1.0000,1.0000
8845.681,1.0000,1.0000
8847.717,1.0000,1.0000
8849.755,1.0000,1.0000
8851.793,1.0000,1.0000
8853.831,1.0000,1.0000
8855.870,1.0000,1.0000
8857.909,1.0000,1.0000
8859.950,1.0000,1.0000
8861.989,1.0000,1.0000
8864.030,1.0000,1.0000
8866.071,1.0000,1.0000
8868.112,1.0000,1.0000
8870.155,1.0000,1.0000
8872.197,1.0000,1.0000
8874.241,1.0000,1.0000
8876.284,1.0000,1.0000
8878.329,1.0000,1.0000
8880.374,1.0000,1.0000
8882.419,1.0000,1.0000
8884.464,1.0000,1.0000
8886.510,1.0000,1.0000
8888.557,1.0000,1.0000
8890.603,1.0000,1.0000
8892.651,1.0000,1.0000
8894.698,1.0000,1.0000
8896.747,1.0000,1.0000
8898.795,1.0000,1.0000
8900.846,1.0000,1.0000
8902.895,1.0000,1.0000
8904.944,1.0000,1.0000
8906.996,1.0000,1.0000
8909.047,1.0000,1.0000
8911.099,1.0000,1.0000
8913.150,1.0000,1.0000
8915.203,1.0000,1.0000
8917.256,1.0000,1.0000
8919.310,1.0000,1.0000
8921.363,1.0000,1.0000
8923.418,1.0000,1.0000
8925.473,1.0000,1.0000
8927.528,1.0000,1.0000
8929.584,1.0000,1.0000
8931.641,1.0000,1.0000
8933.697,1.0000,1.0000
8935.754,1.0000,1.0000
8937.812,1.0000,1.0000
8939.870,1.0000,1.0000
8941.929,1.0000,1.0000
8943.988,1.0000,1.0000
8946.048,1.0000,1.0000
8948.108,1.0000,1.0000
8950.169,1.0000,1.0000
8952.230,1.0000,1.0000
8954.292,1.0000,1.0000
8956.354,1.0000,1.0000
8958.416,1.0000,1.0000
8960.479,1.0000,1.0000
8962.542,1.0000,1.0000
8964.605,1.0000,1.0000
8966.671,1.0000,1.0000
8968.735,1.0000,1.0000
8970.802,1.0000,1.0000
8972.867,1.0000,1.0000
8974.934,1.0000,1.0000
8977.000,1.0000,1.0000
8979.067,1.0000,1.0000
8981.136,1.0000,1.0000
8983.203,1.0000,1.0000
8985.272,1.0000,1.0000
8987.341,1.0000,1.0000
8989.411,1.0000,1.0000
8991.480,1.0000,1.0000
8993.552,1.0000,1.0000
8995.623,1.0000,1.0000
8997.693,1.0000,1.0000
8999.766,1.0000,1.0000
9001.839,1.0000,1.0000
9003.912,1.0000,1.0000
9005.985,1.0000,1.0000
9008.060,1.0000,1.0000
9010.134,1.0000,1.0000
9012.208,1.0000,1.0000
9014.284,1.0000,1.0000
9016.359,1.0000,1.0000
9018.437,1.0000,1.0000
9020.513,1.0000,1.0000
9022.590,1.0000,1.0000
9024.668,1.0000,1.0000
9026.746,1.0000,1.0000
9028.825,1.0000,1.0000
9030.904,1.0000,1.0000
9032.983,1.0000,1.0000
9035.064,1.0000,1.0000
9037.145,1.0000,1.0000
9039.226,1.0000,1.0000
9041.308,1.0000,1.0000
9043.390,1.0000,1.0000
9045.472,1.0000,1.0000
9047.555,1.0000,1.0000
9049.639,1.0000,1.0000
9051.723,1.0000,1.0000
9053.807,1.0000,1.0000
9055.893,1.0000,1.0000
9057.978,1.0000,1.0000
9060.063,1.0000,1.0000
9062.149,1.0000,1.0000
9064.236,1.0000,1.0000
9066.324,1.0000,1.0000
9068.412,1.0000,1.0000
9070.500,1.0000,1.0000
9072.589,1.0000,1.0000
9074.679,1.0000,1.0000
9076.768,1.0000,1.0000
9078.858,1.0000,1.0000
9080.948,1.0000,1.0000
9083.041,1.0000,1.0000
9085.132,1.0000,1.0000
9087.224,1.0000,1.0000
9089.317,1.0000,1.0000
9091.409,1.0000,1.0000
9093.503,1.0000,1.0000
9095.597,1.0000,1.0000
9097.692,1.0000,1.0000
9099.787,1.0000,1.0000
9101.882,1.0000,1.0000
9103.979,1.0000,1.0000
9106.074,1.0000,1.0000
9108.172,1.0000,1.0000
9110.270,1.0000,1.0000
9112.368,1.0000,1.0000
9114.467,1.0000,1.0000
9116.565,1.0000,1.0000
9118.664,1.0000,1.0000
9120.764,1.0000,1.0000
9122.864,1.0000,1.0000
9124.966,1.0000,1.0000
9127.067,1.0000,1.0000
9129.168,1.0000,1.0000
9131.271,1.0000,1.0000
9133.374,1.0000,1.0000
9135.477,1.0000,1.0000
9137.581,1.0000,1.0000
9139.685,1.0000,1.0000
9141.790,1.0000,1.0000
9143.895,1.0000,1.0000
9146.001,1.0000,1.0000
9148.106,1.0000,1.0000
9150.214,1.0000,1.0000
9152.320,1.0000,1.0000
9154.429,1.0000,1.0000
9156.537,1.0000,1.0000
9158.645,1.0000,1.0000
9160.754,1.0000,1.0000
9162.863,1.0000,1.0000
9164.974,1.0000,1.0000
9167.084,1.0000,1.0000
9169.196,1.0000,1.0000
9171.307,1.0000,1.0000
9173.420,1.0000,1.0000
9175.531,1.0000,1.0000
9177.644,1.0000,1.0000
9179.759,1.0000,1.0000
9181.872,1.0000,1.0000
9183.986,1.0000,1.0000
9186.101,1.0000,1.0000
9188.217,1.0000,1.0000
9190.333,1.0000,1.0000
9192.449,1.0000,1.0000
9194.566,1.0000,1.0000
9196.684,1.0000,1.0000
9198.801,1.0000,1.0000
9200.919,1.0000,1.0000
9203.038,1.0000,1.0000
9205.157,1.0000,1.0000
9207.278,1.0000,1.0000
9209.397,1.0000,1.0000
9211.519,1.0000,1.0000
9213.640,1.0000,1.0000
9215.762,1.0000,1.0000
9217.884,1.0000,1.0000
9220.007,1.0000,1.0000
9222.130,1.0000,1.0000
9224.254,1.0000,1.0000
9226.378,1.0000,1.0000
9228.502,1.0000,1.0000
9230.628,1.0000,1.0000
9232.754,1.0000,1.0000
9234.880,1.0000,1.0000
9237.007,1.0000,1.0000
9239.133,1.0000,1.0000
9241.261,1.0000,1.0000
9243.389,1.0000,1.0000
9245.519,1.0000,1.0000
9247.646,1.0000,1.0000
9249.775,1.0000,1.0000
9251.906,1.0000,1.0000
9254.037,1.0000,1.0000
9256.168,1.0000,1.0000
9258.300,1.0000,1.0000
9260.432,1.0000,1.0000
9262.564,1.0000,1.0000
9264.697,1.0000,1.0000
9266.831,1.0000,1.0000
9268.964,1.0000,1.0000
9271.100,1.0000,1.0000
9273.234,1.0000,1.0000
9275.370,1.0000,1.0000
9277.505,1.0000,1.0000
9279.643,1.0000,1.0000
9281.779,1.0000,1.0000
9283.917,1.0000,1.0000
9286.055,1.0000,1.0000
9288.193,1.0000,1.0000
9290.332,1.0000,1.0000
9292.471,1.0000,1.0000
9294.611,1.0000,1.0000
9296.752,1.0000,1.0000
9298.893,1.0000,1.0000
9301.033,1.0000,1.0000
9303.176,1.0000,1.0000
9305.318,1.0000,1.0000
9307.461,1.0000,1.0000
9309.604,1.0000,1.0000
9311.748,1.0000,1.0000
9313.893,1.0000,1.0000
9316.037,1.0000,1.0000
9318.183,1.0000,1.0000
9320.328,1.0000,1.0000
9322.476,1.0000,1.0000
9324.622,1.0000,1.0000
9326.769,1.0000,1.0000
9328.917,1.0000,1.0000
9331.065,1.0000,1.0000
9333.214,1.0000,1.0000
9335.363,1.0000,1.0000
9337.514,1.0000,1.0000
9339.664,1.0000,1.0000
9341.814,1.0000,1.0000
9343.966,1.0000,1.0000
9346.117,1.0000,1.0000
9348.270,1.0000,1.0000
9350.422,1.0000,1.0000
9352.576,1.0000,1.0000
9354.729,1.0000,1.0000
9356.884,1.0000,1.0000
9359.038,1.0000,1.0000
9361.193,1.0000,1.0000
9363.350,1.0000,1.0000
9365.505,1.0000,1.0000
9367.662,1.0000,1.0000
9369.819,1.0000,1.0000
9371.978,1.0000,1.0000
9374.136,1.0000,1.0000
9376.295,1.0000,1.0000
9378.454,1.0000,1.0000
9380.614,1.0000,1.0000
9382.773,1.0000,1.0000
9384.934,1.0000,1.0000
9387.096,1.0000,1.0000
9389.257,1.0000,1.0000
9391.420,1.0000,1.0000
9393.581,1.0000,1.0000
9395.745,1.0000,1.0000
9397.909,1.0000,1.0000
9400.072,1.0000,1.0000
9402.238,1.0000,1.0000
9404.402,1.0000,1.0000
9406.568,1.0000,1.0000
9408.735,1.0000,1.0000
9410.901,1.0000,1.0000
9413.068,1.0000,1.0000
9415.236,1.0000,1.0000
9417.405,1.0000,1.0000
9419.573,1.0000,1.0000